{
  "coin_id": "celestia",
  "timeframe": "5m",
  "version": "20260422T121338Z",
  "feature_names": [
    "ret1",
    "ret5",
    "ret10",
    "momentum",
    "realizedVol",
    "rsi14",
    "macdLine",
    "macdSignal",
    "macdHist",
    "atr14",
    "atrPct",
    "ema9",
    "ema21",
    "emaSpreadPct",
    "distFromEma9Pct",
    "distFromEma21Pct",
    "bbUpper",
    "bbMiddle",
    "bbLower",
    "bbWidth",
    "bbPctB",
    "bbWidthPct",
    "news_etf_flow",
    "news_regulatory_risk",
    "news_exchange_outage",
    "news_macro_shock",
    "news_whale_move",
    "news_exploit_or_hack",
    "news_stablecoin_event",
    "news_narrative_rotation",
    "news_listing_or_delisting",
    "news_protocol_upgrade",
    "news_high_volume_breakout",
    "news_unusual_volatility",
    "coin_idx"
  ],
  "coin_vocab": [
    "celestia"
  ],
  "n_train_rows": 864,
  "n_test_rows": 720,
  "metrics": {
    "auc": 0.508214691462665,
    "log_loss": 2.9678288215223008,
    "brier": 0.34039853532147707,
    "directional_accuracy": 0.4041666666666666
  },
  "baseline_metrics": {
    "auc": 0.4769994078569849,
    "log_loss": 1.0171328925680096,
    "brier": 0.2081575896903251,
    "directional_accuracy": 0.40555555555555556
  },
  "threshold_pct": 0.04,
  "horizon_candles": 1,
  "class_return_means_pct": [
    -0.52365273318076,
    -0.0002852121437917322,
    0.5970693744846397
  ],
  "fold_metrics": [
    {
      "fold": 0,
      "n_train": 144,
      "n_test": 144,
      "auc": 0.47898478835978836,
      "log_loss": 3.125194614423842,
      "brier": 0.3549990339135636,
      "directional_accuracy": 0.3819444444444444,
      "baseline_auc": 0.48577246227709187,
      "baseline_log_loss": 1.0029591496967365,
      "baseline_brier": 0.2016030829031905,
      "baseline_directional_accuracy": 0.4583333333333333,
      "best_params": {
        "objective": "multiclass",
        "num_class": 3,
        "metric": "multi_logloss",
        "num_leaves": 31,
        "learning_rate": 0.1,
        "min_child_samples": 5,
        "feature_fraction": 0.9,
        "bagging_fraction": 0.9,
        "bagging_freq": 5,
        "verbose": -1,
        "deterministic": true,
        "seed": 42
      }
    },
    {
      "fold": 1,
      "n_train": 288,
      "n_test": 144,
      "auc": 0.5585443370499004,
      "log_loss": 2.7172468274943835,
      "brier": 0.3169011706689231,
      "directional_accuracy": 0.4513888888888889,
      "baseline_auc": 0.5148774201349314,
      "baseline_log_loss": 0.9651752081980933,
      "baseline_brier": 0.1987639112415814,
      "baseline_directional_accuracy": 0.4513888888888889,
      "best_params": {
        "objective": "multiclass",
        "num_class": 3,
        "metric": "multi_logloss",
        "num_leaves": 31,
        "learning_rate": 0.1,
        "min_child_samples": 5,
        "feature_fraction": 0.9,
        "bagging_fraction": 0.9,
        "bagging_freq": 5,
        "verbose": -1,
        "deterministic": true,
        "seed": 42
      }
    },
    {
      "fold": 2,
      "n_train": 432,
      "n_test": 144,
      "auc": 0.5248383470121999,
      "log_loss": 2.522551575815638,
      "brier": 0.2957415230754536,
      "directional_accuracy": 0.4722222222222222,
      "baseline_auc": 0.4964261174575344,
      "baseline_log_loss": 0.8666994439451028,
      "baseline_brier": 0.18239590045295775,
      "baseline_directional_accuracy": 0.4791666666666667,
      "best_params": {
        "objective": "multiclass",
        "num_class": 3,
        "metric": "multi_logloss",
        "num_leaves": 31,
        "learning_rate": 0.1,
        "min_child_samples": 5,
        "feature_fraction": 0.9,
        "bagging_fraction": 0.9,
        "bagging_freq": 5,
        "verbose": -1,
        "deterministic": true,
        "seed": 42
      }
    },
    {
      "fold": 3,
      "n_train": 576,
      "n_test": 144,
      "auc": 0.4875256081068155,
      "log_loss": 3.787123447255706,
      "brier": 0.3706076688851326,
      "directional_accuracy": 0.3680555555555556,
      "baseline_auc": 0.4865604640009025,
      "baseline_log_loss": 1.1027093500256657,
      "baseline_brier": 0.2256638603094423,
      "baseline_directional_accuracy": 0.3333333333333333,
      "best_params": {
        "objective": "multiclass",
        "num_class": 3,
        "metric": "multi_logloss",
        "num_leaves": 31,
        "learning_rate": 0.1,
        "min_child_samples": 5,
        "feature_fraction": 0.9,
        "bagging_fraction": 0.9,
        "bagging_freq": 5,
        "verbose": -1,
        "deterministic": true,
        "seed": 42
      }
    },
    {
      "fold": 4,
      "n_train": 720,
      "n_test": 144,
      "auc": 0.49118037678462073,
      "log_loss": 2.6870276426219357,
      "brier": 0.36374328006431256,
      "directional_accuracy": 0.3472222222222222,
      "baseline_auc": 0.4013605754144642,
      "baseline_log_loss": 1.14812131097445,
      "baseline_brier": 0.2323611935444537,
      "baseline_directional_accuracy": 0.3055555555555556,
      "best_params": {
        "objective": "multiclass",
        "num_class": 3,
        "metric": "multi_logloss",
        "num_leaves": 31,
        "learning_rate": 0.1,
        "min_child_samples": 5,
        "feature_fraction": 0.9,
        "bagging_fraction": 0.9,
        "bagging_freq": 5,
        "verbose": -1,
        "deterministic": true,
        "seed": 42
      }
    }
  ],
  "note": "Per-coin model for celestia/5m.",
  "directional_call_share": 0.953757225433526,
  "directional_call_share_n": 173,
  "directional_call_share_source": "holdout",
  "model_kind": "lightgbm",
  "prior_probs": [],
  "has_regression_head": true,
  "regression_head_stats": {
    "n_train_rows": 599,
    "n_holdout_rows": 150,
    "abs_pred_p50_pct": 0.46340822967772033,
    "abs_pred_p95_pct": 0.7924952314063428,
    "abs_pred_max_pct": 0.953923682702024,
    "mae_pct": 0.3682083946488163,
    "best_iteration": 68
  },
  "gates_alignment": {
    "n": 173,
    "source": "holdout",
    "min_directional_edge": 0.05,
    "min_expected_return_pct": 0.15,
    "aligned_share": 0.791907514450867,
    "aligned_loud_share": 0.791907514450867,
    "aligned_quiet_share": 0.0,
    "loud_classifier_quiet_regressor_share": 0.0,
    "quiet_classifier_loud_regressor_share": 0.20809248554913296,
    "dir_edge_p50": 0.14332065906210395,
    "dir_edge_p95": 0.2595522574208038,
    "abs_magnitude_pct_p50": 0.45107243176850564,
    "abs_magnitude_pct_p95": 0.8007830091952931
  }
}