{
  "coin_id": "bonk",
  "timeframe": "1h",
  "version": "20260422T111543Z",
  "feature_names": [
    "ret1",
    "ret5",
    "ret10",
    "momentum",
    "realizedVol",
    "rsi14",
    "macdLine",
    "macdSignal",
    "macdHist",
    "atr14",
    "atrPct",
    "ema9",
    "ema21",
    "emaSpreadPct",
    "distFromEma9Pct",
    "distFromEma21Pct",
    "bbUpper",
    "bbMiddle",
    "bbLower",
    "bbWidth",
    "bbPctB",
    "bbWidthPct",
    "news_etf_flow",
    "news_regulatory_risk",
    "news_exchange_outage",
    "news_macro_shock",
    "news_whale_move",
    "news_exploit_or_hack",
    "news_stablecoin_event",
    "news_narrative_rotation",
    "news_listing_or_delisting",
    "news_protocol_upgrade",
    "news_high_volume_breakout",
    "news_unusual_volatility",
    "coin_idx"
  ],
  "coin_vocab": [
    "bonk"
  ],
  "n_train_rows": 685,
  "n_test_rows": 570,
  "metrics": {
    "auc": 0.5302088360345347,
    "log_loss": 2.809551534929572,
    "brier": 0.3523150882514511,
    "directional_accuracy": 0.3403508771929825
  },
  "baseline_metrics": {
    "auc": 0.5208088992391399,
    "log_loss": 1.1232909413600827,
    "brier": 0.22653961921930565,
    "directional_accuracy": 0.39473684210526316
  },
  "threshold_pct": 0.2,
  "horizon_candles": 1,
  "class_return_means_pct": [
    -0.6502570797402999,
    -0.01338361501672407,
    0.7677025924834576
  ],
  "fold_metrics": [
    {
      "fold": 0,
      "n_train": 114,
      "n_test": 114,
      "auc": 0.5286321267207309,
      "log_loss": 2.741039204535845,
      "brier": 0.36447678125481575,
      "directional_accuracy": 0.32456140350877194,
      "baseline_auc": 0.5768606856069453,
      "baseline_log_loss": 1.1283526941482767,
      "baseline_brier": 0.22532304613222984,
      "baseline_directional_accuracy": 0.42105263157894735,
      "best_params": {
        "objective": "multiclass",
        "num_class": 3,
        "metric": "multi_logloss",
        "num_leaves": 31,
        "learning_rate": 0.1,
        "min_child_samples": 5,
        "feature_fraction": 0.9,
        "bagging_fraction": 0.9,
        "bagging_freq": 5,
        "verbose": -1,
        "deterministic": true,
        "seed": 42
      }
    },
    {
      "fold": 1,
      "n_train": 228,
      "n_test": 114,
      "auc": 0.5508009303256945,
      "log_loss": 3.2267869675749554,
      "brier": 0.3612584162576625,
      "directional_accuracy": 0.34210526315789475,
      "baseline_auc": 0.550178974529847,
      "baseline_log_loss": 1.145106132945118,
      "baseline_brier": 0.23074306339598227,
      "baseline_directional_accuracy": 0.42105263157894735,
      "best_params": {
        "objective": "multiclass",
        "num_class": 3,
        "metric": "multi_logloss",
        "num_leaves": 31,
        "learning_rate": 0.1,
        "min_child_samples": 5,
        "feature_fraction": 0.9,
        "bagging_fraction": 0.9,
        "bagging_freq": 5,
        "verbose": -1,
        "deterministic": true,
        "seed": 42
      }
    },
    {
      "fold": 2,
      "n_train": 342,
      "n_test": 114,
      "auc": 0.5576742183359831,
      "log_loss": 2.734241433121512,
      "brier": 0.3477452540673167,
      "directional_accuracy": 0.3508771929824561,
      "baseline_auc": 0.5112976947535771,
      "baseline_log_loss": 1.1167459211108504,
      "baseline_brier": 0.2254700664773057,
      "baseline_directional_accuracy": 0.40350877192982454,
      "best_params": {
        "objective": "multiclass",
        "num_class": 3,
        "metric": "multi_logloss",
        "num_leaves": 31,
        "learning_rate": 0.1,
        "min_child_samples": 5,
        "feature_fraction": 0.9,
        "bagging_fraction": 0.9,
        "bagging_freq": 5,
        "verbose": -1,
        "deterministic": true,
        "seed": 42
      }
    },
    {
      "fold": 3,
      "n_train": 456,
      "n_test": 114,
      "auc": 0.5088206514847982,
      "log_loss": 2.676563626810828,
      "brier": 0.35204566220477984,
      "directional_accuracy": 0.3157894736842105,
      "baseline_auc": 0.4980878125587469,
      "baseline_log_loss": 1.0941937460576558,
      "baseline_brier": 0.22109770682096078,
      "baseline_directional_accuracy": 0.3508771929824561,
      "best_params": {
        "objective": "multiclass",
        "num_class": 3,
        "metric": "multi_logloss",
        "num_leaves": 31,
        "learning_rate": 0.1,
        "min_child_samples": 5,
        "feature_fraction": 0.9,
        "bagging_fraction": 0.9,
        "bagging_freq": 5,
        "verbose": -1,
        "deterministic": true,
        "seed": 42
      }
    },
    {
      "fold": 4,
      "n_train": 570,
      "n_test": 114,
      "auc": 0.5051162533054675,
      "log_loss": 2.6691264426047194,
      "brier": 0.33604932747268085,
      "directional_accuracy": 0.3684210526315789,
      "baseline_auc": 0.4676193287465828,
      "baseline_log_loss": 1.1320562125385119,
      "baseline_brier": 0.2300642132700497,
      "baseline_directional_accuracy": 0.37719298245614036,
      "best_params": {
        "objective": "multiclass",
        "num_class": 3,
        "metric": "multi_logloss",
        "num_leaves": 31,
        "learning_rate": 0.1,
        "min_child_samples": 5,
        "feature_fraction": 0.9,
        "bagging_fraction": 0.9,
        "bagging_freq": 5,
        "verbose": -1,
        "deterministic": true,
        "seed": 42
      }
    }
  ],
  "note": "Per-coin model for bonk/1h.",
  "directional_call_share": 0.9781021897810219,
  "directional_call_share_n": 137,
  "directional_call_share_source": "holdout",
  "model_kind": "lightgbm",
  "prior_probs": [],
  "has_regression_head": true,
  "regression_head_stats": {
    "n_train_rows": 381,
    "n_holdout_rows": 96,
    "abs_pred_p50_pct": 0.7871462125711393,
    "abs_pred_p95_pct": 0.8968676692278373,
    "abs_pred_max_pct": 0.9210950906791974,
    "mae_pct": 0.3512952469428183,
    "best_iteration": 4
  },
  "gates_alignment": {
    "n": 137,
    "source": "holdout",
    "min_directional_edge": 0.05,
    "min_expected_return_pct": 0.15,
    "aligned_share": 0.5985401459854015,
    "aligned_loud_share": 0.5985401459854015,
    "aligned_quiet_share": 0.0,
    "loud_classifier_quiet_regressor_share": 0.0,
    "quiet_classifier_loud_regressor_share": 0.40145985401459855,
    "dir_edge_p50": 0.06241288270116918,
    "dir_edge_p95": 0.3715229964197191,
    "abs_magnitude_pct_p50": 0.7881290068438527,
    "abs_magnitude_pct_p95": 0.8883039207979088
  }
}