{
  "coin_id": "floki-inu",
  "timeframe": "1m",
  "version": "20260422T090255Z",
  "feature_names": [
    "ret1",
    "ret5",
    "ret10",
    "momentum",
    "realizedVol",
    "rsi14",
    "macdLine",
    "macdSignal",
    "macdHist",
    "atr14",
    "atrPct",
    "ema9",
    "ema21",
    "emaSpreadPct",
    "distFromEma9Pct",
    "distFromEma21Pct",
    "bbUpper",
    "bbMiddle",
    "bbLower",
    "bbWidth",
    "bbPctB",
    "bbWidthPct",
    "news_etf_flow",
    "news_regulatory_risk",
    "news_exchange_outage",
    "news_macro_shock",
    "news_whale_move",
    "news_exploit_or_hack",
    "news_stablecoin_event",
    "news_narrative_rotation",
    "news_listing_or_delisting",
    "news_protocol_upgrade",
    "news_high_volume_breakout",
    "news_unusual_volatility",
    "coin_idx"
  ],
  "coin_vocab": [
    "floki-inu"
  ],
  "n_train_rows": 1415,
  "n_test_rows": 1180,
  "metrics": {
    "auc": 0.5569231303109452,
    "log_loss": 1.7224310661050288,
    "brier": 0.24696461072031503,
    "directional_accuracy": 0.5008474576271187
  },
  "baseline_metrics": {
    "auc": 0.49861879947289306,
    "log_loss": 1.11200446361386,
    "brier": 0.2008198708042832,
    "directional_accuracy": 0.5406779661016948
  },
  "threshold_pct": 0.03,
  "horizon_candles": 1,
  "class_return_means_pct": [
    -0.4250580267409438,
    0.0003540971934637083,
    0.4754916246045511
  ],
  "fold_metrics": [
    {
      "fold": 0,
      "n_train": 235,
      "n_test": 236,
      "auc": 0.5566014672545753,
      "log_loss": 1.2073816675902713,
      "brier": 0.23101207904932772,
      "directional_accuracy": 0.5211864406779662,
      "baseline_auc": 0.5403911907775907,
      "baseline_log_loss": 0.8498579315751126,
      "baseline_brier": 0.18012638080638985,
      "baseline_directional_accuracy": 0.5508474576271186,
      "best_params": {
        "objective": "multiclass",
        "num_class": 3,
        "metric": "multi_logloss",
        "num_leaves": 63,
        "learning_rate": 0.0938393881004349,
        "min_child_samples": 23,
        "feature_fraction": 0.9,
        "bagging_fraction": 0.9,
        "bagging_freq": 5,
        "verbose": -1,
        "deterministic": true,
        "seed": 42
      }
    },
    {
      "fold": 1,
      "n_train": 471,
      "n_test": 236,
      "auc": 0.48438070899208063,
      "log_loss": 2.7562327788617647,
      "brier": 0.282110128222404,
      "directional_accuracy": 0.4576271186440678,
      "baseline_auc": 0.37895154401137915,
      "baseline_log_loss": 1.4435647498599349,
      "baseline_brier": 0.2350453486885475,
      "baseline_directional_accuracy": 0.4025423728813559,
      "best_params": {
        "objective": "multiclass",
        "num_class": 3,
        "metric": "multi_logloss",
        "num_leaves": 63,
        "learning_rate": 0.0938393881004349,
        "min_child_samples": 23,
        "feature_fraction": 0.9,
        "bagging_fraction": 0.9,
        "bagging_freq": 5,
        "verbose": -1,
        "deterministic": true,
        "seed": 42
      }
    },
    {
      "fold": 2,
      "n_train": 707,
      "n_test": 236,
      "auc": 0.5271266117422913,
      "log_loss": 1.9411983785258098,
      "brier": 0.2758096583869392,
      "directional_accuracy": 0.461864406779661,
      "baseline_auc": 0.5317742191045532,
      "baseline_log_loss": 1.5139840243690663,
      "baseline_brier": 0.2633010918642373,
      "baseline_directional_accuracy": 0.3813559322033898,
      "best_params": {
        "objective": "multiclass",
        "num_class": 3,
        "metric": "multi_logloss",
        "num_leaves": 31,
        "learning_rate": 0.04488170057528786,
        "min_child_samples": 9,
        "feature_fraction": 0.9,
        "bagging_fraction": 0.9,
        "bagging_freq": 5,
        "verbose": -1,
        "deterministic": true,
        "seed": 42
      }
    },
    {
      "fold": 3,
      "n_train": 943,
      "n_test": 236,
      "auc": 0.6027106709565958,
      "log_loss": 1.457350689154669,
      "brier": 0.21452075673134066,
      "directional_accuracy": 0.6016949152542372,
      "baseline_auc": 0.45259949202732136,
      "baseline_log_loss": 0.7923240081862392,
      "baseline_brier": 0.14798209249093425,
      "baseline_directional_accuracy": 0.7457627118644068,
      "best_params": {
        "objective": "multiclass",
        "num_class": 3,
        "metric": "multi_logloss",
        "num_leaves": 63,
        "learning_rate": 0.0938393881004349,
        "min_child_samples": 23,
        "feature_fraction": 0.9,
        "bagging_fraction": 0.9,
        "bagging_freq": 5,
        "verbose": -1,
        "deterministic": true,
        "seed": 42
      }
    },
    {
      "fold": 4,
      "n_train": 1179,
      "n_test": 236,
      "auc": 0.6137961926091825,
      "log_loss": 1.2499918163926305,
      "brier": 0.2313704312115633,
      "directional_accuracy": 0.461864406779661,
      "baseline_auc": 0.5893775514436208,
      "baseline_log_loss": 0.9602916040789469,
      "baseline_brier": 0.17764444017130707,
      "baseline_directional_accuracy": 0.6228813559322034,
      "best_params": {
        "objective": "multiclass",
        "num_class": 3,
        "metric": "multi_logloss",
        "num_leaves": 15,
        "learning_rate": 0.060113218328857784,
        "min_child_samples": 16,
        "feature_fraction": 0.9,
        "bagging_fraction": 0.9,
        "bagging_freq": 5,
        "verbose": -1,
        "deterministic": true,
        "seed": 42
      }
    }
  ],
  "note": "Per-coin model for floki-inu/1m.",
  "directional_call_share": 0.045936395759717315,
  "directional_call_share_n": 283,
  "directional_call_share_source": "holdout",
  "model_kind": "lightgbm",
  "prior_probs": []
}