{
  "coin_id": "sei-network",
  "timeframe": "6h",
  "version": "20260422T093315Z",
  "feature_names": [
    "ret1",
    "ret5",
    "ret10",
    "momentum",
    "realizedVol",
    "rsi14",
    "macdLine",
    "macdSignal",
    "macdHist",
    "atr14",
    "atrPct",
    "ema9",
    "ema21",
    "emaSpreadPct",
    "distFromEma9Pct",
    "distFromEma21Pct",
    "bbUpper",
    "bbMiddle",
    "bbLower",
    "bbWidth",
    "bbPctB",
    "bbWidthPct",
    "news_etf_flow",
    "news_regulatory_risk",
    "news_exchange_outage",
    "news_macro_shock",
    "news_whale_move",
    "news_exploit_or_hack",
    "news_stablecoin_event",
    "news_narrative_rotation",
    "news_listing_or_delisting",
    "news_protocol_upgrade",
    "news_high_volume_breakout",
    "news_unusual_volatility",
    "coin_idx"
  ],
  "coin_vocab": [
    "sei-network"
  ],
  "n_train_rows": 86,
  "n_test_rows": 36,
  "metrics": {
    "auc": 0.5771660052910054,
    "log_loss": 1.398411405292371,
    "brier": 0.286005217899968,
    "directional_accuracy": 0.1388888888888889
  },
  "baseline_metrics": {
    "auc": 0.7077546296296295,
    "log_loss": 1.028181834793887,
    "brier": 0.2028083564166347,
    "directional_accuracy": 0.5833333333333334
  },
  "threshold_pct": 0.45,
  "horizon_candles": 1,
  "class_return_means_pct": [
    -1.3808070050312382,
    -0.045678994224179224,
    2.1488104142172015
  ],
  "fold_metrics": [
    {
      "fold": 0,
      "n_train": 50,
      "n_test": 18,
      "auc": 0.4480820105820105,
      "log_loss": 1.6487279442485017,
      "brier": 0.3369771539718982,
      "directional_accuracy": 0.16666666666666666,
      "baseline_auc": 0.5759259259259258,
      "baseline_log_loss": 1.21955212139054,
      "baseline_brier": 0.24332455227759112,
      "baseline_directional_accuracy": 0.3333333333333333,
      "best_params": {
        "objective": "multiclass",
        "num_class": 3,
        "metric": "multi_logloss",
        "num_leaves": 63,
        "learning_rate": 0.0938393881004349,
        "min_child_samples": 23,
        "feature_fraction": 0.9,
        "bagging_fraction": 0.9,
        "bagging_freq": 5,
        "verbose": -1,
        "deterministic": true,
        "seed": 42
      }
    },
    {
      "fold": 1,
      "n_train": 68,
      "n_test": 18,
      "auc": 0.7062500000000002,
      "log_loss": 1.1480948663362402,
      "brier": 0.23503328182803787,
      "directional_accuracy": 0.1111111111111111,
      "baseline_auc": 0.8395833333333332,
      "baseline_log_loss": 0.8368115481972337,
      "baseline_brier": 0.16229216055567824,
      "baseline_directional_accuracy": 0.8333333333333334,
      "best_params": {
        "objective": "multiclass",
        "num_class": 3,
        "metric": "multi_logloss",
        "num_leaves": 63,
        "learning_rate": 0.0938393881004349,
        "min_child_samples": 23,
        "feature_fraction": 0.9,
        "bagging_fraction": 0.9,
        "bagging_freq": 5,
        "verbose": -1,
        "deterministic": true,
        "seed": 42
      }
    }
  ],
  "note": "Per-coin model for sei-network/6h.",
  "directional_call_share": 1.0,
  "directional_call_share_n": 18,
  "directional_call_share_source": "holdout",
  "model_kind": "lightgbm",
  "prior_probs": [],
  "has_regression_head": true,
  "regression_head_stats": {
    "n_train_rows": 60,
    "n_holdout_rows": 15,
    "abs_pred_p50_pct": 1.7022252413172585,
    "abs_pred_p95_pct": 1.928638651315123,
    "abs_pred_max_pct": 1.928638651315123,
    "mae_pct": 1.1585031352379425,
    "best_iteration": 6
  }
}