{
  "coin_id": "sei-network",
  "timeframe": "1m",
  "version": "20260422T083213Z",
  "feature_names": [
    "ret1",
    "ret5",
    "ret10",
    "momentum",
    "realizedVol",
    "rsi14",
    "macdLine",
    "macdSignal",
    "macdHist",
    "atr14",
    "atrPct",
    "ema9",
    "ema21",
    "emaSpreadPct",
    "distFromEma9Pct",
    "distFromEma21Pct",
    "bbUpper",
    "bbMiddle",
    "bbLower",
    "bbWidth",
    "bbPctB",
    "bbWidthPct",
    "news_etf_flow",
    "news_regulatory_risk",
    "news_exchange_outage",
    "news_macro_shock",
    "news_whale_move",
    "news_exploit_or_hack",
    "news_stablecoin_event",
    "news_narrative_rotation",
    "news_listing_or_delisting",
    "news_protocol_upgrade",
    "news_high_volume_breakout",
    "news_unusual_volatility",
    "coin_idx"
  ],
  "coin_vocab": [
    "sei-network"
  ],
  "n_train_rows": 676,
  "n_test_rows": 560,
  "metrics": {
    "auc": 0.5675420883024597,
    "log_loss": 1.7603718809509772,
    "brier": 0.2008940986288108,
    "directional_accuracy": 0.6589285714285714
  },
  "baseline_metrics": {
    "auc": 0.5194820003174263,
    "log_loss": 0.8475372800275313,
    "brier": 0.15266176900712003,
    "directional_accuracy": 0.7214285714285713
  },
  "threshold_pct": 0.03,
  "horizon_candles": 1,
  "class_return_means_pct": [
    -0.08628088640557366,
    0.000775914263414087,
    0.18075720163407083
  ],
  "fold_metrics": [
    {
      "fold": 0,
      "n_train": 112,
      "n_test": 112,
      "auc": 0.6439404639127247,
      "log_loss": 1.0293093176648862,
      "brier": 0.19021232005611818,
      "directional_accuracy": 0.6071428571428571,
      "baseline_auc": 0.5212033438385727,
      "baseline_log_loss": 0.6450923619733605,
      "baseline_brier": 0.1168654132730127,
      "baseline_directional_accuracy": 0.8125,
      "best_params": {
        "objective": "multiclass",
        "num_class": 3,
        "metric": "multi_logloss",
        "num_leaves": 63,
        "learning_rate": 0.0938393881004349,
        "min_child_samples": 23,
        "feature_fraction": 0.9,
        "bagging_fraction": 0.9,
        "bagging_freq": 5,
        "verbose": -1,
        "deterministic": true,
        "seed": 42
      }
    },
    {
      "fold": 1,
      "n_train": 224,
      "n_test": 112,
      "auc": 0.49448546617482264,
      "log_loss": 1.5254199132131698,
      "brier": 0.1673856565172012,
      "directional_accuracy": 0.7142857142857143,
      "baseline_auc": 0.5066890102471785,
      "baseline_log_loss": 0.6713279641626656,
      "baseline_brier": 0.12026770068852612,
      "baseline_directional_accuracy": 0.7857142857142857,
      "best_params": {
        "objective": "multiclass",
        "num_class": 3,
        "metric": "multi_logloss",
        "num_leaves": 15,
        "learning_rate": 0.09230320822645494,
        "min_child_samples": 6,
        "feature_fraction": 0.9,
        "bagging_fraction": 0.9,
        "bagging_freq": 5,
        "verbose": -1,
        "deterministic": true,
        "seed": 42
      }
    },
    {
      "fold": 2,
      "n_train": 336,
      "n_test": 112,
      "auc": 0.5702270700028618,
      "log_loss": 1.7311696562597696,
      "brier": 0.15735293886583354,
      "directional_accuracy": 0.7589285714285714,
      "baseline_auc": 0.40935946687276475,
      "baseline_log_loss": 0.7609364446617427,
      "baseline_brier": 0.13326702842929583,
      "baseline_directional_accuracy": 0.7678571428571429,
      "best_params": {
        "objective": "multiclass",
        "num_class": 3,
        "metric": "multi_logloss",
        "num_leaves": 63,
        "learning_rate": 0.06807764614983679,
        "min_child_samples": 12,
        "feature_fraction": 0.9,
        "bagging_fraction": 0.9,
        "bagging_freq": 5,
        "verbose": -1,
        "deterministic": true,
        "seed": 42
      }
    },
    {
      "fold": 3,
      "n_train": 448,
      "n_test": 112,
      "auc": 0.6231447918895491,
      "log_loss": 1.54322776147219,
      "brier": 0.17269661622174207,
      "directional_accuracy": 0.7142857142857143,
      "baseline_auc": 0.6207559129849985,
      "baseline_log_loss": 0.7785725706538231,
      "baseline_brier": 0.147328129192935,
      "baseline_directional_accuracy": 0.7232142857142857,
      "best_params": {
        "objective": "multiclass",
        "num_class": 3,
        "metric": "multi_logloss",
        "num_leaves": 63,
        "learning_rate": 0.0938393881004349,
        "min_child_samples": 23,
        "feature_fraction": 0.9,
        "bagging_fraction": 0.9,
        "bagging_freq": 5,
        "verbose": -1,
        "deterministic": true,
        "seed": 42
      }
    },
    {
      "fold": 4,
      "n_train": 560,
      "n_test": 112,
      "auc": 0.5059126495323399,
      "log_loss": 2.972732756144869,
      "brier": 0.31682296148315914,
      "directional_accuracy": 0.5,
      "baseline_auc": 0.539402267643617,
      "baseline_log_loss": 1.3817570586860644,
      "baseline_brier": 0.24558057345183046,
      "baseline_directional_accuracy": 0.5178571428571429,
      "best_params": {
        "objective": "multiclass",
        "num_class": 3,
        "metric": "multi_logloss",
        "num_leaves": 31,
        "learning_rate": 0.04488170057528786,
        "min_child_samples": 9,
        "feature_fraction": 0.9,
        "bagging_fraction": 0.9,
        "bagging_freq": 5,
        "verbose": -1,
        "deterministic": true,
        "seed": 42
      }
    }
  ],
  "note": "Per-coin model for sei-network/1m.",
  "directional_call_share": 0.007352941176470588,
  "directional_call_share_n": 136,
  "directional_call_share_source": "holdout",
  "model_kind": "lightgbm",
  "prior_probs": []
}