{
  "coin_id": "injective-protocol",
  "timeframe": "1h",
  "version": "20260422T170859Z",
  "feature_names": [
    "ret1",
    "ret5",
    "ret10",
    "momentum",
    "realizedVol",
    "rsi14",
    "macdLine",
    "macdSignal",
    "macdHist",
    "atr14",
    "atrPct",
    "ema9",
    "ema21",
    "emaSpreadPct",
    "distFromEma9Pct",
    "distFromEma21Pct",
    "bbUpper",
    "bbMiddle",
    "bbLower",
    "bbWidth",
    "bbPctB",
    "bbWidthPct",
    "news_etf_flow",
    "news_regulatory_risk",
    "news_exchange_outage",
    "news_macro_shock",
    "news_whale_move",
    "news_exploit_or_hack",
    "news_stablecoin_event",
    "news_narrative_rotation",
    "news_listing_or_delisting",
    "news_protocol_upgrade",
    "news_high_volume_breakout",
    "news_unusual_volatility",
    "coin_idx"
  ],
  "coin_vocab": [
    "injective-protocol"
  ],
  "n_train_rows": 684,
  "n_test_rows": 570,
  "metrics": {
    "auc": 0.5019376636949355,
    "log_loss": 3.6099908216627696,
    "brier": 0.3888426204712529,
    "directional_accuracy": 0.3192982456140351
  },
  "baseline_metrics": {
    "auc": 0.5312262203587235,
    "log_loss": 1.1653326268700503,
    "brier": 0.233694013087911,
    "directional_accuracy": 0.3350877192982456
  },
  "threshold_pct": 0.2,
  "horizon_candles": 1,
  "class_return_means_pct": [
    -0.6048062355385376,
    0.0016351856873362098,
    0.6528152663788885
  ],
  "fold_metrics": [
    {
      "fold": 0,
      "n_train": 114,
      "n_test": 114,
      "auc": 0.5509032498298426,
      "log_loss": 2.8961162798621,
      "brier": 0.37489226230746436,
      "directional_accuracy": 0.32456140350877194,
      "baseline_auc": 0.5286424760224392,
      "baseline_log_loss": 1.174422514787509,
      "baseline_brier": 0.24000079735638633,
      "baseline_directional_accuracy": 0.30701754385964913,
      "best_params": {
        "objective": "multiclass",
        "num_class": 3,
        "metric": "multi_logloss",
        "num_leaves": 15,
        "learning_rate": 0.17608479986250233,
        "min_child_samples": 30,
        "feature_fraction": 0.9,
        "bagging_fraction": 0.9,
        "bagging_freq": 5,
        "verbose": -1,
        "deterministic": true,
        "seed": 42
      }
    },
    {
      "fold": 1,
      "n_train": 228,
      "n_test": 114,
      "auc": 0.5319786848124578,
      "log_loss": 4.514640479768696,
      "brier": 0.3798386436592953,
      "directional_accuracy": 0.3684210526315789,
      "baseline_auc": 0.5123656058550031,
      "baseline_log_loss": 1.2803021299666317,
      "baseline_brier": 0.245316467984554,
      "baseline_directional_accuracy": 0.3157894736842105,
      "best_params": {
        "objective": "multiclass",
        "num_class": 3,
        "metric": "multi_logloss",
        "num_leaves": 63,
        "learning_rate": 0.06783180279444061,
        "min_child_samples": 16,
        "feature_fraction": 0.9,
        "bagging_fraction": 0.9,
        "bagging_freq": 5,
        "verbose": -1,
        "deterministic": true,
        "seed": 42
      }
    },
    {
      "fold": 2,
      "n_train": 342,
      "n_test": 114,
      "auc": 0.49998891420731634,
      "log_loss": 2.985838625221692,
      "brier": 0.3788907736765979,
      "directional_accuracy": 0.2807017543859649,
      "baseline_auc": 0.5496423736212449,
      "baseline_log_loss": 1.0877128573225634,
      "baseline_brier": 0.21971740976019713,
      "baseline_directional_accuracy": 0.3333333333333333,
      "best_params": {
        "objective": "multiclass",
        "num_class": 3,
        "metric": "multi_logloss",
        "num_leaves": 31,
        "learning_rate": 0.04244182503771326,
        "min_child_samples": 5,
        "feature_fraction": 0.9,
        "bagging_fraction": 0.9,
        "bagging_freq": 5,
        "verbose": -1,
        "deterministic": true,
        "seed": 42
      }
    },
    {
      "fold": 3,
      "n_train": 456,
      "n_test": 114,
      "auc": 0.5248774343516915,
      "log_loss": 3.6390310925532683,
      "brier": 0.3842761218008195,
      "directional_accuracy": 0.3508771929824561,
      "baseline_auc": 0.5411861136670638,
      "baseline_log_loss": 1.1531371839807212,
      "baseline_brier": 0.23338553243542703,
      "baseline_directional_accuracy": 0.3508771929824561,
      "best_params": {
        "objective": "multiclass",
        "num_class": 3,
        "metric": "multi_logloss",
        "num_leaves": 15,
        "learning_rate": 0.07571866618436462,
        "min_child_samples": 7,
        "feature_fraction": 0.9,
        "bagging_fraction": 0.9,
        "bagging_freq": 5,
        "verbose": -1,
        "deterministic": true,
        "seed": 42
      }
    },
    {
      "fold": 4,
      "n_train": 570,
      "n_test": 114,
      "auc": 0.40194003527336863,
      "log_loss": 4.014327630908091,
      "brier": 0.4263153009120874,
      "directional_accuracy": 0.2719298245614035,
      "baseline_auc": 0.524294532627866,
      "baseline_log_loss": 1.1310884482928274,
      "baseline_brier": 0.2300498579029905,
      "baseline_directional_accuracy": 0.3684210526315789,
      "best_params": {
        "objective": "multiclass",
        "num_class": 3,
        "metric": "multi_logloss",
        "num_leaves": 63,
        "learning_rate": 0.07426874044359194,
        "min_child_samples": 24,
        "feature_fraction": 0.9,
        "bagging_fraction": 0.9,
        "bagging_freq": 5,
        "verbose": -1,
        "deterministic": true,
        "seed": 42
      }
    }
  ],
  "note": "Per-coin model for injective-protocol/1h.",
  "directional_call_share": 0.9854014598540146,
  "directional_call_share_n": 137,
  "directional_call_share_source": "holdout",
  "model_kind": "lightgbm",
  "prior_probs": [],
  "has_regression_head": true,
  "regression_head_stats": {
    "n_train_rows": 377,
    "n_holdout_rows": 95,
    "abs_pred_p50_pct": 0.5793034432699947,
    "abs_pred_p95_pct": 0.7475712456494557,
    "abs_pred_max_pct": 1.0309503567088405,
    "mae_pct": 0.28716066363711457,
    "best_iteration": 10
  },
  "gates_alignment": {
    "n": 137,
    "source": "holdout",
    "min_directional_edge": 0.05,
    "min_expected_return_pct": 0.15,
    "aligned_share": 0.08759124087591241,
    "aligned_loud_share": 0.08759124087591241,
    "aligned_quiet_share": 0.0,
    "loud_classifier_quiet_regressor_share": 0.0,
    "quiet_classifier_loud_regressor_share": 0.9124087591240876,
    "dir_edge_p50": 0.004409989862526442,
    "dir_edge_p95": 0.11262047229708128,
    "abs_magnitude_pct_p50": 0.578803307770838,
    "abs_magnitude_pct_p95": 0.7465778040999332
  }
}