{
  "coin_id": "worldcoin-wld",
  "timeframe": "1m",
  "version": "20260422T195130Z",
  "feature_names": [
    "ret1",
    "ret5",
    "ret10",
    "momentum",
    "realizedVol",
    "rsi14",
    "macdLine",
    "macdSignal",
    "macdHist",
    "atr14",
    "atrPct",
    "ema9",
    "ema21",
    "emaSpreadPct",
    "distFromEma9Pct",
    "distFromEma21Pct",
    "bbUpper",
    "bbMiddle",
    "bbLower",
    "bbWidth",
    "bbPctB",
    "bbWidthPct",
    "news_etf_flow",
    "news_regulatory_risk",
    "news_exchange_outage",
    "news_macro_shock",
    "news_whale_move",
    "news_exploit_or_hack",
    "news_stablecoin_event",
    "news_narrative_rotation",
    "news_listing_or_delisting",
    "news_protocol_upgrade",
    "news_high_volume_breakout",
    "news_unusual_volatility",
    "coin_idx"
  ],
  "coin_vocab": [
    "worldcoin-wld"
  ],
  "n_train_rows": 1954,
  "n_test_rows": 1625,
  "metrics": {
    "auc": 0.5512596003551271,
    "log_loss": 2.580890245086627,
    "brier": 0.2517014736168529,
    "directional_accuracy": 0.5692307692307692
  },
  "baseline_metrics": {
    "auc": 0.5106991237352961,
    "log_loss": 1.1477577258246752,
    "brier": 0.21096296723418,
    "directional_accuracy": 0.5027692307692309
  },
  "threshold_pct": 0.03,
  "horizon_candles": 1,
  "class_return_means_pct": [
    -0.5032391232731396,
    -0.00011882920086734605,
    0.47504592536491375
  ],
  "fold_metrics": [
    {
      "fold": 0,
      "n_train": 325,
      "n_test": 325,
      "auc": 0.4892257813513971,
      "log_loss": 1.8999816210356686,
      "brier": 0.26956718094077164,
      "directional_accuracy": 0.48615384615384616,
      "baseline_auc": 0.42184911270542047,
      "baseline_log_loss": 0.9019257201749867,
      "baseline_brier": 0.18386821830708536,
      "baseline_directional_accuracy": 0.4523076923076923,
      "best_params": {
        "objective": "multiclass",
        "num_class": 3,
        "metric": "multi_logloss",
        "num_leaves": 15,
        "learning_rate": 0.05253853095388964,
        "min_child_samples": 30,
        "feature_fraction": 0.9,
        "bagging_fraction": 0.9,
        "bagging_freq": 5,
        "verbose": -1,
        "deterministic": true,
        "seed": 42
      }
    },
    {
      "fold": 1,
      "n_train": 650,
      "n_test": 325,
      "auc": 0.4568742782204592,
      "log_loss": 2.1233290072362343,
      "brier": 0.24971312005882026,
      "directional_accuracy": 0.5846153846153846,
      "baseline_auc": 0.5072467292145354,
      "baseline_log_loss": 2.13461847482462,
      "baseline_brier": 0.3466348050207408,
      "baseline_directional_accuracy": 0.14461538461538462,
      "best_params": {
        "objective": "multiclass",
        "num_class": 3,
        "metric": "multi_logloss",
        "num_leaves": 15,
        "learning_rate": 0.06001379396607548,
        "min_child_samples": 15,
        "feature_fraction": 0.9,
        "bagging_fraction": 0.9,
        "bagging_freq": 5,
        "verbose": -1,
        "deterministic": true,
        "seed": 42
      }
    },
    {
      "fold": 2,
      "n_train": 975,
      "n_test": 325,
      "auc": 0.5853859246308041,
      "log_loss": 2.7693032889747755,
      "brier": 0.2473129853282061,
      "directional_accuracy": 0.5815384615384616,
      "baseline_auc": 0.5622253472194624,
      "baseline_log_loss": 0.8442928775062212,
      "baseline_brier": 0.16047833872870185,
      "baseline_directional_accuracy": 0.6738461538461539,
      "best_params": {
        "objective": "multiclass",
        "num_class": 3,
        "metric": "multi_logloss",
        "num_leaves": 31,
        "learning_rate": 0.1971053015894559,
        "min_child_samples": 17,
        "feature_fraction": 0.9,
        "bagging_fraction": 0.9,
        "bagging_freq": 5,
        "verbose": -1,
        "deterministic": true,
        "seed": 42
      }
    },
    {
      "fold": 3,
      "n_train": 1300,
      "n_test": 325,
      "auc": 0.6468301166681566,
      "log_loss": 3.2554040903941956,
      "brier": 0.219988190998051,
      "directional_accuracy": 0.6523076923076923,
      "baseline_auc": 0.5326339487312012,
      "baseline_log_loss": 0.8784462791672342,
      "baseline_brier": 0.16992924144897162,
      "baseline_directional_accuracy": 0.6584615384615384,
      "best_params": {
        "objective": "multiclass",
        "num_class": 3,
        "metric": "multi_logloss",
        "num_leaves": 63,
        "learning_rate": 0.16111155360323912,
        "min_child_samples": 28,
        "feature_fraction": 0.9,
        "bagging_fraction": 0.9,
        "bagging_freq": 5,
        "verbose": -1,
        "deterministic": true,
        "seed": 42
      }
    },
    {
      "fold": 4,
      "n_train": 1625,
      "n_test": 325,
      "auc": 0.577981900904819,
      "log_loss": 2.856433217792262,
      "brier": 0.2719258907584157,
      "directional_accuracy": 0.5415384615384615,
      "baseline_auc": 0.5295404808058615,
      "baseline_log_loss": 0.9795052774503137,
      "baseline_brier": 0.19390423266540024,
      "baseline_directional_accuracy": 0.5846153846153846,
      "best_params": {
        "objective": "multiclass",
        "num_class": 3,
        "metric": "multi_logloss",
        "num_leaves": 15,
        "learning_rate": 0.18151659785390098,
        "min_child_samples": 30,
        "feature_fraction": 0.9,
        "bagging_fraction": 0.9,
        "bagging_freq": 5,
        "verbose": -1,
        "deterministic": true,
        "seed": 42
      }
    }
  ],
  "note": "Per-coin model for worldcoin-wld/1m.",
  "directional_call_share": 0.023017902813299233,
  "directional_call_share_n": 391,
  "directional_call_share_source": "holdout",
  "model_kind": "lightgbm",
  "prior_probs": [],
  "has_regression_head": true,
  "regression_head_stats": {
    "n_train_rows": 868,
    "n_holdout_rows": 217,
    "abs_pred_p50_pct": 0.09472207410781343,
    "abs_pred_p95_pct": 0.21723039102171363,
    "abs_pred_max_pct": 0.47358226426298927,
    "mae_pct": 0.0652376963320138,
    "best_iteration": 100
  },
  "gates_alignment": {
    "n": 391,
    "source": "holdout",
    "min_directional_edge": 0.05,
    "min_expected_return_pct": 0.15,
    "aligned_share": 0.5473145780051151,
    "aligned_loud_share": 0.0741687979539642,
    "aligned_quiet_share": 0.4731457800511509,
    "loud_classifier_quiet_regressor_share": 0.3145780051150895,
    "quiet_classifier_loud_regressor_share": 0.13810741687979539,
    "dir_edge_p50": 0.033692492834364596,
    "dir_edge_p95": 0.1791209512858093,
    "abs_magnitude_pct_p50": 0.09472207410781343,
    "abs_magnitude_pct_p95": 0.21738461319528002
  },
  "specialist_kind": null,
  "regime_subset": [],
  "feature_schema_hash": "726b9f4d8d8b",
  "training_window": {
    "start": "2026-03-25T06:00:00+00:00",
    "end": "2026-04-22T19:37:00+00:00"
  }
}