{
  "coin_id": "floki-inu",
  "timeframe": "5m",
  "version": "20260422T094623Z",
  "feature_names": [
    "ret1",
    "ret5",
    "ret10",
    "momentum",
    "realizedVol",
    "rsi14",
    "macdLine",
    "macdSignal",
    "macdHist",
    "atr14",
    "atrPct",
    "ema9",
    "ema21",
    "emaSpreadPct",
    "distFromEma9Pct",
    "distFromEma21Pct",
    "bbUpper",
    "bbMiddle",
    "bbLower",
    "bbWidth",
    "bbPctB",
    "bbWidthPct",
    "news_etf_flow",
    "news_regulatory_risk",
    "news_exchange_outage",
    "news_macro_shock",
    "news_whale_move",
    "news_exploit_or_hack",
    "news_stablecoin_event",
    "news_narrative_rotation",
    "news_listing_or_delisting",
    "news_protocol_upgrade",
    "news_high_volume_breakout",
    "news_unusual_volatility",
    "coin_idx"
  ],
  "coin_vocab": [
    "floki-inu"
  ],
  "n_train_rows": 837,
  "n_test_rows": 695,
  "metrics": {
    "auc": 0.5048293739641536,
    "log_loss": 2.7378748817739877,
    "brier": 0.33330968123453236,
    "directional_accuracy": 0.4028776978417266
  },
  "baseline_metrics": {
    "auc": 0.5454516592245279,
    "log_loss": 1.0515672343856277,
    "brier": 0.21320875948937856,
    "directional_accuracy": 0.4158273381294964
  },
  "threshold_pct": 0.1,
  "horizon_candles": 1,
  "class_return_means_pct": [
    -0.5368243099765372,
    -0.0016563806592216196,
    0.6175167456296207
  ],
  "fold_metrics": [
    {
      "fold": 0,
      "n_train": 139,
      "n_test": 139,
      "auc": 0.5541541126020247,
      "log_loss": 2.9098308617967397,
      "brier": 0.31651115920572875,
      "directional_accuracy": 0.460431654676259,
      "baseline_auc": 0.5363753008904326,
      "baseline_log_loss": 1.069713448466033,
      "baseline_brier": 0.21456305258610606,
      "baseline_directional_accuracy": 0.4244604316546763,
      "best_params": {
        "objective": "multiclass",
        "num_class": 3,
        "metric": "multi_logloss",
        "num_leaves": 31,
        "learning_rate": 0.1,
        "min_child_samples": 5,
        "feature_fraction": 0.9,
        "bagging_fraction": 0.9,
        "bagging_freq": 5,
        "verbose": -1,
        "deterministic": true,
        "seed": 42
      }
    },
    {
      "fold": 1,
      "n_train": 278,
      "n_test": 139,
      "auc": 0.565879477176634,
      "log_loss": 2.418911704488734,
      "brier": 0.31213326159582305,
      "directional_accuracy": 0.4316546762589928,
      "baseline_auc": 0.5679727257433654,
      "baseline_log_loss": 0.9942707325444143,
      "baseline_brier": 0.20095095298581098,
      "baseline_directional_accuracy": 0.5179856115107914,
      "best_params": {
        "objective": "multiclass",
        "num_class": 3,
        "metric": "multi_logloss",
        "num_leaves": 31,
        "learning_rate": 0.1,
        "min_child_samples": 5,
        "feature_fraction": 0.9,
        "bagging_fraction": 0.9,
        "bagging_freq": 5,
        "verbose": -1,
        "deterministic": true,
        "seed": 42
      }
    },
    {
      "fold": 2,
      "n_train": 417,
      "n_test": 139,
      "auc": 0.546746891009186,
      "log_loss": 2.171047362007596,
      "brier": 0.2794855521322928,
      "directional_accuracy": 0.49640287769784175,
      "baseline_auc": 0.5257889126741586,
      "baseline_log_loss": 0.9410071139073728,
      "baseline_brier": 0.19116908131753887,
      "baseline_directional_accuracy": 0.4748201438848921,
      "best_params": {
        "objective": "multiclass",
        "num_class": 3,
        "metric": "multi_logloss",
        "num_leaves": 31,
        "learning_rate": 0.1,
        "min_child_samples": 5,
        "feature_fraction": 0.9,
        "bagging_fraction": 0.9,
        "bagging_freq": 5,
        "verbose": -1,
        "deterministic": true,
        "seed": 42
      }
    },
    {
      "fold": 3,
      "n_train": 556,
      "n_test": 139,
      "auc": 0.4184071035899728,
      "log_loss": 3.063682449254953,
      "brier": 0.352611320462128,
      "directional_accuracy": 0.4028776978417266,
      "baseline_auc": 0.5914534126100582,
      "baseline_log_loss": 1.054699044052095,
      "baseline_brier": 0.2156839077160854,
      "baseline_directional_accuracy": 0.4172661870503597,
      "best_params": {
        "objective": "multiclass",
        "num_class": 3,
        "metric": "multi_logloss",
        "num_leaves": 31,
        "learning_rate": 0.1,
        "min_child_samples": 5,
        "feature_fraction": 0.9,
        "bagging_fraction": 0.9,
        "bagging_freq": 5,
        "verbose": -1,
        "deterministic": true,
        "seed": 42
      }
    },
    {
      "fold": 4,
      "n_train": 695,
      "n_test": 139,
      "auc": 0.4389592854429509,
      "log_loss": 3.125902031321915,
      "brier": 0.4058071127766894,
      "directional_accuracy": 0.22302158273381295,
      "baseline_auc": 0.5056679442046242,
      "baseline_log_loss": 1.198145832958223,
      "baseline_brier": 0.24367680284135143,
      "baseline_directional_accuracy": 0.2446043165467626,
      "best_params": {
        "objective": "multiclass",
        "num_class": 3,
        "metric": "multi_logloss",
        "num_leaves": 31,
        "learning_rate": 0.1,
        "min_child_samples": 5,
        "feature_fraction": 0.9,
        "bagging_fraction": 0.9,
        "bagging_freq": 5,
        "verbose": -1,
        "deterministic": true,
        "seed": 42
      }
    }
  ],
  "note": "Per-coin model for floki-inu/5m.",
  "directional_call_share": 0.005952380952380952,
  "directional_call_share_n": 168,
  "directional_call_share_source": "holdout",
  "model_kind": "lightgbm",
  "prior_probs": [],
  "has_regression_head": true,
  "regression_head_stats": {
    "n_train_rows": 533,
    "n_holdout_rows": 134,
    "abs_pred_p50_pct": 0.6152098036667283,
    "abs_pred_p95_pct": 0.6603602699486025,
    "abs_pred_max_pct": 0.6664879895137641,
    "mae_pct": 0.45967498443936056,
    "best_iteration": 1
  },
  "gates_alignment": {
    "n": 168,
    "source": "holdout",
    "min_directional_edge": 0.05,
    "min_expected_return_pct": 0.15,
    "aligned_share": 1.0,
    "aligned_loud_share": 1.0,
    "aligned_quiet_share": 0.0,
    "loud_classifier_quiet_regressor_share": 0.0,
    "quiet_classifier_loud_regressor_share": 0.0,
    "dir_edge_p50": 0.11334162404482792,
    "dir_edge_p95": 0.11869349664625253,
    "abs_magnitude_pct_p50": 0.6152098036667283,
    "abs_magnitude_pct_p95": 0.6603602699486025
  }
}