{
  "coin_id": "worldcoin-wld",
  "timeframe": "2h",
  "version": "20260422T142319Z",
  "feature_names": [
    "ret1",
    "ret5",
    "ret10",
    "momentum",
    "realizedVol",
    "rsi14",
    "macdLine",
    "macdSignal",
    "macdHist",
    "atr14",
    "atrPct",
    "ema9",
    "ema21",
    "emaSpreadPct",
    "distFromEma9Pct",
    "distFromEma21Pct",
    "bbUpper",
    "bbMiddle",
    "bbLower",
    "bbWidth",
    "bbPctB",
    "bbWidthPct",
    "news_etf_flow",
    "news_regulatory_risk",
    "news_exchange_outage",
    "news_macro_shock",
    "news_whale_move",
    "news_exploit_or_hack",
    "news_stablecoin_event",
    "news_narrative_rotation",
    "news_listing_or_delisting",
    "news_protocol_upgrade",
    "news_high_volume_breakout",
    "news_unusual_volatility",
    "coin_idx"
  ],
  "coin_vocab": [
    "worldcoin-wld"
  ],
  "n_train_rows": 326,
  "n_test_rows": 270,
  "metrics": {
    "auc": 0.5421368857198204,
    "log_loss": 3.328520814979221,
    "brier": 0.34096312269297174,
    "directional_accuracy": 0.40740740740740744
  },
  "baseline_metrics": {
    "auc": 0.5327622629845136,
    "log_loss": 1.0930649635523295,
    "brier": 0.21963286549527514,
    "directional_accuracy": 0.4222222222222222
  },
  "threshold_pct": 0.28,
  "horizon_candles": 1,
  "class_return_means_pct": [
    -1.1481003299761634,
    0.008395934581490565,
    1.203665387076214
  ],
  "fold_metrics": [
    {
      "fold": 0,
      "n_train": 54,
      "n_test": 54,
      "auc": 0.5054659332437109,
      "log_loss": 3.277251076224874,
      "brier": 0.30684022898016244,
      "directional_accuracy": 0.5185185185185185,
      "baseline_auc": 0.45103815937149266,
      "baseline_log_loss": 1.1701061486329387,
      "baseline_brier": 0.23694923032066137,
      "baseline_directional_accuracy": 0.2962962962962963,
      "best_params": {
        "objective": "multiclass",
        "num_class": 3,
        "metric": "multi_logloss",
        "num_leaves": 31,
        "learning_rate": 0.1,
        "min_child_samples": 5,
        "feature_fraction": 0.9,
        "bagging_fraction": 0.9,
        "bagging_freq": 5,
        "verbose": -1,
        "deterministic": true,
        "seed": 42
      }
    },
    {
      "fold": 1,
      "n_train": 108,
      "n_test": 54,
      "auc": 0.5397891095259516,
      "log_loss": 2.7559803387608213,
      "brier": 0.3272283059374593,
      "directional_accuracy": 0.3888888888888889,
      "baseline_auc": 0.5307409668520779,
      "baseline_log_loss": 1.1006287834497104,
      "baseline_brier": 0.21713325143584541,
      "baseline_directional_accuracy": 0.48148148148148145,
      "best_params": {
        "objective": "multiclass",
        "num_class": 3,
        "metric": "multi_logloss",
        "num_leaves": 31,
        "learning_rate": 0.1,
        "min_child_samples": 5,
        "feature_fraction": 0.9,
        "bagging_fraction": 0.9,
        "bagging_freq": 5,
        "verbose": -1,
        "deterministic": true,
        "seed": 42
      }
    },
    {
      "fold": 2,
      "n_train": 162,
      "n_test": 54,
      "auc": 0.6059600412560904,
      "log_loss": 4.0160925998048365,
      "brier": 0.33998696939574824,
      "directional_accuracy": 0.42592592592592593,
      "baseline_auc": 0.5960068663953921,
      "baseline_log_loss": 1.0497765301993995,
      "baseline_brier": 0.21154705526784742,
      "baseline_directional_accuracy": 0.4444444444444444,
      "best_params": {
        "objective": "multiclass",
        "num_class": 3,
        "metric": "multi_logloss",
        "num_leaves": 31,
        "learning_rate": 0.1,
        "min_child_samples": 5,
        "feature_fraction": 0.9,
        "bagging_fraction": 0.9,
        "bagging_freq": 5,
        "verbose": -1,
        "deterministic": true,
        "seed": 42
      }
    },
    {
      "fold": 3,
      "n_train": 216,
      "n_test": 54,
      "auc": 0.4802811447456144,
      "log_loss": 4.182350965150191,
      "brier": 0.40600229755904516,
      "directional_accuracy": 0.3148148148148148,
      "baseline_auc": 0.48842137586244966,
      "baseline_log_loss": 1.1060285442409854,
      "baseline_brier": 0.22242527391184463,
      "baseline_directional_accuracy": 0.4074074074074074,
      "best_params": {
        "objective": "multiclass",
        "num_class": 3,
        "metric": "multi_logloss",
        "num_leaves": 31,
        "learning_rate": 0.1,
        "min_child_samples": 5,
        "feature_fraction": 0.9,
        "bagging_fraction": 0.9,
        "bagging_freq": 5,
        "verbose": -1,
        "deterministic": true,
        "seed": 42
      }
    },
    {
      "fold": 4,
      "n_train": 270,
      "n_test": 54,
      "auc": 0.5791881998277347,
      "log_loss": 2.41092909495538,
      "brier": 0.32475781159244366,
      "directional_accuracy": 0.3888888888888889,
      "baseline_auc": 0.5976039464411558,
      "baseline_log_loss": 1.0387848112386135,
      "baseline_brier": 0.21010951654017682,
      "baseline_directional_accuracy": 0.48148148148148145,
      "best_params": {
        "objective": "multiclass",
        "num_class": 3,
        "metric": "multi_logloss",
        "num_leaves": 31,
        "learning_rate": 0.1,
        "min_child_samples": 5,
        "feature_fraction": 0.9,
        "bagging_fraction": 0.9,
        "bagging_freq": 5,
        "verbose": -1,
        "deterministic": true,
        "seed": 42
      }
    }
  ],
  "note": "Per-coin model for worldcoin-wld/2h.",
  "directional_call_share": 0.9696969696969697,
  "directional_call_share_n": 66,
  "directional_call_share_source": "holdout",
  "model_kind": "lightgbm",
  "prior_probs": [],
  "has_regression_head": true,
  "regression_head_stats": {
    "n_train_rows": 210,
    "n_holdout_rows": 53,
    "abs_pred_p50_pct": 1.1723271293335016,
    "abs_pred_p95_pct": 1.2737063717133077,
    "abs_pred_max_pct": 1.3201054529553011,
    "mae_pct": 0.5774182197497242,
    "best_iteration": 4
  },
  "gates_alignment": {
    "n": 66,
    "source": "holdout",
    "min_directional_edge": 0.05,
    "min_expected_return_pct": 0.15,
    "aligned_share": 0.5606060606060606,
    "aligned_loud_share": 0.5606060606060606,
    "aligned_quiet_share": 0.0,
    "loud_classifier_quiet_regressor_share": 0.0,
    "quiet_classifier_loud_regressor_share": 0.4393939393939394,
    "dir_edge_p50": 0.09035409035409042,
    "dir_edge_p95": 0.47046217744786145,
    "abs_magnitude_pct_p50": 1.1723271293335016,
    "abs_magnitude_pct_p95": 1.286388664701004
  }
}