{
  "coin_id": "celestia",
  "timeframe": "6h",
  "version": "20260422T142421Z",
  "feature_names": [
    "ret1",
    "ret5",
    "ret10",
    "momentum",
    "realizedVol",
    "rsi14",
    "macdLine",
    "macdSignal",
    "macdHist",
    "atr14",
    "atrPct",
    "ema9",
    "ema21",
    "emaSpreadPct",
    "distFromEma9Pct",
    "distFromEma21Pct",
    "bbUpper",
    "bbMiddle",
    "bbLower",
    "bbWidth",
    "bbPctB",
    "bbWidthPct",
    "news_etf_flow",
    "news_regulatory_risk",
    "news_exchange_outage",
    "news_macro_shock",
    "news_whale_move",
    "news_exploit_or_hack",
    "news_stablecoin_event",
    "news_narrative_rotation",
    "news_listing_or_delisting",
    "news_protocol_upgrade",
    "news_high_volume_breakout",
    "news_unusual_volatility",
    "coin_idx"
  ],
  "coin_vocab": [
    "celestia"
  ],
  "n_train_rows": 86,
  "n_test_rows": 36,
  "metrics": {
    "auc": 0.6155033238366572,
    "log_loss": 3.4954181796790413,
    "brier": 0.34259849953272536,
    "directional_accuracy": 0.4444444444444444
  },
  "baseline_metrics": {
    "auc": 0.5976337448559671,
    "log_loss": 3.0250116677065613,
    "brier": 0.3568490231985242,
    "directional_accuracy": 0.33333333333333337
  },
  "threshold_pct": 0.45,
  "horizon_candles": 1,
  "class_return_means_pct": [
    -1.5065110061975486,
    -0.02030014574330335,
    2.7435499222323885
  ],
  "fold_metrics": [
    {
      "fold": 0,
      "n_train": 50,
      "n_test": 18,
      "auc": 0.5896604938271605,
      "log_loss": 4.131044192615166,
      "brier": 0.38827413089313184,
      "directional_accuracy": 0.3888888888888889,
      "baseline_auc": 0.5536008230452675,
      "baseline_log_loss": 3.601517351146152,
      "baseline_brier": 0.31611887217291823,
      "baseline_directional_accuracy": 0.3888888888888889,
      "best_params": {
        "objective": "multiclass",
        "num_class": 3,
        "metric": "multi_logloss",
        "num_leaves": 31,
        "learning_rate": 0.1,
        "min_child_samples": 5,
        "feature_fraction": 0.9,
        "bagging_fraction": 0.9,
        "bagging_freq": 5,
        "verbose": -1,
        "deterministic": true,
        "seed": 42
      }
    },
    {
      "fold": 1,
      "n_train": 68,
      "n_test": 18,
      "auc": 0.6413461538461539,
      "log_loss": 2.8597921667429174,
      "brier": 0.2969228681723189,
      "directional_accuracy": 0.5,
      "baseline_auc": 0.6416666666666667,
      "baseline_log_loss": 2.44850598426697,
      "baseline_brier": 0.3975791742241302,
      "baseline_directional_accuracy": 0.2777777777777778,
      "best_params": {
        "objective": "multiclass",
        "num_class": 3,
        "metric": "multi_logloss",
        "num_leaves": 31,
        "learning_rate": 0.1,
        "min_child_samples": 5,
        "feature_fraction": 0.9,
        "bagging_fraction": 0.9,
        "bagging_freq": 5,
        "verbose": -1,
        "deterministic": true,
        "seed": 42
      }
    }
  ],
  "note": "Per-coin model for celestia/6h.",
  "directional_call_share": 0.7777777777777778,
  "directional_call_share_n": 18,
  "directional_call_share_source": "holdout",
  "model_kind": "lightgbm",
  "prior_probs": [],
  "has_regression_head": true,
  "regression_head_stats": {
    "n_train_rows": 54,
    "n_holdout_rows": 14,
    "abs_pred_p50_pct": 2.2292263944943747,
    "abs_pred_p95_pct": 2.2292263944943747,
    "abs_pred_max_pct": 2.2292263944943747,
    "mae_pct": 0.7416394328451462,
    "best_iteration": 1
  },
  "gates_alignment": {
    "n": 18,
    "source": "holdout",
    "min_directional_edge": 0.05,
    "min_expected_return_pct": 0.15,
    "aligned_share": 0.8333333333333334,
    "aligned_loud_share": 0.8333333333333334,
    "aligned_quiet_share": 0.0,
    "loud_classifier_quiet_regressor_share": 0.0,
    "quiet_classifier_loud_regressor_share": 0.16666666666666666,
    "dir_edge_p50": 0.34408602150537637,
    "dir_edge_p95": 0.7733333333333329,
    "abs_magnitude_pct_p50": 2.2292263944943747,
    "abs_magnitude_pct_p95": 2.2292263944943747
  }
}