{
  "coin_id": "celestia",
  "timeframe": "1h",
  "version": "20260422T111557Z",
  "feature_names": [
    "ret1",
    "ret5",
    "ret10",
    "momentum",
    "realizedVol",
    "rsi14",
    "macdLine",
    "macdSignal",
    "macdHist",
    "atr14",
    "atrPct",
    "ema9",
    "ema21",
    "emaSpreadPct",
    "distFromEma9Pct",
    "distFromEma21Pct",
    "bbUpper",
    "bbMiddle",
    "bbLower",
    "bbWidth",
    "bbPctB",
    "bbWidthPct",
    "news_etf_flow",
    "news_regulatory_risk",
    "news_exchange_outage",
    "news_macro_shock",
    "news_whale_move",
    "news_exploit_or_hack",
    "news_stablecoin_event",
    "news_narrative_rotation",
    "news_listing_or_delisting",
    "news_protocol_upgrade",
    "news_high_volume_breakout",
    "news_unusual_volatility",
    "coin_idx"
  ],
  "coin_vocab": [
    "celestia"
  ],
  "n_train_rows": 685,
  "n_test_rows": 570,
  "metrics": {
    "auc": 0.547273211434149,
    "log_loss": 3.088119677730071,
    "brier": 0.36302399481922,
    "directional_accuracy": 0.3508771929824562
  },
  "baseline_metrics": {
    "auc": 0.4848546485241195,
    "log_loss": 1.1265742156745224,
    "brier": 0.22800939954245725,
    "directional_accuracy": 0.36140350877192984
  },
  "threshold_pct": 0.2,
  "horizon_candles": 1,
  "class_return_means_pct": [
    -0.6973338115443559,
    -0.0026282307159268426,
    0.8195684726265855
  ],
  "fold_metrics": [
    {
      "fold": 0,
      "n_train": 114,
      "n_test": 114,
      "auc": 0.5747942747942748,
      "log_loss": 3.0973794497025855,
      "brier": 0.3818069325997062,
      "directional_accuracy": 0.3333333333333333,
      "baseline_auc": 0.5275372775372774,
      "baseline_log_loss": 1.184157973246332,
      "baseline_brier": 0.23713665859956268,
      "baseline_directional_accuracy": 0.39473684210526316,
      "best_params": {
        "objective": "multiclass",
        "num_class": 3,
        "metric": "multi_logloss",
        "num_leaves": 31,
        "learning_rate": 0.1,
        "min_child_samples": 5,
        "feature_fraction": 0.9,
        "bagging_fraction": 0.9,
        "bagging_freq": 5,
        "verbose": -1,
        "deterministic": true,
        "seed": 42
      }
    },
    {
      "fold": 1,
      "n_train": 228,
      "n_test": 114,
      "auc": 0.5299016384459422,
      "log_loss": 3.961756628611708,
      "brier": 0.405237745917212,
      "directional_accuracy": 0.32456140350877194,
      "baseline_auc": 0.4725053427585073,
      "baseline_log_loss": 1.1324530886325834,
      "baseline_brier": 0.22955060358568127,
      "baseline_directional_accuracy": 0.38596491228070173,
      "best_params": {
        "objective": "multiclass",
        "num_class": 3,
        "metric": "multi_logloss",
        "num_leaves": 31,
        "learning_rate": 0.1,
        "min_child_samples": 5,
        "feature_fraction": 0.9,
        "bagging_fraction": 0.9,
        "bagging_freq": 5,
        "verbose": -1,
        "deterministic": true,
        "seed": 42
      }
    },
    {
      "fold": 2,
      "n_train": 342,
      "n_test": 114,
      "auc": 0.5837607570292153,
      "log_loss": 2.7879378626923397,
      "brier": 0.32704272561431313,
      "directional_accuracy": 0.42105263157894735,
      "baseline_auc": 0.5171125974970072,
      "baseline_log_loss": 1.1005731865143125,
      "baseline_brier": 0.22258852961727713,
      "baseline_directional_accuracy": 0.3684210526315789,
      "best_params": {
        "objective": "multiclass",
        "num_class": 3,
        "metric": "multi_logloss",
        "num_leaves": 31,
        "learning_rate": 0.1,
        "min_child_samples": 5,
        "feature_fraction": 0.9,
        "bagging_fraction": 0.9,
        "bagging_freq": 5,
        "verbose": -1,
        "deterministic": true,
        "seed": 42
      }
    },
    {
      "fold": 3,
      "n_train": 456,
      "n_test": 114,
      "auc": 0.5130243539831533,
      "log_loss": 3.0165444355123316,
      "brier": 0.370036969508049,
      "directional_accuracy": 0.3157894736842105,
      "baseline_auc": 0.43278498305169993,
      "baseline_log_loss": 1.1039486133604326,
      "baseline_brier": 0.2232174846209322,
      "baseline_directional_accuracy": 0.38596491228070173,
      "best_params": {
        "objective": "multiclass",
        "num_class": 3,
        "metric": "multi_logloss",
        "num_leaves": 31,
        "learning_rate": 0.1,
        "min_child_samples": 5,
        "feature_fraction": 0.9,
        "bagging_fraction": 0.9,
        "bagging_freq": 5,
        "verbose": -1,
        "deterministic": true,
        "seed": 42
      }
    },
    {
      "fold": 4,
      "n_train": 570,
      "n_test": 114,
      "auc": 0.5348850329181593,
      "log_loss": 2.5769800121313917,
      "brier": 0.3309956004568194,
      "directional_accuracy": 0.35964912280701755,
      "baseline_auc": 0.47433304177610597,
      "baseline_log_loss": 1.111738216618952,
      "baseline_brier": 0.22755372128883308,
      "baseline_directional_accuracy": 0.2719298245614035,
      "best_params": {
        "objective": "multiclass",
        "num_class": 3,
        "metric": "multi_logloss",
        "num_leaves": 31,
        "learning_rate": 0.1,
        "min_child_samples": 5,
        "feature_fraction": 0.9,
        "bagging_fraction": 0.9,
        "bagging_freq": 5,
        "verbose": -1,
        "deterministic": true,
        "seed": 42
      }
    }
  ],
  "note": "Per-coin model for celestia/1h.",
  "directional_call_share": 1.0,
  "directional_call_share_n": 137,
  "directional_call_share_source": "holdout",
  "model_kind": "lightgbm",
  "prior_probs": [],
  "has_regression_head": true,
  "regression_head_stats": {
    "n_train_rows": 408,
    "n_holdout_rows": 102,
    "abs_pred_p50_pct": 0.8423252538595202,
    "abs_pred_p95_pct": 1.3122613046460123,
    "abs_pred_max_pct": 1.3122613046460123,
    "mae_pct": 0.4495571552256732,
    "best_iteration": 11
  },
  "gates_alignment": {
    "n": 137,
    "source": "holdout",
    "min_directional_edge": 0.05,
    "min_expected_return_pct": 0.15,
    "aligned_share": 1.0,
    "aligned_loud_share": 1.0,
    "aligned_quiet_share": 0.0,
    "loud_classifier_quiet_regressor_share": 0.0,
    "quiet_classifier_loud_regressor_share": 0.0,
    "dir_edge_p50": 0.0555513192008541,
    "dir_edge_p95": 0.34781595806639476,
    "abs_magnitude_pct_p50": 0.8465238497118629,
    "abs_magnitude_pct_p95": 1.3122613046460123
  }
}