{
  "coin_id": "bonk",
  "timeframe": "5m",
  "version": "20260422T101825Z",
  "feature_names": [
    "ret1",
    "ret5",
    "ret10",
    "momentum",
    "realizedVol",
    "rsi14",
    "macdLine",
    "macdSignal",
    "macdHist",
    "atr14",
    "atrPct",
    "ema9",
    "ema21",
    "emaSpreadPct",
    "distFromEma9Pct",
    "distFromEma21Pct",
    "bbUpper",
    "bbMiddle",
    "bbLower",
    "bbWidth",
    "bbPctB",
    "bbWidthPct",
    "news_etf_flow",
    "news_regulatory_risk",
    "news_exchange_outage",
    "news_macro_shock",
    "news_whale_move",
    "news_exploit_or_hack",
    "news_stablecoin_event",
    "news_narrative_rotation",
    "news_listing_or_delisting",
    "news_protocol_upgrade",
    "news_high_volume_breakout",
    "news_unusual_volatility",
    "coin_idx"
  ],
  "coin_vocab": [
    "bonk"
  ],
  "n_train_rows": 885,
  "n_test_rows": 735,
  "metrics": {
    "auc": 0.48533577871354333,
    "log_loss": 2.9080660256946054,
    "brier": 0.32545113438548295,
    "directional_accuracy": 0.43673469387755104
  },
  "baseline_metrics": {
    "auc": 0.5296874185876943,
    "log_loss": 0.9887713307440296,
    "brier": 0.20220710905438816,
    "directional_accuracy": 0.48027210884353744
  },
  "threshold_pct": 0.04,
  "horizon_candles": 1,
  "class_return_means_pct": [
    -0.4339200530311654,
    -0.0004681759681587834,
    0.5323181929804698
  ],
  "fold_metrics": [
    {
      "fold": 0,
      "n_train": 147,
      "n_test": 147,
      "auc": 0.5332725679978118,
      "log_loss": 2.9929443152622954,
      "brier": 0.36619069330666837,
      "directional_accuracy": 0.36054421768707484,
      "baseline_auc": 0.5352361298246494,
      "baseline_log_loss": 0.9553538583006093,
      "baseline_brier": 0.19455601321103658,
      "baseline_directional_accuracy": 0.5170068027210885,
      "best_params": {
        "objective": "multiclass",
        "num_class": 3,
        "metric": "multi_logloss",
        "num_leaves": 31,
        "learning_rate": 0.1,
        "min_child_samples": 5,
        "feature_fraction": 0.9,
        "bagging_fraction": 0.9,
        "bagging_freq": 5,
        "verbose": -1,
        "deterministic": true,
        "seed": 42
      }
    },
    {
      "fold": 1,
      "n_train": 294,
      "n_test": 147,
      "auc": 0.5105541155888986,
      "log_loss": 2.352853939161045,
      "brier": 0.2722085635161493,
      "directional_accuracy": 0.5238095238095238,
      "baseline_auc": 0.5839947989016127,
      "baseline_log_loss": 0.9416446985759648,
      "baseline_brier": 0.18804174227389622,
      "baseline_directional_accuracy": 0.5510204081632653,
      "best_params": {
        "objective": "multiclass",
        "num_class": 3,
        "metric": "multi_logloss",
        "num_leaves": 31,
        "learning_rate": 0.1,
        "min_child_samples": 5,
        "feature_fraction": 0.9,
        "bagging_fraction": 0.9,
        "bagging_freq": 5,
        "verbose": -1,
        "deterministic": true,
        "seed": 42
      }
    },
    {
      "fold": 2,
      "n_train": 441,
      "n_test": 147,
      "auc": 0.5553357482213258,
      "log_loss": 2.0826577072060486,
      "brier": 0.26690822330960956,
      "directional_accuracy": 0.5102040816326531,
      "baseline_auc": 0.5611849897877922,
      "baseline_log_loss": 0.8531859459283756,
      "baseline_brier": 0.18157977185021015,
      "baseline_directional_accuracy": 0.5238095238095238,
      "best_params": {
        "objective": "multiclass",
        "num_class": 3,
        "metric": "multi_logloss",
        "num_leaves": 31,
        "learning_rate": 0.1,
        "min_child_samples": 5,
        "feature_fraction": 0.9,
        "bagging_fraction": 0.9,
        "bagging_freq": 5,
        "verbose": -1,
        "deterministic": true,
        "seed": 42
      }
    },
    {
      "fold": 3,
      "n_train": 588,
      "n_test": 147,
      "auc": 0.3254327324191662,
      "log_loss": 3.868595276545145,
      "brier": 0.3374162033848223,
      "directional_accuracy": 0.4489795918367347,
      "baseline_auc": 0.5052613594409662,
      "baseline_log_loss": 0.9774015895994773,
      "baseline_brier": 0.20746003065682495,
      "baseline_directional_accuracy": 0.4217687074829932,
      "best_params": {
        "objective": "multiclass",
        "num_class": 3,
        "metric": "multi_logloss",
        "num_leaves": 31,
        "learning_rate": 0.1,
        "min_child_samples": 5,
        "feature_fraction": 0.9,
        "bagging_fraction": 0.9,
        "bagging_freq": 5,
        "verbose": -1,
        "deterministic": true,
        "seed": 42
      }
    },
    {
      "fold": 4,
      "n_train": 735,
      "n_test": 147,
      "auc": 0.5020837293405142,
      "log_loss": 3.2432788902984933,
      "brier": 0.3845319884101653,
      "directional_accuracy": 0.3401360544217687,
      "baseline_auc": 0.4627598149834511,
      "baseline_log_loss": 1.2162705613157205,
      "baseline_brier": 0.23939798727997288,
      "baseline_directional_accuracy": 0.3877551020408163,
      "best_params": {
        "objective": "multiclass",
        "num_class": 3,
        "metric": "multi_logloss",
        "num_leaves": 31,
        "learning_rate": 0.1,
        "min_child_samples": 5,
        "feature_fraction": 0.9,
        "bagging_fraction": 0.9,
        "bagging_freq": 5,
        "verbose": -1,
        "deterministic": true,
        "seed": 42
      }
    }
  ],
  "note": "Per-coin model for bonk/5m.",
  "directional_call_share": 0.9830508474576272,
  "directional_call_share_n": 177,
  "directional_call_share_source": "holdout",
  "model_kind": "lightgbm",
  "prior_probs": [],
  "has_regression_head": true,
  "regression_head_stats": {
    "n_train_rows": 625,
    "n_holdout_rows": 157,
    "abs_pred_p50_pct": 0.44284712704658585,
    "abs_pred_p95_pct": 0.7154657544840043,
    "abs_pred_max_pct": 1.1052615198291837,
    "mae_pct": 0.3039318309242784,
    "best_iteration": 20
  },
  "gates_alignment": {
    "n": 177,
    "source": "holdout",
    "min_directional_edge": 0.05,
    "min_expected_return_pct": 0.15,
    "aligned_share": 0.2711864406779661,
    "aligned_loud_share": 0.2711864406779661,
    "aligned_quiet_share": 0.0,
    "loud_classifier_quiet_regressor_share": 0.0,
    "quiet_classifier_loud_regressor_share": 0.7288135593220338,
    "dir_edge_p50": 0.04625947538454733,
    "dir_edge_p95": 0.16426512968299722,
    "abs_magnitude_pct_p50": 0.42479120860986475,
    "abs_magnitude_pct_p95": 0.6363216588285703
  }
}