{
  "coin_id": "floki-inu",
  "timeframe": "1m",
  "version": "20260422T075949Z",
  "feature_names": [
    "ret1",
    "ret5",
    "ret10",
    "momentum",
    "realizedVol",
    "rsi14",
    "macdLine",
    "macdSignal",
    "macdHist",
    "atr14",
    "atrPct",
    "ema9",
    "ema21",
    "emaSpreadPct",
    "distFromEma9Pct",
    "distFromEma21Pct",
    "bbUpper",
    "bbMiddle",
    "bbLower",
    "bbWidth",
    "bbPctB",
    "bbWidthPct",
    "news_etf_flow",
    "news_regulatory_risk",
    "news_exchange_outage",
    "news_macro_shock",
    "news_whale_move",
    "news_exploit_or_hack",
    "news_stablecoin_event",
    "news_narrative_rotation",
    "news_listing_or_delisting",
    "news_protocol_upgrade",
    "news_high_volume_breakout",
    "news_unusual_volatility",
    "coin_idx"
  ],
  "coin_vocab": [
    "floki-inu"
  ],
  "n_train_rows": 644,
  "n_test_rows": 535,
  "metrics": {
    "auc": 0.6360142435414542,
    "log_loss": 1.6255788429571818,
    "brier": 0.22267820848023642,
    "directional_accuracy": 0.5869158878504672
  },
  "baseline_metrics": {
    "auc": 0.5278119301225332,
    "log_loss": 0.8471407022937608,
    "brier": 0.1610594493772389,
    "directional_accuracy": 0.6915887850467289
  },
  "threshold_pct": 0.03,
  "horizon_candles": 1,
  "class_return_means_pct": [
    -0.08510291083824291,
    0.00044615551583772827,
    0.11600046059257797
  ],
  "fold_metrics": [
    {
      "fold": 0,
      "n_train": 107,
      "n_test": 107,
      "auc": 0.550121734990156,
      "log_loss": 1.9550547678510386,
      "brier": 0.2796330464869691,
      "directional_accuracy": 0.45794392523364486,
      "baseline_auc": 0.4807195241405768,
      "baseline_log_loss": 0.8908166683479819,
      "baseline_brier": 0.17100519036617454,
      "baseline_directional_accuracy": 0.6728971962616822,
      "best_params": {
        "objective": "multiclass",
        "num_class": 3,
        "metric": "multi_logloss",
        "num_leaves": 63,
        "learning_rate": 0.06807764614983679,
        "min_child_samples": 12,
        "feature_fraction": 0.9,
        "bagging_fraction": 0.9,
        "bagging_freq": 5,
        "verbose": -1,
        "deterministic": true,
        "seed": 42
      }
    },
    {
      "fold": 1,
      "n_train": 214,
      "n_test": 107,
      "auc": 0.6260602271651324,
      "log_loss": 1.4370610263530117,
      "brier": 0.19340169018772188,
      "directional_accuracy": 0.6728971962616822,
      "baseline_auc": 0.5319189846812479,
      "baseline_log_loss": 0.8956382529905735,
      "baseline_brier": 0.17215062313609275,
      "baseline_directional_accuracy": 0.6635514018691588,
      "best_params": {
        "objective": "multiclass",
        "num_class": 3,
        "metric": "multi_logloss",
        "num_leaves": 31,
        "learning_rate": 0.04488170057528786,
        "min_child_samples": 9,
        "feature_fraction": 0.9,
        "bagging_fraction": 0.9,
        "bagging_freq": 5,
        "verbose": -1,
        "deterministic": true,
        "seed": 42
      }
    },
    {
      "fold": 2,
      "n_train": 321,
      "n_test": 107,
      "auc": 0.62909798878291,
      "log_loss": 1.391346973649473,
      "brier": 0.2151836973151754,
      "directional_accuracy": 0.616822429906542,
      "baseline_auc": 0.4909127281820455,
      "baseline_log_loss": 0.663973731838138,
      "baseline_brier": 0.11629691884339881,
      "baseline_directional_accuracy": 0.8037383177570093,
      "best_params": {
        "objective": "multiclass",
        "num_class": 3,
        "metric": "multi_logloss",
        "num_leaves": 63,
        "learning_rate": 0.06807764614983679,
        "min_child_samples": 12,
        "feature_fraction": 0.9,
        "bagging_fraction": 0.9,
        "bagging_freq": 5,
        "verbose": -1,
        "deterministic": true,
        "seed": 42
      }
    },
    {
      "fold": 3,
      "n_train": 428,
      "n_test": 107,
      "auc": 0.6709354349060233,
      "log_loss": 1.9616777356509816,
      "brier": 0.22004388178128212,
      "directional_accuracy": 0.616822429906542,
      "baseline_auc": 0.6197774933069051,
      "baseline_log_loss": 0.8047784317390532,
      "baseline_brier": 0.15449162683971854,
      "baseline_directional_accuracy": 0.6915887850467289,
      "best_params": {
        "objective": "multiclass",
        "num_class": 3,
        "metric": "multi_logloss",
        "num_leaves": 31,
        "learning_rate": 0.09340308327072934,
        "min_child_samples": 9,
        "feature_fraction": 0.9,
        "bagging_fraction": 0.9,
        "bagging_freq": 5,
        "verbose": -1,
        "deterministic": true,
        "seed": 42
      }
    },
    {
      "fold": 4,
      "n_train": 535,
      "n_test": 107,
      "auc": 0.7038558318630491,
      "log_loss": 1.3827537112814052,
      "brier": 0.2051287266300337,
      "directional_accuracy": 0.5700934579439252,
      "baseline_auc": 0.5157309203018906,
      "baseline_log_loss": 0.9804964265530572,
      "baseline_brier": 0.19135288770080985,
      "baseline_directional_accuracy": 0.6261682242990654,
      "best_params": {
        "objective": "multiclass",
        "num_class": 3,
        "metric": "multi_logloss",
        "num_leaves": 31,
        "learning_rate": 0.04488170057528786,
        "min_child_samples": 9,
        "feature_fraction": 0.9,
        "bagging_fraction": 0.9,
        "bagging_freq": 5,
        "verbose": -1,
        "deterministic": true,
        "seed": 42
      }
    }
  ],
  "note": "Per-coin model for floki-inu/1m.",
  "directional_call_share": 0.007751937984496124,
  "directional_call_share_n": 129,
  "directional_call_share_source": "holdout",
  "model_kind": "lightgbm",
  "prior_probs": []
}