{
  "coin_id": "bonk",
  "timeframe": "1m",
  "version": "20260422T073415Z",
  "feature_names": [
    "ret1",
    "ret5",
    "ret10",
    "momentum",
    "realizedVol",
    "rsi14",
    "macdLine",
    "macdSignal",
    "macdHist",
    "atr14",
    "atrPct",
    "ema9",
    "ema21",
    "emaSpreadPct",
    "distFromEma9Pct",
    "distFromEma21Pct",
    "bbUpper",
    "bbMiddle",
    "bbLower",
    "bbWidth",
    "bbPctB",
    "bbWidthPct",
    "news_etf_flow",
    "news_regulatory_risk",
    "news_exchange_outage",
    "news_macro_shock",
    "news_whale_move",
    "news_exploit_or_hack",
    "news_stablecoin_event",
    "news_narrative_rotation",
    "news_listing_or_delisting",
    "news_protocol_upgrade",
    "news_high_volume_breakout",
    "news_unusual_volatility",
    "coin_idx"
  ],
  "coin_vocab": [
    "bonk"
  ],
  "n_train_rows": 621,
  "n_test_rows": 515,
  "metrics": {
    "auc": 0.6101249320392161,
    "log_loss": 2.0512803767190224,
    "brier": 0.2363509337642855,
    "directional_accuracy": 0.574757281553398
  },
  "baseline_metrics": {
    "auc": 0.5603599147390935,
    "log_loss": 0.7804631236904704,
    "brier": 0.14557563917028554,
    "directional_accuracy": 0.7203883495145631
  },
  "threshold_pct": 0.03,
  "horizon_candles": 1,
  "class_return_means_pct": [
    -0.0879452705410745,
    0.0002274632071433086,
    0.13630787751113263
  ],
  "fold_metrics": [
    {
      "fold": 0,
      "n_train": 103,
      "n_test": 103,
      "auc": 0.5827332349262174,
      "log_loss": 2.119748679387426,
      "brier": 0.22675060461981125,
      "directional_accuracy": 0.6116504854368932,
      "baseline_auc": 0.5543498249638601,
      "baseline_log_loss": 0.7703811260044852,
      "baseline_brier": 0.1440846976764424,
      "baseline_directional_accuracy": 0.7378640776699029,
      "best_params": {
        "objective": "multiclass",
        "num_class": 3,
        "metric": "multi_logloss",
        "num_leaves": 15,
        "learning_rate": 0.09230320822645494,
        "min_child_samples": 6,
        "feature_fraction": 0.9,
        "bagging_fraction": 0.9,
        "bagging_freq": 5,
        "verbose": -1,
        "deterministic": true,
        "seed": 42
      }
    },
    {
      "fold": 1,
      "n_train": 206,
      "n_test": 103,
      "auc": 0.5760905027910638,
      "log_loss": 3.5396473562582287,
      "brier": 0.38749185779559236,
      "directional_accuracy": 0.34951456310679613,
      "baseline_auc": 0.49122398237054626,
      "baseline_log_loss": 0.7041744859194212,
      "baseline_brier": 0.12808915371831875,
      "baseline_directional_accuracy": 0.7766990291262136,
      "best_params": {
        "objective": "multiclass",
        "num_class": 3,
        "metric": "multi_logloss",
        "num_leaves": 31,
        "learning_rate": 0.09340308327072934,
        "min_child_samples": 9,
        "feature_fraction": 0.9,
        "bagging_fraction": 0.9,
        "bagging_freq": 5,
        "verbose": -1,
        "deterministic": true,
        "seed": 42
      }
    },
    {
      "fold": 2,
      "n_train": 309,
      "n_test": 103,
      "auc": 0.7470735771087796,
      "log_loss": 1.2440257436465565,
      "brier": 0.12527148664566468,
      "directional_accuracy": 0.7864077669902912,
      "baseline_auc": 0.5890949256928638,
      "baseline_log_loss": 0.6728363991744322,
      "baseline_brier": 0.11755845803533473,
      "baseline_directional_accuracy": 0.7961165048543689,
      "best_params": {
        "objective": "multiclass",
        "num_class": 3,
        "metric": "multi_logloss",
        "num_leaves": 31,
        "learning_rate": 0.09340308327072934,
        "min_child_samples": 9,
        "feature_fraction": 0.9,
        "bagging_fraction": 0.9,
        "bagging_freq": 5,
        "verbose": -1,
        "deterministic": true,
        "seed": 42
      }
    },
    {
      "fold": 3,
      "n_train": 412,
      "n_test": 103,
      "auc": 0.6312205416899394,
      "log_loss": 1.3112569976502493,
      "brier": 0.1986289696590006,
      "directional_accuracy": 0.6019417475728155,
      "baseline_auc": 0.557761887030341,
      "baseline_log_loss": 0.875243730188745,
      "baseline_brier": 0.16792838801273455,
      "baseline_directional_accuracy": 0.6699029126213593,
      "best_params": {
        "objective": "multiclass",
        "num_class": 3,
        "metric": "multi_logloss",
        "num_leaves": 15,
        "learning_rate": 0.060113218328857784,
        "min_child_samples": 16,
        "feature_fraction": 0.9,
        "bagging_fraction": 0.9,
        "bagging_freq": 5,
        "verbose": -1,
        "deterministic": true,
        "seed": 42
      }
    },
    {
      "fold": 4,
      "n_train": 515,
      "n_test": 103,
      "auc": 0.5135068036800802,
      "log_loss": 2.041723106652652,
      "brier": 0.2436117501013588,
      "directional_accuracy": 0.5242718446601942,
      "baseline_auc": 0.6093689536378566,
      "baseline_log_loss": 0.8796798771652685,
      "baseline_brier": 0.17021749840859737,
      "baseline_directional_accuracy": 0.6213592233009708,
      "best_params": {
        "objective": "multiclass",
        "num_class": 3,
        "metric": "multi_logloss",
        "num_leaves": 15,
        "learning_rate": 0.09230320822645494,
        "min_child_samples": 6,
        "feature_fraction": 0.9,
        "bagging_fraction": 0.9,
        "bagging_freq": 5,
        "verbose": -1,
        "deterministic": true,
        "seed": 42
      }
    }
  ],
  "note": "Per-coin model for bonk/1m.",
  "directional_call_share": 0.032,
  "directional_call_share_n": 125,
  "directional_call_share_source": "holdout",
  "model_kind": "lightgbm",
  "prior_probs": []
}