{
  "coin_id": "bonk",
  "timeframe": "1m",
  "version": "20260422T101233Z",
  "feature_names": [
    "ret1",
    "ret5",
    "ret10",
    "momentum",
    "realizedVol",
    "rsi14",
    "macdLine",
    "macdSignal",
    "macdHist",
    "atr14",
    "atrPct",
    "ema9",
    "ema21",
    "emaSpreadPct",
    "distFromEma9Pct",
    "distFromEma21Pct",
    "bbUpper",
    "bbMiddle",
    "bbLower",
    "bbWidth",
    "bbPctB",
    "bbWidthPct",
    "news_etf_flow",
    "news_regulatory_risk",
    "news_exchange_outage",
    "news_macro_shock",
    "news_whale_move",
    "news_exploit_or_hack",
    "news_stablecoin_event",
    "news_narrative_rotation",
    "news_listing_or_delisting",
    "news_protocol_upgrade",
    "news_high_volume_breakout",
    "news_unusual_volatility",
    "coin_idx"
  ],
  "coin_vocab": [
    "bonk"
  ],
  "n_train_rows": 1966,
  "n_test_rows": 1635,
  "metrics": {
    "auc": 0.5441561982300926,
    "log_loss": 1.9177367159893914,
    "brier": 0.26891460618324503,
    "directional_accuracy": 0.4935779816513762
  },
  "baseline_metrics": {
    "auc": 0.5519338444944364,
    "log_loss": 1.008396573292591,
    "brier": 0.1993333365066404,
    "directional_accuracy": 0.5363914373088685
  },
  "threshold_pct": 0.03,
  "horizon_candles": 1,
  "class_return_means_pct": [
    -0.30492260215353106,
    -5.938958693324865e-05,
    0.4035679587548697
  ],
  "fold_metrics": [
    {
      "fold": 0,
      "n_train": 327,
      "n_test": 327,
      "auc": 0.6016232492289785,
      "log_loss": 1.50362320520196,
      "brier": 0.25722150507540315,
      "directional_accuracy": 0.4740061162079511,
      "baseline_auc": 0.5623432442506093,
      "baseline_log_loss": 0.9895236541172107,
      "baseline_brier": 0.19933904632760133,
      "baseline_directional_accuracy": 0.5015290519877675,
      "best_params": {
        "objective": "multiclass",
        "num_class": 3,
        "metric": "multi_logloss",
        "num_leaves": 63,
        "learning_rate": 0.0938393881004349,
        "min_child_samples": 23,
        "feature_fraction": 0.9,
        "bagging_fraction": 0.9,
        "bagging_freq": 5,
        "verbose": -1,
        "deterministic": true,
        "seed": 42
      }
    },
    {
      "fold": 1,
      "n_train": 654,
      "n_test": 327,
      "auc": 0.5630984719564409,
      "log_loss": 2.072372586230125,
      "brier": 0.27251330838301246,
      "directional_accuracy": 0.5107033639143731,
      "baseline_auc": 0.5546489794941522,
      "baseline_log_loss": 0.9598531906393145,
      "baseline_brier": 0.19680267973123222,
      "baseline_directional_accuracy": 0.4801223241590214,
      "best_params": {
        "objective": "multiclass",
        "num_class": 3,
        "metric": "multi_logloss",
        "num_leaves": 63,
        "learning_rate": 0.06807764614983679,
        "min_child_samples": 12,
        "feature_fraction": 0.9,
        "bagging_fraction": 0.9,
        "bagging_freq": 5,
        "verbose": -1,
        "deterministic": true,
        "seed": 42
      }
    },
    {
      "fold": 2,
      "n_train": 981,
      "n_test": 327,
      "auc": 0.41782805941289886,
      "log_loss": 3.364238211427431,
      "brier": 0.4025096668488292,
      "directional_accuracy": 0.2874617737003058,
      "baseline_auc": 0.6141267618051899,
      "baseline_log_loss": 1.3372682055120833,
      "baseline_brier": 0.2659776226318312,
      "baseline_directional_accuracy": 0.2782874617737003,
      "best_params": {
        "objective": "multiclass",
        "num_class": 3,
        "metric": "multi_logloss",
        "num_leaves": 31,
        "learning_rate": 0.04488170057528786,
        "min_child_samples": 9,
        "feature_fraction": 0.9,
        "bagging_fraction": 0.9,
        "bagging_freq": 5,
        "verbose": -1,
        "deterministic": true,
        "seed": 42
      }
    },
    {
      "fold": 3,
      "n_train": 1308,
      "n_test": 327,
      "auc": 0.5588319924621294,
      "log_loss": 0.9600011787763055,
      "brier": 0.18783216174040362,
      "directional_accuracy": 0.6024464831804281,
      "baseline_auc": 0.46807747471908295,
      "baseline_log_loss": 0.8559856248872386,
      "baseline_brier": 0.16379769196903501,
      "baseline_directional_accuracy": 0.7675840978593272,
      "best_params": {
        "objective": "multiclass",
        "num_class": 3,
        "metric": "multi_logloss",
        "num_leaves": 15,
        "learning_rate": 0.060113218328857784,
        "min_child_samples": 16,
        "feature_fraction": 0.9,
        "bagging_fraction": 0.9,
        "bagging_freq": 5,
        "verbose": -1,
        "deterministic": true,
        "seed": 42
      }
    },
    {
      "fold": 4,
      "n_train": 1635,
      "n_test": 327,
      "auc": 0.5793992180900155,
      "log_loss": 1.6884483983111358,
      "brier": 0.22449638886857662,
      "directional_accuracy": 0.5932721712538226,
      "baseline_auc": 0.5604727622031481,
      "baseline_log_loss": 0.8993521913071086,
      "baseline_brier": 0.17074964187350217,
      "baseline_directional_accuracy": 0.654434250764526,
      "best_params": {
        "objective": "multiclass",
        "num_class": 3,
        "metric": "multi_logloss",
        "num_leaves": 63,
        "learning_rate": 0.0938393881004349,
        "min_child_samples": 23,
        "feature_fraction": 0.9,
        "bagging_fraction": 0.9,
        "bagging_freq": 5,
        "verbose": -1,
        "deterministic": true,
        "seed": 42
      }
    }
  ],
  "note": "Per-coin model for bonk/1m.",
  "directional_call_share": 0.03553299492385787,
  "directional_call_share_n": 394,
  "directional_call_share_source": "holdout",
  "model_kind": "lightgbm",
  "prior_probs": [],
  "has_regression_head": true,
  "regression_head_stats": {
    "n_train_rows": 990,
    "n_holdout_rows": 248,
    "abs_pred_p50_pct": 0.3607310402636412,
    "abs_pred_p95_pct": 0.43277036192221285,
    "abs_pred_max_pct": 0.6028706629650521,
    "mae_pct": 0.2995515566946668,
    "best_iteration": 8
  },
  "gates_alignment": {
    "n": 394,
    "source": "holdout",
    "min_directional_edge": 0.05,
    "min_expected_return_pct": 0.15,
    "aligned_share": 0.5685279187817259,
    "aligned_loud_share": 0.5685279187817259,
    "aligned_quiet_share": 0.0,
    "loud_classifier_quiet_regressor_share": 0.0,
    "quiet_classifier_loud_regressor_share": 0.43147208121827413,
    "dir_edge_p50": 0.052321248936599715,
    "dir_edge_p95": 0.15187838620292335,
    "abs_magnitude_pct_p50": 0.3607310402636412,
    "abs_magnitude_pct_p95": 0.4320562242700921
  }
}