{
  "coin_id": "floki-inu",
  "timeframe": "1m",
  "version": "20260422T101338Z",
  "feature_names": [
    "ret1",
    "ret5",
    "ret10",
    "momentum",
    "realizedVol",
    "rsi14",
    "macdLine",
    "macdSignal",
    "macdHist",
    "atr14",
    "atrPct",
    "ema9",
    "ema21",
    "emaSpreadPct",
    "distFromEma9Pct",
    "distFromEma21Pct",
    "bbUpper",
    "bbMiddle",
    "bbLower",
    "bbWidth",
    "bbPctB",
    "bbWidthPct",
    "news_etf_flow",
    "news_regulatory_risk",
    "news_exchange_outage",
    "news_macro_shock",
    "news_whale_move",
    "news_exploit_or_hack",
    "news_stablecoin_event",
    "news_narrative_rotation",
    "news_listing_or_delisting",
    "news_protocol_upgrade",
    "news_high_volume_breakout",
    "news_unusual_volatility",
    "coin_idx"
  ],
  "coin_vocab": [
    "floki-inu"
  ],
  "n_train_rows": 1485,
  "n_test_rows": 1235,
  "metrics": {
    "auc": 0.5610378521357997,
    "log_loss": 2.7788488168508048,
    "brier": 0.3204090902630076,
    "directional_accuracy": 0.4429149797570851
  },
  "baseline_metrics": {
    "auc": 0.5214900205042448,
    "log_loss": 1.0437198875480231,
    "brier": 0.18592354785432058,
    "directional_accuracy": 0.5838056680161944
  },
  "threshold_pct": 0.03,
  "horizon_candles": 1,
  "class_return_means_pct": [
    -0.41789942957862064,
    0.00030856836542570673,
    0.4660816532103059
  ],
  "fold_metrics": [
    {
      "fold": 0,
      "n_train": 247,
      "n_test": 247,
      "auc": 0.6226139680214876,
      "log_loss": 1.7313479476896823,
      "brier": 0.2491449578555839,
      "directional_accuracy": 0.5303643724696356,
      "baseline_auc": 0.5728285850864824,
      "baseline_log_loss": 0.8183389717831272,
      "baseline_brier": 0.17640791725038862,
      "baseline_directional_accuracy": 0.5506072874493927,
      "best_params": {
        "objective": "multiclass",
        "num_class": 3,
        "metric": "multi_logloss",
        "num_leaves": 31,
        "learning_rate": 0.1,
        "min_child_samples": 5,
        "feature_fraction": 0.9,
        "bagging_fraction": 0.9,
        "bagging_freq": 5,
        "verbose": -1,
        "deterministic": true,
        "seed": 42
      }
    },
    {
      "fold": 1,
      "n_train": 494,
      "n_test": 247,
      "auc": 0.4158167221378904,
      "log_loss": 4.641203856366855,
      "brier": 0.3745499639801059,
      "directional_accuracy": 0.38461538461538464,
      "baseline_auc": 0.3984603941383001,
      "baseline_log_loss": 1.7640144961187874,
      "baseline_brier": 0.2555896833621991,
      "baseline_directional_accuracy": 0.3765182186234818,
      "best_params": {
        "objective": "multiclass",
        "num_class": 3,
        "metric": "multi_logloss",
        "num_leaves": 31,
        "learning_rate": 0.1,
        "min_child_samples": 5,
        "feature_fraction": 0.9,
        "bagging_fraction": 0.9,
        "bagging_freq": 5,
        "verbose": -1,
        "deterministic": true,
        "seed": 42
      }
    },
    {
      "fold": 2,
      "n_train": 741,
      "n_test": 247,
      "auc": 0.4788012432432309,
      "log_loss": 3.4610557453807367,
      "brier": 0.39537832922921307,
      "directional_accuracy": 0.3319838056680162,
      "baseline_auc": 0.5359523350044922,
      "baseline_log_loss": 0.9266375954547932,
      "baseline_brier": 0.18158681316676262,
      "baseline_directional_accuracy": 0.5991902834008097,
      "best_params": {
        "objective": "multiclass",
        "num_class": 3,
        "metric": "multi_logloss",
        "num_leaves": 31,
        "learning_rate": 0.1,
        "min_child_samples": 5,
        "feature_fraction": 0.9,
        "bagging_fraction": 0.9,
        "bagging_freq": 5,
        "verbose": -1,
        "deterministic": true,
        "seed": 42
      }
    },
    {
      "fold": 3,
      "n_train": 988,
      "n_test": 247,
      "auc": 0.6789865762838098,
      "log_loss": 1.5307524939049513,
      "brier": 0.21239130065160797,
      "directional_accuracy": 0.6356275303643725,
      "baseline_auc": 0.5246694383507683,
      "baseline_log_loss": 0.8084050794317974,
      "baseline_brier": 0.15207962674966888,
      "baseline_directional_accuracy": 0.728744939271255,
      "best_params": {
        "objective": "multiclass",
        "num_class": 3,
        "metric": "multi_logloss",
        "num_leaves": 31,
        "learning_rate": 0.1,
        "min_child_samples": 5,
        "feature_fraction": 0.9,
        "bagging_fraction": 0.9,
        "bagging_freq": 5,
        "verbose": -1,
        "deterministic": true,
        "seed": 42
      }
    },
    {
      "fold": 4,
      "n_train": 1235,
      "n_test": 247,
      "auc": 0.6089707509925795,
      "log_loss": 2.5298840409118015,
      "brier": 0.3705808995985271,
      "directional_accuracy": 0.3319838056680162,
      "baseline_auc": 0.575539349941181,
      "baseline_log_loss": 0.9012032949516106,
      "baseline_brier": 0.1639536987425837,
      "baseline_directional_accuracy": 0.6639676113360324,
      "best_params": {
        "objective": "multiclass",
        "num_class": 3,
        "metric": "multi_logloss",
        "num_leaves": 31,
        "learning_rate": 0.1,
        "min_child_samples": 5,
        "feature_fraction": 0.9,
        "bagging_fraction": 0.9,
        "bagging_freq": 5,
        "verbose": -1,
        "deterministic": true,
        "seed": 42
      }
    }
  ],
  "note": "Per-coin model for floki-inu/1m.",
  "directional_call_share": 0.037037037037037035,
  "directional_call_share_n": 297,
  "directional_call_share_source": "holdout",
  "model_kind": "lightgbm",
  "prior_probs": [],
  "has_regression_head": true,
  "regression_head_stats": {
    "n_train_rows": 712,
    "n_holdout_rows": 178,
    "abs_pred_p50_pct": 0.143577963825636,
    "abs_pred_p95_pct": 0.34618251751024887,
    "abs_pred_max_pct": 1.1948757699453774,
    "mae_pct": 0.13998397424215459,
    "best_iteration": 43
  },
  "gates_alignment": {
    "n": 297,
    "source": "holdout",
    "min_directional_edge": 0.05,
    "min_expected_return_pct": 0.15,
    "aligned_share": 0.5824915824915825,
    "aligned_loud_share": 0.21885521885521886,
    "aligned_quiet_share": 0.36363636363636365,
    "loud_classifier_quiet_regressor_share": 0.3164983164983165,
    "quiet_classifier_loud_regressor_share": 0.10101010101010101,
    "dir_edge_p50": 0.05071140369505203,
    "dir_edge_p95": 0.21656050955414013,
    "abs_magnitude_pct_p50": 0.143577963825636,
    "abs_magnitude_pct_p95": 0.31605989516046745
  }
}