{
  "coin_id": "bonk",
  "timeframe": "1m",
  "version": "20260422T184431Z",
  "feature_names": [
    "ret1",
    "ret5",
    "ret10",
    "momentum",
    "realizedVol",
    "rsi14",
    "macdLine",
    "macdSignal",
    "macdHist",
    "atr14",
    "atrPct",
    "ema9",
    "ema21",
    "emaSpreadPct",
    "distFromEma9Pct",
    "distFromEma21Pct",
    "bbUpper",
    "bbMiddle",
    "bbLower",
    "bbWidth",
    "bbPctB",
    "bbWidthPct",
    "news_etf_flow",
    "news_regulatory_risk",
    "news_exchange_outage",
    "news_macro_shock",
    "news_whale_move",
    "news_exploit_or_hack",
    "news_stablecoin_event",
    "news_narrative_rotation",
    "news_listing_or_delisting",
    "news_protocol_upgrade",
    "news_high_volume_breakout",
    "news_unusual_volatility",
    "coin_idx"
  ],
  "coin_vocab": [
    "bonk"
  ],
  "n_train_rows": 2369,
  "n_test_rows": 1975,
  "metrics": {
    "auc": 0.5370977025937005,
    "log_loss": 3.165816370211739,
    "brier": 0.3074746645450105,
    "directional_accuracy": 0.46430379746835443
  },
  "baseline_metrics": {
    "auc": 0.5553630739916329,
    "log_loss": 0.9977600280037736,
    "brier": 0.19862034620194877,
    "directional_accuracy": 0.520506329113924
  },
  "threshold_pct": 0.03,
  "horizon_candles": 1,
  "class_return_means_pct": [
    -0.2886219564340596,
    -2.419042139143058e-05,
    0.3557969729650276
  ],
  "fold_metrics": [
    {
      "fold": 0,
      "n_train": 394,
      "n_test": 395,
      "auc": 0.5621952390673041,
      "log_loss": 3.4604893862628976,
      "brier": 0.3209397076444393,
      "directional_accuracy": 0.4506329113924051,
      "baseline_auc": 0.5589854924165779,
      "baseline_log_loss": 1.0361428546142184,
      "baseline_brier": 0.20768624895201945,
      "baseline_directional_accuracy": 0.46582278481012657,
      "best_params": {
        "objective": "multiclass",
        "num_class": 3,
        "metric": "multi_logloss",
        "num_leaves": 15,
        "learning_rate": 0.10986688873050877,
        "min_child_samples": 16,
        "feature_fraction": 0.9,
        "bagging_fraction": 0.9,
        "bagging_freq": 5,
        "verbose": -1,
        "deterministic": true,
        "seed": 42
      }
    },
    {
      "fold": 1,
      "n_train": 789,
      "n_test": 395,
      "auc": 0.4347037165324934,
      "log_loss": 5.513300785591976,
      "brier": 0.3858329624674938,
      "directional_accuracy": 0.3949367088607595,
      "baseline_auc": 0.5972294647767765,
      "baseline_log_loss": 1.0730226819457587,
      "baseline_brier": 0.2200273670816185,
      "baseline_directional_accuracy": 0.389873417721519,
      "best_params": {
        "objective": "multiclass",
        "num_class": 3,
        "metric": "multi_logloss",
        "num_leaves": 63,
        "learning_rate": 0.11943263408232668,
        "min_child_samples": 28,
        "feature_fraction": 0.9,
        "bagging_fraction": 0.9,
        "bagging_freq": 5,
        "verbose": -1,
        "deterministic": true,
        "seed": 42
      }
    },
    {
      "fold": 2,
      "n_train": 1184,
      "n_test": 395,
      "auc": 0.5365008259336542,
      "log_loss": 2.456130861076289,
      "brier": 0.2946288547474835,
      "directional_accuracy": 0.4759493670886076,
      "baseline_auc": 0.5330875940348466,
      "baseline_log_loss": 1.022958063171421,
      "baseline_brier": 0.20601955990484397,
      "baseline_directional_accuracy": 0.4911392405063291,
      "best_params": {
        "objective": "multiclass",
        "num_class": 3,
        "metric": "multi_logloss",
        "num_leaves": 31,
        "learning_rate": 0.16839076979463405,
        "min_child_samples": 11,
        "feature_fraction": 0.9,
        "bagging_fraction": 0.9,
        "bagging_freq": 5,
        "verbose": -1,
        "deterministic": true,
        "seed": 42
      }
    },
    {
      "fold": 3,
      "n_train": 1579,
      "n_test": 395,
      "auc": 0.5797038524338346,
      "log_loss": 2.2180815223545687,
      "brier": 0.23751335848165087,
      "directional_accuracy": 0.589873417721519,
      "baseline_auc": 0.5654960333567687,
      "baseline_log_loss": 0.88812030782991,
      "baseline_brier": 0.16857527799186225,
      "baseline_directional_accuracy": 0.6582278481012658,
      "best_params": {
        "objective": "multiclass",
        "num_class": 3,
        "metric": "multi_logloss",
        "num_leaves": 63,
        "learning_rate": 0.0472541629840344,
        "min_child_samples": 27,
        "feature_fraction": 0.9,
        "bagging_fraction": 0.9,
        "bagging_freq": 5,
        "verbose": -1,
        "deterministic": true,
        "seed": 42
      }
    },
    {
      "fold": 4,
      "n_train": 1974,
      "n_test": 395,
      "auc": 0.5723848790012158,
      "log_loss": 2.181079295772964,
      "brier": 0.2984584393839849,
      "directional_accuracy": 0.41012658227848103,
      "baseline_auc": 0.5220167853731946,
      "baseline_log_loss": 0.96855623245756,
      "baseline_brier": 0.19079327707939978,
      "baseline_directional_accuracy": 0.5974683544303797,
      "best_params": {
        "objective": "multiclass",
        "num_class": 3,
        "metric": "multi_logloss",
        "num_leaves": 15,
        "learning_rate": 0.10807875899154806,
        "min_child_samples": 11,
        "feature_fraction": 0.9,
        "bagging_fraction": 0.9,
        "bagging_freq": 5,
        "verbose": -1,
        "deterministic": true,
        "seed": 42
      }
    }
  ],
  "note": "Per-coin model for bonk/1m.",
  "directional_call_share": 0.03375527426160337,
  "directional_call_share_n": 474,
  "directional_call_share_source": "holdout",
  "model_kind": "lightgbm",
  "prior_probs": [],
  "has_regression_head": true,
  "regression_head_stats": {
    "n_train_rows": 1112,
    "n_holdout_rows": 279,
    "abs_pred_p50_pct": 0.16711500773645763,
    "abs_pred_p95_pct": 0.4024134789473164,
    "abs_pred_max_pct": 1.3316805260705806,
    "mae_pct": 0.1264545617000818,
    "best_iteration": 27
  },
  "gates_alignment": {
    "n": 474,
    "source": "holdout",
    "min_directional_edge": 0.05,
    "min_expected_return_pct": 0.15,
    "aligned_share": 0.3438818565400844,
    "aligned_loud_share": 0.3438818565400844,
    "aligned_quiet_share": 0.0,
    "loud_classifier_quiet_regressor_share": 0.0,
    "quiet_classifier_loud_regressor_share": 0.6561181434599156,
    "dir_edge_p50": 0.04106886384471348,
    "dir_edge_p95": 0.22263534946075672,
    "abs_magnitude_pct_p50": 0.16711500773645763,
    "abs_magnitude_pct_p95": 0.19898879472018427
  },
  "specialist_kind": null,
  "regime_subset": [],
  "feature_schema_hash": "726b9f4d8d8b",
  "training_window": {
    "start": "2026-03-24T12:00:00+00:00",
    "end": "2026-04-22T18:38:00+00:00"
  }
}