{
  "coin_id": "sei-network",
  "timeframe": "1m",
  "version": "20260422T100442Z",
  "feature_names": [
    "ret1",
    "ret5",
    "ret10",
    "momentum",
    "realizedVol",
    "rsi14",
    "macdLine",
    "macdSignal",
    "macdHist",
    "atr14",
    "atrPct",
    "ema9",
    "ema21",
    "emaSpreadPct",
    "distFromEma9Pct",
    "distFromEma21Pct",
    "bbUpper",
    "bbMiddle",
    "bbLower",
    "bbWidth",
    "bbPctB",
    "bbWidthPct",
    "news_etf_flow",
    "news_regulatory_risk",
    "news_exchange_outage",
    "news_macro_shock",
    "news_whale_move",
    "news_exploit_or_hack",
    "news_stablecoin_event",
    "news_narrative_rotation",
    "news_listing_or_delisting",
    "news_protocol_upgrade",
    "news_high_volume_breakout",
    "news_unusual_volatility",
    "coin_idx"
  ],
  "coin_vocab": [
    "sei-network"
  ],
  "n_train_rows": 1475,
  "n_test_rows": 1230,
  "metrics": {
    "auc": 0.5410031021172327,
    "log_loss": 2.793999076877978,
    "brier": 0.31572134139455327,
    "directional_accuracy": 0.4439024390243903
  },
  "baseline_metrics": {
    "auc": 0.5530312655481147,
    "log_loss": 0.9685959435220584,
    "brier": 0.18407604018011364,
    "directional_accuracy": 0.5943089430894309
  },
  "threshold_pct": 0.03,
  "horizon_candles": 1,
  "class_return_means_pct": [
    -0.3926830746041073,
    0.0011205178776524727,
    0.4312962626866542
  ],
  "fold_metrics": [
    {
      "fold": 0,
      "n_train": 245,
      "n_test": 246,
      "auc": 0.5018632499209331,
      "log_loss": 2.273582765615566,
      "brier": 0.2829939253898736,
      "directional_accuracy": 0.5121951219512195,
      "baseline_auc": 0.5198681928389371,
      "baseline_log_loss": 0.8892843539868134,
      "baseline_brier": 0.18888782691051084,
      "baseline_directional_accuracy": 0.508130081300813,
      "best_params": {
        "objective": "multiclass",
        "num_class": 3,
        "metric": "multi_logloss",
        "num_leaves": 31,
        "learning_rate": 0.1,
        "min_child_samples": 5,
        "feature_fraction": 0.9,
        "bagging_fraction": 0.9,
        "bagging_freq": 5,
        "verbose": -1,
        "deterministic": true,
        "seed": 42
      }
    },
    {
      "fold": 1,
      "n_train": 491,
      "n_test": 246,
      "auc": 0.4993015852153464,
      "log_loss": 4.693605795926265,
      "brier": 0.39325000900198237,
      "directional_accuracy": 0.35365853658536583,
      "baseline_auc": 0.5947389425680992,
      "baseline_log_loss": 1.355097768937921,
      "baseline_brier": 0.24755234281408464,
      "baseline_directional_accuracy": 0.37398373983739835,
      "best_params": {
        "objective": "multiclass",
        "num_class": 3,
        "metric": "multi_logloss",
        "num_leaves": 31,
        "learning_rate": 0.1,
        "min_child_samples": 5,
        "feature_fraction": 0.9,
        "bagging_fraction": 0.9,
        "bagging_freq": 5,
        "verbose": -1,
        "deterministic": true,
        "seed": 42
      }
    },
    {
      "fold": 2,
      "n_train": 737,
      "n_test": 246,
      "auc": 0.5901147653027567,
      "log_loss": 3.26567231959727,
      "brier": 0.4111412429672181,
      "directional_accuracy": 0.2886178861788618,
      "baseline_auc": 0.4967268741481637,
      "baseline_log_loss": 0.7533399305035248,
      "baseline_brier": 0.13968180241260805,
      "baseline_directional_accuracy": 0.7886178861788617,
      "best_params": {
        "objective": "multiclass",
        "num_class": 3,
        "metric": "multi_logloss",
        "num_leaves": 31,
        "learning_rate": 0.1,
        "min_child_samples": 5,
        "feature_fraction": 0.9,
        "bagging_fraction": 0.9,
        "bagging_freq": 5,
        "verbose": -1,
        "deterministic": true,
        "seed": 42
      }
    },
    {
      "fold": 3,
      "n_train": 983,
      "n_test": 246,
      "auc": 0.5355823940523394,
      "log_loss": 1.6845027204479115,
      "brier": 0.1955197456740552,
      "directional_accuracy": 0.6504065040650406,
      "baseline_auc": 0.5673200696928048,
      "baseline_log_loss": 0.7392389913100776,
      "baseline_brier": 0.1372789607003283,
      "baseline_directional_accuracy": 0.7439024390243902,
      "best_params": {
        "objective": "multiclass",
        "num_class": 3,
        "metric": "multi_logloss",
        "num_leaves": 31,
        "learning_rate": 0.1,
        "min_child_samples": 5,
        "feature_fraction": 0.9,
        "bagging_fraction": 0.9,
        "bagging_freq": 5,
        "verbose": -1,
        "deterministic": true,
        "seed": 42
      }
    },
    {
      "fold": 4,
      "n_train": 1229,
      "n_test": 246,
      "auc": 0.578153516094788,
      "log_loss": 2.052631782802879,
      "brier": 0.29570178393963703,
      "directional_accuracy": 0.4146341463414634,
      "baseline_auc": 0.5865022484925686,
      "baseline_log_loss": 1.1060186728719552,
      "baseline_brier": 0.20697926806303635,
      "baseline_directional_accuracy": 0.556910569105691,
      "best_params": {
        "objective": "multiclass",
        "num_class": 3,
        "metric": "multi_logloss",
        "num_leaves": 31,
        "learning_rate": 0.1,
        "min_child_samples": 5,
        "feature_fraction": 0.9,
        "bagging_fraction": 0.9,
        "bagging_freq": 5,
        "verbose": -1,
        "deterministic": true,
        "seed": 42
      }
    }
  ],
  "note": "Per-coin model for sei-network/1m.",
  "directional_call_share": 0.0847457627118644,
  "directional_call_share_n": 295,
  "directional_call_share_source": "holdout",
  "model_kind": "lightgbm",
  "prior_probs": [],
  "has_regression_head": true,
  "regression_head_stats": {
    "n_train_rows": 692,
    "n_holdout_rows": 173,
    "abs_pred_p50_pct": 0.14479676299759012,
    "abs_pred_p95_pct": 0.7280655726213956,
    "abs_pred_max_pct": 1.097271066701084,
    "mae_pct": 0.20105251236512595,
    "best_iteration": 36
  },
  "gates_alignment": {
    "n": 295,
    "source": "holdout",
    "min_directional_edge": 0.05,
    "min_expected_return_pct": 0.15,
    "aligned_share": 0.5152542372881356,
    "aligned_loud_share": 0.4542372881355932,
    "aligned_quiet_share": 0.061016949152542375,
    "loud_classifier_quiet_regressor_share": 0.4,
    "quiet_classifier_loud_regressor_share": 0.0847457627118644,
    "dir_edge_p50": 0.06618901398839983,
    "dir_edge_p95": 0.2585170340681363,
    "abs_magnitude_pct_p50": 0.1529487889033605,
    "abs_magnitude_pct_p95": 0.8501120727300688
  }
}