{
  "coin_id": "worldcoin-wld",
  "timeframe": "1h",
  "version": "20260428T143700Z",
  "feature_names": [
    "ret1",
    "ret5",
    "ret10",
    "momentum",
    "realizedVol",
    "rsi14",
    "macdLine",
    "macdSignal",
    "macdHist",
    "atr14",
    "atrPct",
    "ema9",
    "ema21",
    "emaSpreadPct",
    "distFromEma9Pct",
    "distFromEma21Pct",
    "bbUpper",
    "bbMiddle",
    "bbLower",
    "bbWidth",
    "bbPctB",
    "bbWidthPct",
    "funding_rate",
    "open_interest_z",
    "liquidations_1h_usd",
    "bid_ask_spread_bps",
    "btc_lead_ret_5m",
    "eth_lead_ret_5m",
    "btc_liquidations_1h_usd",
    "eth_liquidations_1h_usd",
    "sol_liquidations_1h_usd",
    "session_asia",
    "session_eu",
    "session_us",
    "hour_of_day_sin",
    "hour_of_day_cos",
    "coin_idx"
  ],
  "coin_vocab": [
    "worldcoin-wld"
  ],
  "n_train_rows": 8599,
  "n_test_rows": 7165,
  "metrics": {
    "auc": 0.5044125731069701,
    "log_loss": 2.5647321360660467,
    "brier": 0.3366168740163443,
    "directional_accuracy": 0.36203768318213536
  },
  "baseline_metrics": {
    "auc": 0.549426369499119,
    "log_loss": 1.0755108790758015,
    "brier": 0.21763141973684852,
    "directional_accuracy": 0.4004187020237264
  },
  "threshold_pct": 0.4275,
  "horizon_candles": 4,
  "class_return_means_pct": [
    -1.874638285799243,
    -0.007901560782259258,
    2.0237413815017575
  ],
  "fold_metrics": [
    {
      "fold": 0,
      "n_train": 1433,
      "n_test": 1433,
      "auc": 0.48119979908771676,
      "log_loss": 3.4452741862711678,
      "brier": 0.373529543675029,
      "directional_accuracy": 0.34612700628053034,
      "baseline_auc": 0.5508379519894085,
      "baseline_log_loss": 1.0706997376967902,
      "baseline_brier": 0.21660591716280267,
      "baseline_directional_accuracy": 0.41660851360781576,
      "best_params": {
        "objective": "multiclass",
        "num_class": 3,
        "metric": "multi_logloss",
        "num_leaves": 63,
        "learning_rate": 0.04750351544417628,
        "min_child_samples": 11,
        "feature_fraction": 0.9,
        "bagging_fraction": 0.9,
        "bagging_freq": 5,
        "verbose": -1,
        "deterministic": true,
        "seed": 42
      },
      "feature_importance": [
        1825.909822766942,
        1588.0723025095258,
        1651.655500626755,
        1413.8228740065024,
        2145.3374063456667,
        1361.8772569672544,
        1353.016404598368,
        1577.8256755562752,
        1903.3768345578414,
        1517.992516975322,
        1689.0715585930639,
        1131.4652709484292,
        748.947175528498,
        1246.6501666572856,
        1302.8674017944631,
        1437.599301624282,
        1056.819312042598,
        610.1676581532888,
        1220.7785827842129,
        1575.9739264106477,
        1388.4167202296198,
        1479.6981568790748,
        0.0,
        0.0,
        0.0,
        0.0,
        0.0,
        0.0,
        0.0,
        0.0,
        0.0,
        74.37795383227967,
        81.13860938744256,
        92.10505337188079,
        1228.8539217743237,
        1065.281473342885,
        0.0
      ],
      "feature_names": [
        "ret1",
        "ret5",
        "ret10",
        "momentum",
        "realizedVol",
        "rsi14",
        "macdLine",
        "macdSignal",
        "macdHist",
        "atr14",
        "atrPct",
        "ema9",
        "ema21",
        "emaSpreadPct",
        "distFromEma9Pct",
        "distFromEma21Pct",
        "bbUpper",
        "bbMiddle",
        "bbLower",
        "bbWidth",
        "bbPctB",
        "bbWidthPct",
        "funding_rate",
        "open_interest_z",
        "liquidations_1h_usd",
        "bid_ask_spread_bps",
        "btc_lead_ret_5m",
        "eth_lead_ret_5m",
        "btc_liquidations_1h_usd",
        "eth_liquidations_1h_usd",
        "sol_liquidations_1h_usd",
        "session_asia",
        "session_eu",
        "session_us",
        "hour_of_day_sin",
        "hour_of_day_cos",
        "coin_idx"
      ]
    },
    {
      "fold": 1,
      "n_train": 2866,
      "n_test": 1433,
      "auc": 0.5486276774108848,
      "log_loss": 2.3517578156473697,
      "brier": 0.3088180166347987,
      "directional_accuracy": 0.4368457780879274,
      "baseline_auc": 0.5571420404964894,
      "baseline_log_loss": 1.067160259222178,
      "baseline_brier": 0.21584326271015522,
      "baseline_directional_accuracy": 0.42847173761339846,
      "best_params": {
        "objective": "multiclass",
        "num_class": 3,
        "metric": "multi_logloss",
        "num_leaves": 63,
        "learning_rate": 0.047752397716077144,
        "min_child_samples": 5,
        "feature_fraction": 0.9,
        "bagging_fraction": 0.9,
        "bagging_freq": 5,
        "verbose": -1,
        "deterministic": true,
        "seed": 42
      },
      "feature_importance": [
        3533.8909672102454,
        2691.7929503145933,
        2942.5607344485034,
        3058.0542738828226,
        4158.181476016936,
        2517.5168940246294,
        2872.439106197795,
        3122.201226211735,
        3689.9573725898954,
        3160.6102989124192,
        3401.1728346151067,
        2592.7331301960803,
        1715.0059230385814,
        2639.402960239415,
        2590.538412947397,
        2104.161613626784,
        2693.9883400885738,
        1432.5500049089314,
        2449.7356306488073,
        3226.2710946021107,
        2775.5834108436247,
        2941.363048455387,
        0.0,
        0.0,
        0.0,
        0.0,
        0.0,
        0.0,
        0.0,
        0.0,
        0.0,
        186.2998814888706,
        110.49324551288737,
        140.57383196093724,
        2232.854736706555,
        2270.9492992595624,
        0.0
      ],
      "feature_names": [
        "ret1",
        "ret5",
        "ret10",
        "momentum",
        "realizedVol",
        "rsi14",
        "macdLine",
        "macdSignal",
        "macdHist",
        "atr14",
        "atrPct",
        "ema9",
        "ema21",
        "emaSpreadPct",
        "distFromEma9Pct",
        "distFromEma21Pct",
        "bbUpper",
        "bbMiddle",
        "bbLower",
        "bbWidth",
        "bbPctB",
        "bbWidthPct",
        "funding_rate",
        "open_interest_z",
        "liquidations_1h_usd",
        "bid_ask_spread_bps",
        "btc_lead_ret_5m",
        "eth_lead_ret_5m",
        "btc_liquidations_1h_usd",
        "eth_liquidations_1h_usd",
        "sol_liquidations_1h_usd",
        "session_asia",
        "session_eu",
        "session_us",
        "hour_of_day_sin",
        "hour_of_day_cos",
        "coin_idx"
      ]
    },
    {
      "fold": 2,
      "n_train": 4299,
      "n_test": 1433,
      "auc": 0.48662972044265335,
      "log_loss": 1.9328247244944794,
      "brier": 0.3317562149550748,
      "directional_accuracy": 0.35031402651779486,
      "baseline_auc": 0.5573925871537725,
      "baseline_log_loss": 1.080652204097519,
      "baseline_brier": 0.21900386807204864,
      "baseline_directional_accuracy": 0.3845080251221214,
      "best_params": {
        "objective": "multiclass",
        "num_class": 3,
        "metric": "multi_logloss",
        "num_leaves": 31,
        "learning_rate": 0.03013738365708603,
        "min_child_samples": 7,
        "feature_fraction": 0.9,
        "bagging_fraction": 0.9,
        "bagging_freq": 5,
        "verbose": -1,
        "deterministic": true,
        "seed": 42
      },