{
  "coin_id": "bonk",
  "timeframe": "2h",
  "version": "20260422T144955Z",
  "feature_names": [
    "ret1",
    "ret5",
    "ret10",
    "momentum",
    "realizedVol",
    "rsi14",
    "macdLine",
    "macdSignal",
    "macdHist",
    "atr14",
    "atrPct",
    "ema9",
    "ema21",
    "emaSpreadPct",
    "distFromEma9Pct",
    "distFromEma21Pct",
    "bbUpper",
    "bbMiddle",
    "bbLower",
    "bbWidth",
    "bbPctB",
    "bbWidthPct",
    "news_etf_flow",
    "news_regulatory_risk",
    "news_exchange_outage",
    "news_macro_shock",
    "news_whale_move",
    "news_exploit_or_hack",
    "news_stablecoin_event",
    "news_narrative_rotation",
    "news_listing_or_delisting",
    "news_protocol_upgrade",
    "news_high_volume_breakout",
    "news_unusual_volatility",
    "coin_idx"
  ],
  "coin_vocab": [
    "bonk"
  ],
  "n_train_rows": 326,
  "n_test_rows": 270,
  "metrics": {
    "auc": 0.4984000976844616,
    "log_loss": 3.3269522148471085,
    "brier": 0.3715198371481549,
    "directional_accuracy": 0.3555555555555555
  },
  "baseline_metrics": {
    "auc": 0.5673358193746215,
    "log_loss": 1.1075487892631626,
    "brier": 0.2232281872330633,
    "directional_accuracy": 0.38888888888888895
  },
  "threshold_pct": 0.28,
  "horizon_candles": 1,
  "class_return_means_pct": [
    -0.9040968783064093,
    0.007390771352067709,
    1.0844606509324357
  ],
  "fold_metrics": [
    {
      "fold": 0,
      "n_train": 54,
      "n_test": 54,
      "auc": 0.46645733652312593,
      "log_loss": 4.2450993733199605,
      "brier": 0.4029296296259554,
      "directional_accuracy": 0.2777777777777778,
      "baseline_auc": 0.5416417464114832,
      "baseline_log_loss": 1.1421179674825899,
      "baseline_brier": 0.22916517608686474,
      "baseline_directional_accuracy": 0.3888888888888889,
      "best_params": {
        "objective": "multiclass",
        "num_class": 3,
        "metric": "multi_logloss",
        "num_leaves": 31,
        "learning_rate": 0.1,
        "min_child_samples": 5,
        "feature_fraction": 0.9,
        "bagging_fraction": 0.9,
        "bagging_freq": 5,
        "verbose": -1,
        "deterministic": true,
        "seed": 42
      }
    },
    {
      "fold": 1,
      "n_train": 108,
      "n_test": 54,
      "auc": 0.516488603988604,
      "log_loss": 3.2621020279724657,
      "brier": 0.3352581935672984,
      "directional_accuracy": 0.42592592592592593,
      "baseline_auc": 0.5114672364672365,
      "baseline_log_loss": 1.0982034444650226,
      "baseline_brier": 0.2221646565806108,
      "baseline_directional_accuracy": 0.37037037037037035,
      "best_params": {
        "objective": "multiclass",
        "num_class": 3,
        "metric": "multi_logloss",
        "num_leaves": 31,
        "learning_rate": 0.1,
        "min_child_samples": 5,
        "feature_fraction": 0.9,
        "bagging_fraction": 0.9,
        "bagging_freq": 5,
        "verbose": -1,
        "deterministic": true,
        "seed": 42
      }
    },
    {
      "fold": 2,
      "n_train": 162,
      "n_test": 54,
      "auc": 0.4907111528822055,
      "log_loss": 3.4316723830042815,
      "brier": 0.4123399816178415,
      "directional_accuracy": 0.2962962962962963,
      "baseline_auc": 0.6385808270676692,
      "baseline_log_loss": 1.0757636365283156,
      "baseline_brier": 0.21764758331182166,
      "baseline_directional_accuracy": 0.37037037037037035,
      "best_params": {
        "objective": "multiclass",
        "num_class": 3,
        "metric": "multi_logloss",
        "num_leaves": 31,
        "learning_rate": 0.1,
        "min_child_samples": 5,
        "feature_fraction": 0.9,
        "bagging_fraction": 0.9,
        "bagging_freq": 5,
        "verbose": -1,
        "deterministic": true,
        "seed": 42
      }
    },
    {
      "fold": 3,
      "n_train": 216,
      "n_test": 54,
      "auc": 0.49368620063064506,
      "log_loss": 2.960469966924642,
      "brier": 0.3321767950835452,
      "directional_accuracy": 0.4444444444444444,
      "baseline_auc": 0.6032821602266046,
      "baseline_log_loss": 1.0515513537055128,
      "baseline_brier": 0.21199399836027913,
      "baseline_directional_accuracy": 0.3888888888888889,
      "best_params": {
        "objective": "multiclass",
        "num_class": 3,
        "metric": "multi_logloss",
        "num_leaves": 31,
        "learning_rate": 0.1,
        "min_child_samples": 5,
        "feature_fraction": 0.9,
        "bagging_fraction": 0.9,
        "bagging_freq": 5,
        "verbose": -1,
        "deterministic": true,
        "seed": 42
      }
    },
    {
      "fold": 4,
      "n_train": 270,
      "n_test": 54,
      "auc": 0.5246571943977274,
      "log_loss": 2.7354173230141927,
      "brier": 0.3748945858461339,
      "directional_accuracy": 0.3333333333333333,
      "baseline_auc": 0.541707126700114,
      "baseline_log_loss": 1.1701075441343722,
      "baseline_brier": 0.23516952182574027,
      "baseline_directional_accuracy": 0.42592592592592593,
      "best_params": {
        "objective": "multiclass",
        "num_class": 3,
        "metric": "multi_logloss",
        "num_leaves": 31,
        "learning_rate": 0.1,
        "min_child_samples": 5,
        "feature_fraction": 0.9,
        "bagging_fraction": 0.9,
        "bagging_freq": 5,
        "verbose": -1,
        "deterministic": true,
        "seed": 42
      }
    }
  ],
  "note": "Per-coin model for bonk/2h.",
  "directional_call_share": 0.9545454545454546,
  "directional_call_share_n": 66,
  "directional_call_share_source": "holdout",
  "model_kind": "lightgbm",
  "prior_probs": [],
  "has_regression_head": true,
  "regression_head_stats": {
    "n_train_rows": 192,
    "n_holdout_rows": 48,
    "abs_pred_p50_pct": 1.0150641632539088,
    "abs_pred_p95_pct": 1.1495233058605003,
    "abs_pred_max_pct": 1.2595296172673502,
    "mae_pct": 0.41878591355111555,
    "best_iteration": 3
  },
  "gates_alignment": {
    "n": 66,
    "source": "holdout",
    "min_directional_edge": 0.05,
    "min_expected_return_pct": 0.15,
    "aligned_share": 0.8484848484848485,
    "aligned_loud_share": 0.8484848484848485,
    "aligned_quiet_share": 0.0,
    "loud_classifier_quiet_regressor_share": 0.0,
    "quiet_classifier_loud_regressor_share": 0.15151515151515152,
    "dir_edge_p50": 0.15066899360093078,
    "dir_edge_p95": 0.3968940690278629,
    "abs_magnitude_pct_p50": 1.014816481722519,
    "abs_magnitude_pct_p95": 1.200172909990319
  }
}