{
  "coin_id": "floki-inu",
  "timeframe": "6h",
  "version": "20260422T153013Z",
  "feature_names": [
    "ret1",
    "ret5",
    "ret10",
    "momentum",
    "realizedVol",
    "rsi14",
    "macdLine",
    "macdSignal",
    "macdHist",
    "atr14",
    "atrPct",
    "ema9",
    "ema21",
    "emaSpreadPct",
    "distFromEma9Pct",
    "distFromEma21Pct",
    "bbUpper",
    "bbMiddle",
    "bbLower",
    "bbWidth",
    "bbPctB",
    "bbWidthPct",
    "news_etf_flow",
    "news_regulatory_risk",
    "news_exchange_outage",
    "news_macro_shock",
    "news_whale_move",
    "news_exploit_or_hack",
    "news_stablecoin_event",
    "news_narrative_rotation",
    "news_listing_or_delisting",
    "news_protocol_upgrade",
    "news_high_volume_breakout",
    "news_unusual_volatility",
    "coin_idx"
  ],
  "coin_vocab": [
    "floki-inu"
  ],
  "n_train_rows": 86,
  "n_test_rows": 36,
  "metrics": {
    "auc": 0.5633101851851852,
    "log_loss": 2.9518984523392806,
    "brier": 0.2997204963278399,
    "directional_accuracy": 0.4444444444444444
  },
  "baseline_metrics": {
    "auc": 0.6452546296296297,
    "log_loss": 1.0717403525940625,
    "brier": 0.21604997358045458,
    "directional_accuracy": 0.41666666666666663
  },
  "threshold_pct": 0.45,
  "horizon_candles": 1,
  "class_return_means_pct": [
    -1.5429150783560839,
    -0.15396698765366854,
    2.544988754588271
  ],
  "fold_metrics": [
    {
      "fold": 0,
      "n_train": 50,
      "n_test": 18,
      "auc": 0.5291666666666667,
      "log_loss": 3.2260456424802277,
      "brier": 0.2653322903273699,
      "directional_accuracy": 0.5,
      "baseline_auc": 0.6229166666666667,
      "baseline_log_loss": 1.095464752101221,
      "baseline_brier": 0.2224905363836319,
      "baseline_directional_accuracy": 0.3888888888888889,
      "best_params": {
        "objective": "multiclass",
        "num_class": 3,
        "metric": "multi_logloss",
        "num_leaves": 31,
        "learning_rate": 0.1,
        "min_child_samples": 5,
        "feature_fraction": 0.9,
        "bagging_fraction": 0.9,
        "bagging_freq": 5,
        "verbose": -1,
        "deterministic": true,
        "seed": 42
      }
    },
    {
      "fold": 1,
      "n_train": 68,
      "n_test": 18,
      "auc": 0.5974537037037037,
      "log_loss": 2.677751262198333,
      "brier": 0.33410870232830997,
      "directional_accuracy": 0.3888888888888889,
      "baseline_auc": 0.6675925925925926,
      "baseline_log_loss": 1.048015953086904,
      "baseline_brier": 0.20960941077727724,
      "baseline_directional_accuracy": 0.4444444444444444,
      "best_params": {
        "objective": "multiclass",
        "num_class": 3,
        "metric": "multi_logloss",
        "num_leaves": 31,
        "learning_rate": 0.1,
        "min_child_samples": 5,
        "feature_fraction": 0.9,
        "bagging_fraction": 0.9,
        "bagging_freq": 5,
        "verbose": -1,
        "deterministic": true,
        "seed": 42
      }
    }
  ],
  "note": "Per-coin model for floki-inu/6h.",
  "directional_call_share": 0.9444444444444444,
  "directional_call_share_n": 18,
  "directional_call_share_source": "holdout",
  "model_kind": "lightgbm",
  "prior_probs": [],
  "has_regression_head": true,
  "regression_head_stats": {
    "n_train_rows": 56,
    "n_holdout_rows": 14,
    "abs_pred_p50_pct": 2.109872323998383,
    "abs_pred_p95_pct": 2.109872323998383,
    "abs_pred_max_pct": 2.109872323998383,
    "mae_pct": 1.2206898258374341,
    "best_iteration": 1
  },
  "gates_alignment": {
    "n": 18,
    "source": "holdout",
    "min_directional_edge": 0.05,
    "min_expected_return_pct": 0.15,
    "aligned_share": 1.0,
    "aligned_loud_share": 1.0,
    "aligned_quiet_share": 0.0,
    "loud_classifier_quiet_regressor_share": 0.0,
    "quiet_classifier_loud_regressor_share": 0.0,
    "dir_edge_p50": 0.30303030303030304,
    "dir_edge_p95": 0.5363636363636356,
    "abs_magnitude_pct_p50": 2.109872323998383,
    "abs_magnitude_pct_p95": 2.109872323998383
  }
}