{
  "coin_id": "worldcoin-wld",
  "timeframe": "1m",
  "version": "20260422T094354Z",
  "feature_names": [
    "ret1",
    "ret5",
    "ret10",
    "momentum",
    "realizedVol",
    "rsi14",
    "macdLine",
    "macdSignal",
    "macdHist",
    "atr14",
    "atrPct",
    "ema9",
    "ema21",
    "emaSpreadPct",
    "distFromEma9Pct",
    "distFromEma21Pct",
    "bbUpper",
    "bbMiddle",
    "bbLower",
    "bbWidth",
    "bbPctB",
    "bbWidthPct",
    "news_etf_flow",
    "news_regulatory_risk",
    "news_exchange_outage",
    "news_macro_shock",
    "news_whale_move",
    "news_exploit_or_hack",
    "news_stablecoin_event",
    "news_narrative_rotation",
    "news_listing_or_delisting",
    "news_protocol_upgrade",
    "news_high_volume_breakout",
    "news_unusual_volatility",
    "coin_idx"
  ],
  "coin_vocab": [
    "worldcoin-wld"
  ],
  "n_train_rows": 1456,
  "n_test_rows": 1210,
  "metrics": {
    "auc": 0.5407370968087568,
    "log_loss": 2.2278629989198317,
    "brier": 0.2683216286758903,
    "directional_accuracy": 0.5165289256198347
  },
  "baseline_metrics": {
    "auc": 0.4760988055137266,
    "log_loss": 1.0849325867390167,
    "brier": 0.18648559955906327,
    "directional_accuracy": 0.5537190082644627
  },
  "threshold_pct": 0.03,
  "horizon_candles": 1,
  "class_return_means_pct": [
    -0.5894616726785273,
    -0.0004902501579992669,
    0.5626045593375916
  ],
  "fold_metrics": [
    {
      "fold": 0,
      "n_train": 242,
      "n_test": 242,
      "auc": 0.46340385902050585,
      "log_loss": 2.202042107212239,
      "brier": 0.28065090180833374,
      "directional_accuracy": 0.512396694214876,
      "baseline_auc": 0.5156414810574028,
      "baseline_log_loss": 0.7733958096853336,
      "baseline_brier": 0.1712726168145842,
      "baseline_directional_accuracy": 0.5165289256198347,
      "best_params": {
        "objective": "multiclass",
        "num_class": 3,
        "metric": "multi_logloss",
        "num_leaves": 31,
        "learning_rate": 0.1,
        "min_child_samples": 5,
        "feature_fraction": 0.9,
        "bagging_fraction": 0.9,
        "bagging_freq": 5,
        "verbose": -1,
        "deterministic": true,
        "seed": 42
      }
    },
    {
      "fold": 1,
      "n_train": 484,
      "n_test": 242,
      "auc": 0.5038819757398173,
      "log_loss": 3.451488232370148,
      "brier": 0.3496946510616952,
      "directional_accuracy": 0.38016528925619836,
      "baseline_auc": 0.3447828224832791,
      "baseline_log_loss": 1.9800168980763846,
      "baseline_brier": 0.24503290869000685,
      "baseline_directional_accuracy": 0.3760330578512397,
      "best_params": {
        "objective": "multiclass",
        "num_class": 3,
        "metric": "multi_logloss",
        "num_leaves": 31,
        "learning_rate": 0.1,
        "min_child_samples": 5,
        "feature_fraction": 0.9,
        "bagging_fraction": 0.9,
        "bagging_freq": 5,
        "verbose": -1,
        "deterministic": true,
        "seed": 42
      }
    },
    {
      "fold": 2,
      "n_train": 726,
      "n_test": 242,
      "auc": 0.5285691439372574,
      "log_loss": 2.065961625703021,
      "brier": 0.26413747832651135,
      "directional_accuracy": 0.49586776859504134,
      "baseline_auc": 0.4921983378386367,
      "baseline_log_loss": 0.9615840061418739,
      "baseline_brier": 0.18901133745538845,
      "baseline_directional_accuracy": 0.5413223140495868,
      "best_params": {
        "objective": "multiclass",
        "num_class": 3,
        "metric": "multi_logloss",
        "num_leaves": 31,
        "learning_rate": 0.1,
        "min_child_samples": 5,
        "feature_fraction": 0.9,
        "bagging_fraction": 0.9,
        "bagging_freq": 5,
        "verbose": -1,
        "deterministic": true,
        "seed": 42
      }
    },
    {
      "fold": 3,
      "n_train": 968,
      "n_test": 242,
      "auc": 0.5926025652472773,
      "log_loss": 1.6689984400904012,
      "brier": 0.22077706232458308,
      "directional_accuracy": 0.5867768595041323,
      "baseline_auc": 0.488051946091673,
      "baseline_log_loss": 0.8017654158408649,
      "baseline_brier": 0.15078762504019896,
      "baseline_directional_accuracy": 0.7148760330578512,
      "best_params": {
        "objective": "multiclass",
        "num_class": 3,
        "metric": "multi_logloss",
        "num_leaves": 31,
        "learning_rate": 0.1,
        "min_child_samples": 5,
        "feature_fraction": 0.9,
        "bagging_fraction": 0.9,
        "bagging_freq": 5,
        "verbose": -1,
        "deterministic": true,
        "seed": 42
      }
    },
    {
      "fold": 4,
      "n_train": 1210,
      "n_test": 242,
      "auc": 0.6152279400989259,
      "log_loss": 1.7508245892233496,
      "brier": 0.2263480498583281,
      "directional_accuracy": 0.6074380165289256,
      "baseline_auc": 0.5398194400976412,
      "baseline_log_loss": 0.9079008039506262,
      "baseline_brier": 0.17632350979513797,
      "baseline_directional_accuracy": 0.6198347107438017,
      "best_params": {
        "objective": "multiclass",
        "num_class": 3,
        "metric": "multi_logloss",
        "num_leaves": 31,
        "learning_rate": 0.1,
        "min_child_samples": 5,
        "feature_fraction": 0.9,
        "bagging_fraction": 0.9,
        "bagging_freq": 5,
        "verbose": -1,
        "deterministic": true,
        "seed": 42
      }
    }
  ],
  "note": "Per-coin model for worldcoin-wld/1m.",
  "directional_call_share": 0.030821917808219176,
  "directional_call_share_n": 292,
  "directional_call_share_source": "holdout",
  "model_kind": "lightgbm",
  "prior_probs": [],
  "has_regression_head": true,
  "regression_head_stats": {
    "n_train_rows": 718,
    "n_holdout_rows": 180,
    "abs_pred_p50_pct": 0.12807129869863015,
    "abs_pred_p95_pct": 0.3057301900646921,
    "abs_pred_max_pct": 0.6626546846037197,
    "mae_pct": 0.09681781653139697,
    "best_iteration": 55
  },
  "gates_alignment": {
    "n": 292,
    "source": "holdout",
    "min_directional_edge": 0.05,
    "min_expected_return_pct": 0.15,
    "aligned_share": 0.4657534246575342,
    "aligned_loud_share": 0.2054794520547945,
    "aligned_quiet_share": 0.2602739726027397,
    "loud_classifier_quiet_regressor_share": 0.386986301369863,
    "quiet_classifier_loud_regressor_share": 0.14726027397260275,
    "dir_edge_p50": 0.06593883452227903,
    "dir_edge_p95": 0.22115682029075165,
    "abs_magnitude_pct_p50": 0.12807129869863015,
    "abs_magnitude_pct_p95": 0.35129819564656006
  }
}