{
  "coin_id": "render-token",
  "timeframe": "5m",
  "version": "20260422T154346Z",
  "feature_names": [
    "ret1",
    "ret5",
    "ret10",
    "momentum",
    "realizedVol",
    "rsi14",
    "macdLine",
    "macdSignal",
    "macdHist",
    "atr14",
    "atrPct",
    "ema9",
    "ema21",
    "emaSpreadPct",
    "distFromEma9Pct",
    "distFromEma21Pct",
    "bbUpper",
    "bbMiddle",
    "bbLower",
    "bbWidth",
    "bbPctB",
    "bbWidthPct",
    "news_etf_flow",
    "news_regulatory_risk",
    "news_exchange_outage",
    "news_macro_shock",
    "news_whale_move",
    "news_exploit_or_hack",
    "news_stablecoin_event",
    "news_narrative_rotation",
    "news_listing_or_delisting",
    "news_protocol_upgrade",
    "news_high_volume_breakout",
    "news_unusual_volatility",
    "coin_idx"
  ],
  "coin_vocab": [
    "render-token"
  ],
  "n_train_rows": 886,
  "n_test_rows": 735,
  "metrics": {
    "auc": 0.48843814359125154,
    "log_loss": 2.58106353365664,
    "brier": 0.3141811054857008,
    "directional_accuracy": 0.44897959183673464
  },
  "baseline_metrics": {
    "auc": 0.5168860913258948,
    "log_loss": 1.0113163434647665,
    "brier": 0.1996810365292467,
    "directional_accuracy": 0.43809523809523815
  },
  "threshold_pct": 0.04,
  "horizon_candles": 1,
  "class_return_means_pct": [
    -0.5558140976772751,
    -0.0016049278120448564,
    0.5617773536455859
  ],
  "fold_metrics": [
    {
      "fold": 0,
      "n_train": 147,
      "n_test": 147,
      "auc": 0.47370309635243085,
      "log_loss": 2.4039108936755045,
      "brier": 0.30814538869758756,
      "directional_accuracy": 0.46258503401360546,
      "baseline_auc": 0.5138742340094168,
      "baseline_log_loss": 0.9540645916968984,
      "baseline_brier": 0.18846857826875119,
      "baseline_directional_accuracy": 0.4557823129251701,
      "best_params": {
        "objective": "multiclass",
        "num_class": 3,
        "metric": "multi_logloss",
        "num_leaves": 31,
        "learning_rate": 0.1,
        "min_child_samples": 5,
        "feature_fraction": 0.9,
        "bagging_fraction": 0.9,
        "bagging_freq": 5,
        "verbose": -1,
        "deterministic": true,
        "seed": 42
      }
    },
    {
      "fold": 1,
      "n_train": 294,
      "n_test": 147,
      "auc": 0.5062135395606507,
      "log_loss": 2.6940970623841825,
      "brier": 0.3003383904469777,
      "directional_accuracy": 0.4965986394557823,
      "baseline_auc": 0.5844825425950587,
      "baseline_log_loss": 0.8773901063754498,
      "baseline_brier": 0.18393725639059835,
      "baseline_directional_accuracy": 0.5034013605442177,
      "best_params": {
        "objective": "multiclass",
        "num_class": 3,
        "metric": "multi_logloss",
        "num_leaves": 31,
        "learning_rate": 0.1,
        "min_child_samples": 5,
        "feature_fraction": 0.9,
        "bagging_fraction": 0.9,
        "bagging_freq": 5,
        "verbose": -1,
        "deterministic": true,
        "seed": 42
      }
    },
    {
      "fold": 2,
      "n_train": 441,
      "n_test": 147,
      "auc": 0.39478403861965505,
      "log_loss": 1.9349228307587254,
      "brier": 0.26792086170598667,
      "directional_accuracy": 0.5102040816326531,
      "baseline_auc": 0.48472604685911924,
      "baseline_log_loss": 0.8085581401616755,
      "baseline_brier": 0.1760808750555796,
      "baseline_directional_accuracy": 0.47619047619047616,
      "best_params": {
        "objective": "multiclass",
        "num_class": 3,
        "metric": "multi_logloss",
        "num_leaves": 31,
        "learning_rate": 0.1,
        "min_child_samples": 5,
        "feature_fraction": 0.9,
        "bagging_fraction": 0.9,
        "bagging_freq": 5,
        "verbose": -1,
        "deterministic": true,
        "seed": 42
      }
    },
    {
      "fold": 3,
      "n_train": 588,
      "n_test": 147,
      "auc": 0.5522141995199639,
      "log_loss": 3.06748042587565,
      "brier": 0.35648527017659815,
      "directional_accuracy": 0.3877551020408163,
      "baseline_auc": 0.47797514067355334,
      "baseline_log_loss": 1.3157670288242589,
      "baseline_brier": 0.22808558721107897,
      "baseline_directional_accuracy": 0.41496598639455784,
      "best_params": {
        "objective": "multiclass",
        "num_class": 3,
        "metric": "multi_logloss",
        "num_leaves": 31,
        "learning_rate": 0.1,
        "min_child_samples": 5,
        "feature_fraction": 0.9,
        "bagging_fraction": 0.9,
        "bagging_freq": 5,
        "verbose": -1,
        "deterministic": true,
        "seed": 42
      }
    },
    {
      "fold": 4,
      "n_train": 735,
      "n_test": 147,
      "auc": 0.5152758439035573,
      "log_loss": 2.8049064555891374,
      "brier": 0.3380156164013537,
      "directional_accuracy": 0.3877551020408163,
      "baseline_auc": 0.523372492492326,
      "baseline_log_loss": 1.10080185026555,
      "baseline_brier": 0.22183288572022555,
      "baseline_directional_accuracy": 0.3401360544217687,
      "best_params": {
        "objective": "multiclass",
        "num_class": 3,
        "metric": "multi_logloss",
        "num_leaves": 31,
        "learning_rate": 0.1,
        "min_child_samples": 5,
        "feature_fraction": 0.9,
        "bagging_fraction": 0.9,
        "bagging_freq": 5,
        "verbose": -1,
        "deterministic": true,
        "seed": 42
      }
    }
  ],
  "note": "Per-coin model for render-token/5m.",
  "directional_call_share": 0.9438202247191011,
  "directional_call_share_n": 178,
  "directional_call_share_source": "holdout",
  "model_kind": "lightgbm",
  "prior_probs": [],
  "has_regression_head": true,
  "regression_head_stats": {
    "n_train_rows": 643,
    "n_holdout_rows": 161,
    "abs_pred_p50_pct": 0.3166805896993163,
    "abs_pred_p95_pct": 0.6027256226942599,
    "abs_pred_max_pct": 0.9941491662301603,
    "mae_pct": 0.23616440673938924,
    "best_iteration": 70
  },
  "gates_alignment": {
    "n": 178,
    "source": "holdout",
    "min_directional_edge": 0.05,
    "min_expected_return_pct": 0.15,
    "aligned_share": 0.9943820224719101,
    "aligned_loud_share": 0.9943820224719101,
    "aligned_quiet_share": 0.0,
    "loud_classifier_quiet_regressor_share": 0.0,
    "quiet_classifier_loud_regressor_share": 0.0056179775280898875,
    "dir_edge_p50": 0.05872384800886393,
    "dir_edge_p95": 0.21666253409372677,
    "abs_magnitude_pct_p50": 0.3591099362919182,
    "abs_magnitude_pct_p95": 0.6419077196956078
  }
}