{
  "coin_id": "sei-network",
  "timeframe": "1m",
  "version": "20260422T195024Z",
  "feature_names": [
    "ret1",
    "ret5",
    "ret10",
    "momentum",
    "realizedVol",
    "rsi14",
    "macdLine",
    "macdSignal",
    "macdHist",
    "atr14",
    "atrPct",
    "ema9",
    "ema21",
    "emaSpreadPct",
    "distFromEma9Pct",
    "distFromEma21Pct",
    "bbUpper",
    "bbMiddle",
    "bbLower",
    "bbWidth",
    "bbPctB",
    "bbWidthPct",
    "news_etf_flow",
    "news_regulatory_risk",
    "news_exchange_outage",
    "news_macro_shock",
    "news_whale_move",
    "news_exploit_or_hack",
    "news_stablecoin_event",
    "news_narrative_rotation",
    "news_listing_or_delisting",
    "news_protocol_upgrade",
    "news_high_volume_breakout",
    "news_unusual_volatility",
    "coin_idx"
  ],
  "coin_vocab": [
    "sei-network"
  ],
  "n_train_rows": 1954,
  "n_test_rows": 1625,
  "metrics": {
    "auc": 0.5571603926447295,
    "log_loss": 3.05518332890673,
    "brier": 0.3262886262709378,
    "directional_accuracy": 0.4246153846153846
  },
  "baseline_metrics": {
    "auc": 0.567513222100469,
    "log_loss": 1.2529040559478273,
    "brier": 0.2249067640629801,
    "directional_accuracy": 0.48246153846153844
  },
  "threshold_pct": 0.03,
  "horizon_candles": 1,
  "class_return_means_pct": [
    -0.3376270353667568,
    0.0009540811215919739,
    0.35986640124105
  ],
  "fold_metrics": [
    {
      "fold": 0,
      "n_train": 325,
      "n_test": 325,
      "auc": 0.4750814662565803,
      "log_loss": 2.3611443479019445,
      "brier": 0.28339158446999035,
      "directional_accuracy": 0.5046153846153846,
      "baseline_auc": 0.5927115635301258,
      "baseline_log_loss": 0.8378550530798202,
      "baseline_brier": 0.18037615913925922,
      "baseline_directional_accuracy": 0.49538461538461537,
      "best_params": {
        "objective": "multiclass",
        "num_class": 3,
        "metric": "multi_logloss",
        "num_leaves": 63,
        "learning_rate": 0.03200167149902552,
        "min_child_samples": 14,
        "feature_fraction": 0.9,
        "bagging_fraction": 0.9,
        "bagging_freq": 5,
        "verbose": -1,
        "deterministic": true,
        "seed": 42
      }
    },
    {
      "fold": 1,
      "n_train": 650,
      "n_test": 325,
      "auc": 0.5587076469175755,
      "log_loss": 7.121904437750739,
      "brier": 0.5774741413889585,
      "directional_accuracy": 0.11692307692307692,
      "baseline_auc": 0.5856871414963246,
      "baseline_log_loss": 2.495865195128336,
      "baseline_brier": 0.37689128359294144,
      "baseline_directional_accuracy": 0.11384615384615385,
      "best_params": {
        "objective": "multiclass",
        "num_class": 3,
        "metric": "multi_logloss",
        "num_leaves": 15,
        "learning_rate": 0.07432808925697333,
        "min_child_samples": 8,
        "feature_fraction": 0.9,
        "bagging_fraction": 0.9,
        "bagging_freq": 5,
        "verbose": -1,
        "deterministic": true,
        "seed": 42
      }
    },
    {
      "fold": 2,
      "n_train": 975,
      "n_test": 325,
      "auc": 0.6092681549454275,
      "log_loss": 1.5639522124194265,
      "brier": 0.21300389888006555,
      "directional_accuracy": 0.6,
      "baseline_auc": 0.6166962355336721,
      "baseline_log_loss": 0.8602866968257264,
      "baseline_brier": 0.15328677711583918,
      "baseline_directional_accuracy": 0.7015384615384616,
      "best_params": {
        "objective": "multiclass",
        "num_class": 3,
        "metric": "multi_logloss",
        "num_leaves": 15,
        "learning_rate": 0.03950796164371303,
        "min_child_samples": 30,
        "feature_fraction": 0.9,
        "bagging_fraction": 0.9,
        "bagging_freq": 5,
        "verbose": -1,
        "deterministic": true,
        "seed": 42
      }
    },
    {
      "fold": 3,
      "n_train": 1300,
      "n_test": 325,
      "auc": 0.609904821700064,
      "log_loss": 2.5687270265845292,
      "brier": 0.27185006739044343,
      "directional_accuracy": 0.52,
      "baseline_auc": 0.5267181967185993,
      "baseline_log_loss": 1.0085331391042314,
      "baseline_brier": 0.20145229525285793,
      "baseline_directional_accuracy": 0.5753846153846154,
      "best_params": {
        "objective": "multiclass",
        "num_class": 3,
        "metric": "multi_logloss",
        "num_leaves": 63,
        "learning_rate": 0.12432070967822129,
        "min_child_samples": 28,
        "feature_fraction": 0.9,
        "bagging_fraction": 0.9,
        "bagging_freq": 5,
        "verbose": -1,
        "deterministic": true,
        "seed": 42
      }
    },
    {
      "fold": 4,
      "n_train": 1625,
      "n_test": 325,
      "auc": 0.5328398734040002,
      "log_loss": 1.6601886198770115,
      "brier": 0.2857234392252312,
      "directional_accuracy": 0.38153846153846155,
      "baseline_auc": 0.515752973223623,
      "baseline_log_loss": 1.061980195601022,
      "baseline_brier": 0.21252730521400273,
      "baseline_directional_accuracy": 0.5261538461538462,
      "best_params": {
        "objective": "multiclass",
        "num_class": 3,
        "metric": "multi_logloss",
        "num_leaves": 15,
        "learning_rate": 0.04889166426381864,
        "min_child_samples": 5,
        "feature_fraction": 0.9,
        "bagging_fraction": 0.9,
        "bagging_freq": 5,
        "verbose": -1,
        "deterministic": true,
        "seed": 42
      }
    }
  ],
  "note": "Per-coin model for sei-network/1m.",
  "directional_call_share": 0.015345268542199489,
  "directional_call_share_n": 391,
  "directional_call_share_source": "holdout",
  "model_kind": "lightgbm",
  "prior_probs": [],
  "has_regression_head": true,
  "regression_head_stats": {
    "n_train_rows": 860,
    "n_holdout_rows": 216,
    "abs_pred_p50_pct": 0.106353273578191,
    "abs_pred_p95_pct": 0.18321138994030595,
    "abs_pred_max_pct": 0.2881079640866224,
    "mae_pct": 0.062452127505200364,
    "best_iteration": 77
  },
  "gates_alignment": {
    "n": 391,
    "source": "holdout",
    "min_directional_edge": 0.05,
    "min_expected_return_pct": 0.15,
    "aligned_share": 0.629156010230179,
    "aligned_loud_share": 0.04092071611253197,
    "aligned_quiet_share": 0.5882352941176471,
    "loud_classifier_quiet_regressor_share": 0.319693094629156,
    "quiet_classifier_loud_regressor_share": 0.05115089514066496,
    "dir_edge_p50": 0.026382512163365984,
    "dir_edge_p95": 0.1410788381742738,
    "abs_magnitude_pct_p50": 0.106353273578191,
    "abs_magnitude_pct_p95": 0.21331262171442872
  },
  "specialist_kind": null,
  "regime_subset": [],
  "feature_schema_hash": "726b9f4d8d8b",
  "training_window": {
    "start": "2026-03-25T06:00:00+00:00",
    "end": "2026-04-22T19:37:00+00:00"
  }
}