{
  "coin_id": "bonk",
  "timeframe": "1m",
  "version": "20260422T153415Z",
  "feature_names": [
    "ret1",
    "ret5",
    "ret10",
    "momentum",
    "realizedVol",
    "rsi14",
    "macdLine",
    "macdSignal",
    "macdHist",
    "atr14",
    "atrPct",
    "ema9",
    "ema21",
    "emaSpreadPct",
    "distFromEma9Pct",
    "distFromEma21Pct",
    "bbUpper",
    "bbMiddle",
    "bbLower",
    "bbWidth",
    "bbPctB",
    "bbWidthPct",
    "news_etf_flow",
    "news_regulatory_risk",
    "news_exchange_outage",
    "news_macro_shock",
    "news_whale_move",
    "news_exploit_or_hack",
    "news_stablecoin_event",
    "news_narrative_rotation",
    "news_listing_or_delisting",
    "news_protocol_upgrade",
    "news_high_volume_breakout",
    "news_unusual_volatility",
    "coin_idx"
  ],
  "coin_vocab": [
    "bonk"
  ],
  "n_train_rows": 2189,
  "n_test_rows": 1825,
  "metrics": {
    "auc": 0.5427050108034692,
    "log_loss": 2.993104117428039,
    "brier": 0.3107915307142363,
    "directional_accuracy": 0.4526027397260274
  },
  "baseline_metrics": {
    "auc": 0.5410843786584794,
    "log_loss": 1.093364281308648,
    "brier": 0.2156637000384313,
    "directional_accuracy": 0.4778082191780822
  },
  "threshold_pct": 0.03,
  "horizon_candles": 1,
  "class_return_means_pct": [
    -0.2955577401459986,
    0.0001383360810749652,
    0.37348184237371007
  ],
  "fold_metrics": [
    {
      "fold": 0,
      "n_train": 364,
      "n_test": 365,
      "auc": 0.5853181148136205,
      "log_loss": 2.390485932694481,
      "brier": 0.2991349373963062,
      "directional_accuracy": 0.46301369863013697,
      "baseline_auc": 0.5535178758715077,
      "baseline_log_loss": 1.0328678384719425,
      "baseline_brier": 0.20330939074014073,
      "baseline_directional_accuracy": 0.4931506849315068,
      "best_params": {
        "objective": "multiclass",
        "num_class": 3,
        "metric": "multi_logloss",
        "num_leaves": 31,
        "learning_rate": 0.1,
        "min_child_samples": 5,
        "feature_fraction": 0.9,
        "bagging_fraction": 0.9,
        "bagging_freq": 5,
        "verbose": -1,
        "deterministic": true,
        "seed": 42
      }
    },
    {
      "fold": 1,
      "n_train": 729,
      "n_test": 365,
      "auc": 0.5049945949825089,
      "log_loss": 2.412404295233841,
      "brier": 0.3031861438328978,
      "directional_accuracy": 0.4712328767123288,
      "baseline_auc": 0.5101641012798067,
      "baseline_log_loss": 0.959780407613945,
      "baseline_brier": 0.20057465290294982,
      "baseline_directional_accuracy": 0.4438356164383562,
      "best_params": {
        "objective": "multiclass",
        "num_class": 3,
        "metric": "multi_logloss",
        "num_leaves": 31,
        "learning_rate": 0.1,
        "min_child_samples": 5,
        "feature_fraction": 0.9,
        "bagging_fraction": 0.9,
        "bagging_freq": 5,
        "verbose": -1,
        "deterministic": true,
        "seed": 42
      }
    },
    {
      "fold": 2,
      "n_train": 1094,
      "n_test": 365,
      "auc": 0.4741983095391143,
      "log_loss": 7.642802048709566,
      "brier": 0.5359973287535906,
      "directional_accuracy": 0.13424657534246576,
      "baseline_auc": 0.5644497134886038,
      "baseline_log_loss": 1.6423684018892732,
      "baseline_brier": 0.32107585808272865,
      "baseline_directional_accuracy": 0.14246575342465753,
      "best_params": {
        "objective": "multiclass",
        "num_class": 3,
        "metric": "multi_logloss",
        "num_leaves": 31,
        "learning_rate": 0.1,
        "min_child_samples": 5,
        "feature_fraction": 0.9,
        "bagging_fraction": 0.9,
        "bagging_freq": 5,
        "verbose": -1,
        "deterministic": true,
        "seed": 42
      }
    },
    {
      "fold": 3,
      "n_train": 1459,
      "n_test": 365,
      "auc": 0.6100220386097194,
      "log_loss": 1.2315374964215964,
      "brier": 0.19667393673115297,
      "directional_accuracy": 0.6219178082191781,
      "baseline_auc": 0.5315162264356019,
      "baseline_log_loss": 0.8951732399018202,
      "baseline_brier": 0.17077429833666344,
      "baseline_directional_accuracy": 0.6876712328767123,
      "best_params": {
        "objective": "multiclass",
        "num_class": 3,
        "metric": "multi_logloss",
        "num_leaves": 31,
        "learning_rate": 0.1,
        "min_child_samples": 5,
        "feature_fraction": 0.9,
        "bagging_fraction": 0.9,
        "bagging_freq": 5,
        "verbose": -1,
        "deterministic": true,
        "seed": 42
      }
    },
    {
      "fold": 4,
      "n_train": 1824,
      "n_test": 365,
      "auc": 0.5389919960723831,
      "log_loss": 1.2882908140807106,
      "brier": 0.218965306857234,
      "directional_accuracy": 0.5726027397260274,
      "baseline_auc": 0.5457739762168766,
      "baseline_log_loss": 0.9366315186662584,
      "baseline_brier": 0.18258430012967375,
      "baseline_directional_accuracy": 0.6219178082191781,
      "best_params": {
        "objective": "multiclass",
        "num_class": 3,
        "metric": "multi_logloss",
        "num_leaves": 31,
        "learning_rate": 0.1,
        "min_child_samples": 5,
        "feature_fraction": 0.9,
        "bagging_fraction": 0.9,
        "bagging_freq": 5,
        "verbose": -1,
        "deterministic": true,
        "seed": 42
      }
    }
  ],
  "note": "Per-coin model for bonk/1m.",
  "directional_call_share": 0.0,
  "directional_call_share_n": 438,
  "directional_call_share_source": "holdout",
  "model_kind": "lightgbm",
  "prior_probs": [],
  "has_regression_head": true,
  "regression_head_stats": {
    "n_train_rows": 1064,
    "n_holdout_rows": 266,
    "abs_pred_p50_pct": 0.13348497721164465,
    "abs_pred_p95_pct": 0.4463582845333269,
    "abs_pred_max_pct": 1.4356380067884236,
    "mae_pct": 0.14195274063878008,
    "best_iteration": 52
  },
  "gates_alignment": {
    "n": 438,
    "source": "holdout",
    "min_directional_edge": 0.05,
    "min_expected_return_pct": 0.15,
    "aligned_share": 0.6438356164383562,
    "aligned_loud_share": 0.2876712328767123,
    "aligned_quiet_share": 0.3561643835616438,
    "loud_classifier_quiet_regressor_share": 0.2100456621004566,
    "quiet_classifier_loud_regressor_share": 0.1461187214611872,
    "dir_edge_p50": 0.04692822741689179,
    "dir_edge_p95": 0.15344457732976444,
    "abs_magnitude_pct_p50": 0.14795554301813352,
    "abs_magnitude_pct_p95": 0.3844716178246643
  }
}