{
  "coin_id": "bonk",
  "timeframe": "2h",
  "version": "20260422T152704Z",
  "feature_names": [
    "ret1",
    "ret5",
    "ret10",
    "momentum",
    "realizedVol",
    "rsi14",
    "macdLine",
    "macdSignal",
    "macdHist",
    "atr14",
    "atrPct",
    "ema9",
    "ema21",
    "emaSpreadPct",
    "distFromEma9Pct",
    "distFromEma21Pct",
    "bbUpper",
    "bbMiddle",
    "bbLower",
    "bbWidth",
    "bbPctB",
    "bbWidthPct",
    "news_etf_flow",
    "news_regulatory_risk",
    "news_exchange_outage",
    "news_macro_shock",
    "news_whale_move",
    "news_exploit_or_hack",
    "news_stablecoin_event",
    "news_narrative_rotation",
    "news_listing_or_delisting",
    "news_protocol_upgrade",
    "news_high_volume_breakout",
    "news_unusual_volatility",
    "coin_idx"
  ],
  "coin_vocab": [
    "bonk"
  ],
  "n_train_rows": 325,
  "n_test_rows": 270,
  "metrics": {
    "auc": 0.5013748529166764,
    "log_loss": 3.4365978689377825,
    "brier": 0.37025125804665476,
    "directional_accuracy": 0.34444444444444444
  },
  "baseline_metrics": {
    "auc": 0.5556824640839975,
    "log_loss": 1.1136590251527037,
    "brier": 0.22467140437937633,
    "directional_accuracy": 0.3814814814814815
  },
  "threshold_pct": 0.28,
  "horizon_candles": 1,
  "class_return_means_pct": [
    -0.9026272443300478,
    0.007390771352067709,
    1.0914673810543212
  ],
  "fold_metrics": [
    {
      "fold": 0,
      "n_train": 54,
      "n_test": 54,
      "auc": 0.4661290270810395,
      "log_loss": 5.180078800520563,
      "brier": 0.42738489620005876,
      "directional_accuracy": 0.2962962962962963,
      "baseline_auc": 0.49905653940096667,
      "baseline_log_loss": 1.182208288386109,
      "baseline_brier": 0.23909876016153175,
      "baseline_directional_accuracy": 0.35185185185185186,
      "best_params": {
        "objective": "multiclass",
        "num_class": 3,
        "metric": "multi_logloss",
        "num_leaves": 31,
        "learning_rate": 0.1,
        "min_child_samples": 5,
        "feature_fraction": 0.9,
        "bagging_fraction": 0.9,
        "bagging_freq": 5,
        "verbose": -1,
        "deterministic": true,
        "seed": 42
      }
    },
    {
      "fold": 1,
      "n_train": 108,
      "n_test": 54,
      "auc": 0.529420761231106,
      "log_loss": 3.0666102782841396,
      "brier": 0.32867690824428114,
      "directional_accuracy": 0.4074074074074074,
      "baseline_auc": 0.5190675831193072,
      "baseline_log_loss": 1.093347145243374,
      "baseline_brier": 0.2200480206531629,
      "baseline_directional_accuracy": 0.3888888888888889,
      "best_params": {
        "objective": "multiclass",
        "num_class": 3,
        "metric": "multi_logloss",
        "num_leaves": 31,
        "learning_rate": 0.1,
        "min_child_samples": 5,
        "feature_fraction": 0.9,
        "bagging_fraction": 0.9,
        "bagging_freq": 5,
        "verbose": -1,
        "deterministic": true,
        "seed": 42
      }
    },
    {
      "fold": 2,
      "n_train": 162,
      "n_test": 54,
      "auc": 0.5118903341813558,
      "log_loss": 3.472647169878432,
      "brier": 0.39152826407637703,
      "directional_accuracy": 0.3148148148148148,
      "baseline_auc": 0.6271558735955021,
      "baseline_log_loss": 1.0851551468521614,
      "baseline_brier": 0.21969471253272488,
      "baseline_directional_accuracy": 0.35185185185185186,
      "best_params": {
        "objective": "multiclass",
        "num_class": 3,
        "metric": "multi_logloss",
        "num_leaves": 31,
        "learning_rate": 0.1,
        "min_child_samples": 5,
        "feature_fraction": 0.9,
        "bagging_fraction": 0.9,
        "bagging_freq": 5,
        "verbose": -1,
        "deterministic": true,
        "seed": 42
      }
    },
    {
      "fold": 3,
      "n_train": 216,
      "n_test": 54,
      "auc": 0.47543950392974477,
      "log_loss": 2.8576509061527666,
      "brier": 0.3322440026128398,
      "directional_accuracy": 0.3888888888888889,
      "baseline_auc": 0.5845225539903739,
      "baseline_log_loss": 1.0485118147906038,
      "baseline_brier": 0.211332467040917,
      "baseline_directional_accuracy": 0.4074074074074074,
      "best_params": {
        "objective": "multiclass",
        "num_class": 3,
        "metric": "multi_logloss",
        "num_leaves": 31,
        "learning_rate": 0.1,
        "min_child_samples": 5,
        "feature_fraction": 0.9,
        "bagging_fraction": 0.9,
        "bagging_freq": 5,
        "verbose": -1,
        "deterministic": true,
        "seed": 42
      }
    },
    {
      "fold": 4,
      "n_train": 270,
      "n_test": 54,
      "auc": 0.523994638160136,
      "log_loss": 2.606002189853013,
      "brier": 0.3714222190997171,
      "directional_accuracy": 0.3148148148148148,
      "baseline_auc": 0.5486097703138376,
      "baseline_log_loss": 1.1590727304912705,
      "baseline_brier": 0.23318306150854504,
      "baseline_directional_accuracy": 0.4074074074074074,
      "best_params": {
        "objective": "multiclass",
        "num_class": 3,
        "metric": "multi_logloss",
        "num_leaves": 31,
        "learning_rate": 0.1,
        "min_child_samples": 5,
        "feature_fraction": 0.9,
        "bagging_fraction": 0.9,
        "bagging_freq": 5,
        "verbose": -1,
        "deterministic": true,
        "seed": 42
      }
    }
  ],
  "note": "Per-coin model for bonk/2h.",
  "directional_call_share": 0.9692307692307692,
  "directional_call_share_n": 65,
  "directional_call_share_source": "holdout",
  "model_kind": "lightgbm",
  "prior_probs": [],
  "has_regression_head": true,
  "regression_head_stats": {
    "n_train_rows": 191,
    "n_holdout_rows": 48,
    "abs_pred_p50_pct": 0.9945466100060637,
    "abs_pred_p95_pct": 1.0961120151204844,
    "abs_pred_max_pct": 1.0961120151204844,
    "mae_pct": 0.43132084302709156,
    "best_iteration": 1
  },
  "gates_alignment": {
    "n": 65,
    "source": "holdout",
    "min_directional_edge": 0.05,
    "min_expected_return_pct": 0.15,
    "aligned_share": 1.0,
    "aligned_loud_share": 1.0,
    "aligned_quiet_share": 0.0,
    "loud_classifier_quiet_regressor_share": 0.0,
    "quiet_classifier_loud_regressor_share": 0.0,
    "dir_edge_p50": 0.23673469387755108,
    "dir_edge_p95": 0.711864406779661,
    "abs_magnitude_pct_p50": 0.9945466100060637,
    "abs_magnitude_pct_p95": 1.0961120151204844
  }
}