{
  "coin_id": "worldcoin-wld",
  "timeframe": "5m",
  "version": "20260422T144300Z",
  "feature_names": [
    "ret1",
    "ret5",
    "ret10",
    "momentum",
    "realizedVol",
    "rsi14",
    "macdLine",
    "macdSignal",
    "macdHist",
    "atr14",
    "atrPct",
    "ema9",
    "ema21",
    "emaSpreadPct",
    "distFromEma9Pct",
    "distFromEma21Pct",
    "bbUpper",
    "bbMiddle",
    "bbLower",
    "bbWidth",
    "bbPctB",
    "bbWidthPct",
    "news_etf_flow",
    "news_regulatory_risk",
    "news_exchange_outage",
    "news_macro_shock",
    "news_whale_move",
    "news_exploit_or_hack",
    "news_stablecoin_event",
    "news_narrative_rotation",
    "news_listing_or_delisting",
    "news_protocol_upgrade",
    "news_high_volume_breakout",
    "news_unusual_volatility",
    "coin_idx"
  ],
  "coin_vocab": [
    "worldcoin-wld"
  ],
  "n_train_rows": 874,
  "n_test_rows": 725,
  "metrics": {
    "auc": 0.5246902834359098,
    "log_loss": 2.4617274364054524,
    "brier": 0.29851550553345774,
    "directional_accuracy": 0.45517241379310347
  },
  "baseline_metrics": {
    "auc": 0.5285138061870235,
    "log_loss": 0.945754441127454,
    "brier": 0.19396879293969788,
    "directional_accuracy": 0.45517241379310347
  },
  "threshold_pct": 0.04,
  "horizon_candles": 1,
  "class_return_means_pct": [
    -0.653139702837532,
    -0.0010802298101731435,
    0.6332579926915627
  ],
  "fold_metrics": [
    {
      "fold": 0,
      "n_train": 145,
      "n_test": 145,
      "auc": 0.4925152246528244,
      "log_loss": 3.0787643719596667,
      "brier": 0.3054233913348611,
      "directional_accuracy": 0.47586206896551725,
      "baseline_auc": 0.5211205650706776,
      "baseline_log_loss": 0.8225388173220025,
      "baseline_brier": 0.17814561863015976,
      "baseline_directional_accuracy": 0.5103448275862069,
      "best_params": {
        "objective": "multiclass",
        "num_class": 3,
        "metric": "multi_logloss",
        "num_leaves": 31,
        "learning_rate": 0.1,
        "min_child_samples": 5,
        "feature_fraction": 0.9,
        "bagging_fraction": 0.9,
        "bagging_freq": 5,
        "verbose": -1,
        "deterministic": true,
        "seed": 42
      }
    },
    {
      "fold": 1,
      "n_train": 290,
      "n_test": 145,
      "auc": 0.5496822374584657,
      "log_loss": 2.5253892015015116,
      "brier": 0.27390759884628996,
      "directional_accuracy": 0.5310344827586206,
      "baseline_auc": 0.5062072061286572,
      "baseline_log_loss": 0.9043773458214955,
      "baseline_brier": 0.18409551754938383,
      "baseline_directional_accuracy": 0.4413793103448276,
      "best_params": {
        "objective": "multiclass",
        "num_class": 3,
        "metric": "multi_logloss",
        "num_leaves": 31,
        "learning_rate": 0.1,
        "min_child_samples": 5,
        "feature_fraction": 0.9,
        "bagging_fraction": 0.9,
        "bagging_freq": 5,
        "verbose": -1,
        "deterministic": true,
        "seed": 42
      }
    },
    {
      "fold": 2,
      "n_train": 435,
      "n_test": 145,
      "auc": 0.48447950121922717,
      "log_loss": 2.264355640738427,
      "brier": 0.3011921567203994,
      "directional_accuracy": 0.4689655172413793,
      "baseline_auc": 0.5288484574785944,
      "baseline_log_loss": 0.7834941064801961,
      "baseline_brier": 0.17558777489502156,
      "baseline_directional_accuracy": 0.45517241379310347,
      "best_params": {
        "objective": "multiclass",
        "num_class": 3,
        "metric": "multi_logloss",
        "num_leaves": 31,
        "learning_rate": 0.1,
        "min_child_samples": 5,
        "feature_fraction": 0.9,
        "bagging_fraction": 0.9,
        "bagging_freq": 5,
        "verbose": -1,
        "deterministic": true,
        "seed": 42
      }
    },
    {
      "fold": 3,
      "n_train": 580,
      "n_test": 145,
      "auc": 0.571380994638843,
      "log_loss": 2.314638500871466,
      "brier": 0.28710859770039343,
      "directional_accuracy": 0.4413793103448276,
      "baseline_auc": 0.605096883422339,
      "baseline_log_loss": 1.15361212269677,
      "baseline_brier": 0.2166594653215501,
      "baseline_directional_accuracy": 0.4896551724137931,
      "best_params": {
        "objective": "multiclass",
        "num_class": 3,
        "metric": "multi_logloss",
        "num_leaves": 31,
        "learning_rate": 0.1,
        "min_child_samples": 5,
        "feature_fraction": 0.9,
        "bagging_fraction": 0.9,
        "bagging_freq": 5,
        "verbose": -1,
        "deterministic": true,
        "seed": 42
      }
    },
    {
      "fold": 4,
      "n_train": 725,
      "n_test": 145,
      "auc": 0.5253934592101892,
      "log_loss": 2.1254894669561906,
      "brier": 0.324945783065345,
      "directional_accuracy": 0.3586206896551724,
      "baseline_auc": 0.4812959188348492,
      "baseline_log_loss": 1.064749813316806,
      "baseline_brier": 0.21535558830237408,
      "baseline_directional_accuracy": 0.3793103448275862,
      "best_params": {
        "objective": "multiclass",
        "num_class": 3,
        "metric": "multi_logloss",
        "num_leaves": 31,
        "learning_rate": 0.1,
        "min_child_samples": 5,
        "feature_fraction": 0.9,
        "bagging_fraction": 0.9,
        "bagging_freq": 5,
        "verbose": -1,
        "deterministic": true,
        "seed": 42
      }
    }
  ],
  "note": "Per-coin model for worldcoin-wld/5m.",
  "directional_call_share": 0.9314285714285714,
  "directional_call_share_n": 175,
  "directional_call_share_source": "holdout",
  "model_kind": "lightgbm",
  "prior_probs": [],
  "has_regression_head": true,
  "regression_head_stats": {
    "n_train_rows": 640,
    "n_holdout_rows": 160,
    "abs_pred_p50_pct": 0.3363598321636925,
    "abs_pred_p95_pct": 0.7465963659404621,
    "abs_pred_max_pct": 0.9166210975565054,
    "mae_pct": 0.304591666961359,
    "best_iteration": 43
  },
  "gates_alignment": {
    "n": 175,
    "source": "holdout",
    "min_directional_edge": 0.05,
    "min_expected_return_pct": 0.15,
    "aligned_share": 0.8057142857142857,
    "aligned_loud_share": 0.8057142857142857,
    "aligned_quiet_share": 0.0,
    "loud_classifier_quiet_regressor_share": 0.0,
    "quiet_classifier_loud_regressor_share": 0.19428571428571428,
    "dir_edge_p50": 0.12597193016773445,
    "dir_edge_p95": 0.33396777058748894,
    "abs_magnitude_pct_p50": 0.34054236722754394,
    "abs_magnitude_pct_p95": 0.7515950983266033
  }
}