{
  "coin_id": "render-token",
  "timeframe": "5m",
  "version": "20260422T082525Z",
  "feature_names": [
    "ret1",
    "ret5",
    "ret10",
    "momentum",
    "realizedVol",
    "rsi14",
    "macdLine",
    "macdSignal",
    "macdHist",
    "atr14",
    "atrPct",
    "ema9",
    "ema21",
    "emaSpreadPct",
    "distFromEma9Pct",
    "distFromEma21Pct",
    "bbUpper",
    "bbMiddle",
    "bbLower",
    "bbWidth",
    "bbPctB",
    "bbWidthPct",
    "news_etf_flow",
    "news_regulatory_risk",
    "news_exchange_outage",
    "news_macro_shock",
    "news_whale_move",
    "news_exploit_or_hack",
    "news_stablecoin_event",
    "news_narrative_rotation",
    "news_listing_or_delisting",
    "news_protocol_upgrade",
    "news_high_volume_breakout",
    "news_unusual_volatility",
    "coin_idx"
  ],
  "coin_vocab": [
    "render-token"
  ],
  "n_train_rows": 115,
  "n_test_rows": 63,
  "metrics": {
    "auc": 0.5189350660405748,
    "log_loss": 2.334010169313801,
    "brier": 0.30633802360760637,
    "directional_accuracy": 0.31746031746031744
  },
  "baseline_metrics": {
    "auc": 0.5003542304429326,
    "log_loss": 1.3059435846772656,
    "brier": 0.253864353945267,
    "directional_accuracy": 0.4444444444444444
  },
  "threshold_pct": 0.1,
  "horizon_candles": 1,
  "class_return_means_pct": [
    -0.2260776193469512,
    -0.00017592753178652466,
    0.27727808970196904
  ],
  "fold_metrics": [
    {
      "fold": 0,
      "n_train": 50,
      "n_test": 21,
      "auc": 0.5024658011352688,
      "log_loss": 1.2696644248544193,
      "brier": 0.2645262030726286,
      "directional_accuracy": 0.14285714285714285,
      "baseline_auc": 0.49808812413854436,
      "baseline_log_loss": 0.9135686919755072,
      "baseline_brier": 0.174280440512784,
      "baseline_directional_accuracy": 0.6666666666666666,
      "best_params": {
        "objective": "multiclass",
        "num_class": 3,
        "metric": "multi_logloss",
        "num_leaves": 63,
        "learning_rate": 0.0938393881004349,
        "min_child_samples": 23,
        "feature_fraction": 0.9,
        "bagging_fraction": 0.9,
        "bagging_freq": 5,
        "verbose": -1,
        "deterministic": true,
        "seed": 42
      }
    },
    {
      "fold": 1,
      "n_train": 71,
      "n_test": 21,
      "auc": 0.5216398525222055,
      "log_loss": 1.492886138343656,
      "brier": 0.2646735065969768,
      "directional_accuracy": 0.47619047619047616,
      "baseline_auc": 0.40124155075135465,
      "baseline_log_loss": 1.3464788547356326,
      "baseline_brier": 0.2710598492094684,
      "baseline_directional_accuracy": 0.42857142857142855,
      "best_params": {
        "objective": "multiclass",
        "num_class": 3,
        "metric": "multi_logloss",
        "num_leaves": 15,
        "learning_rate": 0.060113218328857784,
        "min_child_samples": 16,
        "feature_fraction": 0.9,
        "bagging_fraction": 0.9,
        "bagging_freq": 5,
        "verbose": -1,
        "deterministic": true,
        "seed": 42
      }
    },
    {
      "fold": 2,
      "n_train": 92,
      "n_test": 21,
      "auc": 0.5326995444642503,
      "log_loss": 4.239479944743327,
      "brier": 0.38981436115321366,
      "directional_accuracy": 0.3333333333333333,
      "baseline_auc": 0.6017330164388988,
      "baseline_log_loss": 1.6577832073206569,
      "baseline_brier": 0.31625277211354874,
      "baseline_directional_accuracy": 0.23809523809523808,
      "best_params": {
        "objective": "multiclass",
        "num_class": 3,
        "metric": "multi_logloss",
        "num_leaves": 15,
        "learning_rate": 0.09230320822645494,
        "min_child_samples": 6,
        "feature_fraction": 0.9,
        "bagging_fraction": 0.9,
        "bagging_freq": 5,
        "verbose": -1,
        "deterministic": true,
        "seed": 42
      }
    }
  ],
  "note": "Per-coin model for render-token/5m.",
  "directional_call_share": 0.08695652173913043,
  "directional_call_share_n": 23,
  "directional_call_share_source": "holdout",
  "model_kind": "lightgbm",
  "prior_probs": []
}