{
  "coin_id": "celestia",
  "timeframe": "1m",
  "version": "20260422T143510Z",
  "feature_names": [
    "ret1",
    "ret5",
    "ret10",
    "momentum",
    "realizedVol",
    "rsi14",
    "macdLine",
    "macdSignal",
    "macdHist",
    "atr14",
    "atrPct",
    "ema9",
    "ema21",
    "emaSpreadPct",
    "distFromEma9Pct",
    "distFromEma21Pct",
    "bbUpper",
    "bbMiddle",
    "bbLower",
    "bbWidth",
    "bbPctB",
    "bbWidthPct",
    "news_etf_flow",
    "news_regulatory_risk",
    "news_exchange_outage",
    "news_macro_shock",
    "news_whale_move",
    "news_exploit_or_hack",
    "news_stablecoin_event",
    "news_narrative_rotation",
    "news_listing_or_delisting",
    "news_protocol_upgrade",
    "news_high_volume_breakout",
    "news_unusual_volatility",
    "coin_idx"
  ],
  "coin_vocab": [
    "celestia"
  ],
  "n_train_rows": 1654,
  "n_test_rows": 1375,
  "metrics": {
    "auc": 0.5400866475562216,
    "log_loss": 2.892011042451366,
    "brier": 0.294918858985802,
    "directional_accuracy": 0.5003636363636363
  },
  "baseline_metrics": {
    "auc": 0.5384631300664373,
    "log_loss": 1.0550260502810613,
    "brier": 0.19540443865680104,
    "directional_accuracy": 0.552
  },
  "threshold_pct": 0.03,
  "horizon_candles": 1,
  "class_return_means_pct": [
    -0.43563662464986125,
    0.0008458305483171068,
    0.4822048767966061
  ],
  "fold_metrics": [
    {
      "fold": 0,
      "n_train": 275,
      "n_test": 275,
      "auc": 0.5739406720586192,
      "log_loss": 2.0920081915956046,
      "brier": 0.26795486483580705,
      "directional_accuracy": 0.52,
      "baseline_auc": 0.4971032149063304,
      "baseline_log_loss": 0.8515331508272551,
      "baseline_brier": 0.18322412438177757,
      "baseline_directional_accuracy": 0.49818181818181817,
      "best_params": {
        "objective": "multiclass",
        "num_class": 3,
        "metric": "multi_logloss",
        "num_leaves": 31,
        "learning_rate": 0.1,
        "min_child_samples": 5,
        "feature_fraction": 0.9,
        "bagging_fraction": 0.9,
        "bagging_freq": 5,
        "verbose": -1,
        "deterministic": true,
        "seed": 42
      }
    },
    {
      "fold": 1,
      "n_train": 550,
      "n_test": 275,
      "auc": 0.46677843239390776,
      "log_loss": 6.513706739773431,
      "brier": 0.4489804420155754,
      "directional_accuracy": 0.29818181818181816,
      "baseline_auc": 0.5863898015526043,
      "baseline_log_loss": 1.8615759839494421,
      "baseline_brier": 0.3036280027272608,
      "baseline_directional_accuracy": 0.27636363636363637,
      "best_params": {
        "objective": "multiclass",
        "num_class": 3,
        "metric": "multi_logloss",
        "num_leaves": 31,
        "learning_rate": 0.1,
        "min_child_samples": 5,
        "feature_fraction": 0.9,
        "bagging_fraction": 0.9,
        "bagging_freq": 5,
        "verbose": -1,
        "deterministic": true,
        "seed": 42
      }
    },
    {
      "fold": 2,
      "n_train": 825,
      "n_test": 275,
      "auc": 0.4974540804789864,
      "log_loss": 2.992182668368679,
      "brier": 0.34983837594671613,
      "directional_accuracy": 0.41818181818181815,
      "baseline_auc": 0.47125356619635134,
      "baseline_log_loss": 0.9013529376837874,
      "baseline_brier": 0.17565955869903596,
      "baseline_directional_accuracy": 0.6145454545454545,
      "best_params": {
        "objective": "multiclass",
        "num_class": 3,
        "metric": "multi_logloss",
        "num_leaves": 31,
        "learning_rate": 0.1,
        "min_child_samples": 5,
        "feature_fraction": 0.9,
        "bagging_fraction": 0.9,
        "bagging_freq": 5,
        "verbose": -1,
        "deterministic": true,
        "seed": 42
      }
    },
    {
      "fold": 3,
      "n_train": 1100,
      "n_test": 275,
      "auc": 0.5833517526368667,
      "log_loss": 1.464554997550076,
      "brier": 0.21585472889093693,
      "directional_accuracy": 0.6,
      "baseline_auc": 0.6011439417162298,
      "baseline_log_loss": 0.7989556258028854,
      "baseline_brier": 0.14972245458098202,
      "baseline_directional_accuracy": 0.6945454545454546,
      "best_params": {
        "objective": "multiclass",
        "num_class": 3,
        "metric": "multi_logloss",
        "num_leaves": 31,
        "learning_rate": 0.1,
        "min_child_samples": 5,
        "feature_fraction": 0.9,
        "bagging_fraction": 0.9,
        "bagging_freq": 5,
        "verbose": -1,
        "deterministic": true,
        "seed": 42
      }
    },
    {
      "fold": 4,
      "n_train": 1375,
      "n_test": 275,
      "auc": 0.5789083002127277,
      "log_loss": 1.3976026149690406,
      "brier": 0.19196588323997474,
      "directional_accuracy": 0.6654545454545454,
      "baseline_auc": 0.5364251259606707,
      "baseline_log_loss": 0.8617125531419374,
      "baseline_brier": 0.16478805289494894,
      "baseline_directional_accuracy": 0.6763636363636364,
      "best_params": {
        "objective": "multiclass",
        "num_class": 3,
        "metric": "multi_logloss",
        "num_leaves": 31,
        "learning_rate": 0.1,
        "min_child_samples": 5,
        "feature_fraction": 0.9,
        "bagging_fraction": 0.9,
        "bagging_freq": 5,
        "verbose": -1,
        "deterministic": true,
        "seed": 42
      }
    }
  ],
  "note": "Per-coin model for celestia/1m.",
  "directional_call_share": 0.0030211480362537764,
  "directional_call_share_n": 331,
  "directional_call_share_source": "holdout",
  "model_kind": "lightgbm",
  "prior_probs": [],
  "has_regression_head": true,
  "regression_head_stats": {
    "n_train_rows": 741,
    "n_holdout_rows": 186,
    "abs_pred_p50_pct": 0.13679718143478173,
    "abs_pred_p95_pct": 0.43909573256257933,
    "abs_pred_max_pct": 0.589644754381474,
    "mae_pct": 0.12336755209338583,
    "best_iteration": 50
  },
  "gates_alignment": {
    "n": 331,
    "source": "holdout",
    "min_directional_edge": 0.05,
    "min_expected_return_pct": 0.15,
    "aligned_share": 0.25075528700906347,
    "aligned_loud_share": 0.12084592145015106,
    "aligned_quiet_share": 0.1299093655589124,
    "loud_classifier_quiet_regressor_share": 0.7069486404833837,
    "quiet_classifier_loud_regressor_share": 0.04229607250755287,
    "dir_edge_p50": 0.0964471905773315,
    "dir_edge_p95": 0.14122517335772555,
    "abs_magnitude_pct_p50": 0.13679718143478173,
    "abs_magnitude_pct_p95": 0.1559400746036461
  }
}