{
  "coin_id": "dogwifcoin",
  "timeframe": "1h",
  "version": "20260422T094905Z",
  "feature_names": [
    "ret1",
    "ret5",
    "ret10",
    "momentum",
    "realizedVol",
    "rsi14",
    "macdLine",
    "macdSignal",
    "macdHist",
    "atr14",
    "atrPct",
    "ema9",
    "ema21",
    "emaSpreadPct",
    "distFromEma9Pct",
    "distFromEma21Pct",
    "bbUpper",
    "bbMiddle",
    "bbLower",
    "bbWidth",
    "bbPctB",
    "bbWidthPct",
    "news_etf_flow",
    "news_regulatory_risk",
    "news_exchange_outage",
    "news_macro_shock",
    "news_whale_move",
    "news_exploit_or_hack",
    "news_stablecoin_event",
    "news_narrative_rotation",
    "news_listing_or_delisting",
    "news_protocol_upgrade",
    "news_high_volume_breakout",
    "news_unusual_volatility",
    "coin_idx"
  ],
  "coin_vocab": [
    "dogwifcoin"
  ],
  "n_train_rows": 685,
  "n_test_rows": 570,
  "metrics": {
    "auc": 0.5276942821118371,
    "log_loss": 3.222531106853581,
    "brier": 0.36403896228199,
    "directional_accuracy": 0.3543859649122807
  },
  "baseline_metrics": {
    "auc": 0.5145836323684119,
    "log_loss": 1.1083031982684606,
    "brier": 0.22471136896656896,
    "directional_accuracy": 0.38245614035087716
  },
  "threshold_pct": 0.2,
  "horizon_candles": 1,
  "class_return_means_pct": [
    -0.7443266575078391,
    -0.015306543396023418,
    0.8241668871257556
  ],
  "fold_metrics": [
    {
      "fold": 0,
      "n_train": 114,
      "n_test": 114,
      "auc": 0.5456246172492812,
      "log_loss": 2.592648638471347,
      "brier": 0.3446631329261747,
      "directional_accuracy": 0.37719298245614036,
      "baseline_auc": 0.5105228716641458,
      "baseline_log_loss": 1.0772113116837299,
      "baseline_brier": 0.21794736020181693,
      "baseline_directional_accuracy": 0.43859649122807015,
      "best_params": {
        "objective": "multiclass",
        "num_class": 3,
        "metric": "multi_logloss",
        "num_leaves": 31,
        "learning_rate": 0.1,
        "min_child_samples": 5,
        "feature_fraction": 0.9,
        "bagging_fraction": 0.9,
        "bagging_freq": 5,
        "verbose": -1,
        "deterministic": true,
        "seed": 42
      }
    },
    {
      "fold": 1,
      "n_train": 228,
      "n_test": 114,
      "auc": 0.5242082909672937,
      "log_loss": 3.8219153058240525,
      "brier": 0.39076913475968106,
      "directional_accuracy": 0.32456140350877194,
      "baseline_auc": 0.5090905327516593,
      "baseline_log_loss": 1.1828164971897868,
      "baseline_brier": 0.24073130378198135,
      "baseline_directional_accuracy": 0.35964912280701755,
      "best_params": {
        "objective": "multiclass",
        "num_class": 3,
        "metric": "multi_logloss",
        "num_leaves": 31,
        "learning_rate": 0.1,
        "min_child_samples": 5,
        "feature_fraction": 0.9,
        "bagging_fraction": 0.9,
        "bagging_freq": 5,
        "verbose": -1,
        "deterministic": true,
        "seed": 42
      }
    },
    {
      "fold": 2,
      "n_train": 342,
      "n_test": 114,
      "auc": 0.5449095979711792,
      "log_loss": 2.677086553229715,
      "brier": 0.3201788761698064,
      "directional_accuracy": 0.4298245614035088,
      "baseline_auc": 0.5350376917292191,
      "baseline_log_loss": 1.0968386709164621,
      "baseline_brier": 0.22218835074171814,
      "baseline_directional_accuracy": 0.38596491228070173,
      "best_params": {
        "objective": "multiclass",
        "num_class": 3,
        "metric": "multi_logloss",
        "num_leaves": 31,
        "learning_rate": 0.1,
        "min_child_samples": 5,
        "feature_fraction": 0.9,
        "bagging_fraction": 0.9,
        "bagging_freq": 5,
        "verbose": -1,
        "deterministic": true,
        "seed": 42
      }
    },
    {
      "fold": 3,
      "n_train": 456,
      "n_test": 114,
      "auc": 0.5437189235703114,
      "log_loss": 3.552574406110713,
      "brier": 0.3676323784919493,
      "directional_accuracy": 0.3684210526315789,
      "baseline_auc": 0.5134362622375396,
      "baseline_log_loss": 1.057546147269016,
      "baseline_brier": 0.21443093883383077,
      "baseline_directional_accuracy": 0.43859649122807015,
      "best_params": {
        "objective": "multiclass",
        "num_class": 3,
        "metric": "multi_logloss",
        "num_leaves": 31,
        "learning_rate": 0.1,
        "min_child_samples": 5,
        "feature_fraction": 0.9,
        "bagging_fraction": 0.9,
        "bagging_freq": 5,
        "verbose": -1,
        "deterministic": true,
        "seed": 42
      }
    },
    {
      "fold": 4,
      "n_train": 570,
      "n_test": 114,
      "auc": 0.48000998080112006,
      "log_loss": 3.4684306306320773,
      "brier": 0.3969512890623385,
      "directional_accuracy": 0.2719298245614035,
      "baseline_auc": 0.5048308034594955,
      "baseline_log_loss": 1.1271033642833084,
      "baseline_brier": 0.22825889127349763,
      "baseline_directional_accuracy": 0.2894736842105263,
      "best_params": {
        "objective": "multiclass",
        "num_class": 3,
        "metric": "multi_logloss",
        "num_leaves": 31,
        "learning_rate": 0.1,
        "min_child_samples": 5,
        "feature_fraction": 0.9,
        "bagging_fraction": 0.9,
        "bagging_freq": 5,
        "verbose": -1,
        "deterministic": true,
        "seed": 42
      }
    }
  ],
  "note": "Per-coin model for dogwifcoin/1h.",
  "directional_call_share": 1.0,
  "directional_call_share_n": 137,
  "directional_call_share_source": "holdout",
  "model_kind": "lightgbm",
  "prior_probs": [],
  "has_regression_head": true,
  "regression_head_stats": {
    "n_train_rows": 406,
    "n_holdout_rows": 102,
    "abs_pred_p50_pct": 0.834251916431897,
    "abs_pred_p95_pct": 1.0127510761821332,
    "abs_pred_max_pct": 1.1505355768974646,
    "mae_pct": 0.4654447986236239,
    "best_iteration": 7
  },
  "gates_alignment": {
    "n": 137,
    "source": "holdout",
    "min_directional_edge": 0.05,
    "min_expected_return_pct": 0.15,
    "aligned_share": 0.7007299270072993,
    "aligned_loud_share": 0.7007299270072993,
    "aligned_quiet_share": 0.0,
    "loud_classifier_quiet_regressor_share": 0.0,
    "quiet_classifier_loud_regressor_share": 0.29927007299270075,
    "dir_edge_p50": 0.06923049172048057,
    "dir_edge_p95": 0.5732758620689656,
    "abs_magnitude_pct_p50": 0.8295392300708518,
    "abs_magnitude_pct_p95": 1.0098485704978442
  }
}