{
  "coin_id": "bonk",
  "timeframe": "1m",
  "version": "20260422T094104Z",
  "feature_names": [
    "ret1",
    "ret5",
    "ret10",
    "momentum",
    "realizedVol",
    "rsi14",
    "macdLine",
    "macdSignal",
    "macdHist",
    "atr14",
    "atrPct",
    "ema9",
    "ema21",
    "emaSpreadPct",
    "distFromEma9Pct",
    "distFromEma21Pct",
    "bbUpper",
    "bbMiddle",
    "bbLower",
    "bbWidth",
    "bbPctB",
    "bbWidthPct",
    "news_etf_flow",
    "news_regulatory_risk",
    "news_exchange_outage",
    "news_macro_shock",
    "news_whale_move",
    "news_exploit_or_hack",
    "news_stablecoin_event",
    "news_narrative_rotation",
    "news_listing_or_delisting",
    "news_protocol_upgrade",
    "news_high_volume_breakout",
    "news_unusual_volatility",
    "coin_idx"
  ],
  "coin_vocab": [
    "bonk"
  ],
  "n_train_rows": 1937,
  "n_test_rows": 1615,
  "metrics": {
    "auc": 0.5407941028722496,
    "log_loss": 2.603871770253524,
    "brier": 0.2968789821711122,
    "directional_accuracy": 0.4681114551083591
  },
  "baseline_metrics": {
    "auc": 0.558099392776219,
    "log_loss": 1.000606832268904,
    "brier": 0.19796550055347514,
    "directional_accuracy": 0.5399380804953561
  },
  "threshold_pct": 0.03,
  "horizon_candles": 1,
  "class_return_means_pct": [
    -0.3078326485625792,
    6.627649064591361e-05,
    0.4058948410267077
  ],
  "fold_metrics": [
    {
      "fold": 0,
      "n_train": 322,
      "n_test": 323,
      "auc": 0.6110053096710106,
      "log_loss": 2.2464387041899143,
      "brier": 0.28840319613136123,
      "directional_accuracy": 0.49226006191950467,
      "baseline_auc": 0.5560685339938406,
      "baseline_log_loss": 0.9813722375665795,
      "baseline_brier": 0.19781806214204864,
      "baseline_directional_accuracy": 0.5077399380804953,
      "best_params": {
        "objective": "multiclass",
        "num_class": 3,
        "metric": "multi_logloss",
        "num_leaves": 31,
        "learning_rate": 0.1,
        "min_child_samples": 5,
        "feature_fraction": 0.9,
        "bagging_fraction": 0.9,
        "bagging_freq": 5,
        "verbose": -1,
        "deterministic": true,
        "seed": 42
      }
    },
    {
      "fold": 1,
      "n_train": 645,
      "n_test": 323,
      "auc": 0.5645854008070428,
      "log_loss": 2.502788547319529,
      "brier": 0.2873629837507447,
      "directional_accuracy": 0.49226006191950467,
      "baseline_auc": 0.5534070054824478,
      "baseline_log_loss": 0.9725355395400163,
      "baseline_brier": 0.19841955347778098,
      "baseline_directional_accuracy": 0.48297213622291024,
      "best_params": {
        "objective": "multiclass",
        "num_class": 3,
        "metric": "multi_logloss",
        "num_leaves": 31,
        "learning_rate": 0.1,
        "min_child_samples": 5,
        "feature_fraction": 0.9,
        "bagging_fraction": 0.9,
        "bagging_freq": 5,
        "verbose": -1,
        "deterministic": true,
        "seed": 42
      }
    },
    {
      "fold": 2,
      "n_train": 968,
      "n_test": 323,
      "auc": 0.41008129795186415,
      "log_loss": 5.383757190965544,
      "brier": 0.4332583976632515,
      "directional_accuracy": 0.2848297213622291,
      "baseline_auc": 0.6260692370622593,
      "baseline_log_loss": 1.2962332915247265,
      "baseline_brier": 0.25945734444193996,
      "baseline_directional_accuracy": 0.28173374613003094,
      "best_params": {
        "objective": "multiclass",
        "num_class": 3,
        "metric": "multi_logloss",
        "num_leaves": 31,
        "learning_rate": 0.1,
        "min_child_samples": 5,
        "feature_fraction": 0.9,
        "bagging_fraction": 0.9,
        "bagging_freq": 5,
        "verbose": -1,
        "deterministic": true,
        "seed": 42
      }
    },
    {
      "fold": 3,
      "n_train": 1291,
      "n_test": 323,
      "auc": 0.5625239544928428,
      "log_loss": 1.409205119397464,
      "brier": 0.23756320562844624,
      "directional_accuracy": 0.5170278637770898,
      "baseline_auc": 0.4701608450839023,
      "baseline_log_loss": 0.8646414075648501,
      "baseline_brier": 0.16617871318411043,
      "baseline_directional_accuracy": 0.7647058823529411,
      "best_params": {
        "objective": "multiclass",
        "num_class": 3,
        "metric": "multi_logloss",
        "num_leaves": 31,
        "learning_rate": 0.1,
        "min_child_samples": 5,
        "feature_fraction": 0.9,
        "bagging_fraction": 0.9,
        "bagging_freq": 5,
        "verbose": -1,
        "deterministic": true,
        "seed": 42
      }
    },
    {
      "fold": 4,
      "n_train": 1614,
      "n_test": 323,
      "auc": 0.5557745514384871,
      "log_loss": 1.4771692893951653,
      "brier": 0.23780712768175719,
      "directional_accuracy": 0.5541795665634675,
      "baseline_auc": 0.5847913422586453,
      "baseline_log_loss": 0.8882516851483477,
      "baseline_brier": 0.16795382952149573,
      "baseline_directional_accuracy": 0.6625386996904025,
      "best_params": {
        "objective": "multiclass",
        "num_class": 3,
        "metric": "multi_logloss",
        "num_leaves": 31,
        "learning_rate": 0.1,
        "min_child_samples": 5,
        "feature_fraction": 0.9,
        "bagging_fraction": 0.9,
        "bagging_freq": 5,
        "verbose": -1,
        "deterministic": true,
        "seed": 42
      }
    }
  ],
  "note": "Per-coin model for bonk/1m.",
  "directional_call_share": 0.010309278350515464,
  "directional_call_share_n": 388,
  "directional_call_share_source": "holdout",
  "model_kind": "lightgbm",
  "prior_probs": [],
  "has_regression_head": true,
  "regression_head_stats": {
    "n_train_rows": 982,
    "n_holdout_rows": 246,
    "abs_pred_p50_pct": 0.36615952925480383,
    "abs_pred_p95_pct": 0.422033197026568,
    "abs_pred_max_pct": 0.5975490280517244,
    "mae_pct": 0.2980352422264687,
    "best_iteration": 7
  },
  "gates_alignment": {
    "n": 388,
    "source": "holdout",
    "min_directional_edge": 0.05,
    "min_expected_return_pct": 0.15,
    "aligned_share": 0.5489690721649485,
    "aligned_loud_share": 0.5489690721649485,
    "aligned_quiet_share": 0.0,
    "loud_classifier_quiet_regressor_share": 0.0,
    "quiet_classifier_loud_regressor_share": 0.45103092783505155,
    "dir_edge_p50": 0.07144434555963879,
    "dir_edge_p95": 0.20075901279281375,
    "abs_magnitude_pct_p50": 0.3639973558218001,
    "abs_magnitude_pct_p95": 0.41077976278969336
  }
}