{
  "coin_id": "injective-protocol",
  "timeframe": "1h",
  "version": "20260422T154622Z",
  "feature_names": [
    "ret1",
    "ret5",
    "ret10",
    "momentum",
    "realizedVol",
    "rsi14",
    "macdLine",
    "macdSignal",
    "macdHist",
    "atr14",
    "atrPct",
    "ema9",
    "ema21",
    "emaSpreadPct",
    "distFromEma9Pct",
    "distFromEma21Pct",
    "bbUpper",
    "bbMiddle",
    "bbLower",
    "bbWidth",
    "bbPctB",
    "bbWidthPct",
    "news_etf_flow",
    "news_regulatory_risk",
    "news_exchange_outage",
    "news_macro_shock",
    "news_whale_move",
    "news_exploit_or_hack",
    "news_stablecoin_event",
    "news_narrative_rotation",
    "news_listing_or_delisting",
    "news_protocol_upgrade",
    "news_high_volume_breakout",
    "news_unusual_volatility",
    "coin_idx"
  ],
  "coin_vocab": [
    "injective-protocol"
  ],
  "n_train_rows": 684,
  "n_test_rows": 570,
  "metrics": {
    "auc": 0.5148159362621078,
    "log_loss": 2.9408278751368413,
    "brier": 0.3510859460740531,
    "directional_accuracy": 0.37017543859649127
  },
  "baseline_metrics": {
    "auc": 0.5202248536290817,
    "log_loss": 1.17586095663277,
    "brier": 0.23501709059472406,
    "directional_accuracy": 0.34035087719298246
  },
  "threshold_pct": 0.2,
  "horizon_candles": 1,
  "class_return_means_pct": [
    -0.6051124605941932,
    0.001918323821705627,
    0.6518844482942638
  ],
  "fold_metrics": [
    {
      "fold": 0,
      "n_train": 114,
      "n_test": 114,
      "auc": 0.5517595441445535,
      "log_loss": 2.70218686555733,
      "brier": 0.3330985369631779,
      "directional_accuracy": 0.41228070175438597,
      "baseline_auc": 0.5070828287222094,
      "baseline_log_loss": 1.2013179136774832,
      "baseline_brier": 0.24523924075668221,
      "baseline_directional_accuracy": 0.2894736842105263,
      "best_params": {
        "objective": "multiclass",
        "num_class": 3,
        "metric": "multi_logloss",
        "num_leaves": 31,
        "learning_rate": 0.1,
        "min_child_samples": 5,
        "feature_fraction": 0.9,
        "bagging_fraction": 0.9,
        "bagging_freq": 5,
        "verbose": -1,
        "deterministic": true,
        "seed": 42
      }
    },
    {
      "fold": 1,
      "n_train": 228,
      "n_test": 114,
      "auc": 0.5555476933749275,
      "log_loss": 3.6951349683460197,
      "brier": 0.3563475019456273,
      "directional_accuracy": 0.39473684210526316,
      "baseline_auc": 0.5038884893756063,
      "baseline_log_loss": 1.292107328732722,
      "baseline_brier": 0.24412194606988533,
      "baseline_directional_accuracy": 0.3333333333333333,
      "best_params": {
        "objective": "multiclass",
        "num_class": 3,
        "metric": "multi_logloss",
        "num_leaves": 31,
        "learning_rate": 0.1,
        "min_child_samples": 5,
        "feature_fraction": 0.9,
        "bagging_fraction": 0.9,
        "bagging_freq": 5,
        "verbose": -1,
        "deterministic": true,
        "seed": 42
      }
    },
    {
      "fold": 2,
      "n_train": 342,
      "n_test": 114,
      "auc": 0.48487240467103687,
      "log_loss": 2.712176830642947,
      "brier": 0.3645488901605946,
      "directional_accuracy": 0.32456140350877194,
      "baseline_auc": 0.5401556831540194,
      "baseline_log_loss": 1.0947387050182402,
      "baseline_brier": 0.221382807191792,
      "baseline_directional_accuracy": 0.3684210526315789,
      "best_params": {
        "objective": "multiclass",
        "num_class": 3,
        "metric": "multi_logloss",
        "num_leaves": 31,
        "learning_rate": 0.1,
        "min_child_samples": 5,
        "feature_fraction": 0.9,
        "bagging_fraction": 0.9,
        "bagging_freq": 5,
        "verbose": -1,
        "deterministic": true,
        "seed": 42
      }
    },
    {
      "fold": 3,
      "n_train": 456,
      "n_test": 114,
      "auc": 0.5034608856808679,
      "log_loss": 2.992696223289577,
      "brier": 0.3574163346149471,
      "directional_accuracy": 0.3508771929824561,
      "baseline_auc": 0.5463156090452483,
      "baseline_log_loss": 1.1531928015530715,
      "baseline_brier": 0.23353592793185526,
      "baseline_directional_accuracy": 0.34210526315789475,
      "best_params": {
        "objective": "multiclass",
        "num_class": 3,
        "metric": "multi_logloss",
        "num_leaves": 31,
        "learning_rate": 0.1,
        "min_child_samples": 5,
        "feature_fraction": 0.9,
        "bagging_fraction": 0.9,
        "bagging_freq": 5,
        "verbose": -1,
        "deterministic": true,
        "seed": 42
      }
    },
    {
      "fold": 4,
      "n_train": 570,
      "n_test": 114,
      "auc": 0.47843915343915344,
      "log_loss": 2.601944487848333,
      "brier": 0.34401846668591834,
      "directional_accuracy": 0.3684210526315789,
      "baseline_auc": 0.5036816578483245,
      "baseline_log_loss": 1.1379480341823334,
      "baseline_brier": 0.23080553102340542,
      "baseline_directional_accuracy": 0.3684210526315789,
      "best_params": {
        "objective": "multiclass",
        "num_class": 3,
        "metric": "multi_logloss",
        "num_leaves": 31,
        "learning_rate": 0.1,
        "min_child_samples": 5,
        "feature_fraction": 0.9,
        "bagging_fraction": 0.9,
        "bagging_freq": 5,
        "verbose": -1,
        "deterministic": true,
        "seed": 42
      }
    }
  ],
  "note": "Per-coin model for injective-protocol/1h.",
  "directional_call_share": 1.0,
  "directional_call_share_n": 137,
  "directional_call_share_source": "holdout",
  "model_kind": "lightgbm",
  "prior_probs": [],
  "has_regression_head": true,
  "regression_head_stats": {
    "n_train_rows": 378,
    "n_holdout_rows": 95,
    "abs_pred_p50_pct": 0.6124895144976952,
    "abs_pred_p95_pct": 0.733564081029688,
    "abs_pred_max_pct": 0.7797317342800028,
    "mae_pct": 0.288609339080051,
    "best_iteration": 11
  },
  "gates_alignment": {
    "n": 137,
    "source": "holdout",
    "min_directional_edge": 0.05,
    "min_expected_return_pct": 0.15,
    "aligned_share": 0.45255474452554745,
    "aligned_loud_share": 0.45255474452554745,
    "aligned_quiet_share": 0.0,
    "loud_classifier_quiet_regressor_share": 0.0,
    "quiet_classifier_loud_regressor_share": 0.5474452554744526,
    "dir_edge_p50": 0.015495598234110008,
    "dir_edge_p95": 0.29746039728438517,
    "abs_magnitude_pct_p50": 0.6052640563566214,
    "abs_magnitude_pct_p95": 0.7203880575355229
  }
}