{
  "coin_id": "celestia",
  "timeframe": "5m",
  "version": "20260422T094002Z",
  "feature_names": [
    "ret1",
    "ret5",
    "ret10",
    "momentum",
    "realizedVol",
    "rsi14",
    "macdLine",
    "macdSignal",
    "macdHist",
    "atr14",
    "atrPct",
    "ema9",
    "ema21",
    "emaSpreadPct",
    "distFromEma9Pct",
    "distFromEma21Pct",
    "bbUpper",
    "bbMiddle",
    "bbLower",
    "bbWidth",
    "bbPctB",
    "bbWidthPct",
    "news_etf_flow",
    "news_regulatory_risk",
    "news_exchange_outage",
    "news_macro_shock",
    "news_whale_move",
    "news_exploit_or_hack",
    "news_stablecoin_event",
    "news_narrative_rotation",
    "news_listing_or_delisting",
    "news_protocol_upgrade",
    "news_high_volume_breakout",
    "news_unusual_volatility",
    "coin_idx"
  ],
  "coin_vocab": [
    "celestia"
  ],
  "n_train_rows": 836,
  "n_test_rows": 695,
  "metrics": {
    "auc": 0.5223767910136315,
    "log_loss": 2.9058134370739888,
    "brier": 0.3486477645493071,
    "directional_accuracy": 0.37410071942446044
  },
  "baseline_metrics": {
    "auc": 0.49279691207441123,
    "log_loss": 1.042829960562027,
    "brier": 0.2137164445557736,
    "directional_accuracy": 0.39424460431654673
  },
  "threshold_pct": 0.1,
  "horizon_candles": 1,
  "class_return_means_pct": [
    -0.5825256043598481,
    0.00042243136166345496,
    0.6720007774082242
  ],
  "fold_metrics": [
    {
      "fold": 0,
      "n_train": 139,
      "n_test": 139,
      "auc": 0.4685325704944085,
      "log_loss": 3.284909754256696,
      "brier": 0.3749380143675509,
      "directional_accuracy": 0.33093525179856115,
      "baseline_auc": 0.46041057556388454,
      "baseline_log_loss": 1.043707748485779,
      "baseline_brier": 0.211743760742603,
      "baseline_directional_accuracy": 0.41007194244604317,
      "best_params": {
        "objective": "multiclass",
        "num_class": 3,
        "metric": "multi_logloss",
        "num_leaves": 31,
        "learning_rate": 0.1,
        "min_child_samples": 5,
        "feature_fraction": 0.9,
        "bagging_fraction": 0.9,
        "bagging_freq": 5,
        "verbose": -1,
        "deterministic": true,
        "seed": 42
      }
    },
    {
      "fold": 1,
      "n_train": 278,
      "n_test": 139,
      "auc": 0.6043785624398549,
      "log_loss": 2.5688527646989585,
      "brier": 0.29773499054232944,
      "directional_accuracy": 0.4676258992805755,
      "baseline_auc": 0.5159856392034939,
      "baseline_log_loss": 1.0129183142309361,
      "baseline_brier": 0.20425737676587072,
      "baseline_directional_accuracy": 0.460431654676259,
      "best_params": {
        "objective": "multiclass",
        "num_class": 3,
        "metric": "multi_logloss",
        "num_leaves": 31,
        "learning_rate": 0.1,
        "min_child_samples": 5,
        "feature_fraction": 0.9,
        "bagging_fraction": 0.9,
        "bagging_freq": 5,
        "verbose": -1,
        "deterministic": true,
        "seed": 42
      }
    },
    {
      "fold": 2,
      "n_train": 417,
      "n_test": 139,
      "auc": 0.5006875890325891,
      "log_loss": 2.8614394491195796,
      "brier": 0.3352682515575533,
      "directional_accuracy": 0.4172661870503597,
      "baseline_auc": 0.43113705560818455,
      "baseline_log_loss": 0.9680887030084142,
      "baseline_brier": 0.19868271919608516,
      "baseline_directional_accuracy": 0.4244604316546763,
      "best_params": {
        "objective": "multiclass",
        "num_class": 3,
        "metric": "multi_logloss",
        "num_leaves": 31,
        "learning_rate": 0.1,
        "min_child_samples": 5,
        "feature_fraction": 0.9,
        "bagging_fraction": 0.9,
        "bagging_freq": 5,
        "verbose": -1,
        "deterministic": true,
        "seed": 42
      }
    },
    {
      "fold": 3,
      "n_train": 556,
      "n_test": 139,
      "auc": 0.5590228523558735,
      "log_loss": 3.0375565188026887,
      "brier": 0.3528599527563279,
      "directional_accuracy": 0.4028776978417266,
      "baseline_auc": 0.577781774177014,
      "baseline_log_loss": 1.0510722465540896,
      "baseline_brier": 0.22348142370671323,
      "baseline_directional_accuracy": 0.381294964028777,
      "best_params": {
        "objective": "multiclass",
        "num_class": 3,
        "metric": "multi_logloss",
        "num_leaves": 31,
        "learning_rate": 0.1,
        "min_child_samples": 5,
        "feature_fraction": 0.9,
        "bagging_fraction": 0.9,
        "bagging_freq": 5,
        "verbose": -1,
        "deterministic": true,
        "seed": 42
      }
    },
    {
      "fold": 4,
      "n_train": 695,
      "n_test": 139,
      "auc": 0.47926238074543154,
      "log_loss": 2.776308698492019,
      "brier": 0.3824376135227741,
      "directional_accuracy": 0.2517985611510791,
      "baseline_auc": 0.478669515819479,
      "baseline_log_loss": 1.1383627905309175,
      "baseline_brier": 0.2304169423675957,
      "baseline_directional_accuracy": 0.2949640287769784,
      "best_params": {
        "objective": "multiclass",
        "num_class": 3,
        "metric": "multi_logloss",
        "num_leaves": 31,
        "learning_rate": 0.1,
        "min_child_samples": 5,
        "feature_fraction": 0.9,
        "bagging_fraction": 0.9,
        "bagging_freq": 5,
        "verbose": -1,
        "deterministic": true,
        "seed": 42
      }
    }
  ],
  "note": "Per-coin model for celestia/5m.",
  "directional_call_share": 0.0,
  "directional_call_share_n": 168,
  "directional_call_share_source": "holdout",
  "model_kind": "lightgbm",
  "prior_probs": [],
  "has_regression_head": true,
  "regression_head_stats": {
    "n_train_rows": 525,
    "n_holdout_rows": 132,
    "abs_pred_p50_pct": 0.5293516683663357,
    "abs_pred_p95_pct": 0.7408124346464133,
    "abs_pred_max_pct": 1.0115458365120922,
    "mae_pct": 0.3803511382020025,
    "best_iteration": 25
  }
}