{
  "coin_id": "worldcoin-wld",
  "timeframe": "5m",
  "version": "20260422T102046Z",
  "feature_names": [
    "ret1",
    "ret5",
    "ret10",
    "momentum",
    "realizedVol",
    "rsi14",
    "macdLine",
    "macdSignal",
    "macdHist",
    "atr14",
    "atrPct",
    "ema9",
    "ema21",
    "emaSpreadPct",
    "distFromEma9Pct",
    "distFromEma21Pct",
    "bbUpper",
    "bbMiddle",
    "bbLower",
    "bbWidth",
    "bbPctB",
    "bbWidthPct",
    "news_etf_flow",
    "news_regulatory_risk",
    "news_exchange_outage",
    "news_macro_shock",
    "news_whale_move",
    "news_exploit_or_hack",
    "news_stablecoin_event",
    "news_narrative_rotation",
    "news_listing_or_delisting",
    "news_protocol_upgrade",
    "news_high_volume_breakout",
    "news_unusual_volatility",
    "coin_idx"
  ],
  "coin_vocab": [
    "worldcoin-wld"
  ],
  "n_train_rows": 843,
  "n_test_rows": 700,
  "metrics": {
    "auc": 0.5211991407338915,
    "log_loss": 2.5615450576604193,
    "brier": 0.30507924155259036,
    "directional_accuracy": 0.46142857142857147
  },
  "baseline_metrics": {
    "auc": 0.5376237327410857,
    "log_loss": 0.9340438731541069,
    "brier": 0.19240984594672986,
    "directional_accuracy": 0.4671428571428571
  },
  "threshold_pct": 0.04,
  "horizon_candles": 1,
  "class_return_means_pct": [
    -0.6739363842907545,
    -0.0012944170553723104,
    0.6555043642751482
  ],
  "fold_metrics": [
    {
      "fold": 0,
      "n_train": 140,
      "n_test": 140,
      "auc": 0.4710529733779034,
      "log_loss": 2.7919423495262063,
      "brier": 0.3065006567265809,
      "directional_accuracy": 0.4714285714285714,
      "baseline_auc": 0.5049393730556196,
      "baseline_log_loss": 0.8300205285202068,
      "baseline_brier": 0.177735142099515,
      "baseline_directional_accuracy": 0.4857142857142857,
      "best_params": {
        "objective": "multiclass",
        "num_class": 3,
        "metric": "multi_logloss",
        "num_leaves": 31,
        "learning_rate": 0.1,
        "min_child_samples": 5,
        "feature_fraction": 0.9,
        "bagging_fraction": 0.9,
        "bagging_freq": 5,
        "verbose": -1,
        "deterministic": true,
        "seed": 42
      }
    },
    {
      "fold": 1,
      "n_train": 280,
      "n_test": 140,
      "auc": 0.5585214380636548,
      "log_loss": 2.1577333752084327,
      "brier": 0.2631504567937723,
      "directional_accuracy": 0.5357142857142857,
      "baseline_auc": 0.5029456051558525,
      "baseline_log_loss": 0.8886304883556362,
      "baseline_brier": 0.18433653566462524,
      "baseline_directional_accuracy": 0.4714285714285714,
      "best_params": {
        "objective": "multiclass",
        "num_class": 3,
        "metric": "multi_logloss",
        "num_leaves": 31,
        "learning_rate": 0.1,
        "min_child_samples": 5,
        "feature_fraction": 0.9,
        "bagging_fraction": 0.9,
        "bagging_freq": 5,
        "verbose": -1,
        "deterministic": true,
        "seed": 42
      }
    },
    {
      "fold": 2,
      "n_train": 420,
      "n_test": 140,
      "auc": 0.49670476322141727,
      "log_loss": 2.8128748284598997,
      "brier": 0.3088126305181938,
      "directional_accuracy": 0.4714285714285714,
      "baseline_auc": 0.5522180893013627,
      "baseline_log_loss": 0.7937535410523799,
      "baseline_brier": 0.1754058726574673,
      "baseline_directional_accuracy": 0.5,
      "best_params": {
        "objective": "multiclass",
        "num_class": 3,
        "metric": "multi_logloss",
        "num_leaves": 31,
        "learning_rate": 0.1,
        "min_child_samples": 5,
        "feature_fraction": 0.9,
        "bagging_fraction": 0.9,
        "bagging_freq": 5,
        "verbose": -1,
        "deterministic": true,
        "seed": 42
      }
    },
    {
      "fold": 3,
      "n_train": 560,
      "n_test": 140,
      "auc": 0.575529523331381,
      "log_loss": 2.1884332019136106,
      "brier": 0.298708209117264,
      "directional_accuracy": 0.4642857142857143,
      "baseline_auc": 0.6162854144475309,
      "baseline_log_loss": 1.0658956364548142,
      "baseline_brier": 0.20395373465979036,
      "baseline_directional_accuracy": 0.5071428571428571,
      "best_params": {
        "objective": "multiclass",
        "num_class": 3,
        "metric": "multi_logloss",
        "num_leaves": 31,
        "learning_rate": 0.1,
        "min_child_samples": 5,
        "feature_fraction": 0.9,
        "bagging_fraction": 0.9,
        "bagging_freq": 5,
        "verbose": -1,
        "deterministic": true,
        "seed": 42
      }
    },
    {
      "fold": 4,
      "n_train": 700,
      "n_test": 140,
      "auc": 0.5041870056751009,
      "log_loss": 2.856741533193947,
      "brier": 0.34822425460714107,
      "directional_accuracy": 0.36428571428571427,
      "baseline_auc": 0.5117301817450627,
      "baseline_log_loss": 1.091919171387497,
      "baseline_brier": 0.22061794465225135,
      "baseline_directional_accuracy": 0.37142857142857144,
      "best_params": {
        "objective": "multiclass",
        "num_class": 3,
        "metric": "multi_logloss",
        "num_leaves": 31,
        "learning_rate": 0.1,
        "min_child_samples": 5,
        "feature_fraction": 0.9,
        "bagging_fraction": 0.9,
        "bagging_freq": 5,
        "verbose": -1,
        "deterministic": true,
        "seed": 42
      }
    }
  ],
  "note": "Per-coin model for worldcoin-wld/5m.",
  "directional_call_share": 0.9763313609467456,
  "directional_call_share_n": 169,
  "directional_call_share_source": "holdout",
  "model_kind": "lightgbm",
  "prior_probs": [],
  "has_regression_head": true,
  "regression_head_stats": {
    "n_train_rows": 617,
    "n_holdout_rows": 155,
    "abs_pred_p50_pct": 0.6571313964108094,
    "abs_pred_p95_pct": 1.1760196759612536,
    "abs_pred_max_pct": 1.2292084893918493,
    "mae_pct": 0.5352406996797189,
    "best_iteration": 15
  },
  "gates_alignment": {
    "n": 169,
    "source": "holdout",
    "min_directional_edge": 0.05,
    "min_expected_return_pct": 0.15,
    "aligned_share": 0.8579881656804734,
    "aligned_loud_share": 0.8579881656804734,
    "aligned_quiet_share": 0.0,
    "loud_classifier_quiet_regressor_share": 0.0,
    "quiet_classifier_loud_regressor_share": 0.14201183431952663,
    "dir_edge_p50": 0.08341742347796838,
    "dir_edge_p95": 0.17047822084403313,
    "abs_magnitude_pct_p50": 0.6571313964108094,
    "abs_magnitude_pct_p95": 1.172009351018332
  }
}