{
  "coin_id": "jupiter-exchange-solana",
  "timeframe": "1d",
  "version": "20260425T103507Z",
  "feature_names": [
    "ret1",
    "ret5",
    "ret10",
    "momentum",
    "realizedVol",
    "rsi14",
    "macdLine",
    "macdSignal",
    "macdHist",
    "atr14",
    "atrPct",
    "ema9",
    "ema21",
    "emaSpreadPct",
    "distFromEma9Pct",
    "distFromEma21Pct",
    "bbUpper",
    "bbMiddle",
    "bbLower",
    "bbWidth",
    "bbPctB",
    "bbWidthPct",
    "funding_rate",
    "open_interest_z",
    "liquidations_1h_usd",
    "bid_ask_spread_bps",
    "btc_lead_ret_5m",
    "eth_lead_ret_5m",
    "btc_liquidations_1h_usd",
    "eth_liquidations_1h_usd",
    "sol_liquidations_1h_usd",
    "session_asia",
    "session_eu",
    "session_us",
    "hour_of_day_sin",
    "hour_of_day_cos",
    "coin_idx"
  ],
  "coin_vocab": [
    "jupiter-exchange-solana"
  ],
  "n_train_rows": 781,
  "n_test_rows": 650,
  "metrics": {
    "auc": 0.4764939868820739,
    "log_loss": 3.9206374374864117,
    "brier": 0.3809211155024336,
    "directional_accuracy": 0.34923076923076923
  },
  "baseline_metrics": {
    "auc": 0.4890008001849676,
    "log_loss": 1.1378693975345455,
    "brier": 0.23041841804853808,
    "directional_accuracy": 0.36769230769230765
  },
  "threshold_pct": 1.4249999999999998,
  "horizon_candles": 1,
  "class_return_means_pct": [
    -5.083412180563838,
    0.006365254578123608,
    5.774092583704806
  ],
  "fold_metrics": [
    {
      "fold": 0,
      "n_train": 130,
      "n_test": 130,
      "auc": 0.4663968563534728,
      "log_loss": 3.7446342561575947,
      "brier": 0.3760329282110207,
      "directional_accuracy": 0.35384615384615387,
      "baseline_auc": 0.4613754837888431,
      "baseline_log_loss": 1.1707767104267013,
      "baseline_brier": 0.2398704026448225,
      "baseline_directional_accuracy": 0.36153846153846153,
      "best_params": {
        "objective": "multiclass",
        "num_class": 3,
        "metric": "multi_logloss",
        "num_leaves": 31,
        "learning_rate": 0.1736914251754946,
        "min_child_samples": 5,
        "feature_fraction": 0.9,
        "bagging_fraction": 0.9,
        "bagging_freq": 5,
        "verbose": -1,
        "deterministic": true,
        "seed": 42
      },
      "feature_importance": [
        101.26510850098072,
        22.575152380637636,
        97.7006620727227,
        85.24459251059696,
        27.914071857673594,
        49.23980696289863,
        30.384672361217103,
        36.15916556940958,
        34.749943650324845,
        10.814366565399213,
        51.35255496080538,
        35.76297421519529,
        21.199625397042894,
        26.735054101645687,
        29.60341948113443,
        20.321969010965503,
        29.861865738132895,
        20.79384783546419,
        39.45872060451445,
        87.46155317326944,
        17.91643320435033,
        36.3193285596875,
        0.0,
        0.0,
        0.0,
        0.0,
        0.0,
        0.0,
        0.0,
        0.0,
        0.0,
        0.0,
        0.0,
        0.0,
        0.0,
        0.0,
        0.0
      ],
      "feature_names": [
        "ret1",
        "ret5",
        "ret10",
        "momentum",
        "realizedVol",
        "rsi14",
        "macdLine",
        "macdSignal",
        "macdHist",
        "atr14",
        "atrPct",
        "ema9",
        "ema21",
        "emaSpreadPct",
        "distFromEma9Pct",
        "distFromEma21Pct",
        "bbUpper",
        "bbMiddle",
        "bbLower",
        "bbWidth",
        "bbPctB",
        "bbWidthPct",
        "funding_rate",
        "open_interest_z",
        "liquidations_1h_usd",
        "bid_ask_spread_bps",
        "btc_lead_ret_5m",
        "eth_lead_ret_5m",
        "btc_liquidations_1h_usd",
        "eth_liquidations_1h_usd",
        "sol_liquidations_1h_usd",
        "session_asia",
        "session_eu",
        "session_us",
        "hour_of_day_sin",
        "hour_of_day_cos",
        "coin_idx"
      ]
    },
    {
      "fold": 1,
      "n_train": 260,
      "n_test": 130,
      "auc": 0.4821162394977449,
      "log_loss": 5.181721353398944,
      "brier": 0.3803193567080118,
      "directional_accuracy": 0.4,
      "baseline_auc": 0.4887549411370055,
      "baseline_log_loss": 1.2359085228459474,
      "baseline_brier": 0.2472436297593467,
      "baseline_directional_accuracy": 0.34615384615384615,
      "best_params": {
        "objective": "multiclass",
        "num_class": 3,
        "metric": "multi_logloss",
        "num_leaves": 63,
        "learning_rate": 0.14875920122158104,
        "min_child_samples": 22,
        "feature_fraction": 0.9,
        "bagging_fraction": 0.9,
        "bagging_freq": 5,
        "verbose": -1,
        "deterministic": true,
        "seed": 42
      },
      "feature_importance": [
        195.90392045884028,
        128.09016904916052,
        188.7428070034711,
        175.35811817951162,
        101.902001509458,
        65.30004712738219,
        71.28790968524906,
        136.7531858552756,
        89.82079924263871,
        95.84287845423812,
        103.64403409214898,
        71.26218030422267,
        48.635075891811084,
        55.17816677740075,
        92.8624712273255,
        55.2408369336747,
        66.81030156648369,
        64.99176409258598,
        124.72913226932133,
        124.6324030993178,
        64.44032358126265,
        111.65585699117173,
        0.0,
        0.0,
        0.0,
        0.0,
        0.0,
        0.0,
        0.0,
        0.0,
        0.0,
        0.0,
        0.0,
        0.0,
        0.0,
        0.0,
        0.0
      ],
      "feature_names": [
        "ret1",
        "ret5",
        "ret10",
        "momentum",
        "realizedVol",
        "rsi14",
        "macdLine",
        "macdSignal",
        "macdHist",
        "atr14",
        "atrPct",
        "ema9",
        "ema21",
        "emaSpreadPct",
        "distFromEma9Pct",
        "distFromEma21Pct",
        "bbUpper",
        "bbMiddle",
        "bbLower",
        "bbWidth",
        "bbPctB",
        "bbWidthPct",
        "funding_rate",
        "open_interest_z",
        "liquidations_1h_usd",
        "bid_ask_spread_bps",
        "btc_lead_ret_5m",
        "eth_lead_ret_5m",
        "btc_liquidations_1h_usd",
        "eth_liquidations_1h_usd",
        "sol_liquidations_1h_usd",
        "session_asia",
        "session_eu",
        "session_us",
        "hour_of_day_sin",
        "hour_of_day_cos",
        "coin_idx"
      ]
    },
    {
      "fold": 2,
      "n_train": 390,
      "n_test": 130,
      "auc": 0.4715211330463675,
      "log_loss": 3.33431376762704,
      "brier": 0.38458535891208717,
      "directional_accuracy": 0.3230769230769231,
      "baseline_auc": 0.5102305799808676,
      "baseline_log_loss": 1.0956093815948817,
      "baseline_brier": 0.2222985773850271,
      "baseline_directional_accuracy": 0.3769230769230769,
      "best_params": {
        "objective": "multiclass",
        "num_class": 3,
        "metric": "multi_logloss",
        "num_leaves": 31,
        "learning_rate": 0.15459360714231243,
        "min_child_samples": 5,
        "feature_fraction": 0.9,
        "bagging_fraction": 0.9,
        "bagging_freq": 5,
        "verbose": -1,
        "deterministic": true,
        "seed": 42
      },