{
  "coin_id": "injective-protocol",
  "timeframe": "5m",
  "version": "20260422T100855Z",
  "feature_names": [
    "ret1",
    "ret5",
    "ret10",
    "momentum",
    "realizedVol",
    "rsi14",
    "macdLine",
    "macdSignal",
    "macdHist",
    "atr14",
    "atrPct",
    "ema9",
    "ema21",
    "emaSpreadPct",
    "distFromEma9Pct",
    "distFromEma21Pct",
    "bbUpper",
    "bbMiddle",
    "bbLower",
    "bbWidth",
    "bbPctB",
    "bbWidthPct",
    "news_etf_flow",
    "news_regulatory_risk",
    "news_exchange_outage",
    "news_macro_shock",
    "news_whale_move",
    "news_exploit_or_hack",
    "news_stablecoin_event",
    "news_narrative_rotation",
    "news_listing_or_delisting",
    "news_protocol_upgrade",
    "news_high_volume_breakout",
    "news_unusual_volatility",
    "coin_idx"
  ],
  "coin_vocab": [
    "injective-protocol"
  ],
  "n_train_rows": 841,
  "n_test_rows": 700,
  "metrics": {
    "auc": 0.5076437695201558,
    "log_loss": 2.8805413233544868,
    "brier": 0.33928569698206107,
    "directional_accuracy": 0.39571428571428574
  },
  "baseline_metrics": {
    "auc": 0.5197581526855225,
    "log_loss": 1.066472478264886,
    "brier": 0.21492682285156825,
    "directional_accuracy": 0.44142857142857145
  },
  "threshold_pct": 0.1,
  "horizon_candles": 1,
  "class_return_means_pct": [
    -0.5055038387220132,
    -0.008032144779251215,
    0.5125868198392939
  ],
  "fold_metrics": [
    {
      "fold": 0,
      "n_train": 140,
      "n_test": 140,
      "auc": 0.5965566047903313,
      "log_loss": 2.908556967488607,
      "brier": 0.3150031029935836,
      "directional_accuracy": 0.42857142857142855,
      "baseline_auc": 0.5211153340731994,
      "baseline_log_loss": 1.035879625672178,
      "baseline_brier": 0.20963588139037995,
      "baseline_directional_accuracy": 0.44285714285714284,
      "best_params": {
        "objective": "multiclass",
        "num_class": 3,
        "metric": "multi_logloss",
        "num_leaves": 31,
        "learning_rate": 0.1,
        "min_child_samples": 5,
        "feature_fraction": 0.9,
        "bagging_fraction": 0.9,
        "bagging_freq": 5,
        "verbose": -1,
        "deterministic": true,
        "seed": 42
      }
    },
    {
      "fold": 1,
      "n_train": 280,
      "n_test": 140,
      "auc": 0.5170814903899523,
      "log_loss": 2.804502082353271,
      "brier": 0.3249312780011688,
      "directional_accuracy": 0.4357142857142857,
      "baseline_auc": 0.5050528063220078,
      "baseline_log_loss": 1.0806762089203292,
      "baseline_brier": 0.2170169517905546,
      "baseline_directional_accuracy": 0.45,
      "best_params": {
        "objective": "multiclass",
        "num_class": 3,
        "metric": "multi_logloss",
        "num_leaves": 31,
        "learning_rate": 0.1,
        "min_child_samples": 5,
        "feature_fraction": 0.9,
        "bagging_fraction": 0.9,
        "bagging_freq": 5,
        "verbose": -1,
        "deterministic": true,
        "seed": 42
      }
    },
    {
      "fold": 2,
      "n_train": 420,
      "n_test": 140,
      "auc": 0.5119259837227358,
      "log_loss": 2.851524663952001,
      "brier": 0.3489244468165809,
      "directional_accuracy": 0.38571428571428573,
      "baseline_auc": 0.5048027442204441,
      "baseline_log_loss": 1.0512909848065692,
      "baseline_brier": 0.21225504041218432,
      "baseline_directional_accuracy": 0.42142857142857143,
      "best_params": {
        "objective": "multiclass",
        "num_class": 3,
        "metric": "multi_logloss",
        "num_leaves": 31,
        "learning_rate": 0.1,
        "min_child_samples": 5,
        "feature_fraction": 0.9,
        "bagging_fraction": 0.9,
        "bagging_freq": 5,
        "verbose": -1,
        "deterministic": true,
        "seed": 42
      }
    },
    {
      "fold": 3,
      "n_train": 560,
      "n_test": 140,
      "auc": 0.41368765072353303,
      "log_loss": 3.3660466583805495,
      "brier": 0.38156982599511785,
      "directional_accuracy": 0.3,
      "baseline_auc": 0.540203201608612,
      "baseline_log_loss": 1.1670244510397798,
      "baseline_brier": 0.23752778505970476,
      "baseline_directional_accuracy": 0.3357142857142857,
      "best_params": {
        "objective": "multiclass",
        "num_class": 3,
        "metric": "multi_logloss",
        "num_leaves": 31,
        "learning_rate": 0.1,
        "min_child_samples": 5,
        "feature_fraction": 0.9,
        "bagging_fraction": 0.9,
        "bagging_freq": 5,
        "verbose": -1,
        "deterministic": true,
        "seed": 42
      }
    },
    {
      "fold": 4,
      "n_train": 700,
      "n_test": 140,
      "auc": 0.4989671179742263,
      "log_loss": 2.472076244598007,
      "brier": 0.3259998311038541,
      "directional_accuracy": 0.42857142857142855,
      "baseline_auc": 0.5276166772033489,
      "baseline_log_loss": 0.9974911208855726,
      "baseline_brier": 0.1981984556050177,
      "baseline_directional_accuracy": 0.5571428571428572,
      "best_params": {
        "objective": "multiclass",
        "num_class": 3,
        "metric": "multi_logloss",
        "num_leaves": 31,
        "learning_rate": 0.1,
        "min_child_samples": 5,
        "feature_fraction": 0.9,
        "bagging_fraction": 0.9,
        "bagging_freq": 5,
        "verbose": -1,
        "deterministic": true,
        "seed": 42
      }
    }
  ],
  "note": "Per-coin model for injective-protocol/5m.",
  "directional_call_share": 0.005917159763313609,
  "directional_call_share_n": 169,
  "directional_call_share_source": "holdout",
  "model_kind": "lightgbm",
  "prior_probs": [],
  "has_regression_head": true,
  "regression_head_stats": {
    "n_train_rows": 500,
    "n_holdout_rows": 126,
    "abs_pred_p50_pct": 0.5392455104354619,
    "abs_pred_p95_pct": 0.6147029333656014,
    "abs_pred_max_pct": 0.6886566235997847,
    "mae_pct": 0.31669978450550224,
    "best_iteration": 5
  },
  "gates_alignment": {
    "n": 169,
    "source": "holdout",
    "min_directional_edge": 0.05,
    "min_expected_return_pct": 0.15,
    "aligned_share": 0.40828402366863903,
    "aligned_loud_share": 0.40828402366863903,
    "aligned_quiet_share": 0.0,
    "loud_classifier_quiet_regressor_share": 0.0,
    "quiet_classifier_loud_regressor_share": 0.591715976331361,
    "dir_edge_p50": 0.04807023457490006,
    "dir_edge_p95": 0.2175414364640884,
    "abs_magnitude_pct_p50": 0.542311542344417,
    "abs_magnitude_pct_p95": 0.5469372087440723
  }
}