{
  "coin_id": "injective-protocol",
  "timeframe": "5m",
  "version": "20260422T084925Z",
  "feature_names": [
    "ret1",
    "ret5",
    "ret10",
    "momentum",
    "realizedVol",
    "rsi14",
    "macdLine",
    "macdSignal",
    "macdHist",
    "atr14",
    "atrPct",
    "ema9",
    "ema21",
    "emaSpreadPct",
    "distFromEma9Pct",
    "distFromEma21Pct",
    "bbUpper",
    "bbMiddle",
    "bbLower",
    "bbWidth",
    "bbPctB",
    "bbWidthPct",
    "news_etf_flow",
    "news_regulatory_risk",
    "news_exchange_outage",
    "news_macro_shock",
    "news_whale_move",
    "news_exploit_or_hack",
    "news_stablecoin_event",
    "news_narrative_rotation",
    "news_listing_or_delisting",
    "news_protocol_upgrade",
    "news_high_volume_breakout",
    "news_unusual_volatility",
    "coin_idx"
  ],
  "coin_vocab": [
    "injective-protocol"
  ],
  "n_train_rows": 827,
  "n_test_rows": 690,
  "metrics": {
    "auc": 0.5321349641106565,
    "log_loss": 2.0093793340117063,
    "brier": 0.28172545161234563,
    "directional_accuracy": 0.44637681159420295
  },
  "baseline_metrics": {
    "auc": 0.5052183296445749,
    "log_loss": 1.0652441175441953,
    "brier": 0.21480909079766417,
    "directional_accuracy": 0.4420289855072464
  },
  "threshold_pct": 0.1,
  "horizon_candles": 1,
  "class_return_means_pct": [
    -0.510466525301349,
    -0.009388607851682704,
    0.5154419811912255
  ],
  "fold_metrics": [
    {
      "fold": 0,
      "n_train": 137,
      "n_test": 138,
      "auc": 0.6180272203372055,
      "log_loss": 2.924357757798185,
      "brier": 0.3022481586329848,
      "directional_accuracy": 0.4855072463768116,
      "baseline_auc": 0.5206802082974608,
      "baseline_log_loss": 1.048214084927871,
      "baseline_brier": 0.2121825101415927,
      "baseline_directional_accuracy": 0.463768115942029,
      "best_params": {
        "objective": "multiclass",
        "num_class": 3,
        "metric": "multi_logloss",
        "num_leaves": 15,
        "learning_rate": 0.09230320822645494,
        "min_child_samples": 6,
        "feature_fraction": 0.9,
        "bagging_fraction": 0.9,
        "bagging_freq": 5,
        "verbose": -1,
        "deterministic": true,
        "seed": 42
      }
    },
    {
      "fold": 1,
      "n_train": 275,
      "n_test": 138,
      "auc": 0.4900848799373379,
      "log_loss": 1.9865517131564436,
      "brier": 0.2868400520003713,
      "directional_accuracy": 0.4492753623188406,
      "baseline_auc": 0.474271980396922,
      "baseline_log_loss": 1.0730800404652514,
      "baseline_brier": 0.21590430010965433,
      "baseline_directional_accuracy": 0.43478260869565216,
      "best_params": {
        "objective": "multiclass",
        "num_class": 3,
        "metric": "multi_logloss",
        "num_leaves": 63,
        "learning_rate": 0.06807764614983679,
        "min_child_samples": 12,
        "feature_fraction": 0.9,
        "bagging_fraction": 0.9,
        "bagging_freq": 5,
        "verbose": -1,
        "deterministic": true,
        "seed": 42
      }
    },
    {
      "fold": 2,
      "n_train": 413,
      "n_test": 138,
      "auc": 0.5428575733845026,
      "log_loss": 1.5420400598421857,
      "brier": 0.26401639723539205,
      "directional_accuracy": 0.4492753623188406,
      "baseline_auc": 0.4864352405042814,
      "baseline_log_loss": 1.0643627921859937,
      "baseline_brier": 0.21447015451311238,
      "baseline_directional_accuracy": 0.4057971014492754,
      "best_params": {
        "objective": "multiclass",
        "num_class": 3,
        "metric": "multi_logloss",
        "num_leaves": 15,
        "learning_rate": 0.060113218328857784,
        "min_child_samples": 16,
        "feature_fraction": 0.9,
        "bagging_fraction": 0.9,
        "bagging_freq": 5,
        "verbose": -1,
        "deterministic": true,
        "seed": 42
      }
    },
    {
      "fold": 3,
      "n_train": 551,
      "n_test": 138,
      "auc": 0.45608076038249407,
      "log_loss": 1.757210814256052,
      "brier": 0.2910366060321378,
      "directional_accuracy": 0.34782608695652173,
      "baseline_auc": 0.5474022598156703,
      "baseline_log_loss": 1.1039656334234504,
      "baseline_brier": 0.22397450612018258,
      "baseline_directional_accuracy": 0.38405797101449274,
      "best_params": {
        "objective": "multiclass",
        "num_class": 3,
        "metric": "multi_logloss",
        "num_leaves": 15,
        "learning_rate": 0.060113218328857784,
        "min_child_samples": 16,
        "feature_fraction": 0.9,
        "bagging_fraction": 0.9,
        "bagging_freq": 5,
        "verbose": -1,
        "deterministic": true,
        "seed": 42
      }
    },
    {
      "fold": 4,
      "n_train": 689,
      "n_test": 138,
      "auc": 0.5536243865117432,
      "log_loss": 1.8367363250056654,
      "brier": 0.2644860441608423,
      "directional_accuracy": 0.5,
      "baseline_auc": 0.4973019592085402,
      "baseline_log_loss": 1.0365980367184104,
      "baseline_brier": 0.20751398310377892,
      "baseline_directional_accuracy": 0.5217391304347826,
      "best_params": {
        "objective": "multiclass",
        "num_class": 3,
        "metric": "multi_logloss",
        "num_leaves": 63,
        "learning_rate": 0.0938393881004349,
        "min_child_samples": 23,
        "feature_fraction": 0.9,
        "bagging_fraction": 0.9,
        "bagging_freq": 5,
        "verbose": -1,
        "deterministic": true,
        "seed": 42
      }
    }
  ],
  "note": "Per-coin model for injective-protocol/5m.",
  "directional_call_share": 0.018072289156626505,
  "directional_call_share_n": 166,
  "directional_call_share_source": "holdout",
  "model_kind": "lightgbm",
  "prior_probs": []
}