{
  "coin_id": "dogwifcoin",
  "timeframe": "1d",
  "version": "20260429T165644Z",
  "feature_names": [
    "ret1",
    "ret5",
    "ret10",
    "momentum",
    "realizedVol",
    "rsi14",
    "macdLine",
    "macdSignal",
    "macdHist",
    "atr14",
    "atrPct",
    "ema9",
    "ema21",
    "emaSpreadPct",
    "distFromEma9Pct",
    "distFromEma21Pct",
    "bbUpper",
    "bbMiddle",
    "bbLower",
    "bbWidth",
    "bbPctB",
    "bbWidthPct",
    "volZScore60",
    "funding_rate",
    "open_interest_z",
    "liquidations_1h_usd",
    "bid_ask_spread_bps",
    "btc_lead_ret_5m",
    "eth_lead_ret_5m",
    "btc_liquidations_1h_usd",
    "eth_liquidations_1h_usd",
    "sol_liquidations_1h_usd",
    "session_asia",
    "session_eu",
    "session_us",
    "hour_of_day_sin",
    "hour_of_day_cos",
    "coin_idx"
  ],
  "coin_vocab": [
    "dogwifcoin"
  ],
  "n_train_rows": 710,
  "n_test_rows": 590,
  "metrics": {
    "auc": 0.5121444158709447,
    "log_loss": 3.028964389274693,
    "brier": 0.35581973879597284,
    "directional_accuracy": 0.3491525423728813
  },
  "baseline_metrics": {
    "auc": 0.4946115460587599,
    "log_loss": 1.2097972106336716,
    "brier": 0.24118927582701027,
    "directional_accuracy": 0.3711864406779661
  },
  "threshold_pct": 1.4249999999999998,
  "horizon_candles": 1,
  "class_return_means_pct": [
    -5.922845152093246,
    -0.06185383058991049,
    6.667957483087525
  ],
  "fold_metrics": [
    {
      "fold": 0,
      "n_train": 118,
      "n_test": 118,
      "auc": 0.4868235177377443,
      "log_loss": 2.9005447604709436,
      "brier": 0.3551353924800192,
      "directional_accuracy": 0.3474576271186441,
      "baseline_auc": 0.4771640086007032,
      "baseline_log_loss": 1.328068453956658,
      "baseline_brier": 0.2526842066341303,
      "baseline_directional_accuracy": 0.3474576271186441,
      "best_params": {
        "objective": "multiclass",
        "num_class": 3,
        "metric": "multi_logloss",
        "num_leaves": 31,
        "learning_rate": 0.09340308327072934,
        "min_child_samples": 9,
        "feature_fraction": 0.9,
        "bagging_fraction": 0.9,
        "bagging_freq": 5,
        "verbose": -1,
        "deterministic": true,
        "seed": 42
      },
      "feature_importance": [
        179.82426167605445,
        233.94044808554463,
        110.26435396028683,
        129.07113672881724,
        157.09025125042535,
        159.5501512894407,
        151.42608887096867,
        103.45672167651355,
        173.9612104827538,
        237.55211382359266,
        170.00315017907087,
        71.10106957517564,
        60.344332724343985,
        169.7400490255095,
        96.85287702200003,
        51.73020098078996,
        161.4121066431835,
        80.62770572952968,
        176.9328119768761,
        227.59443306841422,
        102.59920815890655,
        187.57847833633423,
        221.48106522345915,
        0.0,
        0.0,
        0.0,
        0.0,
        0.0,
        0.0,
        0.0,
        0.0,
        0.0,
        0.0,
        0.0,
        0.0,
        0.0,
        0.0,
        0.0
      ],
      "feature_names": [
        "ret1",
        "ret5",
        "ret10",
        "momentum",
        "realizedVol",
        "rsi14",
        "macdLine",
        "macdSignal",
        "macdHist",
        "atr14",
        "atrPct",
        "ema9",
        "ema21",
        "emaSpreadPct",
        "distFromEma9Pct",
        "distFromEma21Pct",
        "bbUpper",
        "bbMiddle",
        "bbLower",
        "bbWidth",
        "bbPctB",
        "bbWidthPct",
        "volZScore60",
        "funding_rate",
        "open_interest_z",
        "liquidations_1h_usd",
        "bid_ask_spread_bps",
        "btc_lead_ret_5m",
        "eth_lead_ret_5m",
        "btc_liquidations_1h_usd",
        "eth_liquidations_1h_usd",
        "sol_liquidations_1h_usd",
        "session_asia",
        "session_eu",
        "session_us",
        "hour_of_day_sin",
        "hour_of_day_cos",
        "coin_idx"
      ]
    },
    {
      "fold": 1,
      "n_train": 236,
      "n_test": 118,
      "auc": 0.5419405602990064,
      "log_loss": 2.752585355981428,
      "brier": 0.3533090872042111,
      "directional_accuracy": 0.3559322033898305,
      "baseline_auc": 0.4829404512864211,
      "baseline_log_loss": 1.3772554621361568,
      "baseline_brier": 0.2825652839415141,
      "baseline_directional_accuracy": 0.3389830508474576,
      "best_params": {
        "objective": "multiclass",
        "num_class": 3,
        "metric": "multi_logloss",
        "num_leaves": 31,
        "learning_rate": 0.09340308327072934,
        "min_child_samples": 9,
        "feature_fraction": 0.9,
        "bagging_fraction": 0.9,
        "bagging_freq": 5,
        "verbose": -1,
        "deterministic": true,
        "seed": 42
      },
      "feature_importance": [
        387.6591653617824,
        397.6960657417649,
        217.85640192279553,
        332.404652041991,
        412.6836149287184,
        192.47531262581538,
        207.16137605835684,
        154.99049264312484,
        250.70489098929102,
        285.0091831544182,
        271.58253050987474,
        173.14533629503984,
        186.60721793961687,
        244.9487907497065,
        275.6538664888199,
        96.83885090281547,
        308.57531772687184,
        135.56101637386018,
        363.5481691133942,
        334.51953331788536,
        257.85877388273906,
        308.9762271969861,
        479.4646674079413,
        0.0,
        0.0,
        0.0,
        0.0,
        0.0,
        0.0,
        0.0,
        0.0,
        0.0,
        0.0,
        0.0,
        0.0,
        0.0,
        0.0,
        0.0
      ],
      "feature_names": [
        "ret1",
        "ret5",
        "ret10",
        "momentum",
        "realizedVol",
        "rsi14",
        "macdLine",
        "macdSignal",
        "macdHist",
        "atr14",
        "atrPct",
        "ema9",
        "ema21",
        "emaSpreadPct",
        "distFromEma9Pct",
        "distFromEma21Pct",
        "bbUpper",
        "bbMiddle",
        "bbLower",
        "bbWidth",
        "bbPctB",
        "bbWidthPct",
        "volZScore60",
        "funding_rate",
        "open_interest_z",
        "liquidations_1h_usd",
        "bid_ask_spread_bps",
        "btc_lead_ret_5m",
        "eth_lead_ret_5m",
        "btc_liquidations_1h_usd",
        "eth_liquidations_1h_usd",
        "sol_liquidations_1h_usd",
        "session_asia",
        "session_eu",
        "session_us",
        "hour_of_day_sin",
        "hour_of_day_cos",
        "coin_idx"
      ]
    },
    {
      "fold": 2,
      "n_train": 354,
      "n_test": 118,
      "auc": 0.4946447870102439,
      "log_loss": 3.5504611344692467,
      "brier": 0.3678324231858709,
      "directional_accuracy": 0.3389830508474576,
      "baseline_auc": 0.5363948998492177,
      "baseline_log_loss": 1.0735276605256014,
      "baseline_brier": 0.21503838010121934,
      "baseline_directional_accuracy": 0.4406779661016949,
      "best_params": {
        "objective": "multiclass",
        "num_class": 3,
        "metric": "multi_logloss",
        "num_leaves": 31,
        "learning_rate": 0.09340308327072934,
        "min_child_samples": 9,
        "feature_fraction": 0.9,
        "bagging_fraction": 0.9,
        "bagging_freq": 5,
        "verbose": -1,
        "deterministic": true,
        "seed": 42
      },