{
  "coin_id": "bonk",
  "timeframe": "2h",
  "version": "20260422T085532Z",
  "feature_names": [
    "ret1",
    "ret5",
    "ret10",
    "momentum",
    "realizedVol",
    "rsi14",
    "macdLine",
    "macdSignal",
    "macdHist",
    "atr14",
    "atrPct",
    "ema9",
    "ema21",
    "emaSpreadPct",
    "distFromEma9Pct",
    "distFromEma21Pct",
    "bbUpper",
    "bbMiddle",
    "bbLower",
    "bbWidth",
    "bbPctB",
    "bbWidthPct",
    "news_etf_flow",
    "news_regulatory_risk",
    "news_exchange_outage",
    "news_macro_shock",
    "news_whale_move",
    "news_exploit_or_hack",
    "news_stablecoin_event",
    "news_narrative_rotation",
    "news_listing_or_delisting",
    "news_protocol_upgrade",
    "news_high_volume_breakout",
    "news_unusual_volatility",
    "coin_idx"
  ],
  "coin_vocab": [
    "bonk"
  ],
  "n_train_rows": 326,
  "n_test_rows": 270,
  "metrics": {
    "auc": 0.5218719429605596,
    "log_loss": 2.3017293455716,
    "brier": 0.33278855335383917,
    "directional_accuracy": 0.3296296296296296
  },
  "baseline_metrics": {
    "auc": 0.5611403180739242,
    "log_loss": 1.1176362470293009,
    "brier": 0.22534881858521505,
    "directional_accuracy": 0.3888888888888889
  },
  "threshold_pct": 0.28,
  "horizon_candles": 1,
  "class_return_means_pct": [
    -0.9127137919895886,
    0.0070581392920703034,
    1.0784878205245683
  ],
  "fold_metrics": [
    {
      "fold": 0,
      "n_train": 54,
      "n_test": 54,
      "auc": 0.4926236044657098,
      "log_loss": 1.7040643434672316,
      "brier": 0.31951895345622644,
      "directional_accuracy": 0.2962962962962963,
      "baseline_auc": 0.520933014354067,
      "baseline_log_loss": 1.1682976269158756,
      "baseline_brier": 0.23435026461662067,
      "baseline_directional_accuracy": 0.3888888888888889,
      "best_params": {
        "objective": "multiclass",
        "num_class": 3,
        "metric": "multi_logloss",
        "num_leaves": 15,
        "learning_rate": 0.060113218328857784,
        "min_child_samples": 16,
        "feature_fraction": 0.9,
        "bagging_fraction": 0.9,
        "bagging_freq": 5,
        "verbose": -1,
        "deterministic": true,
        "seed": 42
      }
    },
    {
      "fold": 1,
      "n_train": 108,
      "n_test": 54,
      "auc": 0.5310533277638542,
      "log_loss": 2.0868755494728726,
      "brier": 0.33244879287411916,
      "directional_accuracy": 0.37037037037037035,
      "baseline_auc": 0.509464633806739,
      "baseline_log_loss": 1.1058002230893198,
      "baseline_brier": 0.22296871361031348,
      "baseline_directional_accuracy": 0.35185185185185186,
      "best_params": {
        "objective": "multiclass",
        "num_class": 3,
        "metric": "multi_logloss",
        "num_leaves": 31,
        "learning_rate": 0.04488170057528786,
        "min_child_samples": 9,
        "feature_fraction": 0.9,
        "bagging_fraction": 0.9,
        "bagging_freq": 5,
        "verbose": -1,
        "deterministic": true,
        "seed": 42
      }
    },
    {
      "fold": 2,
      "n_train": 162,
      "n_test": 54,
      "auc": 0.5455357142857143,
      "log_loss": 3.3872143976637377,
      "brier": 0.3880728455392948,
      "directional_accuracy": 0.25925925925925924,
      "baseline_auc": 0.6017230576441102,
      "baseline_log_loss": 1.0944568227635554,
      "baseline_brier": 0.2213347148612227,
      "baseline_directional_accuracy": 0.3333333333333333,
      "best_params": {
        "objective": "multiclass",
        "num_class": 3,
        "metric": "multi_logloss",
        "num_leaves": 15,
        "learning_rate": 0.09230320822645494,
        "min_child_samples": 6,
        "feature_fraction": 0.9,
        "bagging_fraction": 0.9,
        "bagging_freq": 5,
        "verbose": -1,
        "deterministic": true,
        "seed": 42
      }
    },
    {
      "fold": 3,
      "n_train": 216,
      "n_test": 54,
      "auc": 0.5042211328976035,
      "log_loss": 2.8905189059215286,
      "brier": 0.3436266202444466,
      "directional_accuracy": 0.37037037037037035,
      "baseline_auc": 0.605496137849079,
      "baseline_log_loss": 1.0654557425163746,
      "baseline_brier": 0.21556258780825285,
      "baseline_directional_accuracy": 0.4074074074074074,
      "best_params": {
        "objective": "multiclass",
        "num_class": 3,
        "metric": "multi_logloss",
        "num_leaves": 31,
        "learning_rate": 0.09340308327072934,
        "min_child_samples": 9,
        "feature_fraction": 0.9,
        "bagging_fraction": 0.9,
        "bagging_freq": 5,
        "verbose": -1,
        "deterministic": true,
        "seed": 42
      }
    },
    {
      "fold": 4,
      "n_train": 270,
      "n_test": 54,
      "auc": 0.5359259353899158,
      "log_loss": 1.4399735313326294,
      "brier": 0.28027555465510895,
      "directional_accuracy": 0.35185185185185186,
      "baseline_auc": 0.5680847467156257,
      "baseline_log_loss": 1.1541708198613791,
      "baseline_brier": 0.23252781202966563,
      "baseline_directional_accuracy": 0.46296296296296297,
      "best_params": {
        "objective": "multiclass",
        "num_class": 3,
        "metric": "multi_logloss",
        "num_leaves": 15,
        "learning_rate": 0.060113218328857784,
        "min_child_samples": 16,
        "feature_fraction": 0.9,
        "bagging_fraction": 0.9,
        "bagging_freq": 5,
        "verbose": -1,
        "deterministic": true,
        "seed": 42
      }
    }
  ],
  "note": "Per-coin model for bonk/2h.",
  "directional_call_share": 0.9545454545454546,
  "directional_call_share_n": 66,
  "directional_call_share_source": "holdout",
  "model_kind": "lightgbm",
  "prior_probs": []
}