{
  "coin_id": "floki-inu",
  "timeframe": "1h",
  "version": "20260428T120858Z",
  "feature_names": [
    "ret1",
    "ret5",
    "ret10",
    "momentum",
    "realizedVol",
    "rsi14",
    "macdLine",
    "macdSignal",
    "macdHist",
    "atr14",
    "atrPct",
    "ema9",
    "ema21",
    "emaSpreadPct",
    "distFromEma9Pct",
    "distFromEma21Pct",
    "bbUpper",
    "bbMiddle",
    "bbLower",
    "bbWidth",
    "bbPctB",
    "bbWidthPct",
    "funding_rate",
    "open_interest_z",
    "liquidations_1h_usd",
    "bid_ask_spread_bps",
    "btc_lead_ret_5m",
    "eth_lead_ret_5m",
    "btc_liquidations_1h_usd",
    "eth_liquidations_1h_usd",
    "sol_liquidations_1h_usd",
    "session_asia",
    "session_eu",
    "session_us",
    "hour_of_day_sin",
    "hour_of_day_cos",
    "coin_idx"
  ],
  "coin_vocab": [
    "floki-inu"
  ],
  "n_train_rows": 8599,
  "n_test_rows": 7165,
  "metrics": {
    "auc": 0.5144411949125441,
    "log_loss": 2.6103983623013596,
    "brier": 0.33482025576488866,
    "directional_accuracy": 0.3819958129797628
  },
  "baseline_metrics": {
    "auc": 0.5459206972216968,
    "log_loss": 1.063947256822525,
    "brier": 0.21520786615295573,
    "directional_accuracy": 0.4085136078157712
  },
  "threshold_pct": 0.4275,
  "horizon_candles": 4,
  "class_return_means_pct": [
    -1.8382852731097763,
    -0.005069581761344877,
    2.004307804889891
  ],
  "fold_metrics": [
    {
      "fold": 0,
      "n_train": 1433,
      "n_test": 1433,
      "auc": 0.5110581904929985,
      "log_loss": 3.06920774858498,
      "brier": 0.3465239613715842,
      "directional_accuracy": 0.4061409630146546,
      "baseline_auc": 0.5522409848617231,
      "baseline_log_loss": 1.03485118244468,
      "baseline_brier": 0.20922025167527694,
      "baseline_directional_accuracy": 0.4494068387997209,
      "best_params": {
        "objective": "multiclass",
        "num_class": 3,
        "metric": "multi_logloss",
        "num_leaves": 31,
        "learning_rate": 0.04269674766935737,
        "min_child_samples": 17,
        "feature_fraction": 0.9,
        "bagging_fraction": 0.9,
        "bagging_freq": 5,
        "verbose": -1,
        "deterministic": true,
        "seed": 42
      },
      "feature_importance": [
        2013.3205717504607,
        1427.2393040464958,
        1707.9846976820845,
        1774.1466643255553,
        2160.928006530914,
        1627.8428963118931,
        1403.986667936726,
        2262.6952434237464,
        2134.322347906418,
        1753.4527050745673,
        1386.5297713796608,
        1374.7026546867564,
        1280.9702193177072,
        1381.0057818826172,
        1438.4899688976584,
        1003.8097416708479,
        1413.7593041275977,
        844.6507594124414,
        1407.208904064959,
        1812.069410629454,
        1637.1062013654155,
        1813.2334897971014,
        0.0,
        0.0,
        0.0,
        0.0,
        0.0,
        0.0,
        0.0,
        0.0,
        0.0,
        116.47172146185767,
        64.37113427603617,
        196.6003595739603,
        1176.3105069417506,
        1395.5977802774287,
        0.0
      ],
      "feature_names": [
        "ret1",
        "ret5",
        "ret10",
        "momentum",
        "realizedVol",
        "rsi14",
        "macdLine",
        "macdSignal",
        "macdHist",
        "atr14",
        "atrPct",
        "ema9",
        "ema21",
        "emaSpreadPct",
        "distFromEma9Pct",
        "distFromEma21Pct",
        "bbUpper",
        "bbMiddle",
        "bbLower",
        "bbWidth",
        "bbPctB",
        "bbWidthPct",
        "funding_rate",
        "open_interest_z",
        "liquidations_1h_usd",
        "bid_ask_spread_bps",
        "btc_lead_ret_5m",
        "eth_lead_ret_5m",
        "btc_liquidations_1h_usd",
        "eth_liquidations_1h_usd",
        "sol_liquidations_1h_usd",
        "session_asia",
        "session_eu",
        "session_us",
        "hour_of_day_sin",
        "hour_of_day_cos",
        "coin_idx"
      ]
    },
    {
      "fold": 1,
      "n_train": 2866,
      "n_test": 1433,
      "auc": 0.5191699482166412,
      "log_loss": 1.938828697832583,
      "brier": 0.3066481127396926,
      "directional_accuracy": 0.3838101884159107,
      "baseline_auc": 0.5443500422222155,
      "baseline_log_loss": 1.067388293579943,
      "baseline_brier": 0.21618692303696738,
      "baseline_directional_accuracy": 0.4019539427773901,
      "best_params": {
        "objective": "multiclass",
        "num_class": 3,
        "metric": "multi_logloss",
        "num_leaves": 15,
        "learning_rate": 0.09919409282057078,
        "min_child_samples": 9,
        "feature_fraction": 0.9,
        "bagging_fraction": 0.9,
        "bagging_freq": 5,
        "verbose": -1,
        "deterministic": true,
        "seed": 42
      },
      "feature_importance": [
        1815.7008022721857,
        1385.7325004767627,
        1512.7206788156182,
        1561.5187904052436,
        2105.576627880335,
        1285.257095492445,
        1313.5266340943053,
        1800.7238201927394,
        2044.3286016657948,
        1753.164649790153,
        1524.5522621367127,
        1214.7886122465134,
        829.3592563867569,
        1400.5175930857658,
        1307.3091290779412,
        906.3944147769362,
        1352.2860211208463,
        683.6852113120258,
        1196.9901196286082,
        1492.202343210578,
        1461.8128251358867,
        1344.0270540378988,
        0.0,
        0.0,
        0.0,
        0.0,
        0.0,
        0.0,
        0.0,
        0.0,
        0.0,
        58.14708207920194,
        53.45340010896325,
        106.39668859168887,
        988.0532420855016,
        904.9364145230502,
        0.0
      ],
      "feature_names": [
        "ret1",
        "ret5",
        "ret10",
        "momentum",
        "realizedVol",
        "rsi14",
        "macdLine",
        "macdSignal",
        "macdHist",
        "atr14",
        "atrPct",
        "ema9",
        "ema21",
        "emaSpreadPct",
        "distFromEma9Pct",
        "distFromEma21Pct",
        "bbUpper",
        "bbMiddle",
        "bbLower",
        "bbWidth",
        "bbPctB",
        "bbWidthPct",
        "funding_rate",
        "open_interest_z",
        "liquidations_1h_usd",
        "bid_ask_spread_bps",
        "btc_lead_ret_5m",
        "eth_lead_ret_5m",
        "btc_liquidations_1h_usd",
        "eth_liquidations_1h_usd",
        "sol_liquidations_1h_usd",
        "session_asia",
        "session_eu",
        "session_us",
        "hour_of_day_sin",
        "hour_of_day_cos",
        "coin_idx"
      ]
    },
    {
      "fold": 2,
      "n_train": 4299,
      "n_test": 1433,
      "auc": 0.4964011572948058,
      "log_loss": 2.5917708262912686,
      "brier": 0.35870457493389935,
      "directional_accuracy": 0.3684577808792743,
      "baseline_auc": 0.547047916077844,
      "baseline_log_loss": 1.067730026599876,
      "baseline_brier": 0.21596179471433874,
      "baseline_directional_accuracy": 0.4019539427773901,
      "best_params": {
        "objective": "multiclass",
        "num_class": 3,
        "metric": "multi_logloss",
        "num_leaves": 63,
        "learning_rate": 0.043562490163766475,
        "min_child_samples": 5,
        "feature_fraction": 0.9,
        "bagging_fraction": 0.9,
        "bagging_freq": 5,
        "verbose": -1,
        "deterministic": true,
        "seed": 42
      },