{
  "coin_id": "dogwifcoin",
  "timeframe": "1m",
  "version": "20260422T110910Z",
  "feature_names": [
    "ret1",
    "ret5",
    "ret10",
    "momentum",
    "realizedVol",
    "rsi14",
    "macdLine",
    "macdSignal",
    "macdHist",
    "atr14",
    "atrPct",
    "ema9",
    "ema21",
    "emaSpreadPct",
    "distFromEma9Pct",
    "distFromEma21Pct",
    "bbUpper",
    "bbMiddle",
    "bbLower",
    "bbWidth",
    "bbPctB",
    "bbWidthPct",
    "news_etf_flow",
    "news_regulatory_risk",
    "news_exchange_outage",
    "news_macro_shock",
    "news_whale_move",
    "news_exploit_or_hack",
    "news_stablecoin_event",
    "news_narrative_rotation",
    "news_listing_or_delisting",
    "news_protocol_upgrade",
    "news_high_volume_breakout",
    "news_unusual_volatility",
    "coin_idx"
  ],
  "coin_vocab": [
    "dogwifcoin"
  ],
  "n_train_rows": 1541,
  "n_test_rows": 1285,
  "metrics": {
    "auc": 0.5508969018096522,
    "log_loss": 2.5296264462386953,
    "brier": 0.29010843950412485,
    "directional_accuracy": 0.48326848249027243
  },
  "baseline_metrics": {
    "auc": 0.5358680000696239,
    "log_loss": 0.9343583269558386,
    "brier": 0.1783946017683519,
    "directional_accuracy": 0.5898832684824902
  },
  "threshold_pct": 0.03,
  "horizon_candles": 1,
  "class_return_means_pct": [
    -0.47075948271975404,
    -4.9520643683959195e-05,
    0.5117312869762665
  ],
  "fold_metrics": [
    {
      "fold": 0,
      "n_train": 256,
      "n_test": 257,
      "auc": 0.4751598604267207,
      "log_loss": 2.413300025767011,
      "brier": 0.30326953450633093,
      "directional_accuracy": 0.4669260700389105,
      "baseline_auc": 0.5444847212662379,
      "baseline_log_loss": 0.8591671616011487,
      "baseline_brier": 0.18555905778393567,
      "baseline_directional_accuracy": 0.5019455252918288,
      "best_params": {
        "objective": "multiclass",
        "num_class": 3,
        "metric": "multi_logloss",
        "num_leaves": 31,
        "learning_rate": 0.1,
        "min_child_samples": 5,
        "feature_fraction": 0.9,
        "bagging_fraction": 0.9,
        "bagging_freq": 5,
        "verbose": -1,
        "deterministic": true,
        "seed": 42
      }
    },
    {
      "fold": 1,
      "n_train": 513,
      "n_test": 257,
      "auc": 0.5732686401462366,
      "log_loss": 4.641442498107432,
      "brier": 0.41271144019595346,
      "directional_accuracy": 0.3346303501945525,
      "baseline_auc": 0.5634704692610283,
      "baseline_log_loss": 1.4461741447193355,
      "baseline_brier": 0.26467889045915766,
      "baseline_directional_accuracy": 0.28793774319066145,
      "best_params": {
        "objective": "multiclass",
        "num_class": 3,
        "metric": "multi_logloss",
        "num_leaves": 31,
        "learning_rate": 0.1,
        "min_child_samples": 5,
        "feature_fraction": 0.9,
        "bagging_fraction": 0.9,
        "bagging_freq": 5,
        "verbose": -1,
        "deterministic": true,
        "seed": 42
      }
    },
    {
      "fold": 2,
      "n_train": 770,
      "n_test": 257,
      "auc": 0.5772187377557644,
      "log_loss": 2.438927421652612,
      "brier": 0.3222016136539065,
      "directional_accuracy": 0.3735408560311284,
      "baseline_auc": 0.48570661938771126,
      "baseline_log_loss": 0.7343090983361564,
      "baseline_brier": 0.1348038677304408,
      "baseline_directional_accuracy": 0.7626459143968871,
      "best_params": {
        "objective": "multiclass",
        "num_class": 3,
        "metric": "multi_logloss",
        "num_leaves": 31,
        "learning_rate": 0.1,
        "min_child_samples": 5,
        "feature_fraction": 0.9,
        "bagging_fraction": 0.9,
        "bagging_freq": 5,
        "verbose": -1,
        "deterministic": true,
        "seed": 42
      }
    },
    {
      "fold": 3,
      "n_train": 1027,
      "n_test": 257,
      "auc": 0.534779464443636,
      "log_loss": 1.9850135467164083,
      "brier": 0.2494155213254777,
      "directional_accuracy": 0.5486381322957199,
      "baseline_auc": 0.5886367394052621,
      "baseline_log_loss": 0.8824176419452789,
      "baseline_brier": 0.16845124500176833,
      "baseline_directional_accuracy": 0.6536964980544747,
      "best_params": {
        "objective": "multiclass",
        "num_class": 3,
        "metric": "multi_logloss",
        "num_leaves": 31,
        "learning_rate": 0.1,
        "min_child_samples": 5,
        "feature_fraction": 0.9,
        "bagging_fraction": 0.9,
        "bagging_freq": 5,
        "verbose": -1,
        "deterministic": true,
        "seed": 42
      }
    },
    {
      "fold": 4,
      "n_train": 1284,
      "n_test": 257,
      "auc": 0.5940578062759034,
      "log_loss": 1.1694487389500132,
      "brier": 0.1629440878389558,
      "directional_accuracy": 0.6926070038910506,
      "baseline_auc": 0.49704145102787994,
      "baseline_log_loss": 0.7497235881772738,
      "baseline_brier": 0.13847994786645704,
      "baseline_directional_accuracy": 0.7431906614785992,
      "best_params": {
        "objective": "multiclass",
        "num_class": 3,
        "metric": "multi_logloss",
        "num_leaves": 31,
        "learning_rate": 0.1,
        "min_child_samples": 5,
        "feature_fraction": 0.9,
        "bagging_fraction": 0.9,
        "bagging_freq": 5,
        "verbose": -1,
        "deterministic": true,
        "seed": 42
      }
    }
  ],
  "note": "Per-coin model for dogwifcoin/1m.",
  "directional_call_share": 0.04854368932038835,
  "directional_call_share_n": 309,
  "directional_call_share_source": "holdout",
  "model_kind": "lightgbm",
  "prior_probs": [],
  "has_regression_head": true,
  "regression_head_stats": {
    "n_train_rows": 700,
    "n_holdout_rows": 176,
    "abs_pred_p50_pct": 0.1134829756641691,
    "abs_pred_p95_pct": 0.6483838025903563,
    "abs_pred_max_pct": 1.0347708342542745,
    "mae_pct": 0.12691413806475002,
    "best_iteration": 65
  },
  "gates_alignment": {
    "n": 309,
    "source": "holdout",
    "min_directional_edge": 0.05,
    "min_expected_return_pct": 0.15,
    "aligned_share": 0.4563106796116505,
    "aligned_loud_share": 0.11003236245954692,
    "aligned_quiet_share": 0.34627831715210355,
    "loud_classifier_quiet_regressor_share": 0.4627831715210356,
    "quiet_classifier_loud_regressor_share": 0.08090614886731391,
    "dir_edge_p50": 0.0736842105263158,
    "dir_edge_p95": 0.1948833095475726,
    "abs_magnitude_pct_p50": 0.11960163928102985,
    "abs_magnitude_pct_p95": 0.7160167694883206
  }
}