{
  "coin_id": "dogwifcoin",
  "timeframe": "1m",
  "version": "20260422T093651Z",
  "feature_names": [
    "ret1",
    "ret5",
    "ret10",
    "momentum",
    "realizedVol",
    "rsi14",
    "macdLine",
    "macdSignal",
    "macdHist",
    "atr14",
    "atrPct",
    "ema9",
    "ema21",
    "emaSpreadPct",
    "distFromEma9Pct",
    "distFromEma21Pct",
    "bbUpper",
    "bbMiddle",
    "bbLower",
    "bbWidth",
    "bbPctB",
    "bbWidthPct",
    "news_etf_flow",
    "news_regulatory_risk",
    "news_exchange_outage",
    "news_macro_shock",
    "news_whale_move",
    "news_exploit_or_hack",
    "news_stablecoin_event",
    "news_narrative_rotation",
    "news_listing_or_delisting",
    "news_protocol_upgrade",
    "news_high_volume_breakout",
    "news_unusual_volatility",
    "coin_idx"
  ],
  "coin_vocab": [
    "dogwifcoin"
  ],
  "n_train_rows": 1452,
  "n_test_rows": 1210,
  "metrics": {
    "auc": 0.5349766755196063,
    "log_loss": 1.650065899192289,
    "brier": 0.237584614006996,
    "directional_accuracy": 0.5578512396694215
  },
  "baseline_metrics": {
    "auc": 0.5406980469329363,
    "log_loss": 0.9570045391205209,
    "brier": 0.18740105679759914,
    "directional_accuracy": 0.556198347107438
  },
  "threshold_pct": 0.03,
  "horizon_candles": 1,
  "class_return_means_pct": [
    -0.4780732001306638,
    -0.00011201539035256473,
    0.5295832522370872
  ],
  "fold_metrics": [
    {
      "fold": 0,
      "n_train": 242,
      "n_test": 242,
      "auc": 0.4771967540861106,
      "log_loss": 1.7440858550377205,
      "brier": 0.2615350722987,
      "directional_accuracy": 0.5206611570247934,
      "baseline_auc": 0.5081000827401092,
      "baseline_log_loss": 0.9160497608130255,
      "baseline_brier": 0.1890876299534168,
      "baseline_directional_accuracy": 0.49173553719008267,
      "best_params": {
        "objective": "multiclass",
        "num_class": 3,
        "metric": "multi_logloss",
        "num_leaves": 63,
        "learning_rate": 0.06807764614983679,
        "min_child_samples": 12,
        "feature_fraction": 0.9,
        "bagging_fraction": 0.9,
        "bagging_freq": 5,
        "verbose": -1,
        "deterministic": true,
        "seed": 42
      }
    },
    {
      "fold": 1,
      "n_train": 484,
      "n_test": 242,
      "auc": 0.5704987730098129,
      "log_loss": 2.7903451097222387,
      "brier": 0.3270524115358132,
      "directional_accuracy": 0.41735537190082644,
      "baseline_auc": 0.610784221390174,
      "baseline_log_loss": 1.1267661715691029,
      "baseline_brier": 0.22885891014138848,
      "baseline_directional_accuracy": 0.34710743801652894,
      "best_params": {
        "objective": "multiclass",
        "num_class": 3,
        "metric": "multi_logloss",
        "num_leaves": 63,
        "learning_rate": 0.06807764614983679,
        "min_child_samples": 12,
        "feature_fraction": 0.9,
        "bagging_fraction": 0.9,
        "bagging_freq": 5,
        "verbose": -1,
        "deterministic": true,
        "seed": 42
      }
    },
    {
      "fold": 2,
      "n_train": 726,
      "n_test": 242,
      "auc": 0.49850660536179,
      "log_loss": 1.5218466532426747,
      "brier": 0.22440973889452584,
      "directional_accuracy": 0.5826446280991735,
      "baseline_auc": 0.487671406484109,
      "baseline_log_loss": 1.093638052688014,
      "baseline_brier": 0.21011412908314345,
      "baseline_directional_accuracy": 0.5537190082644629,
      "best_params": {
        "objective": "multiclass",
        "num_class": 3,
        "metric": "multi_logloss",
        "num_leaves": 63,
        "learning_rate": 0.0938393881004349,
        "min_child_samples": 23,
        "feature_fraction": 0.9,
        "bagging_fraction": 0.9,
        "bagging_freq": 5,
        "verbose": -1,
        "deterministic": true,
        "seed": 42
      }
    },
    {
      "fold": 3,
      "n_train": 968,
      "n_test": 242,
      "auc": 0.5329339028984913,
      "log_loss": 1.1562135596185623,
      "brier": 0.18807322268893992,
      "directional_accuracy": 0.6446280991735537,
      "baseline_auc": 0.4930830135758715,
      "baseline_log_loss": 0.8146832962341216,
      "baseline_brier": 0.15322925934701495,
      "baseline_directional_accuracy": 0.7107438016528925,
      "best_params": {
        "objective": "multiclass",
        "num_class": 3,
        "metric": "multi_logloss",
        "num_leaves": 15,
        "learning_rate": 0.09230320822645494,
        "min_child_samples": 6,
        "feature_fraction": 0.9,
        "bagging_fraction": 0.9,
        "bagging_freq": 5,
        "verbose": -1,
        "deterministic": true,
        "seed": 42
      }
    },
    {
      "fold": 4,
      "n_train": 1210,
      "n_test": 242,
      "auc": 0.5957473422418266,
      "log_loss": 1.0378383183402495,
      "brier": 0.18685262461700083,
      "directional_accuracy": 0.6239669421487604,
      "baseline_auc": 0.6038515104744177,
      "baseline_log_loss": 0.8338854142983404,
      "baseline_brier": 0.15571535546303206,
      "baseline_directional_accuracy": 0.6776859504132231,
      "best_params": {
        "objective": "multiclass",
        "num_class": 3,
        "metric": "multi_logloss",
        "num_leaves": 15,
        "learning_rate": 0.060113218328857784,
        "min_child_samples": 16,
        "feature_fraction": 0.9,
        "bagging_fraction": 0.9,
        "bagging_freq": 5,
        "verbose": -1,
        "deterministic": true,
        "seed": 42
      }
    }
  ],
  "note": "Per-coin model for dogwifcoin/1m.",
  "directional_call_share": 0.054982817869415807,
  "directional_call_share_n": 291,
  "directional_call_share_source": "holdout",
  "model_kind": "lightgbm",
  "prior_probs": [],
  "has_regression_head": true,
  "regression_head_stats": {
    "n_train_rows": 682,
    "n_holdout_rows": 171,
    "abs_pred_p50_pct": 0.13010486351093986,
    "abs_pred_p95_pct": 0.6006755565030739,
    "abs_pred_max_pct": 0.914191477368914,
    "mae_pct": 0.1352432504223584,
    "best_iteration": 55
  }
}