{
  "coin_id": "render-token",
  "timeframe": "1d",
  "version": "20260429T171358Z",
  "feature_names": [
    "ret1",
    "ret5",
    "ret10",
    "momentum",
    "realizedVol",
    "rsi14",
    "macdLine",
    "macdSignal",
    "macdHist",
    "atr14",
    "atrPct",
    "ema9",
    "ema21",
    "emaSpreadPct",
    "distFromEma9Pct",
    "distFromEma21Pct",
    "bbUpper",
    "bbMiddle",
    "bbLower",
    "bbWidth",
    "bbPctB",
    "bbWidthPct",
    "volZScore60",
    "funding_rate",
    "open_interest_z",
    "liquidations_1h_usd",
    "bid_ask_spread_bps",
    "btc_lead_ret_5m",
    "eth_lead_ret_5m",
    "btc_liquidations_1h_usd",
    "eth_liquidations_1h_usd",
    "sol_liquidations_1h_usd",
    "session_asia",
    "session_eu",
    "session_us",
    "hour_of_day_sin",
    "hour_of_day_cos",
    "coin_idx"
  ],
  "coin_vocab": [
    "render-token"
  ],
  "n_train_rows": 619,
  "n_test_rows": 515,
  "metrics": {
    "auc": 0.49598823167979644,
    "log_loss": 3.3422339792620606,
    "brier": 0.3762111079351271,
    "directional_accuracy": 0.32233009708737864
  },
  "baseline_metrics": {
    "auc": 0.5098281346020006,
    "log_loss": 1.3266798529423178,
    "brier": 0.24996066435811698,
    "directional_accuracy": 0.33398058252427176
  },
  "threshold_pct": 1.4249999999999998,
  "horizon_candles": 1,
  "class_return_means_pct": [
    -4.827555122102069,
    -0.15490226889078162,
    5.5850570060090154
  ],
  "fold_metrics": [
    {
      "fold": 0,
      "n_train": 103,
      "n_test": 103,
      "auc": 0.49933458199629993,
      "log_loss": 2.873900538660297,
      "brier": 0.34772618640710395,
      "directional_accuracy": 0.3106796116504854,
      "baseline_auc": 0.5022651740409523,
      "baseline_log_loss": 1.9608250323383667,
      "baseline_brier": 0.3166022016010556,
      "baseline_directional_accuracy": 0.36893203883495146,
      "best_params": {
        "objective": "multiclass",
        "num_class": 3,
        "metric": "multi_logloss",
        "num_leaves": 31,
        "learning_rate": 0.09340308327072934,
        "min_child_samples": 9,
        "feature_fraction": 0.9,
        "bagging_fraction": 0.9,
        "bagging_freq": 5,
        "verbose": -1,
        "deterministic": true,
        "seed": 42
      },
      "feature_importance": [
        148.7181781642139,
        187.90890641412756,
        166.7890662602149,
        257.90482420567423,
        66.77651307711162,
        56.2018617130816,
        49.65077036013827,
        69.4498343532905,
        40.462775805499405,
        227.92854672625595,
        324.4571395511739,
        73.8272987913806,
        82.6564288388472,
        41.96179299452342,
        83.76930772815831,
        39.890500989044085,
        154.78895435854793,
        120.90430755843408,
        122.52797194076084,
        142.41429407685064,
        135.47470527817495,
        50.735065085955995,
        163.46812701028085,
        0.0,
        0.0,
        0.0,
        0.0,
        0.0,
        0.0,
        0.0,
        0.0,
        0.0,
        0.0,
        0.0,
        0.0,
        0.0,
        0.0,
        0.0
      ],
      "feature_names": [
        "ret1",
        "ret5",
        "ret10",
        "momentum",
        "realizedVol",
        "rsi14",
        "macdLine",
        "macdSignal",
        "macdHist",
        "atr14",
        "atrPct",
        "ema9",
        "ema21",
        "emaSpreadPct",
        "distFromEma9Pct",
        "distFromEma21Pct",
        "bbUpper",
        "bbMiddle",
        "bbLower",
        "bbWidth",
        "bbPctB",
        "bbWidthPct",
        "volZScore60",
        "funding_rate",
        "open_interest_z",
        "liquidations_1h_usd",
        "bid_ask_spread_bps",
        "btc_lead_ret_5m",
        "eth_lead_ret_5m",
        "btc_liquidations_1h_usd",
        "eth_liquidations_1h_usd",
        "sol_liquidations_1h_usd",
        "session_asia",
        "session_eu",
        "session_us",
        "hour_of_day_sin",
        "hour_of_day_cos",
        "coin_idx"
      ]
    },
    {
      "fold": 1,
      "n_train": 206,
      "n_test": 103,
      "auc": 0.5203194725396217,
      "log_loss": 3.473856691767962,
      "brier": 0.373371936478397,
      "directional_accuracy": 0.3592233009708738,
      "baseline_auc": 0.5270802238805969,
      "baseline_log_loss": 1.2095422208110445,
      "baseline_brier": 0.23455020180072103,
      "baseline_directional_accuracy": 0.36893203883495146,
      "best_params": {
        "objective": "multiclass",
        "num_class": 3,
        "metric": "multi_logloss",
        "num_leaves": 31,
        "learning_rate": 0.09340308327072934,
        "min_child_samples": 9,
        "feature_fraction": 0.9,
        "bagging_fraction": 0.9,
        "bagging_freq": 5,
        "verbose": -1,
        "deterministic": true,
        "seed": 42
      },
      "feature_importance": [
        364.49410861805154,
        292.7295455946167,
        271.6912482726677,
        393.3680065594381,
        258.30217045283644,
        83.13704556383652,
        129.8743930118726,
        137.82592116978645,
        246.46165571585817,
        404.67353653460873,
        308.54362258330366,
        94.41449899445654,
        150.89566550305585,
        146.97758109226956,
        328.1122150421768,
        60.39396438054551,
        160.9529596469365,
        89.45540039602201,
        225.00418890835,
        187.97027490651334,
        260.65940015451633,
        360.7008827460933,
        401.987842331102,
        0.0,
        0.0,
        0.0,
        0.0,
        0.0,
        0.0,
        0.0,
        0.0,
        0.0,
        0.0,
        0.0,
        0.0,
        0.0,
        0.0,
        0.0
      ],
      "feature_names": [
        "ret1",
        "ret5",
        "ret10",
        "momentum",
        "realizedVol",
        "rsi14",
        "macdLine",
        "macdSignal",
        "macdHist",
        "atr14",
        "atrPct",
        "ema9",
        "ema21",
        "emaSpreadPct",
        "distFromEma9Pct",
        "distFromEma21Pct",
        "bbUpper",
        "bbMiddle",
        "bbLower",
        "bbWidth",
        "bbPctB",
        "bbWidthPct",
        "volZScore60",
        "funding_rate",
        "open_interest_z",
        "liquidations_1h_usd",
        "bid_ask_spread_bps",
        "btc_lead_ret_5m",
        "eth_lead_ret_5m",
        "btc_liquidations_1h_usd",
        "eth_liquidations_1h_usd",
        "sol_liquidations_1h_usd",
        "session_asia",
        "session_eu",
        "session_us",
        "hour_of_day_sin",
        "hour_of_day_cos",
        "coin_idx"
      ]
    },
    {
      "fold": 2,
      "n_train": 309,
      "n_test": 103,
      "auc": 0.4518941518941519,
      "log_loss": 4.062121162495607,
      "brier": 0.4148591535942807,
      "directional_accuracy": 0.2815533980582524,
      "baseline_auc": 0.5192226442226442,
      "baseline_log_loss": 1.0955343379936127,
      "baseline_brier": 0.22172127017932486,
      "baseline_directional_accuracy": 0.36893203883495146,
      "best_params": {
        "objective": "multiclass",
        "num_class": 3,
        "metric": "multi_logloss",
        "num_leaves": 31,
        "learning_rate": 0.09340308327072934,
        "min_child_samples": 9,
        "feature_fraction": 0.9,
        "bagging_fraction": 0.9,
        "bagging_freq": 5,
        "verbose": -1,
        "deterministic": true,
        "seed": 42
      },