{
  "coin_id": "pepe",
  "timeframe": "1m",
  "version": "20260422T065728Z",
  "feature_names": [
    "ret1",
    "ret5",
    "ret10",
    "momentum",
    "realizedVol",
    "rsi14",
    "macdLine",
    "macdSignal",
    "macdHist",
    "atr14",
    "atrPct",
    "ema9",
    "ema21",
    "emaSpreadPct",
    "distFromEma9Pct",
    "distFromEma21Pct",
    "bbUpper",
    "bbMiddle",
    "bbLower",
    "bbWidth",
    "bbPctB",
    "bbWidthPct",
    "news_etf_flow",
    "news_regulatory_risk",
    "news_exchange_outage",
    "news_macro_shock",
    "news_whale_move",
    "news_exploit_or_hack",
    "news_stablecoin_event",
    "news_narrative_rotation",
    "news_listing_or_delisting",
    "news_protocol_upgrade",
    "news_high_volume_breakout",
    "news_unusual_volatility",
    "coin_idx"
  ],
  "coin_vocab": [
    "pepe"
  ],
  "n_train_rows": 583,
  "n_test_rows": 485,
  "metrics": {
    "auc": 0.5389506300574651,
    "log_loss": 2.2749720055112284,
    "brier": 0.2876572993697101,
    "directional_accuracy": 0.4783505154639175
  },
  "baseline_metrics": {
    "auc": 0.5065491409477066,
    "log_loss": 0.8783503569206097,
    "brier": 0.1694404272661551,
    "directional_accuracy": 0.6597938144329897
  },
  "threshold_pct": 0.03,
  "horizon_candles": 1,
  "class_return_means_pct": [
    -0.0923775417025435,
    0.0007043870728513745,
    0.11249233096025067
  ],
  "fold_metrics": [
    {
      "fold": 0,
      "n_train": 97,
      "n_test": 97,
      "auc": 0.5541337135087135,
      "log_loss": 1.4667835945683423,
      "brier": 0.2722908904664006,
      "directional_accuracy": 0.4329896907216495,
      "baseline_auc": 0.5097347097347097,
      "baseline_log_loss": 0.9095692114281817,
      "baseline_brier": 0.1761385568344611,
      "baseline_directional_accuracy": 0.6597938144329897,
      "best_params": {
        "objective": "multiclass",
        "num_class": 3,
        "metric": "multi_logloss",
        "num_leaves": 63,
        "learning_rate": 0.0938393881004349,
        "min_child_samples": 23,
        "feature_fraction": 0.9,
        "bagging_fraction": 0.9,
        "bagging_freq": 5,
        "verbose": -1,
        "deterministic": true,
        "seed": 42
      }
    },
    {
      "fold": 1,
      "n_train": 194,
      "n_test": 97,
      "auc": 0.5248416818549878,
      "log_loss": 2.9190183458785377,
      "brier": 0.4069493758153668,
      "directional_accuracy": 0.28865979381443296,
      "baseline_auc": 0.519421996369721,
      "baseline_log_loss": 0.7956607869221709,
      "baseline_brier": 0.14977372327257688,
      "baseline_directional_accuracy": 0.7319587628865979,
      "best_params": {
        "objective": "multiclass",
        "num_class": 3,
        "metric": "multi_logloss",
        "num_leaves": 15,
        "learning_rate": 0.09230320822645494,
        "min_child_samples": 6,
        "feature_fraction": 0.9,
        "bagging_fraction": 0.9,
        "bagging_freq": 5,
        "verbose": -1,
        "deterministic": true,
        "seed": 42
      }
    },
    {
      "fold": 2,
      "n_train": 291,
      "n_test": 97,
      "auc": 0.6077458671949453,
      "log_loss": 2.390359516593053,
      "brier": 0.22004559260243076,
      "directional_accuracy": 0.6391752577319587,
      "baseline_auc": 0.5792033154631926,
      "baseline_log_loss": 0.8447247697199718,
      "baseline_brier": 0.15945689157261347,
      "baseline_directional_accuracy": 0.6907216494845361,
      "best_params": {
        "objective": "multiclass",
        "num_class": 3,
        "metric": "multi_logloss",
        "num_leaves": 31,
        "learning_rate": 0.09340308327072934,
        "min_child_samples": 9,
        "feature_fraction": 0.9,
        "bagging_fraction": 0.9,
        "bagging_freq": 5,
        "verbose": -1,
        "deterministic": true,
        "seed": 42
      }
    },
    {
      "fold": 3,
      "n_train": 388,
      "n_test": 97,
      "auc": 0.47195463940188603,
      "log_loss": 2.4436446691312264,
      "brier": 0.25267317676476986,
      "directional_accuracy": 0.5360824742268041,
      "baseline_auc": 0.4197924023708893,
      "baseline_log_loss": 0.8536420482185706,
      "baseline_brier": 0.16104649101462554,
      "baseline_directional_accuracy": 0.6907216494845361,
      "best_params": {
        "objective": "multiclass",
        "num_class": 3,
        "metric": "multi_logloss",
        "num_leaves": 31,
        "learning_rate": 0.09340308327072934,
        "min_child_samples": 9,
        "feature_fraction": 0.9,
        "bagging_fraction": 0.9,
        "bagging_freq": 5,
        "verbose": -1,
        "deterministic": true,
        "seed": 42
      }
    },
    {
      "fold": 4,
      "n_train": 485,
      "n_test": 97,
      "auc": 0.5360772483267929,
      "log_loss": 2.1550539013849823,
      "brier": 0.2863274611995826,
      "directional_accuracy": 0.4948453608247423,
      "baseline_auc": 0.5045932808000203,
      "baseline_log_loss": 0.988154968314154,
      "baseline_brier": 0.20078647363649857,
      "baseline_directional_accuracy": 0.5257731958762887,
      "best_params": {
        "objective": "multiclass",
        "num_class": 3,
        "metric": "multi_logloss",
        "num_leaves": 63,
        "learning_rate": 0.06807764614983679,
        "min_child_samples": 12,
        "feature_fraction": 0.9,
        "bagging_fraction": 0.9,
        "bagging_freq": 5,
        "verbose": -1,
        "deterministic": true,
        "seed": 42
      }
    }
  ],
  "note": "Per-coin model for pepe/1m.",
  "directional_call_share": 0.0,
  "directional_call_share_n": 117,
  "directional_call_share_source": "holdout",
  "model_kind": "lightgbm",
  "prior_probs": []
}