{
  "coin_id": "celestia",
  "timeframe": "1m",
  "version": "20260422T104005Z",
  "feature_names": [
    "ret1",
    "ret5",
    "ret10",
    "momentum",
    "realizedVol",
    "rsi14",
    "macdLine",
    "macdSignal",
    "macdHist",
    "atr14",
    "atrPct",
    "ema9",
    "ema21",
    "emaSpreadPct",
    "distFromEma9Pct",
    "distFromEma21Pct",
    "bbUpper",
    "bbMiddle",
    "bbLower",
    "bbWidth",
    "bbPctB",
    "bbWidthPct",
    "news_etf_flow",
    "news_regulatory_risk",
    "news_exchange_outage",
    "news_macro_shock",
    "news_whale_move",
    "news_exploit_or_hack",
    "news_stablecoin_event",
    "news_narrative_rotation",
    "news_listing_or_delisting",
    "news_protocol_upgrade",
    "news_high_volume_breakout",
    "news_unusual_volatility",
    "coin_idx"
  ],
  "coin_vocab": [
    "celestia"
  ],
  "n_train_rows": 1512,
  "n_test_rows": 1260,
  "metrics": {
    "auc": 0.5319843667435554,
    "log_loss": 2.2666970075704027,
    "brier": 0.2599059548706794,
    "directional_accuracy": 0.5317460317460317
  },
  "baseline_metrics": {
    "auc": 0.5236011969037265,
    "log_loss": 1.0179675556801404,
    "brier": 0.19292620914906805,
    "directional_accuracy": 0.5476190476190476
  },
  "threshold_pct": 0.03,
  "horizon_candles": 1,
  "class_return_means_pct": [
    -0.4509239379808543,
    0.0009721455473750161,
    0.504549565541399
  ],
  "fold_metrics": [
    {
      "fold": 0,
      "n_train": 252,
      "n_test": 252,
      "auc": 0.549752207069936,
      "log_loss": 2.3183910933580383,
      "brier": 0.28968020042013964,
      "directional_accuracy": 0.4880952380952381,
      "baseline_auc": 0.49209225599880435,
      "baseline_log_loss": 0.8500414548904602,
      "baseline_brier": 0.1823550104187525,
      "baseline_directional_accuracy": 0.49206349206349204,
      "best_params": {
        "objective": "multiclass",
        "num_class": 3,
        "metric": "multi_logloss",
        "num_leaves": 31,
        "learning_rate": 0.1,
        "min_child_samples": 5,
        "feature_fraction": 0.9,
        "bagging_fraction": 0.9,
        "bagging_freq": 5,
        "verbose": -1,
        "deterministic": true,
        "seed": 42
      }
    },
    {
      "fold": 1,
      "n_train": 504,
      "n_test": 252,
      "auc": 0.44135204655164156,
      "log_loss": 4.105950957076827,
      "brier": 0.37742499969021526,
      "directional_accuracy": 0.35714285714285715,
      "baseline_auc": 0.5425058293882505,
      "baseline_log_loss": 1.434329255061152,
      "baseline_brier": 0.25534161203344,
      "baseline_directional_accuracy": 0.34523809523809523,
      "best_params": {
        "objective": "multiclass",
        "num_class": 3,
        "metric": "multi_logloss",
        "num_leaves": 31,
        "learning_rate": 0.1,
        "min_child_samples": 5,
        "feature_fraction": 0.9,
        "bagging_fraction": 0.9,
        "bagging_freq": 5,
        "verbose": -1,
        "deterministic": true,
        "seed": 42
      }
    },
    {
      "fold": 2,
      "n_train": 756,
      "n_test": 252,
      "auc": 0.5202939028966997,
      "log_loss": 2.1649145164880093,
      "brier": 0.21654295406363924,
      "directional_accuracy": 0.6111111111111112,
      "baseline_auc": 0.44423278999976196,
      "baseline_log_loss": 1.229945484805851,
      "baseline_brier": 0.23195202006430915,
      "baseline_directional_accuracy": 0.47619047619047616,
      "best_params": {
        "objective": "multiclass",
        "num_class": 3,
        "metric": "multi_logloss",
        "num_leaves": 31,
        "learning_rate": 0.1,
        "min_child_samples": 5,
        "feature_fraction": 0.9,
        "bagging_fraction": 0.9,
        "bagging_freq": 5,
        "verbose": -1,
        "deterministic": true,
        "seed": 42
      }
    },
    {
      "fold": 3,
      "n_train": 1008,
      "n_test": 252,
      "auc": 0.5694898998955652,
      "log_loss": 1.2422007127957153,
      "brier": 0.17999813826098165,
      "directional_accuracy": 0.6666666666666666,
      "baseline_auc": 0.5400313227797322,
      "baseline_log_loss": 0.7259468200633589,
      "baseline_brier": 0.13297374063719378,
      "baseline_directional_accuracy": 0.7658730158730159,
      "best_params": {
        "objective": "multiclass",
        "num_class": 3,
        "metric": "multi_logloss",
        "num_leaves": 31,
        "learning_rate": 0.1,
        "min_child_samples": 5,
        "feature_fraction": 0.9,
        "bagging_fraction": 0.9,
        "bagging_freq": 5,
        "verbose": -1,
        "deterministic": true,
        "seed": 42
      }
    },
    {
      "fold": 4,
      "n_train": 1260,
      "n_test": 252,
      "auc": 0.5790337773039347,
      "log_loss": 1.5020277581334247,
      "brier": 0.23588348191842146,
      "directional_accuracy": 0.5357142857142857,
      "baseline_auc": 0.5991437863520833,
      "baseline_log_loss": 0.8495747635798798,
      "baseline_brier": 0.1620086625916448,
      "baseline_directional_accuracy": 0.6587301587301587,
      "best_params": {
        "objective": "multiclass",
        "num_class": 3,
        "metric": "multi_logloss",
        "num_leaves": 31,
        "learning_rate": 0.1,
        "min_child_samples": 5,
        "feature_fraction": 0.9,
        "bagging_fraction": 0.9,
        "bagging_freq": 5,
        "verbose": -1,
        "deterministic": true,
        "seed": 42
      }
    }
  ],
  "note": "Per-coin model for celestia/1m.",
  "directional_call_share": 0.019801980198019802,
  "directional_call_share_n": 303,
  "directional_call_share_source": "holdout",
  "model_kind": "lightgbm",
  "prior_probs": [],
  "has_regression_head": true,
  "regression_head_stats": {
    "n_train_rows": 705,
    "n_holdout_rows": 177,
    "abs_pred_p50_pct": 0.12852889061801576,
    "abs_pred_p95_pct": 0.459461835150243,
    "abs_pred_max_pct": 0.7042598227550839,
    "mae_pct": 0.12401112952031432,
    "best_iteration": 60
  },
  "gates_alignment": {
    "n": 303,
    "source": "holdout",
    "min_directional_edge": 0.05,
    "min_expected_return_pct": 0.15,
    "aligned_share": 0.5841584158415841,
    "aligned_loud_share": 0.1419141914191419,
    "aligned_quiet_share": 0.44224422442244227,
    "loud_classifier_quiet_regressor_share": 0.31683168316831684,
    "quiet_classifier_loud_regressor_share": 0.09900990099009901,
    "dir_edge_p50": 0.042750929368029766,
    "dir_edge_p95": 0.17821782178217818,
    "abs_magnitude_pct_p50": 0.13487356280696985,
    "abs_magnitude_pct_p95": 0.4678600350794222
  }
}