{
  "coin_id": "pepe",
  "timeframe": "6h",
  "version": "20260422T153034Z",
  "feature_names": [
    "ret1",
    "ret5",
    "ret10",
    "momentum",
    "realizedVol",
    "rsi14",
    "macdLine",
    "macdSignal",
    "macdHist",
    "atr14",
    "atrPct",
    "ema9",
    "ema21",
    "emaSpreadPct",
    "distFromEma9Pct",
    "distFromEma21Pct",
    "bbUpper",
    "bbMiddle",
    "bbLower",
    "bbWidth",
    "bbPctB",
    "bbWidthPct",
    "news_etf_flow",
    "news_regulatory_risk",
    "news_exchange_outage",
    "news_macro_shock",
    "news_whale_move",
    "news_exploit_or_hack",
    "news_stablecoin_event",
    "news_narrative_rotation",
    "news_listing_or_delisting",
    "news_protocol_upgrade",
    "news_high_volume_breakout",
    "news_unusual_volatility",
    "coin_idx"
  ],
  "coin_vocab": [
    "pepe"
  ],
  "n_train_rows": 86,
  "n_test_rows": 36,
  "metrics": {
    "auc": 0.6315031676142788,
    "log_loss": 4.207386125885338,
    "brier": 0.34334992584045143,
    "directional_accuracy": 0.3888888888888889
  },
  "baseline_metrics": {
    "auc": 0.689360343118513,
    "log_loss": 1.2496500619765047,
    "brier": 0.2286553546917981,
    "directional_accuracy": 0.4444444444444444
  },
  "threshold_pct": 0.45,
  "horizon_candles": 1,
  "class_return_means_pct": [
    -1.7305161667391065,
    -0.021551456736303463,
    2.446663265942023
  ],
  "fold_metrics": [
    {
      "fold": 0,
      "n_train": 50,
      "n_test": 18,
      "auc": 0.7430041152263375,
      "log_loss": 4.736278791934861,
      "brier": 0.34919718046279896,
      "directional_accuracy": 0.3888888888888889,
      "baseline_auc": 0.7261195836359234,
      "baseline_log_loss": 1.4792826621414623,
      "baseline_brier": 0.25165612618228433,
      "baseline_directional_accuracy": 0.5,
      "best_params": {
        "objective": "multiclass",
        "num_class": 3,
        "metric": "multi_logloss",
        "num_leaves": 31,
        "learning_rate": 0.1,
        "min_child_samples": 5,
        "feature_fraction": 0.9,
        "bagging_fraction": 0.9,
        "bagging_freq": 5,
        "verbose": -1,
        "deterministic": true,
        "seed": 42
      }
    },
    {
      "fold": 1,
      "n_train": 68,
      "n_test": 18,
      "auc": 0.5200022200022201,
      "log_loss": 3.6784934598358157,
      "brier": 0.33750267121810396,
      "directional_accuracy": 0.3888888888888889,
      "baseline_auc": 0.6526011026011026,
      "baseline_log_loss": 1.0200174618115474,
      "baseline_brier": 0.20565458320131189,
      "baseline_directional_accuracy": 0.3888888888888889,
      "best_params": {
        "objective": "multiclass",
        "num_class": 3,
        "metric": "multi_logloss",
        "num_leaves": 31,
        "learning_rate": 0.1,
        "min_child_samples": 5,
        "feature_fraction": 0.9,
        "bagging_fraction": 0.9,
        "bagging_freq": 5,
        "verbose": -1,
        "deterministic": true,
        "seed": 42
      }
    }
  ],
  "note": "Per-coin model for pepe/6h.",
  "directional_call_share": 1.0,
  "directional_call_share_n": 18,
  "directional_call_share_source": "holdout",
  "model_kind": "lightgbm",
  "prior_probs": [],
  "has_regression_head": true,
  "regression_head_stats": {
    "n_train_rows": 50,
    "n_holdout_rows": 13,
    "abs_pred_p50_pct": 2.1496831490738053,
    "abs_pred_p95_pct": 2.4219984120130538,
    "abs_pred_max_pct": 2.4219984120130538,
    "mae_pct": 0.9028607231213629,
    "best_iteration": 2
  },
  "gates_alignment": {
    "n": 18,
    "source": "holdout",
    "min_directional_edge": 0.05,
    "min_expected_return_pct": 0.15,
    "aligned_share": 1.0,
    "aligned_loud_share": 1.0,
    "aligned_quiet_share": 0.0,
    "loud_classifier_quiet_regressor_share": 0.0,
    "quiet_classifier_loud_regressor_share": 0.0,
    "dir_edge_p50": 0.6268656716417911,
    "dir_edge_p95": 0.782608695652174,
    "abs_magnitude_pct_p50": 2.1496831490738053,
    "abs_magnitude_pct_p95": 2.4219984120130538
  }
}