{
  "coin_id": "worldcoin-wld",
  "timeframe": "1h",
  "version": "20260422T102547Z",
  "feature_names": [
    "ret1",
    "ret5",
    "ret10",
    "momentum",
    "realizedVol",
    "rsi14",
    "macdLine",
    "macdSignal",
    "macdHist",
    "atr14",
    "atrPct",
    "ema9",
    "ema21",
    "emaSpreadPct",
    "distFromEma9Pct",
    "distFromEma21Pct",
    "bbUpper",
    "bbMiddle",
    "bbLower",
    "bbWidth",
    "bbPctB",
    "bbWidthPct",
    "news_etf_flow",
    "news_regulatory_risk",
    "news_exchange_outage",
    "news_macro_shock",
    "news_whale_move",
    "news_exploit_or_hack",
    "news_stablecoin_event",
    "news_narrative_rotation",
    "news_listing_or_delisting",
    "news_protocol_upgrade",
    "news_high_volume_breakout",
    "news_unusual_volatility",
    "coin_idx"
  ],
  "coin_vocab": [
    "worldcoin-wld"
  ],
  "n_train_rows": 685,
  "n_test_rows": 570,
  "metrics": {
    "auc": 0.5473746038021737,
    "log_loss": 2.9895184935230743,
    "brier": 0.33322979460367014,
    "directional_accuracy": 0.4333333333333334
  },
  "baseline_metrics": {
    "auc": 0.5214707159671428,
    "log_loss": 1.0511623586279542,
    "brier": 0.21320249656125623,
    "directional_accuracy": 0.3807017543859649
  },
  "threshold_pct": 0.2,
  "horizon_candles": 1,
  "class_return_means_pct": [
    -0.8733034448992307,
    0.003879903726372875,
    0.8830196148107996
  ],
  "fold_metrics": [
    {
      "fold": 0,
      "n_train": 114,
      "n_test": 114,
      "auc": 0.6294414087439714,
      "log_loss": 2.2526954758663997,
      "brier": 0.25538224954273037,
      "directional_accuracy": 0.543859649122807,
      "baseline_auc": 0.4326736262456207,
      "baseline_log_loss": 1.0073332860509903,
      "baseline_brier": 0.20570519271947107,
      "baseline_directional_accuracy": 0.35964912280701755,
      "best_params": {
        "objective": "multiclass",
        "num_class": 3,
        "metric": "multi_logloss",
        "num_leaves": 31,
        "learning_rate": 0.1,
        "min_child_samples": 5,
        "feature_fraction": 0.9,
        "bagging_fraction": 0.9,
        "bagging_freq": 5,
        "verbose": -1,
        "deterministic": true,
        "seed": 42
      }
    },
    {
      "fold": 1,
      "n_train": 228,
      "n_test": 114,
      "auc": 0.4937976040799266,
      "log_loss": 3.6212128721862844,
      "brier": 0.39587598604008134,
      "directional_accuracy": 0.3157894736842105,
      "baseline_auc": 0.46666719395535533,
      "baseline_log_loss": 1.1296462925343402,
      "baseline_brier": 0.22721845185857792,
      "baseline_directional_accuracy": 0.3157894736842105,
      "best_params": {
        "objective": "multiclass",
        "num_class": 3,
        "metric": "multi_logloss",
        "num_leaves": 31,
        "learning_rate": 0.1,
        "min_child_samples": 5,
        "feature_fraction": 0.9,
        "bagging_fraction": 0.9,
        "bagging_freq": 5,
        "verbose": -1,
        "deterministic": true,
        "seed": 42
      }
    },
    {
      "fold": 2,
      "n_train": 342,
      "n_test": 114,
      "auc": 0.6001452268727059,
      "log_loss": 3.480838778865678,
      "brier": 0.34125582989557657,
      "directional_accuracy": 0.4473684210526316,
      "baseline_auc": 0.5967168222324786,
      "baseline_log_loss": 1.051912629121792,
      "baseline_brier": 0.2139667229225879,
      "baseline_directional_accuracy": 0.39473684210526316,
      "best_params": {
        "objective": "multiclass",
        "num_class": 3,
        "metric": "multi_logloss",
        "num_leaves": 31,
        "learning_rate": 0.1,
        "min_child_samples": 5,
        "feature_fraction": 0.9,
        "bagging_fraction": 0.9,
        "bagging_freq": 5,
        "verbose": -1,
        "deterministic": true,
        "seed": 42
      }
    },
    {
      "fold": 3,
      "n_train": 456,
      "n_test": 114,
      "auc": 0.4912125191957124,
      "log_loss": 2.9649913388398024,
      "brier": 0.34254702673114573,
      "directional_accuracy": 0.4298245614035088,
      "baseline_auc": 0.509395404885601,
      "baseline_log_loss": 1.0018712409828752,
      "baseline_brier": 0.2036920849974757,
      "baseline_directional_accuracy": 0.41228070175438597,
      "best_params": {
        "objective": "multiclass",
        "num_class": 3,
        "metric": "multi_logloss",
        "num_leaves": 31,
        "learning_rate": 0.1,
        "min_child_samples": 5,
        "feature_fraction": 0.9,
        "bagging_fraction": 0.9,
        "bagging_freq": 5,
        "verbose": -1,
        "deterministic": true,
        "seed": 42
      }
    },
    {
      "fold": 4,
      "n_train": 570,
      "n_test": 114,
      "auc": 0.5222762601185522,
      "log_loss": 2.6278540018572096,
      "brier": 0.33108788080881674,
      "directional_accuracy": 0.4298245614035088,
      "baseline_auc": 0.6019005325166583,
      "baseline_log_loss": 1.0650483444497725,
      "baseline_brier": 0.21543003030816846,
      "baseline_directional_accuracy": 0.42105263157894735,
      "best_params": {
        "objective": "multiclass",
        "num_class": 3,
        "metric": "multi_logloss",
        "num_leaves": 31,
        "learning_rate": 0.1,
        "min_child_samples": 5,
        "feature_fraction": 0.9,
        "bagging_fraction": 0.9,
        "bagging_freq": 5,
        "verbose": -1,
        "deterministic": true,
        "seed": 42
      }
    }
  ],
  "note": "Per-coin model for worldcoin-wld/1h.",
  "directional_call_share": 1.0,
  "directional_call_share_n": 137,
  "directional_call_share_source": "holdout",
  "model_kind": "lightgbm",
  "prior_probs": [],
  "has_regression_head": true,
  "regression_head_stats": {
    "n_train_rows": 442,
    "n_holdout_rows": 111,
    "abs_pred_p50_pct": 0.8754529467902707,
    "abs_pred_p95_pct": 0.9278433663969223,
    "abs_pred_max_pct": 0.9547262573174762,
    "mae_pct": 0.5009500435070707,
    "best_iteration": 1
  },
  "gates_alignment": {
    "n": 137,
    "source": "holdout",
    "min_directional_edge": 0.05,
    "min_expected_return_pct": 0.15,
    "aligned_share": 0.656934306569343,
    "aligned_loud_share": 0.656934306569343,
    "aligned_quiet_share": 0.0,
    "loud_classifier_quiet_regressor_share": 0.0,
    "quiet_classifier_loud_regressor_share": 0.34306569343065696,
    "dir_edge_p50": 0.13205123057774926,
    "dir_edge_p95": 0.27589489639101367,
    "abs_magnitude_pct_p50": 0.8750961020571033,
    "abs_magnitude_pct_p95": 0.9278433663969223
  }
}