{
  "coin_id": "injective-protocol",
  "timeframe": "1m",
  "version": "20260422T101359Z",
  "feature_names": [
    "ret1",
    "ret5",
    "ret10",
    "momentum",
    "realizedVol",
    "rsi14",
    "macdLine",
    "macdSignal",
    "macdHist",
    "atr14",
    "atrPct",
    "ema9",
    "ema21",
    "emaSpreadPct",
    "distFromEma9Pct",
    "distFromEma21Pct",
    "bbUpper",
    "bbMiddle",
    "bbLower",
    "bbWidth",
    "bbPctB",
    "bbWidthPct",
    "news_etf_flow",
    "news_regulatory_risk",
    "news_exchange_outage",
    "news_macro_shock",
    "news_whale_move",
    "news_exploit_or_hack",
    "news_stablecoin_event",
    "news_narrative_rotation",
    "news_listing_or_delisting",
    "news_protocol_upgrade",
    "news_high_volume_breakout",
    "news_unusual_volatility",
    "coin_idx"
  ],
  "coin_vocab": [
    "injective-protocol"
  ],
  "n_train_rows": 1486,
  "n_test_rows": 1235,
  "metrics": {
    "auc": 0.5524521104018427,
    "log_loss": 2.5673628169274973,
    "brier": 0.30975115220657284,
    "directional_accuracy": 0.44858299595141704
  },
  "baseline_metrics": {
    "auc": 0.5513371324334837,
    "log_loss": 0.9257820467778405,
    "brier": 0.1762060308143798,
    "directional_accuracy": 0.6040485829959514
  },
  "threshold_pct": 0.03,
  "horizon_candles": 1,
  "class_return_means_pct": [
    -0.3720607000728867,
    0.0006247174770675422,
    0.4071122252603987
  ],
  "fold_metrics": [
    {
      "fold": 0,
      "n_train": 247,
      "n_test": 247,
      "auc": 0.5043469157725203,
      "log_loss": 2.036184816448913,
      "brier": 0.266783539798703,
      "directional_accuracy": 0.5020242914979757,
      "baseline_auc": 0.5824836120039443,
      "baseline_log_loss": 0.8403910079142715,
      "baseline_brier": 0.18050930648383046,
      "baseline_directional_accuracy": 0.5222672064777328,
      "best_params": {
        "objective": "multiclass",
        "num_class": 3,
        "metric": "multi_logloss",
        "num_leaves": 31,
        "learning_rate": 0.1,
        "min_child_samples": 5,
        "feature_fraction": 0.9,
        "bagging_fraction": 0.9,
        "bagging_freq": 5,
        "verbose": -1,
        "deterministic": true,
        "seed": 42
      }
    },
    {
      "fold": 1,
      "n_train": 494,
      "n_test": 247,
      "auc": 0.4494520813050617,
      "log_loss": 4.353748319048114,
      "brier": 0.40386559433948804,
      "directional_accuracy": 0.3076923076923077,
      "baseline_auc": 0.5934113124737803,
      "baseline_log_loss": 1.4325616962792749,
      "baseline_brier": 0.260616498222525,
      "baseline_directional_accuracy": 0.3319838056680162,
      "best_params": {
        "objective": "multiclass",
        "num_class": 3,
        "metric": "multi_logloss",
        "num_leaves": 31,
        "learning_rate": 0.1,
        "min_child_samples": 5,
        "feature_fraction": 0.9,
        "bagging_fraction": 0.9,
        "bagging_freq": 5,
        "verbose": -1,
        "deterministic": true,
        "seed": 42
      }
    },
    {
      "fold": 2,
      "n_train": 741,
      "n_test": 247,
      "auc": 0.527871219960539,
      "log_loss": 3.860139874320242,
      "brier": 0.4845950656092853,
      "directional_accuracy": 0.20647773279352227,
      "baseline_auc": 0.45848307408419825,
      "baseline_log_loss": 0.7510759044243469,
      "baseline_brier": 0.1377182316452673,
      "baseline_directional_accuracy": 0.7692307692307693,
      "best_params": {
        "objective": "multiclass",
        "num_class": 3,
        "metric": "multi_logloss",
        "num_leaves": 31,
        "learning_rate": 0.1,
        "min_child_samples": 5,
        "feature_fraction": 0.9,
        "bagging_fraction": 0.9,
        "bagging_freq": 5,
        "verbose": -1,
        "deterministic": true,
        "seed": 42
      }
    },
    {
      "fold": 3,
      "n_train": 988,
      "n_test": 247,
      "auc": 0.6300039448806096,
      "log_loss": 1.3652923952426812,
      "brier": 0.2078545965768288,
      "directional_accuracy": 0.5951417004048583,
      "baseline_auc": 0.5458881049037995,
      "baseline_log_loss": 0.8204541233546828,
      "baseline_brier": 0.15595609534193416,
      "baseline_directional_accuracy": 0.6963562753036437,
      "best_params": {
        "objective": "multiclass",
        "num_class": 3,
        "metric": "multi_logloss",
        "num_leaves": 31,
        "learning_rate": 0.1,
        "min_child_samples": 5,
        "feature_fraction": 0.9,
        "bagging_fraction": 0.9,
        "bagging_freq": 5,
        "verbose": -1,
        "deterministic": true,
        "seed": 42
      }
    },
    {
      "fold": 4,
      "n_train": 1235,
      "n_test": 247,
      "auc": 0.6505863900904826,
      "log_loss": 1.221448679577538,
      "brier": 0.18565696470855908,
      "directional_accuracy": 0.631578947368421,
      "baseline_auc": 0.5764195587016965,
      "baseline_log_loss": 0.7844275019166261,
      "baseline_brier": 0.14623002237834212,
      "baseline_directional_accuracy": 0.7004048582995951,
      "best_params": {
        "objective": "multiclass",
        "num_class": 3,
        "metric": "multi_logloss",
        "num_leaves": 31,
        "learning_rate": 0.1,
        "min_child_samples": 5,
        "feature_fraction": 0.9,
        "bagging_fraction": 0.9,
        "bagging_freq": 5,
        "verbose": -1,
        "deterministic": true,
        "seed": 42
      }
    }
  ],
  "note": "Per-coin model for injective-protocol/1m.",
  "directional_call_share": 0.026845637583892617,
  "directional_call_share_n": 298,
  "directional_call_share_source": "holdout",
  "model_kind": "lightgbm",
  "prior_probs": [],
  "has_regression_head": true,
  "regression_head_stats": {
    "n_train_rows": 678,
    "n_holdout_rows": 170,
    "abs_pred_p50_pct": 0.1167589941061809,
    "abs_pred_p95_pct": 0.49464263065781283,
    "abs_pred_max_pct": 0.8187581441527934,
    "mae_pct": 0.10518459543562167,
    "best_iteration": 55
  },
  "gates_alignment": {
    "n": 298,
    "source": "holdout",
    "min_directional_edge": 0.05,
    "min_expected_return_pct": 0.15,
    "aligned_share": 0.5268456375838926,
    "aligned_loud_share": 0.1342281879194631,
    "aligned_quiet_share": 0.3926174496644295,
    "loud_classifier_quiet_regressor_share": 0.40939597315436244,
    "quiet_classifier_loud_regressor_share": 0.06375838926174497,
    "dir_edge_p50": 0.05954780157538396,
    "dir_edge_p95": 0.23415073067471526,
    "abs_magnitude_pct_p50": 0.1167589941061809,
    "abs_magnitude_pct_p95": 0.4915786713727513
  }
}