{
  "coin_id": "floki-inu",
  "timeframe": "5m",
  "version": "20260422T092305Z",
  "feature_names": [
    "ret1",
    "ret5",
    "ret10",
    "momentum",
    "realizedVol",
    "rsi14",
    "macdLine",
    "macdSignal",
    "macdHist",
    "atr14",
    "atrPct",
    "ema9",
    "ema21",
    "emaSpreadPct",
    "distFromEma9Pct",
    "distFromEma21Pct",
    "bbUpper",
    "bbMiddle",
    "bbLower",
    "bbWidth",
    "bbPctB",
    "bbWidthPct",
    "news_etf_flow",
    "news_regulatory_risk",
    "news_exchange_outage",
    "news_macro_shock",
    "news_whale_move",
    "news_exploit_or_hack",
    "news_stablecoin_event",
    "news_narrative_rotation",
    "news_listing_or_delisting",
    "news_protocol_upgrade",
    "news_high_volume_breakout",
    "news_unusual_volatility",
    "coin_idx"
  ],
  "coin_vocab": [
    "floki-inu"
  ],
  "n_train_rows": 833,
  "n_test_rows": 695,
  "metrics": {
    "auc": 0.5031393307787375,
    "log_loss": 1.5236021114694636,
    "brier": 0.2747211970125307,
    "directional_accuracy": 0.39856115107913676
  },
  "baseline_metrics": {
    "auc": 0.5405702842068898,
    "log_loss": 1.0520250658100756,
    "brier": 0.21317472877728916,
    "directional_accuracy": 0.4115107913669065
  },
  "threshold_pct": 0.1,
  "horizon_candles": 1,
  "class_return_means_pct": [
    -0.5383638448129775,
    -0.0019748446166766047,
    0.618600146294499
  ],
  "fold_metrics": [
    {
      "fold": 0,
      "n_train": 138,
      "n_test": 139,
      "auc": 0.5523303852599647,
      "log_loss": 1.438938444085983,
      "brier": 0.26139544805406656,
      "directional_accuracy": 0.38848920863309355,
      "baseline_auc": 0.5427180710608617,
      "baseline_log_loss": 1.0690914436773116,
      "baseline_brier": 0.2146945622116979,
      "baseline_directional_accuracy": 0.4244604316546763,
      "best_params": {
        "objective": "multiclass",
        "num_class": 3,
        "metric": "multi_logloss",
        "num_leaves": 63,
        "learning_rate": 0.0938393881004349,
        "min_child_samples": 23,
        "feature_fraction": 0.9,
        "bagging_fraction": 0.9,
        "bagging_freq": 5,
        "verbose": -1,
        "deterministic": true,
        "seed": 42
      }
    },
    {
      "fold": 1,
      "n_train": 277,
      "n_test": 139,
      "auc": 0.5733984959847557,
      "log_loss": 1.3575245198015486,
      "brier": 0.2567754085601242,
      "directional_accuracy": 0.45323741007194246,
      "baseline_auc": 0.5688541808447892,
      "baseline_log_loss": 0.9976470383820359,
      "baseline_brier": 0.20183889401427704,
      "baseline_directional_accuracy": 0.5107913669064749,
      "best_params": {
        "objective": "multiclass",
        "num_class": 3,
        "metric": "multi_logloss",
        "num_leaves": 63,
        "learning_rate": 0.0938393881004349,
        "min_child_samples": 23,
        "feature_fraction": 0.9,
        "bagging_fraction": 0.9,
        "bagging_freq": 5,
        "verbose": -1,
        "deterministic": true,
        "seed": 42
      }
    },
    {
      "fold": 2,
      "n_train": 416,
      "n_test": 139,
      "auc": 0.513033666592888,
      "log_loss": 1.3024046114576324,
      "brier": 0.2512562934649887,
      "directional_accuracy": 0.45323741007194246,
      "baseline_auc": 0.5104886534998235,
      "baseline_log_loss": 0.9329012560948895,
      "baseline_brier": 0.1896268918252204,
      "baseline_directional_accuracy": 0.48201438848920863,
      "best_params": {
        "objective": "multiclass",
        "num_class": 3,
        "metric": "multi_logloss",
        "num_leaves": 15,
        "learning_rate": 0.060113218328857784,
        "min_child_samples": 16,
        "feature_fraction": 0.9,
        "bagging_fraction": 0.9,
        "bagging_freq": 5,
        "verbose": -1,
        "deterministic": true,
        "seed": 42
      }
    },
    {
      "fold": 3,
      "n_train": 555,
      "n_test": 139,
      "auc": 0.4636385922250901,
      "log_loss": 1.6150220589414952,
      "brier": 0.2630973593941021,
      "directional_accuracy": 0.4172661870503597,
      "baseline_auc": 0.5812137157182988,
      "baseline_log_loss": 1.066679698113583,
      "baseline_brier": 0.21701666640255546,
      "baseline_directional_accuracy": 0.41007194244604317,
      "best_params": {
        "objective": "multiclass",
        "num_class": 3,
        "metric": "multi_logloss",
        "num_leaves": 15,
        "learning_rate": 0.060113218328857784,
        "min_child_samples": 16,
        "feature_fraction": 0.9,
        "bagging_fraction": 0.9,
        "bagging_freq": 5,
        "verbose": -1,
        "deterministic": true,
        "seed": 42
      }
    },
    {
      "fold": 4,
      "n_train": 694,
      "n_test": 139,
      "auc": 0.4132955138309892,
      "log_loss": 1.9041209230606586,
      "brier": 0.341081475589372,
      "directional_accuracy": 0.2805755395683453,
      "baseline_auc": 0.49957679991067555,
      "baseline_log_loss": 1.1938058927825579,
      "baseline_brier": 0.24269662943269488,
      "baseline_directional_accuracy": 0.2302158273381295,
      "best_params": {
        "objective": "multiclass",
        "num_class": 3,
        "metric": "multi_logloss",
        "num_leaves": 63,
        "learning_rate": 0.0938393881004349,
        "min_child_samples": 23,
        "feature_fraction": 0.9,
        "bagging_fraction": 0.9,
        "bagging_freq": 5,
        "verbose": -1,
        "deterministic": true,
        "seed": 42
      }
    }
  ],
  "note": "Per-coin model for floki-inu/5m.",
  "directional_call_share": 0.005988023952095809,
  "directional_call_share_n": 167,
  "directional_call_share_source": "holdout",
  "model_kind": "lightgbm",
  "prior_probs": [],
  "has_regression_head": true,
  "regression_head_stats": {
    "n_train_rows": 531,
    "n_holdout_rows": 133,
    "abs_pred_p50_pct": 0.5851065031128625,
    "abs_pred_p95_pct": 0.702395383782006,
    "abs_pred_max_pct": 0.7278047579489219,
    "mae_pct": 0.4422734592886505,
    "best_iteration": 2
  }
}