{
  "coin_id": "injective-protocol",
  "timeframe": "6h",
  "version": "20260422T102826Z",
  "feature_names": [
    "ret1",
    "ret5",
    "ret10",
    "momentum",
    "realizedVol",
    "rsi14",
    "macdLine",
    "macdSignal",
    "macdHist",
    "atr14",
    "atrPct",
    "ema9",
    "ema21",
    "emaSpreadPct",
    "distFromEma9Pct",
    "distFromEma21Pct",
    "bbUpper",
    "bbMiddle",
    "bbLower",
    "bbWidth",
    "bbPctB",
    "bbWidthPct",
    "news_etf_flow",
    "news_regulatory_risk",
    "news_exchange_outage",
    "news_macro_shock",
    "news_whale_move",
    "news_exploit_or_hack",
    "news_stablecoin_event",
    "news_narrative_rotation",
    "news_listing_or_delisting",
    "news_protocol_upgrade",
    "news_high_volume_breakout",
    "news_unusual_volatility",
    "coin_idx"
  ],
  "coin_vocab": [
    "injective-protocol"
  ],
  "n_train_rows": 86,
  "n_test_rows": 36,
  "metrics": {
    "auc": 0.40551753529694706,
    "log_loss": 3.997614426166507,
    "brier": 0.39875914557470055,
    "directional_accuracy": 0.33333333333333337
  },
  "baseline_metrics": {
    "auc": 0.5271873143196673,
    "log_loss": 1.1053291555355673,
    "brier": 0.23156168773482144,
    "directional_accuracy": 0.2777777777777778
  },
  "threshold_pct": 0.45,
  "horizon_candles": 1,
  "class_return_means_pct": [
    -1.1921928819320309,
    -0.05133730074320166,
    1.873851382786147
  ],
  "fold_metrics": [
    {
      "fold": 0,
      "n_train": 50,
      "n_test": 18,
      "auc": 0.32168321874204225,
      "log_loss": 4.496501023445388,
      "brier": 0.3792791461584614,
      "directional_accuracy": 0.3888888888888889,
      "baseline_auc": 0.486319073083779,
      "baseline_log_loss": 1.1638497090124675,
      "baseline_brier": 0.2454312331968549,
      "baseline_directional_accuracy": 0.2222222222222222,
      "best_params": {
        "objective": "multiclass",
        "num_class": 3,
        "metric": "multi_logloss",
        "num_leaves": 31,
        "learning_rate": 0.1,
        "min_child_samples": 5,
        "feature_fraction": 0.9,
        "bagging_fraction": 0.9,
        "bagging_freq": 5,
        "verbose": -1,
        "deterministic": true,
        "seed": 42
      }
    },
    {
      "fold": 1,
      "n_train": 68,
      "n_test": 18,
      "auc": 0.48935185185185187,
      "log_loss": 3.498727828887626,
      "brier": 0.41823914499093967,
      "directional_accuracy": 0.2777777777777778,
      "baseline_auc": 0.5680555555555555,
      "baseline_log_loss": 1.0468086020586673,
      "baseline_brier": 0.217692142272788,
      "baseline_directional_accuracy": 0.3333333333333333,
      "best_params": {
        "objective": "multiclass",
        "num_class": 3,
        "metric": "multi_logloss",
        "num_leaves": 31,
        "learning_rate": 0.1,
        "min_child_samples": 5,
        "feature_fraction": 0.9,
        "bagging_fraction": 0.9,
        "bagging_freq": 5,
        "verbose": -1,
        "deterministic": true,
        "seed": 42
      }
    }
  ],
  "note": "Per-coin model for injective-protocol/6h.",
  "directional_call_share": 1.0,
  "directional_call_share_n": 18,
  "directional_call_share_source": "holdout",
  "model_kind": "lightgbm",
  "prior_probs": [],
  "has_regression_head": true,
  "regression_head_stats": {
    "n_train_rows": 52,
    "n_holdout_rows": 13,
    "abs_pred_p50_pct": 1.5704350799706936,
    "abs_pred_p95_pct": 1.7038182373431683,
    "abs_pred_max_pct": 1.7128615218040706,
    "mae_pct": 0.6359748002523944,
    "best_iteration": 12
  },
  "gates_alignment": {
    "n": 18,
    "source": "holdout",
    "min_directional_edge": 0.05,
    "min_expected_return_pct": 0.15,
    "aligned_share": 0.7222222222222222,
    "aligned_loud_share": 0.7222222222222222,
    "aligned_quiet_share": 0.0,
    "loud_classifier_quiet_regressor_share": 0.0,
    "quiet_classifier_loud_regressor_share": 0.2777777777777778,
    "dir_edge_p50": 0.3055555555555556,
    "dir_edge_p95": 0.4285714285714286,
    "abs_magnitude_pct_p50": 1.5648601959285497,
    "abs_magnitude_pct_p95": 1.7170007331184907
  }
}