{
  "coin_id": "celestia",
  "timeframe": "1m",
  "version": "20260422T091535Z",
  "feature_names": [
    "ret1",
    "ret5",
    "ret10",
    "momentum",
    "realizedVol",
    "rsi14",
    "macdLine",
    "macdSignal",
    "macdHist",
    "atr14",
    "atrPct",
    "ema9",
    "ema21",
    "emaSpreadPct",
    "distFromEma9Pct",
    "distFromEma21Pct",
    "bbUpper",
    "bbMiddle",
    "bbLower",
    "bbWidth",
    "bbPctB",
    "bbWidthPct",
    "news_etf_flow",
    "news_regulatory_risk",
    "news_exchange_outage",
    "news_macro_shock",
    "news_whale_move",
    "news_exploit_or_hack",
    "news_stablecoin_event",
    "news_narrative_rotation",
    "news_listing_or_delisting",
    "news_protocol_upgrade",
    "news_high_volume_breakout",
    "news_unusual_volatility",
    "coin_idx"
  ],
  "coin_vocab": [
    "celestia"
  ],
  "n_train_rows": 1429,
  "n_test_rows": 1190,
  "metrics": {
    "auc": 0.5051248907757919,
    "log_loss": 1.7289691489627415,
    "brier": 0.24789310590137398,
    "directional_accuracy": 0.5100840336134453
  },
  "baseline_metrics": {
    "auc": 0.5367914181052175,
    "log_loss": 1.0462110807708938,
    "brier": 0.19409845450319446,
    "directional_accuracy": 0.5495798319327732
  },
  "threshold_pct": 0.03,
  "horizon_candles": 1,
  "class_return_means_pct": [
    -0.4633700019978565,
    0.0008687633585201082,
    0.5173712702761071
  ],
  "fold_metrics": [
    {
      "fold": 0,
      "n_train": 238,
      "n_test": 238,
      "auc": 0.5177319626044888,
      "log_loss": 1.6724039747381771,
      "brier": 0.2964688103341764,
      "directional_accuracy": 0.4411764705882353,
      "baseline_auc": 0.46689641796600334,
      "baseline_log_loss": 0.8955592801730954,
      "baseline_brier": 0.1871025728593724,
      "baseline_directional_accuracy": 0.5,
      "best_params": {
        "objective": "multiclass",
        "num_class": 3,
        "metric": "multi_logloss",
        "num_leaves": 31,
        "learning_rate": 0.04488170057528786,
        "min_child_samples": 9,
        "feature_fraction": 0.9,
        "bagging_fraction": 0.9,
        "bagging_freq": 5,
        "verbose": -1,
        "deterministic": true,
        "seed": 42
      }
    },
    {
      "fold": 1,
      "n_train": 476,
      "n_test": 238,
      "auc": 0.36833825432578204,
      "log_loss": 2.6268134659041698,
      "brier": 0.29216095563886696,
      "directional_accuracy": 0.3697478991596639,
      "baseline_auc": 0.5648229559218563,
      "baseline_log_loss": 1.2231688504607279,
      "baseline_brier": 0.2352488031084953,
      "baseline_directional_accuracy": 0.38235294117647056,
      "best_params": {
        "objective": "multiclass",
        "num_class": 3,
        "metric": "multi_logloss",
        "num_leaves": 15,
        "learning_rate": 0.060113218328857784,
        "min_child_samples": 16,
        "feature_fraction": 0.9,
        "bagging_fraction": 0.9,
        "bagging_freq": 5,
        "verbose": -1,
        "deterministic": true,
        "seed": 42
      }
    },
    {
      "fold": 2,
      "n_train": 714,
      "n_test": 238,
      "auc": 0.4901968208768965,
      "log_loss": 1.9251748857671205,
      "brier": 0.26289582356683816,
      "directional_accuracy": 0.5042016806722689,
      "baseline_auc": 0.5199919200377637,
      "baseline_log_loss": 1.5418517908089557,
      "baseline_brier": 0.25425234168760763,
      "baseline_directional_accuracy": 0.4327731092436975,
      "best_params": {
        "objective": "multiclass",
        "num_class": 3,
        "metric": "multi_logloss",
        "num_leaves": 63,
        "learning_rate": 0.06807764614983679,
        "min_child_samples": 12,
        "feature_fraction": 0.9,
        "bagging_fraction": 0.9,
        "bagging_freq": 5,
        "verbose": -1,
        "deterministic": true,
        "seed": 42
      }
    },
    {
      "fold": 3,
      "n_train": 952,
      "n_test": 238,
      "auc": 0.5252687856751895,
      "log_loss": 1.410392688157073,
      "brier": 0.20648060767326895,
      "directional_accuracy": 0.6092436974789915,
      "baseline_auc": 0.5281849661467888,
      "baseline_log_loss": 0.7406270502349562,
      "baseline_brier": 0.13664952784756879,
      "baseline_directional_accuracy": 0.7563025210084033,
      "best_params": {
        "objective": "multiclass",
        "num_class": 3,
        "metric": "multi_logloss",
        "num_leaves": 63,
        "learning_rate": 0.0938393881004349,
        "min_child_samples": 23,
        "feature_fraction": 0.9,
        "bagging_fraction": 0.9,
        "bagging_freq": 5,
        "verbose": -1,
        "deterministic": true,
        "seed": 42
      }
    },
    {
      "fold": 4,
      "n_train": 1190,
      "n_test": 238,
      "auc": 0.6240886303966028,
      "log_loss": 1.0100607302471665,
      "brier": 0.1814593322937195,
      "directional_accuracy": 0.6260504201680672,
      "baseline_auc": 0.6040608304536751,
      "baseline_log_loss": 0.8298484321767325,
      "baseline_brier": 0.15723902701292825,
      "baseline_directional_accuracy": 0.6764705882352942,
      "best_params": {
        "objective": "multiclass",
        "num_class": 3,
        "metric": "multi_logloss",
        "num_leaves": 15,
        "learning_rate": 0.060113218328857784,
        "min_child_samples": 16,
        "feature_fraction": 0.9,
        "bagging_fraction": 0.9,
        "bagging_freq": 5,
        "verbose": -1,
        "deterministic": true,
        "seed": 42
      }
    }
  ],
  "note": "Per-coin model for celestia/1m.",
  "directional_call_share": 0.04895104895104895,
  "directional_call_share_n": 286,
  "directional_call_share_source": "holdout",
  "model_kind": "lightgbm",
  "prior_probs": [],
  "has_regression_head": true,
  "regression_head_stats": {
    "n_train_rows": 684,
    "n_holdout_rows": 172,
    "abs_pred_p50_pct": 0.1509842341723871,
    "abs_pred_p95_pct": 0.3999724430471948,
    "abs_pred_max_pct": 0.5891172383762081,
    "mae_pct": 0.14059609310567642,
    "best_iteration": 49
  }
}