{
  "coin_id": "floki-inu",
  "timeframe": "2h",
  "version": "20260428T165839Z",
  "feature_names": [
    "ret1",
    "ret5",
    "ret10",
    "momentum",
    "realizedVol",
    "rsi14",
    "macdLine",
    "macdSignal",
    "macdHist",
    "atr14",
    "atrPct",
    "ema9",
    "ema21",
    "emaSpreadPct",
    "distFromEma9Pct",
    "distFromEma21Pct",
    "bbUpper",
    "bbMiddle",
    "bbLower",
    "bbWidth",
    "bbPctB",
    "bbWidthPct",
    "funding_rate",
    "open_interest_z",
    "liquidations_1h_usd",
    "bid_ask_spread_bps",
    "btc_lead_ret_5m",
    "eth_lead_ret_5m",
    "btc_liquidations_1h_usd",
    "eth_liquidations_1h_usd",
    "sol_liquidations_1h_usd",
    "session_asia",
    "session_eu",
    "session_us",
    "hour_of_day_sin",
    "hour_of_day_cos",
    "coin_idx"
  ],
  "coin_vocab": [
    "floki-inu"
  ],
  "n_train_rows": 4279,
  "n_test_rows": 3565,
  "metrics": {
    "auc": 0.5077552068116347,
    "log_loss": 3.658650198883779,
    "brier": 0.3575544149873895,
    "directional_accuracy": 0.3904628330995793
  },
  "baseline_metrics": {
    "auc": 0.5369523730274003,
    "log_loss": 1.0512182744670668,
    "brier": 0.21270094153675786,
    "directional_accuracy": 0.4364656381486676
  },
  "threshold_pct": 0.5225,
  "horizon_candles": 4,
  "class_return_means_pct": [
    -2.5579163427932166,
    0.003795567390456435,
    2.7964492162719083
  ],
  "fold_metrics": [
    {
      "fold": 0,
      "n_train": 713,
      "n_test": 713,
      "auc": 0.5092006360873137,
      "log_loss": 4.127390685119307,
      "brier": 0.348962728828292,
      "directional_accuracy": 0.4221598877980365,
      "baseline_auc": 0.5416381010341272,
      "baseline_log_loss": 1.0291678817280119,
      "baseline_brier": 0.20962023511598704,
      "baseline_directional_accuracy": 0.4642356241234222,
      "best_params": {
        "objective": "multiclass",
        "num_class": 3,
        "metric": "multi_logloss",
        "num_leaves": 15,
        "learning_rate": 0.1467758080434611,
        "min_child_samples": 22,
        "feature_fraction": 0.9,
        "bagging_fraction": 0.9,
        "bagging_freq": 5,
        "verbose": -1,
        "deterministic": true,
        "seed": 42
      },
      "feature_importance": [
        416.17805573823284,
        250.52023921886007,
        219.46924530882822,
        252.49271432958403,
        455.4577073028988,
        125.7466006471659,
        202.5493209153642,
        239.69674563957642,
        311.6401528441211,
        302.543189983955,
        332.8836908183721,
        266.51105928616334,
        124.57442799228374,
        233.70825710250278,
        272.92129568123346,
        86.75871906726024,
        355.062776026713,
        190.40217212700873,
        210.0566625242368,
        300.50565811518163,
        178.93107284924236,
        210.26856338961852,
        0.0,
        0.0,
        0.0,
        0.0,
        0.0,
        0.0,
        0.0,
        0.0,
        0.0,
        15.436495039975853,
        6.689462174950222,
        40.40178952884435,
        163.99944635431257,
        109.16348303646487,
        0.0
      ],
      "feature_names": [
        "ret1",
        "ret5",
        "ret10",
        "momentum",
        "realizedVol",
        "rsi14",
        "macdLine",
        "macdSignal",
        "macdHist",
        "atr14",
        "atrPct",
        "ema9",
        "ema21",
        "emaSpreadPct",
        "distFromEma9Pct",
        "distFromEma21Pct",
        "bbUpper",
        "bbMiddle",
        "bbLower",
        "bbWidth",
        "bbPctB",
        "bbWidthPct",
        "funding_rate",
        "open_interest_z",
        "liquidations_1h_usd",
        "bid_ask_spread_bps",
        "btc_lead_ret_5m",
        "eth_lead_ret_5m",
        "btc_liquidations_1h_usd",
        "eth_liquidations_1h_usd",
        "sol_liquidations_1h_usd",
        "session_asia",
        "session_eu",
        "session_us",
        "hour_of_day_sin",
        "hour_of_day_cos",
        "coin_idx"
      ]
    },
    {
      "fold": 1,
      "n_train": 1426,
      "n_test": 713,
      "auc": 0.5259871450172292,
      "log_loss": 3.2671164436251314,
      "brier": 0.3377761954984903,
      "directional_accuracy": 0.42075736325385693,
      "baseline_auc": 0.5440995959011218,
      "baseline_log_loss": 1.0613254039593198,
      "baseline_brier": 0.2144985689710002,
      "baseline_directional_accuracy": 0.43478260869565216,
      "best_params": {
        "objective": "multiclass",
        "num_class": 3,
        "metric": "multi_logloss",
        "num_leaves": 63,
        "learning_rate": 0.03752835315966038,
        "min_child_samples": 11,
        "feature_fraction": 0.9,
        "bagging_fraction": 0.9,
        "bagging_freq": 5,
        "verbose": -1,
        "deterministic": true,
        "seed": 42
      },
      "feature_importance": [
        2446.415317576338,
        2200.263790672757,
        1468.2268199517143,
        2042.8383136524583,
        3063.4248890796425,
        1388.7768877916753,
        1716.546353665608,
        2130.3962669393313,
        2148.8439133815527,
        2103.056837934339,
        2115.561996275846,
        1493.2299130236095,
        1214.1558910882018,
        1594.5287299396598,
        1762.200742323385,
        1114.3657413192896,
        1793.9089407812448,
        1055.7031056698306,
        1448.170628494062,
        2160.2021397387807,
        1751.626133161316,
        1877.7927347783561,
        0.0,
        0.0,
        0.0,
        0.0,
        0.0,
        0.0,
        0.0,
        0.0,
        0.0,
        131.30897878897122,
        107.17376625452016,
        102.42908697433813,
        1093.0964313506229,
        863.913996331582,
        0.0
      ],
      "feature_names": [
        "ret1",
        "ret5",
        "ret10",
        "momentum",
        "realizedVol",
        "rsi14",
        "macdLine",
        "macdSignal",
        "macdHist",
        "atr14",
        "atrPct",
        "ema9",
        "ema21",
        "emaSpreadPct",
        "distFromEma9Pct",
        "distFromEma21Pct",
        "bbUpper",
        "bbMiddle",
        "bbLower",
        "bbWidth",
        "bbPctB",
        "bbWidthPct",
        "funding_rate",
        "open_interest_z",
        "liquidations_1h_usd",
        "bid_ask_spread_bps",
        "btc_lead_ret_5m",
        "eth_lead_ret_5m",
        "btc_liquidations_1h_usd",
        "eth_liquidations_1h_usd",
        "sol_liquidations_1h_usd",
        "session_asia",
        "session_eu",
        "session_us",
        "hour_of_day_sin",
        "hour_of_day_cos",
        "coin_idx"
      ]
    },
    {
      "fold": 2,
      "n_train": 2139,
      "n_test": 713,
      "auc": 0.4928984989718688,
      "log_loss": 4.385127948115119,
      "brier": 0.4006336684303908,
      "directional_accuracy": 0.3632538569424965,
      "baseline_auc": 0.534227445941822,
      "baseline_log_loss": 1.044550387299758,
      "baseline_brier": 0.2107787095430221,
      "baseline_directional_accuracy": 0.4431977559607293,
      "best_params": {
        "objective": "multiclass",
        "num_class": 3,
        "metric": "multi_logloss",
        "num_leaves": 15,
        "learning_rate": 0.09456980059522556,
        "min_child_samples": 13,
        "feature_fraction": 0.9,
        "bagging_fraction": 0.9,
        "bagging_freq": 5,
        "verbose": -1,
        "deterministic": true,
        "seed": 42
      },