{
  "coin_id": "dogwifcoin",
  "timeframe": "1m",
  "version": "20260422T090227Z",
  "feature_names": [
    "ret1",
    "ret5",
    "ret10",
    "momentum",
    "realizedVol",
    "rsi14",
    "macdLine",
    "macdSignal",
    "macdHist",
    "atr14",
    "atrPct",
    "ema9",
    "ema21",
    "emaSpreadPct",
    "distFromEma9Pct",
    "distFromEma21Pct",
    "bbUpper",
    "bbMiddle",
    "bbLower",
    "bbWidth",
    "bbPctB",
    "bbWidthPct",
    "news_etf_flow",
    "news_regulatory_risk",
    "news_exchange_outage",
    "news_macro_shock",
    "news_whale_move",
    "news_exploit_or_hack",
    "news_stablecoin_event",
    "news_narrative_rotation",
    "news_listing_or_delisting",
    "news_protocol_upgrade",
    "news_high_volume_breakout",
    "news_unusual_volatility",
    "coin_idx"
  ],
  "coin_vocab": [
    "dogwifcoin"
  ],
  "n_train_rows": 1416,
  "n_test_rows": 1180,
  "metrics": {
    "auc": 0.5297658234800716,
    "log_loss": 1.7383804711347257,
    "brier": 0.22179681890185257,
    "directional_accuracy": 0.5788135593220339
  },
  "baseline_metrics": {
    "auc": 0.543172158974326,
    "log_loss": 0.9371745661475888,
    "brier": 0.1835633360049002,
    "directional_accuracy": 0.5610169491525424
  },
  "threshold_pct": 0.03,
  "horizon_candles": 1,
  "class_return_means_pct": [
    -0.485500078012104,
    -9.690176583658645e-05,
    0.5353311138710989
  ],
  "fold_metrics": [
    {
      "fold": 0,
      "n_train": 236,
      "n_test": 236,
      "auc": 0.4855957244899112,
      "log_loss": 1.4998017725175423,
      "brier": 0.2510195109722646,
      "directional_accuracy": 0.5,
      "baseline_auc": 0.5105339022774938,
      "baseline_log_loss": 0.9143702093196533,
      "baseline_brier": 0.1880062249466569,
      "baseline_directional_accuracy": 0.4957627118644068,
      "best_params": {
        "objective": "multiclass",
        "num_class": 3,
        "metric": "multi_logloss",
        "num_leaves": 63,
        "learning_rate": 0.0938393881004349,
        "min_child_samples": 23,
        "feature_fraction": 0.9,
        "bagging_fraction": 0.9,
        "bagging_freq": 5,
        "verbose": -1,
        "deterministic": true,
        "seed": 42
      }
    },
    {
      "fold": 1,
      "n_train": 472,
      "n_test": 236,
      "auc": 0.5518334819576916,
      "log_loss": 2.835884491952659,
      "brier": 0.3078689292600622,
      "directional_accuracy": 0.3940677966101695,
      "baseline_auc": 0.6163884607063432,
      "baseline_log_loss": 1.0649314134118293,
      "baseline_brier": 0.21759846077643216,
      "baseline_directional_accuracy": 0.3516949152542373,
      "best_params": {
        "objective": "multiclass",
        "num_class": 3,
        "metric": "multi_logloss",
        "num_leaves": 15,
        "learning_rate": 0.09230320822645494,
        "min_child_samples": 6,
        "feature_fraction": 0.9,
        "bagging_fraction": 0.9,
        "bagging_freq": 5,
        "verbose": -1,
        "deterministic": true,
        "seed": 42
      }
    },
    {
      "fold": 2,
      "n_train": 708,
      "n_test": 236,
      "auc": 0.5166514948602164,
      "log_loss": 1.7656094993858527,
      "brier": 0.16972281631964445,
      "directional_accuracy": 0.7076271186440678,
      "baseline_auc": 0.4970254083423857,
      "baseline_log_loss": 1.0778180306125282,
      "baseline_brier": 0.2077919765580556,
      "baseline_directional_accuracy": 0.5550847457627118,
      "best_params": {
        "objective": "multiclass",
        "num_class": 3,
        "metric": "multi_logloss",
        "num_leaves": 63,
        "learning_rate": 0.0938393881004349,
        "min_child_samples": 23,
        "feature_fraction": 0.9,
        "bagging_fraction": 0.9,
        "bagging_freq": 5,
        "verbose": -1,
        "deterministic": true,
        "seed": 42
      }
    },
    {
      "fold": 3,
      "n_train": 944,
      "n_test": 236,
      "auc": 0.5208376412733912,
      "log_loss": 1.5351300545608755,
      "brier": 0.19469965259831934,
      "directional_accuracy": 0.6610169491525424,
      "baseline_auc": 0.4704994532943461,
      "baseline_log_loss": 0.7757033431042563,
      "baseline_brier": 0.14382941906623398,
      "baseline_directional_accuracy": 0.7372881355932204,
      "best_params": {
        "objective": "multiclass",
        "num_class": 3,
        "metric": "multi_logloss",
        "num_leaves": 63,
        "learning_rate": 0.0938393881004349,
        "min_child_samples": 23,
        "feature_fraction": 0.9,
        "bagging_fraction": 0.9,
        "bagging_freq": 5,
        "verbose": -1,
        "deterministic": true,
        "seed": 42
      }
    },
    {
      "fold": 4,
      "n_train": 1180,
      "n_test": 236,
      "auc": 0.5739107748191477,
      "log_loss": 1.0554765372566977,
      "brier": 0.18567318535897223,
      "directional_accuracy": 0.6313559322033898,
      "baseline_auc": 0.6214135702510609,
      "baseline_log_loss": 0.8530498342896766,
      "baseline_brier": 0.16059059867712253,
      "baseline_directional_accuracy": 0.6652542372881356,
      "best_params": {
        "objective": "multiclass",
        "num_class": 3,
        "metric": "multi_logloss",
        "num_leaves": 15,
        "learning_rate": 0.060113218328857784,
        "min_child_samples": 16,
        "feature_fraction": 0.9,
        "bagging_fraction": 0.9,
        "bagging_freq": 5,
        "verbose": -1,
        "deterministic": true,
        "seed": 42
      }
    }
  ],
  "note": "Per-coin model for dogwifcoin/1m.",
  "directional_call_share": 0.04225352112676056,
  "directional_call_share_n": 284,
  "directional_call_share_source": "holdout",
  "model_kind": "lightgbm",
  "prior_probs": []
}