{
  "coin_id": "floki-inu",
  "timeframe": "1h",
  "version": "20260422T102241Z",
  "feature_names": [
    "ret1",
    "ret5",
    "ret10",
    "momentum",
    "realizedVol",
    "rsi14",
    "macdLine",
    "macdSignal",
    "macdHist",
    "atr14",
    "atrPct",
    "ema9",
    "ema21",
    "emaSpreadPct",
    "distFromEma9Pct",
    "distFromEma21Pct",
    "bbUpper",
    "bbMiddle",
    "bbLower",
    "bbWidth",
    "bbPctB",
    "bbWidthPct",
    "news_etf_flow",
    "news_regulatory_risk",
    "news_exchange_outage",
    "news_macro_shock",
    "news_whale_move",
    "news_exploit_or_hack",
    "news_stablecoin_event",
    "news_narrative_rotation",
    "news_listing_or_delisting",
    "news_protocol_upgrade",
    "news_high_volume_breakout",
    "news_unusual_volatility",
    "coin_idx"
  ],
  "coin_vocab": [
    "floki-inu"
  ],
  "n_train_rows": 685,
  "n_test_rows": 570,
  "metrics": {
    "auc": 0.4921821005173891,
    "log_loss": 2.9039814766801744,
    "brier": 0.36219819990238344,
    "directional_accuracy": 0.3421052631578947
  },
  "baseline_metrics": {
    "auc": 0.544714387646281,
    "log_loss": 1.0854874324768917,
    "brier": 0.21961503710422187,
    "directional_accuracy": 0.4192982456140351
  },
  "threshold_pct": 0.2,
  "horizon_candles": 1,
  "class_return_means_pct": [
    -0.6400160590222154,
    -5.09131088128169e-05,
    0.7799050642031233
  ],
  "fold_metrics": [
    {
      "fold": 0,
      "n_train": 114,
      "n_test": 114,
      "auc": 0.4752716173239804,
      "log_loss": 2.9425034621089523,
      "brier": 0.3729688597409934,
      "directional_accuracy": 0.3157894736842105,
      "baseline_auc": 0.5589412247628841,
      "baseline_log_loss": 1.0897062073645996,
      "baseline_brier": 0.2192700368231548,
      "baseline_directional_accuracy": 0.4473684210526316,
      "best_params": {
        "objective": "multiclass",
        "num_class": 3,
        "metric": "multi_logloss",
        "num_leaves": 31,
        "learning_rate": 0.1,
        "min_child_samples": 5,
        "feature_fraction": 0.9,
        "bagging_fraction": 0.9,
        "bagging_freq": 5,
        "verbose": -1,
        "deterministic": true,
        "seed": 42
      }
    },
    {
      "fold": 1,
      "n_train": 228,
      "n_test": 114,
      "auc": 0.5062867996201329,
      "log_loss": 3.295823816525497,
      "brier": 0.3783418884651028,
      "directional_accuracy": 0.2982456140350877,
      "baseline_auc": 0.5459069325735992,
      "baseline_log_loss": 1.1229355634999914,
      "baseline_brier": 0.2270573265639401,
      "baseline_directional_accuracy": 0.39473684210526316,
      "best_params": {
        "objective": "multiclass",
        "num_class": 3,
        "metric": "multi_logloss",
        "num_leaves": 31,
        "learning_rate": 0.1,
        "min_child_samples": 5,
        "feature_fraction": 0.9,
        "bagging_fraction": 0.9,
        "bagging_freq": 5,
        "verbose": -1,
        "deterministic": true,
        "seed": 42
      }
    },
    {
      "fold": 2,
      "n_train": 342,
      "n_test": 114,
      "auc": 0.47658679427782413,
      "log_loss": 3.0430957108936694,
      "brier": 0.38184567166785105,
      "directional_accuracy": 0.34210526315789475,
      "baseline_auc": 0.5362280015934501,
      "baseline_log_loss": 1.0796569976528267,
      "baseline_brier": 0.21842835218705445,
      "baseline_directional_accuracy": 0.39473684210526316,
      "best_params": {
        "objective": "multiclass",
        "num_class": 3,
        "metric": "multi_logloss",
        "num_leaves": 31,
        "learning_rate": 0.1,
        "min_child_samples": 5,
        "feature_fraction": 0.9,
        "bagging_fraction": 0.9,
        "bagging_freq": 5,
        "verbose": -1,
        "deterministic": true,
        "seed": 42
      }
    },
    {
      "fold": 3,
      "n_train": 456,
      "n_test": 114,
      "auc": 0.5207691920514372,
      "log_loss": 2.5761099456883487,
      "brier": 0.3292624992678982,
      "directional_accuracy": 0.39473684210526316,
      "baseline_auc": 0.5822012636193457,
      "baseline_log_loss": 1.0285671752335828,
      "baseline_brier": 0.20681998203782034,
      "baseline_directional_accuracy": 0.4824561403508772,
      "best_params": {
        "objective": "multiclass",
        "num_class": 3,
        "metric": "multi_logloss",
        "num_leaves": 31,
        "learning_rate": 0.1,
        "min_child_samples": 5,
        "feature_fraction": 0.9,
        "bagging_fraction": 0.9,
        "bagging_freq": 5,
        "verbose": -1,
        "deterministic": true,
        "seed": 42
      }
    },
    {
      "fold": 4,
      "n_train": 570,
      "n_test": 114,
      "auc": 0.48199609931357096,
      "log_loss": 2.662374448184407,
      "brier": 0.348572080370072,
      "directional_accuracy": 0.35964912280701755,
      "baseline_auc": 0.5002945156821257,
      "baseline_log_loss": 1.1065712186334578,
      "baseline_brier": 0.22649948790913965,
      "baseline_directional_accuracy": 0.37719298245614036,
      "best_params": {
        "objective": "multiclass",
        "num_class": 3,
        "metric": "multi_logloss",
        "num_leaves": 31,
        "learning_rate": 0.1,
        "min_child_samples": 5,
        "feature_fraction": 0.9,
        "bagging_fraction": 0.9,
        "bagging_freq": 5,
        "verbose": -1,
        "deterministic": true,
        "seed": 42
      }
    }
  ],
  "note": "Per-coin model for floki-inu/1h.",
  "directional_call_share": 0.9854014598540146,
  "directional_call_share_n": 137,
  "directional_call_share_source": "holdout",
  "model_kind": "lightgbm",
  "prior_probs": [],
  "has_regression_head": true,
  "regression_head_stats": {
    "n_train_rows": 408,
    "n_holdout_rows": 103,
    "abs_pred_p50_pct": 0.9099368652476669,
    "abs_pred_p95_pct": 1.2495065426835026,
    "abs_pred_max_pct": 1.3931379487323425,
    "mae_pct": 0.49090990937497925,
    "best_iteration": 25
  },
  "gates_alignment": {
    "n": 137,
    "source": "holdout",
    "min_directional_edge": 0.05,
    "min_expected_return_pct": 0.15,
    "aligned_share": 0.9416058394160584,
    "aligned_loud_share": 0.9416058394160584,
    "aligned_quiet_share": 0.0,
    "loud_classifier_quiet_regressor_share": 0.0,
    "quiet_classifier_loud_regressor_share": 0.058394160583941604,
    "dir_edge_p50": 0.0781924962384119,
    "dir_edge_p95": 0.24528301886792458,
    "abs_magnitude_pct_p50": 0.9099368652476669,
    "abs_magnitude_pct_p95": 1.2546401150334934
  }
}