{
  "coin_id": "__pooled__",
  "timeframe": "1d",
  "version": "20260429T203556Z",
  "feature_names": [
    "ret1",
    "ret5",
    "ret10",
    "momentum",
    "realizedVol",
    "rsi14",
    "macdLine",
    "macdSignal",
    "macdHist",
    "atr14",
    "atrPct",
    "ema9",
    "ema21",
    "emaSpreadPct",
    "distFromEma9Pct",
    "distFromEma21Pct",
    "bbUpper",
    "bbMiddle",
    "bbLower",
    "bbWidth",
    "bbPctB",
    "bbWidthPct",
    "volZScore60",
    "funding_rate",
    "open_interest_z",
    "liquidations_1h_usd",
    "bid_ask_spread_bps",
    "btc_lead_ret_5m",
    "eth_lead_ret_5m",
    "btc_liquidations_1h_usd",
    "eth_liquidations_1h_usd",
    "sol_liquidations_1h_usd",
    "session_asia",
    "session_eu",
    "session_us",
    "hour_of_day_sin",
    "hour_of_day_cos",
    "coin_idx"
  ],
  "coin_vocab": [
    "bonk",
    "floki-inu",
    "pepe"
  ],
  "n_train_rows": 2932,
  "n_test_rows": 2440,
  "metrics": {
    "auc": 0.49953092163050583,
    "log_loss": 2.0603644467536197,
    "brier": 0.31640014484670853,
    "directional_accuracy": 0.3725409836065574
  },
  "baseline_metrics": {
    "auc": 0.5277209737437377,
    "log_loss": 1.0926567718580364,
    "brier": 0.2198265958151265,
    "directional_accuracy": 0.39549180327868855
  },
  "threshold_pct": 1.4249999999999998,
  "horizon_candles": 1,
  "class_return_means_pct": [
    -5.100601482114285,
    0.009714755104283355,
    6.410464135964747
  ],
  "fold_metrics": [
    {
      "fold": 0,
      "n_train": 488,
      "n_test": 488,
      "auc": 0.5150525074424274,
      "log_loss": 2.761593010594046,
      "brier": 0.34594712094696356,
      "directional_accuracy": 0.36270491803278687,
      "baseline_auc": 0.5244281297105639,
      "baseline_log_loss": 1.1687643523304718,
      "baseline_brier": 0.2323804359521958,
      "baseline_directional_accuracy": 0.36065573770491804,
      "best_params": {
        "objective": "multiclass",
        "num_class": 3,
        "metric": "multi_logloss",
        "num_leaves": 31,
        "learning_rate": 0.09340308327072934,
        "min_child_samples": 9,
        "feature_fraction": 0.9,
        "bagging_fraction": 0.9,
        "bagging_freq": 5,
        "verbose": -1,
        "deterministic": true,
        "seed": 42
      },
      "feature_importance": [
        848.0781610573758,
        834.8453931620461,
        764.898247065139,
        875.6106049114605,
        401.16062508826144,
        429.6966624564375,
        440.72407113737427,
        450.7804529966088,
        519.3167493859655,
        474.83531759219477,
        509.0511259297491,
        351.78005277959164,
        246.01167712337337,
        396.7311300537549,
        634.2695833976031,
        546.3182782912627,
        236.82720839441754,
        209.71504740277305,
        277.5174987631617,
        412.56694362085545,
        706.003244863532,
        530.2088492998155,
        725.8612888832577,
        0.0,
        0.0,
        0.0,
        0.0,
        0.0,
        0.0,
        0.0,
        0.0,
        0.0,
        0.0,
        0.0,
        0.0,
        0.0,
        0.0,
        0.0
      ],
      "feature_names": [
        "ret1",
        "ret5",
        "ret10",
        "momentum",
        "realizedVol",
        "rsi14",
        "macdLine",
        "macdSignal",
        "macdHist",
        "atr14",
        "atrPct",
        "ema9",
        "ema21",
        "emaSpreadPct",
        "distFromEma9Pct",
        "distFromEma21Pct",
        "bbUpper",
        "bbMiddle",
        "bbLower",
        "bbWidth",
        "bbPctB",
        "bbWidthPct",
        "volZScore60",
        "funding_rate",
        "open_interest_z",
        "liquidations_1h_usd",
        "bid_ask_spread_bps",
        "btc_lead_ret_5m",
        "eth_lead_ret_5m",
        "btc_liquidations_1h_usd",
        "eth_liquidations_1h_usd",
        "sol_liquidations_1h_usd",
        "session_asia",
        "session_eu",
        "session_us",
        "hour_of_day_sin",
        "hour_of_day_cos",
        "coin_idx"
      ]
    },
    {
      "fold": 1,
      "n_train": 976,
      "n_test": 488,
      "auc": 0.47774214773853746,
      "log_loss": 1.9339332387626635,
      "brier": 0.3160941281258863,
      "directional_accuracy": 0.3790983606557377,
      "baseline_auc": 0.5276793603304769,
      "baseline_log_loss": 1.0581988625539114,
      "baseline_brier": 0.21385400604310237,
      "baseline_directional_accuracy": 0.4323770491803279,
      "best_params": {
        "objective": "multiclass",
        "num_class": 3,
        "metric": "multi_logloss",
        "num_leaves": 31,
        "learning_rate": 0.09340308327072934,
        "min_child_samples": 9,
        "feature_fraction": 0.9,
        "bagging_fraction": 0.9,
        "bagging_freq": 5,
        "verbose": -1,
        "deterministic": true,
        "seed": 42
      },
      "feature_importance": [
        1673.3801773879677,
        1224.057330481708,
        1333.553648121655,
        1526.5396276554093,
        964.264172270894,
        1040.557137614116,
        710.2306391010061,
        1049.7074702046812,
        1195.9860494062304,
        876.6478985100985,
        1265.3176033776253,
        462.41246356256306,
        472.32872843556106,
        1004.1032109707594,
        1352.4163972437382,
        955.2051978055388,
        399.5501295439899,
        302.2542702704668,
        552.2328818580136,
        678.5823208875954,
        1496.4152164040133,
        1056.669418796897,
        1748.2693211585283,
        0.0,
        0.0,
        0.0,
        0.0,
        0.0,
        0.0,
        0.0,
        0.0,
        0.0,
        0.0,
        0.0,
        0.0,
        0.0,
        0.0,
        91.47882722690701
      ],
      "feature_names": [
        "ret1",
        "ret5",
        "ret10",
        "momentum",
        "realizedVol",
        "rsi14",
        "macdLine",
        "macdSignal",
        "macdHist",
        "atr14",
        "atrPct",
        "ema9",
        "ema21",
        "emaSpreadPct",
        "distFromEma9Pct",
        "distFromEma21Pct",
        "bbUpper",
        "bbMiddle",
        "bbLower",
        "bbWidth",
        "bbPctB",
        "bbWidthPct",
        "volZScore60",
        "funding_rate",
        "open_interest_z",
        "liquidations_1h_usd",
        "bid_ask_spread_bps",
        "btc_lead_ret_5m",
        "eth_lead_ret_5m",
        "btc_liquidations_1h_usd",
        "eth_liquidations_1h_usd",
        "sol_liquidations_1h_usd",
        "session_asia",
        "session_eu",
        "session_us",
        "hour_of_day_sin",
        "hour_of_day_cos",
        "coin_idx"
      ]
    },
    {
      "fold": 2,
      "n_train": 1464,
      "n_test": 488,
      "auc": 0.5212132063059336,
      "log_loss": 1.6613079243297855,
      "brier": 0.2860514611614615,
      "directional_accuracy": 0.39549180327868855,
      "baseline_auc": 0.5439518328524976,
      "baseline_log_loss": 1.0612034577343856,
      "baseline_brier": 0.21398506833881623,
      "baseline_directional_accuracy": 0.41188524590163933,
      "best_params": {
        "objective": "multiclass",
        "num_class": 3,
        "metric": "multi_logloss",
        "num_leaves": 31,
        "learning_rate": 0.09340308327072934,
        "min_child_samples": 9,
        "feature_fraction": 0.9,
        "bagging_fraction": 0.9,
        "bagging_freq": 5,
        "verbose": -1,
        "deterministic": true,
        "seed": 42
      },