{
  "coin_id": "sei-network",
  "timeframe": "5m",
  "version": "20260422T121526Z",
  "feature_names": [
    "ret1",
    "ret5",
    "ret10",
    "momentum",
    "realizedVol",
    "rsi14",
    "macdLine",
    "macdSignal",
    "macdHist",
    "atr14",
    "atrPct",
    "ema9",
    "ema21",
    "emaSpreadPct",
    "distFromEma9Pct",
    "distFromEma21Pct",
    "bbUpper",
    "bbMiddle",
    "bbLower",
    "bbWidth",
    "bbPctB",
    "bbWidthPct",
    "news_etf_flow",
    "news_regulatory_risk",
    "news_exchange_outage",
    "news_macro_shock",
    "news_whale_move",
    "news_exploit_or_hack",
    "news_stablecoin_event",
    "news_narrative_rotation",
    "news_listing_or_delisting",
    "news_protocol_upgrade",
    "news_high_volume_breakout",
    "news_unusual_volatility",
    "coin_idx"
  ],
  "coin_vocab": [
    "sei-network"
  ],
  "n_train_rows": 864,
  "n_test_rows": 720,
  "metrics": {
    "auc": 0.5254797121750052,
    "log_loss": 2.793503867941763,
    "brier": 0.31336666157281223,
    "directional_accuracy": 0.4583333333333333
  },
  "baseline_metrics": {
    "auc": 0.5206599212381452,
    "log_loss": 1.0078316145284156,
    "brier": 0.20496537935173403,
    "directional_accuracy": 0.43472222222222223
  },
  "threshold_pct": 0.04,
  "horizon_candles": 1,
  "class_return_means_pct": [
    -0.44159929063966724,
    -0.0020668323733553685,
    0.4929183121330451
  ],
  "fold_metrics": [
    {
      "fold": 0,
      "n_train": 144,
      "n_test": 144,
      "auc": 0.5793763148502343,
      "log_loss": 2.3669110368074957,
      "brier": 0.29790794859888897,
      "directional_accuracy": 0.4791666666666667,
      "baseline_auc": 0.5133238192526725,
      "baseline_log_loss": 0.9736409943120459,
      "baseline_brier": 0.20321793789590595,
      "baseline_directional_accuracy": 0.4236111111111111,
      "best_params": {
        "objective": "multiclass",
        "num_class": 3,
        "metric": "multi_logloss",
        "num_leaves": 31,
        "learning_rate": 0.1,
        "min_child_samples": 5,
        "feature_fraction": 0.9,
        "bagging_fraction": 0.9,
        "bagging_freq": 5,
        "verbose": -1,
        "deterministic": true,
        "seed": 42
      }
    },
    {
      "fold": 1,
      "n_train": 288,
      "n_test": 144,
      "auc": 0.5515602451965559,
      "log_loss": 2.5036932745146196,
      "brier": 0.27836290812736325,
      "directional_accuracy": 0.5347222222222222,
      "baseline_auc": 0.5060585930746845,
      "baseline_log_loss": 0.9122586338398193,
      "baseline_brier": 0.19089054422406282,
      "baseline_directional_accuracy": 0.4930555555555556,
      "best_params": {
        "objective": "multiclass",
        "num_class": 3,
        "metric": "multi_logloss",
        "num_leaves": 31,
        "learning_rate": 0.1,
        "min_child_samples": 5,
        "feature_fraction": 0.9,
        "bagging_fraction": 0.9,
        "bagging_freq": 5,
        "verbose": -1,
        "deterministic": true,
        "seed": 42
      }
    },
    {
      "fold": 2,
      "n_train": 432,
      "n_test": 144,
      "auc": 0.5065278902813727,
      "log_loss": 2.361062596153593,
      "brier": 0.29139573563590343,
      "directional_accuracy": 0.5,
      "baseline_auc": 0.5529742912360326,
      "baseline_log_loss": 0.8357867443699651,
      "baseline_brier": 0.17992112708815666,
      "baseline_directional_accuracy": 0.5069444444444444,
      "best_params": {
        "objective": "multiclass",
        "num_class": 3,
        "metric": "multi_logloss",
        "num_leaves": 31,
        "learning_rate": 0.1,
        "min_child_samples": 5,
        "feature_fraction": 0.9,
        "bagging_fraction": 0.9,
        "bagging_freq": 5,
        "verbose": -1,
        "deterministic": true,
        "seed": 42
      }
    },
    {
      "fold": 3,
      "n_train": 576,
      "n_test": 144,
      "auc": 0.4988451294327653,
      "log_loss": 3.7756079512328884,
      "brier": 0.34281130148189815,
      "directional_accuracy": 0.4305555555555556,
      "baseline_auc": 0.49497425003539136,
      "baseline_log_loss": 1.222443087027259,
      "baseline_brier": 0.2322609460029397,
      "baseline_directional_accuracy": 0.3611111111111111,
      "best_params": {
        "objective": "multiclass",
        "num_class": 3,
        "metric": "multi_logloss",
        "num_leaves": 31,
        "learning_rate": 0.1,
        "min_child_samples": 5,
        "feature_fraction": 0.9,
        "bagging_fraction": 0.9,
        "bagging_freq": 5,
        "verbose": -1,
        "deterministic": true,
        "seed": 42
      }
    },
    {
      "fold": 4,
      "n_train": 720,
      "n_test": 144,
      "auc": 0.491088981114098,
      "log_loss": 2.9602444810002186,
      "brier": 0.35635541402000753,
      "directional_accuracy": 0.3472222222222222,
      "baseline_auc": 0.5359686525919447,
      "baseline_log_loss": 1.0950286130929892,
      "baseline_brier": 0.21853634154760518,
      "baseline_directional_accuracy": 0.3888888888888889,
      "best_params": {
        "objective": "multiclass",
        "num_class": 3,
        "metric": "multi_logloss",
        "num_leaves": 31,
        "learning_rate": 0.1,
        "min_child_samples": 5,
        "feature_fraction": 0.9,
        "bagging_fraction": 0.9,
        "bagging_freq": 5,
        "verbose": -1,
        "deterministic": true,
        "seed": 42
      }
    }
  ],
  "note": "Per-coin model for sei-network/5m.",
  "directional_call_share": 0.9595375722543352,
  "directional_call_share_n": 173,
  "directional_call_share_source": "holdout",
  "model_kind": "lightgbm",
  "prior_probs": [],
  "has_regression_head": true,
  "regression_head_stats": {
    "n_train_rows": 609,
    "n_holdout_rows": 153,
    "abs_pred_p50_pct": 0.522509036565747,
    "abs_pred_p95_pct": 0.5528821685533414,
    "abs_pred_max_pct": 0.5528821685533414,
    "mae_pct": 0.40547314345124613,
    "best_iteration": 1
  },
  "gates_alignment": {
    "n": 173,
    "source": "holdout",
    "min_directional_edge": 0.05,
    "min_expected_return_pct": 0.15,
    "aligned_share": 0.7456647398843931,
    "aligned_loud_share": 0.7456647398843931,
    "aligned_quiet_share": 0.0,
    "loud_classifier_quiet_regressor_share": 0.0,
    "quiet_classifier_loud_regressor_share": 0.2543352601156069,
    "dir_edge_p50": 0.05672268907563027,
    "dir_edge_p95": 0.24738742162264865,
    "abs_magnitude_pct_p50": 0.522509036565747,
    "abs_magnitude_pct_p95": 0.5528821685533414
  }
}