{
  "coin_id": "sei-network",
  "timeframe": "1m",
  "version": "20260422T101555Z",
  "feature_names": [
    "ret1",
    "ret5",
    "ret10",
    "momentum",
    "realizedVol",
    "rsi14",
    "macdLine",
    "macdSignal",
    "macdHist",
    "atr14",
    "atrPct",
    "ema9",
    "ema21",
    "emaSpreadPct",
    "distFromEma9Pct",
    "distFromEma21Pct",
    "bbUpper",
    "bbMiddle",
    "bbLower",
    "bbWidth",
    "bbPctB",
    "bbWidthPct",
    "news_etf_flow",
    "news_regulatory_risk",
    "news_exchange_outage",
    "news_macro_shock",
    "news_whale_move",
    "news_exploit_or_hack",
    "news_stablecoin_event",
    "news_narrative_rotation",
    "news_listing_or_delisting",
    "news_protocol_upgrade",
    "news_high_volume_breakout",
    "news_unusual_volatility",
    "coin_idx"
  ],
  "coin_vocab": [
    "sei-network"
  ],
  "n_train_rows": 1486,
  "n_test_rows": 1235,
  "metrics": {
    "auc": 0.5434735211131296,
    "log_loss": 2.859201765600209,
    "brier": 0.30703914826479684,
    "directional_accuracy": 0.46234817813765183
  },
  "baseline_metrics": {
    "auc": 0.5509562137838299,
    "log_loss": 0.978300070786182,
    "brier": 0.1856205858196846,
    "directional_accuracy": 0.5910931174089068
  },
  "threshold_pct": 0.03,
  "horizon_candles": 1,
  "class_return_means_pct": [
    -0.3903905329650637,
    0.0011448624017924142,
    0.4304501291809988
  ],
  "fold_metrics": [
    {
      "fold": 0,
      "n_train": 247,
      "n_test": 247,
      "auc": 0.5446027174912617,
      "log_loss": 2.1891030184113367,
      "brier": 0.2714546576534927,
      "directional_accuracy": 0.5222672064777328,
      "baseline_auc": 0.5232277820586558,
      "baseline_log_loss": 0.8873936866177332,
      "baseline_brier": 0.18840671182122068,
      "baseline_directional_accuracy": 0.5101214574898786,
      "best_params": {
        "objective": "multiclass",
        "num_class": 3,
        "metric": "multi_logloss",
        "num_leaves": 31,
        "learning_rate": 0.1,
        "min_child_samples": 5,
        "feature_fraction": 0.9,
        "bagging_fraction": 0.9,
        "bagging_freq": 5,
        "verbose": -1,
        "deterministic": true,
        "seed": 42
      }
    },
    {
      "fold": 1,
      "n_train": 494,
      "n_test": 247,
      "auc": 0.48314423245755084,
      "log_loss": 4.901536263193635,
      "brier": 0.4010657921335174,
      "directional_accuracy": 0.3481781376518219,
      "baseline_auc": 0.5979174443689854,
      "baseline_log_loss": 1.3889420259905942,
      "baseline_brier": 0.25198751826075405,
      "baseline_directional_accuracy": 0.3643724696356275,
      "best_params": {
        "objective": "multiclass",
        "num_class": 3,
        "metric": "multi_logloss",
        "num_leaves": 31,
        "learning_rate": 0.1,
        "min_child_samples": 5,
        "feature_fraction": 0.9,
        "bagging_fraction": 0.9,
        "bagging_freq": 5,
        "verbose": -1,
        "deterministic": true,
        "seed": 42
      }
    },
    {
      "fold": 2,
      "n_train": 741,
      "n_test": 247,
      "auc": 0.5614600213166071,
      "log_loss": 3.460633060961677,
      "brier": 0.3668637966535653,
      "directional_accuracy": 0.3684210526315789,
      "baseline_auc": 0.48975619569909173,
      "baseline_log_loss": 0.7526584666491911,
      "baseline_brier": 0.13954354551486686,
      "baseline_directional_accuracy": 0.7894736842105263,
      "best_params": {
        "objective": "multiclass",
        "num_class": 3,
        "metric": "multi_logloss",
        "num_leaves": 31,
        "learning_rate": 0.1,
        "min_child_samples": 5,
        "feature_fraction": 0.9,
        "bagging_fraction": 0.9,
        "bagging_freq": 5,
        "verbose": -1,
        "deterministic": true,
        "seed": 42
      }
    },
    {
      "fold": 3,
      "n_train": 988,
      "n_test": 247,
      "auc": 0.5361182147213568,
      "log_loss": 1.7988938885901402,
      "brier": 0.2080707970700215,
      "directional_accuracy": 0.6437246963562753,
      "baseline_auc": 0.5662634555906414,
      "baseline_log_loss": 0.7451013760404742,
      "baseline_brier": 0.1385641018351341,
      "baseline_directional_accuracy": 0.7408906882591093,
      "best_params": {
        "objective": "multiclass",
        "num_class": 3,
        "metric": "multi_logloss",
        "num_leaves": 31,
        "learning_rate": 0.1,
        "min_child_samples": 5,
        "feature_fraction": 0.9,
        "bagging_fraction": 0.9,
        "bagging_freq": 5,
        "verbose": -1,
        "deterministic": true,
        "seed": 42
      }
    },
    {
      "fold": 4,
      "n_train": 1235,
      "n_test": 247,
      "auc": 0.5920424195788719,
      "log_loss": 1.9458425968442579,
      "brier": 0.28774069781338724,
      "directional_accuracy": 0.4291497975708502,
      "baseline_auc": 0.5776161912017747,
      "baseline_log_loss": 1.1174047986329174,
      "baseline_brier": 0.20960105166644735,
      "baseline_directional_accuracy": 0.5506072874493927,
      "best_params": {
        "objective": "multiclass",
        "num_class": 3,
        "metric": "multi_logloss",
        "num_leaves": 31,
        "learning_rate": 0.1,
        "min_child_samples": 5,
        "feature_fraction": 0.9,
        "bagging_fraction": 0.9,
        "bagging_freq": 5,
        "verbose": -1,
        "deterministic": true,
        "seed": 42
      }
    }
  ],
  "note": "Per-coin model for sei-network/1m.",
  "directional_call_share": 0.07718120805369127,
  "directional_call_share_n": 298,
  "directional_call_share_source": "holdout",
  "model_kind": "lightgbm",
  "prior_probs": [],
  "has_regression_head": true,
  "regression_head_stats": {
    "n_train_rows": 696,
    "n_holdout_rows": 174,
    "abs_pred_p50_pct": 0.19022253000884104,
    "abs_pred_p95_pct": 0.67918068074022,
    "abs_pred_max_pct": 1.0583320178888234,
    "mae_pct": 0.21373385234932676,
    "best_iteration": 25
  },
  "gates_alignment": {
    "n": 298,
    "source": "holdout",
    "min_directional_edge": 0.05,
    "min_expected_return_pct": 0.15,
    "aligned_share": 0.7181208053691275,
    "aligned_loud_share": 0.7181208053691275,
    "aligned_quiet_share": 0.0,
    "loud_classifier_quiet_regressor_share": 0.0,
    "quiet_classifier_loud_regressor_share": 0.28187919463087246,
    "dir_edge_p50": 0.1058046895239651,
    "dir_edge_p95": 0.30301799113008043,
    "abs_magnitude_pct_p50": 0.20765632985984775,
    "abs_magnitude_pct_p95": 0.7064559245246531
  }
}