{
  "coin_id": "render-token",
  "timeframe": "1m",
  "version": "20260422T073705Z",
  "feature_names": [
    "ret1",
    "ret5",
    "ret10",
    "momentum",
    "realizedVol",
    "rsi14",
    "macdLine",
    "macdSignal",
    "macdHist",
    "atr14",
    "atrPct",
    "ema9",
    "ema21",
    "emaSpreadPct",
    "distFromEma9Pct",
    "distFromEma21Pct",
    "bbUpper",
    "bbMiddle",
    "bbLower",
    "bbWidth",
    "bbPctB",
    "bbWidthPct",
    "news_etf_flow",
    "news_regulatory_risk",
    "news_exchange_outage",
    "news_macro_shock",
    "news_whale_move",
    "news_exploit_or_hack",
    "news_stablecoin_event",
    "news_narrative_rotation",
    "news_listing_or_delisting",
    "news_protocol_upgrade",
    "news_high_volume_breakout",
    "news_unusual_volatility",
    "coin_idx"
  ],
  "coin_vocab": [
    "render-token"
  ],
  "n_train_rows": 621,
  "n_test_rows": 515,
  "metrics": {
    "auc": 0.5401397137869461,
    "log_loss": 1.8886944528408918,
    "brier": 0.24061512743991967,
    "directional_accuracy": 0.5495145631067961
  },
  "baseline_metrics": {
    "auc": 0.4731041347422119,
    "log_loss": 0.7721569210765162,
    "brier": 0.14224023677626896,
    "directional_accuracy": 0.7320388349514564
  },
  "threshold_pct": 0.03,
  "horizon_candles": 1,
  "class_return_means_pct": [
    -0.09379301190509994,
    -0.00019007310036825008,
    0.12929809086661595
  ],
  "fold_metrics": [
    {
      "fold": 0,
      "n_train": 103,
      "n_test": 103,
      "auc": 0.515886615009422,
      "log_loss": 2.7286442166442613,
      "brier": 0.29643331039849735,
      "directional_accuracy": 0.4854368932038835,
      "baseline_auc": 0.5313792769933121,
      "baseline_log_loss": 0.7569040250827387,
      "baseline_brier": 0.14057996604989428,
      "baseline_directional_accuracy": 0.7378640776699029,
      "best_params": {
        "objective": "multiclass",
        "num_class": 3,
        "metric": "multi_logloss",
        "num_leaves": 15,
        "learning_rate": 0.09230320822645494,
        "min_child_samples": 6,
        "feature_fraction": 0.9,
        "bagging_fraction": 0.9,
        "bagging_freq": 5,
        "verbose": -1,
        "deterministic": true,
        "seed": 42
      }
    },
    {
      "fold": 1,
      "n_train": 206,
      "n_test": 103,
      "auc": 0.5851710872795209,
      "log_loss": 1.5341093412811422,
      "brier": 0.24793517536882617,
      "directional_accuracy": 0.4854368932038835,
      "baseline_auc": 0.41282860379245917,
      "baseline_log_loss": 0.6572906873785086,
      "baseline_brier": 0.11599957696101122,
      "baseline_directional_accuracy": 0.8058252427184466,
      "best_params": {
        "objective": "multiclass",
        "num_class": 3,
        "metric": "multi_logloss",
        "num_leaves": 31,
        "learning_rate": 0.09340308327072934,
        "min_child_samples": 9,
        "feature_fraction": 0.9,
        "bagging_fraction": 0.9,
        "bagging_freq": 5,
        "verbose": -1,
        "deterministic": true,
        "seed": 42
      }
    },
    {
      "fold": 2,
      "n_train": 309,
      "n_test": 103,
      "auc": 0.5836916253242457,
      "log_loss": 1.4699895791501838,
      "brier": 0.19730066118930498,
      "directional_accuracy": 0.6407766990291263,
      "baseline_auc": 0.4453095064506584,
      "baseline_log_loss": 0.8396046721581779,
      "baseline_brier": 0.15445180441421713,
      "baseline_directional_accuracy": 0.7087378640776699,
      "best_params": {
        "objective": "multiclass",
        "num_class": 3,
        "metric": "multi_logloss",
        "num_leaves": 63,
        "learning_rate": 0.0938393881004349,
        "min_child_samples": 23,
        "feature_fraction": 0.9,
        "bagging_fraction": 0.9,
        "bagging_freq": 5,
        "verbose": -1,
        "deterministic": true,
        "seed": 42
      }
    },
    {
      "fold": 3,
      "n_train": 412,
      "n_test": 103,
      "auc": 0.560394072158778,
      "log_loss": 2.1609576880312518,
      "brier": 0.26103907751154304,
      "directional_accuracy": 0.5242718446601942,
      "baseline_auc": 0.48630451829484866,
      "baseline_log_loss": 0.8144306849436237,
      "baseline_brier": 0.1533416228475305,
      "baseline_directional_accuracy": 0.7087378640776699,
      "best_params": {
        "objective": "multiclass",
        "num_class": 3,
        "metric": "multi_logloss",
        "num_leaves": 15,
        "learning_rate": 0.09230320822645494,
        "min_child_samples": 6,
        "feature_fraction": 0.9,
        "bagging_fraction": 0.9,
        "bagging_freq": 5,
        "verbose": -1,
        "deterministic": true,
        "seed": 42
      }
    },
    {
      "fold": 4,
      "n_train": 515,
      "n_test": 103,
      "auc": 0.4555551691627641,
      "log_loss": 1.54977143909762,
      "brier": 0.20036741273142677,
      "directional_accuracy": 0.6116504854368932,
      "baseline_auc": 0.48969876817978086,
      "baseline_log_loss": 0.7925545358195325,
      "baseline_brier": 0.14682821360869158,
      "baseline_directional_accuracy": 0.6990291262135923,
      "best_params": {
        "objective": "multiclass",
        "num_class": 3,
        "metric": "multi_logloss",
        "num_leaves": 63,
        "learning_rate": 0.06807764614983679,
        "min_child_samples": 12,
        "feature_fraction": 0.9,
        "bagging_fraction": 0.9,
        "bagging_freq": 5,
        "verbose": -1,
        "deterministic": true,
        "seed": 42
      }
    }
  ],
  "note": "Per-coin model for render-token/1m.",
  "directional_call_share": 0.0,
  "directional_call_share_n": 125,
  "directional_call_share_source": "holdout",
  "model_kind": "lightgbm",
  "prior_probs": []
}