{
  "coin_id": "__specialist_volatility_forecaster__",
  "timeframe": "5m",
  "version": "20260429T132919Z",
  "feature_names": [
    "ret1",
    "ret5",
    "ret10",
    "momentum",
    "realizedVol",
    "rsi14",
    "macdLine",
    "macdSignal",
    "macdHist",
    "atr14",
    "atrPct",
    "ema9",
    "ema21",
    "emaSpreadPct",
    "distFromEma9Pct",
    "distFromEma21Pct",
    "bbUpper",
    "bbMiddle",
    "bbLower",
    "bbWidth",
    "bbPctB",
    "bbWidthPct",
    "volZScore60",
    "funding_rate",
    "open_interest_z",
    "liquidations_1h_usd",
    "bid_ask_spread_bps",
    "btc_lead_ret_5m",
    "eth_lead_ret_5m",
    "btc_liquidations_1h_usd",
    "eth_liquidations_1h_usd",
    "sol_liquidations_1h_usd",
    "session_asia",
    "session_eu",
    "session_us",
    "hour_of_day_sin",
    "hour_of_day_cos",
    "coin_idx"
  ],
  "coin_vocab": [
    "bonk",
    "celestia",
    "jupiter-exchange-solana",
    "pepe"
  ],
  "n_train_rows": 367381,
  "n_test_rows": 306150,
  "metrics": {
    "auc": 0.6137831244508998,
    "log_loss": 1.0547169783166812,
    "brier": 0.21256023718011186,
    "directional_accuracy": 0.43574065000816586
  },
  "baseline_metrics": {
    "auc": 0.6062598255738302,
    "log_loss": 1.0601632199608235,
    "brier": 0.21358915474617626,
    "directional_accuracy": 0.4224073166748326
  },
  "threshold_pct": 0.2,
  "horizon_candles": 1,
  "class_return_means_pct": [
    0.001792021498545127,
    -0.0026752412297143175,
    0.0003302442638703012
  ],
  "fold_metrics": [
    {
      "fold": 0,
      "n_train": 61230,
      "n_test": 61230,
      "auc": 0.5996130018441702,
      "log_loss": 1.0688993966351321,
      "brier": 0.21586256916273538,
      "directional_accuracy": 0.41058304752572267,
      "baseline_auc": 0.598499807813035,
      "baseline_log_loss": 1.073343191566227,
      "baseline_brier": 0.21667149459016585,
      "baseline_directional_accuracy": 0.40254777070063696,
      "best_params": {
        "objective": "multiclass",
        "num_class": 3,
        "metric": "multi_logloss",
        "num_leaves": 15,
        "learning_rate": 0.030720225552616016,
        "min_child_samples": 19,
        "feature_fraction": 0.9,
        "bagging_fraction": 0.9,
        "bagging_freq": 5,
        "verbose": -1,
        "deterministic": true,
        "seed": 42
      },
      "feature_importance": [
        7303.898654818535,
        7456.3231112957,
        7986.733813762665,
        8025.80849313736,
        24931.670499563217,
        7059.643196463585,
        6209.596763730049,
        6850.222118377686,
        9200.782508850098,
        5972.544221997261,
        59556.6431876421,
        6703.05229985714,
        3628.91328060627,
        8936.157958984375,
        6763.573790073395,
        5641.376744627953,
        4427.88105738163,
        3210.6210837364197,
        4911.979156970978,
        6069.8160346746445,
        7920.023818969727,
        9525.631649374962,
        9244.921274065971,
        0.0,
        0.0,
        0.0,
        0.0,
        0.0,
        0.0,
        0.0,
        0.0,
        0.0,
        662.0462582111359,
        170.60865926742554,
        1840.4943761825562,
        17480.952653169632,
        14537.355723142624,
        924.2159731388092
      ],
      "feature_names": [
        "ret1",
        "ret5",
        "ret10",
        "momentum",
        "realizedVol",
        "rsi14",
        "macdLine",
        "macdSignal",
        "macdHist",
        "atr14",
        "atrPct",
        "ema9",
        "ema21",
        "emaSpreadPct",
        "distFromEma9Pct",
        "distFromEma21Pct",
        "bbUpper",
        "bbMiddle",
        "bbLower",
        "bbWidth",
        "bbPctB",
        "bbWidthPct",
        "volZScore60",
        "funding_rate",
        "open_interest_z",
        "liquidations_1h_usd",
        "bid_ask_spread_bps",
        "btc_lead_ret_5m",
        "eth_lead_ret_5m",
        "btc_liquidations_1h_usd",
        "eth_liquidations_1h_usd",
        "sol_liquidations_1h_usd",
        "session_asia",
        "session_eu",
        "session_us",
        "hour_of_day_sin",
        "hour_of_day_cos",
        "coin_idx"
      ]
    },
    {
      "fold": 1,
      "n_train": 122460,
      "n_test": 61230,
      "auc": 0.607296573415835,
      "log_loss": 1.0646221075391593,
      "brier": 0.21447207497056078,
      "directional_accuracy": 0.42328923730197615,
      "baseline_auc": 0.6097629306079552,
      "baseline_log_loss": 1.0619876106227732,
      "baseline_brier": 0.2133423343116403,
      "baseline_directional_accuracy": 0.41732810713702434,
      "best_params": {
        "objective": "multiclass",
        "num_class": 3,
        "metric": "multi_logloss",
        "num_leaves": 15,
        "learning_rate": 0.05816333305872053,
        "min_child_samples": 27,
        "feature_fraction": 0.9,
        "bagging_fraction": 0.9,
        "bagging_freq": 5,
        "verbose": -1,
        "deterministic": true,
        "seed": 42
      },
      "feature_importance": [
        7399.292894184589,
        6721.982274532318,
        8238.462600171566,
        7948.0720328092575,
        18362.04454278946,
        7916.895604133606,
        6272.272234559059,
        7470.308467268944,
        8275.707992434502,
        5992.2229924201965,
        82182.52138411999,
        8587.448853850365,
        2964.2166934013367,
        7861.579142689705,
        6621.630228161812,
        6531.984097361565,
        5257.536485910416,
        2433.355657339096,
        4688.637050032616,
        5653.668633103371,
        7580.130317807198,
        9289.250690817833,
        8846.99837577343,
        0.0,
        0.0,
        0.0,
        0.0,
        0.0,
        0.0,
        0.0,
        0.0,
        0.0,
        754.9309364557266,
        146.41927981376648,
        1969.7452495098114,
        16733.38408970833,
        15901.127650141716,
        520.4528201818466
      ],
      "feature_names": [
        "ret1",
        "ret5",
        "ret10",
        "momentum",
        "realizedVol",
        "rsi14",
        "macdLine",
        "macdSignal",
        "macdHist",
        "atr14",
        "atrPct",
        "ema9",
        "ema21",
        "emaSpreadPct",
        "distFromEma9Pct",
        "distFromEma21Pct",
        "bbUpper",
        "bbMiddle",
        "bbLower",
        "bbWidth",
        "bbPctB",
        "bbWidthPct",
        "volZScore60",
        "funding_rate",
        "open_interest_z",
        "liquidations_1h_usd",
        "bid_ask_spread_bps",
        "btc_lead_ret_5m",
        "eth_lead_ret_5m",
        "btc_liquidations_1h_usd",
        "eth_liquidations_1h_usd",
        "sol_liquidations_1h_usd",
        "session_asia",
        "session_eu",
        "session_us",
        "hour_of_day_sin",
        "hour_of_day_cos",
        "coin_idx"
      ]
    },
    {
      "fold": 2,
      "n_train": 183690,
      "n_test": 61230,
      "auc": 0.6297045244246464,
      "log_loss": 1.052209335183061,
      "brier": 0.21188824756719707,
      "directional_accuracy": 0.44790135554466765,
      "baseline_auc": 0.6086760440378135,
      "baseline_log_loss": 1.059933825822052,
      "baseline_brier": 0.2136663334530372,
      "baseline_directional_accuracy": 0.4171647885023681,
      "best_params": {
        "objective": "multiclass",
        "num_class": 3,
        "metric": "multi_logloss",
        "num_leaves": 15,
        "learning_rate": 0.041886280465752664,
        "min_child_samples": 28,
        "feature_fraction": 0.9,
        "bagging_fraction": 0.9,
        "bagging_freq": 5,
        "verbose": -1,
        "deterministic": true,
        "seed": 42
      },