{
  "coin_id": "injective-protocol",
  "timeframe": "6h",
  "version": "20260425T102353Z",
  "feature_names": [
    "ret1",
    "ret5",
    "ret10",
    "momentum",
    "realizedVol",
    "rsi14",
    "macdLine",
    "macdSignal",
    "macdHist",
    "atr14",
    "atrPct",
    "ema9",
    "ema21",
    "emaSpreadPct",
    "distFromEma9Pct",
    "distFromEma21Pct",
    "bbUpper",
    "bbMiddle",
    "bbLower",
    "bbWidth",
    "bbPctB",
    "bbWidthPct",
    "funding_rate",
    "open_interest_z",
    "liquidations_1h_usd",
    "bid_ask_spread_bps",
    "btc_lead_ret_5m",
    "eth_lead_ret_5m",
    "btc_liquidations_1h_usd",
    "eth_liquidations_1h_usd",
    "sol_liquidations_1h_usd",
    "session_asia",
    "session_eu",
    "session_us",
    "hour_of_day_sin",
    "hour_of_day_cos",
    "coin_idx"
  ],
  "coin_vocab": [
    "injective-protocol"
  ],
  "n_train_rows": 1413,
  "n_test_rows": 1175,
  "metrics": {
    "auc": 0.5638775801439412,
    "log_loss": 3.6495015853240735,
    "brier": 0.341641922471532,
    "directional_accuracy": 0.4323404255319148
  },
  "baseline_metrics": {
    "auc": 0.5104872948000413,
    "log_loss": 1.1048594582137923,
    "brier": 0.22589832376243,
    "directional_accuracy": 0.41191489361702127
  },
  "threshold_pct": 0.8075,
  "horizon_candles": 4,
  "class_return_means_pct": [
    -4.390887189079957,
    -0.030378649750320137,
    4.468716420191457
  ],
  "fold_metrics": [
    {
      "fold": 0,
      "n_train": 235,
      "n_test": 235,
      "auc": 0.6410676432903886,
      "log_loss": 3.220172480878805,
      "brier": 0.3117241632163454,
      "directional_accuracy": 0.48936170212765956,
      "baseline_auc": 0.5621468671691403,
      "baseline_log_loss": 1.0448000308637395,
      "baseline_brier": 0.21124894767017002,
      "baseline_directional_accuracy": 0.4595744680851064,
      "best_params": {
        "objective": "multiclass",
        "num_class": 3,
        "metric": "multi_logloss",
        "num_leaves": 63,
        "learning_rate": 0.03772541311970699,
        "min_child_samples": 5,
        "feature_fraction": 0.9,
        "bagging_fraction": 0.9,
        "bagging_freq": 5,
        "verbose": -1,
        "deterministic": true,
        "seed": 42
      },
      "feature_importance": [
        449.1098142704953,
        327.4710752667857,
        342.67130415251427,
        404.6712861976035,
        429.77047215962176,
        156.91380016188882,
        437.8688228450022,
        417.09795126643104,
        303.76445154780373,
        222.28755207373268,
        295.07643047051994,
        282.97240704313816,
        308.8051516464372,
        264.15774599348464,
        203.76803362078525,
        228.6686955757389,
        167.47179123660626,
        244.99525600112722,
        676.9813923851505,
        255.90139181629405,
        145.40060664076557,
        180.08807716026,
        0.0,
        0.0,
        0.0,
        0.0,
        0.0,
        0.0,
        0.0,
        0.0,
        0.0,
        13.53523698054108,
        49.70242561935849,
        11.564315006220182,
        23.681010295844775,
        80.05346372438072,
        0.0
      ],
      "feature_names": [
        "ret1",
        "ret5",
        "ret10",
        "momentum",
        "realizedVol",
        "rsi14",
        "macdLine",
        "macdSignal",
        "macdHist",
        "atr14",
        "atrPct",
        "ema9",
        "ema21",
        "emaSpreadPct",
        "distFromEma9Pct",
        "distFromEma21Pct",
        "bbUpper",
        "bbMiddle",
        "bbLower",
        "bbWidth",
        "bbPctB",
        "bbWidthPct",
        "funding_rate",
        "open_interest_z",
        "liquidations_1h_usd",
        "bid_ask_spread_bps",
        "btc_lead_ret_5m",
        "eth_lead_ret_5m",
        "btc_liquidations_1h_usd",
        "eth_liquidations_1h_usd",
        "sol_liquidations_1h_usd",
        "session_asia",
        "session_eu",
        "session_us",
        "hour_of_day_sin",
        "hour_of_day_cos",
        "coin_idx"
      ]
    },
    {
      "fold": 1,
      "n_train": 470,
      "n_test": 235,
      "auc": 0.5626809013065052,
      "log_loss": 3.2550567113560493,
      "brier": 0.3368537615818618,
      "directional_accuracy": 0.4425531914893617,
      "baseline_auc": 0.46514176735429574,
      "baseline_log_loss": 1.1473522852006421,
      "baseline_brier": 0.22892120437531957,
      "baseline_directional_accuracy": 0.40425531914893614,
      "best_params": {
        "objective": "multiclass",
        "num_class": 3,
        "metric": "multi_logloss",
        "num_leaves": 15,
        "learning_rate": 0.041966693772079434,
        "min_child_samples": 29,
        "feature_fraction": 0.9,
        "bagging_fraction": 0.9,
        "bagging_freq": 5,
        "verbose": -1,
        "deterministic": true,
        "seed": 42
      },
      "feature_importance": [
        786.1429833262306,
        433.79127018109017,
        475.5217200481208,
        1188.232337276106,
        459.1040292795564,
        658.1007373774468,
        495.97782955490624,
        781.6096335079139,
        697.8070622915247,
        503.05953893196914,
        434.12484867254676,
        575.5908302581632,
        593.8289772330602,
        537.4128553795612,
        337.10868239858485,
        375.4874378240244,
        667.2616946748776,
        465.5778128147206,
        606.7301183122652,
        466.15384208809405,
        459.28037578915314,
        776.8204029728018,
        0.0,
        0.0,
        0.0,
        0.0,
        0.0,
        0.0,
        0.0,
        0.0,
        0.0,
        18.258598119020462,
        27.374826384009793,
        19.144124123155603,
        35.481678631078395,
        95.12990682721919,
        0.0
      ],
      "feature_names": [
        "ret1",
        "ret5",
        "ret10",
        "momentum",
        "realizedVol",
        "rsi14",
        "macdLine",
        "macdSignal",
        "macdHist",
        "atr14",
        "atrPct",
        "ema9",
        "ema21",
        "emaSpreadPct",
        "distFromEma9Pct",
        "distFromEma21Pct",
        "bbUpper",
        "bbMiddle",
        "bbLower",
        "bbWidth",
        "bbPctB",
        "bbWidthPct",
        "funding_rate",
        "open_interest_z",
        "liquidations_1h_usd",
        "bid_ask_spread_bps",
        "btc_lead_ret_5m",
        "eth_lead_ret_5m",
        "btc_liquidations_1h_usd",
        "eth_liquidations_1h_usd",
        "sol_liquidations_1h_usd",
        "session_asia",
        "session_eu",
        "session_us",
        "hour_of_day_sin",
        "hour_of_day_cos",
        "coin_idx"
      ]
    },
    {
      "fold": 2,
      "n_train": 705,
      "n_test": 235,
      "auc": 0.5485300296434049,
      "log_loss": 4.139887531159883,
      "brier": 0.38585099499856623,
      "directional_accuracy": 0.3659574468085106,
      "baseline_auc": 0.5093006643937407,
      "baseline_log_loss": 1.180006161234535,
      "baseline_brier": 0.2517433038008134,
      "baseline_directional_accuracy": 0.33191489361702126,
      "best_params": {
        "objective": "multiclass",
        "num_class": 3,
        "metric": "multi_logloss",
        "num_leaves": 63,
        "learning_rate": 0.19768750251520276,
        "min_child_samples": 7,
        "feature_fraction": 0.9,
        "bagging_fraction": 0.9,
        "bagging_freq": 5,
        "verbose": -1,
        "deterministic": true,
        "seed": 42
      },