{
  "coin_id": "jupiter-exchange-solana",
  "timeframe": "5m",
  "version": "20260422T122555Z",
  "feature_names": [
    "ret1",
    "ret5",
    "ret10",
    "momentum",
    "realizedVol",
    "rsi14",
    "macdLine",
    "macdSignal",
    "macdHist",
    "atr14",
    "atrPct",
    "ema9",
    "ema21",
    "emaSpreadPct",
    "distFromEma9Pct",
    "distFromEma21Pct",
    "bbUpper",
    "bbMiddle",
    "bbLower",
    "bbWidth",
    "bbPctB",
    "bbWidthPct",
    "news_etf_flow",
    "news_regulatory_risk",
    "news_exchange_outage",
    "news_macro_shock",
    "news_whale_move",
    "news_exploit_or_hack",
    "news_stablecoin_event",
    "news_narrative_rotation",
    "news_listing_or_delisting",
    "news_protocol_upgrade",
    "news_high_volume_breakout",
    "news_unusual_volatility",
    "coin_idx"
  ],
  "coin_vocab": [
    "jupiter-exchange-solana"
  ],
  "n_train_rows": 866,
  "n_test_rows": 720,
  "metrics": {
    "auc": 0.5058351913439096,
    "log_loss": 1.903969056511017,
    "brier": 0.27727178357064886,
    "directional_accuracy": 0.4416666666666667
  },
  "baseline_metrics": {
    "auc": 0.5233032698980317,
    "log_loss": 1.0022556102995828,
    "brier": 0.20387211806999295,
    "directional_accuracy": 0.45138888888888895
  },
  "threshold_pct": 0.04,
  "horizon_candles": 1,
  "class_return_means_pct": [
    -0.500338082962301,
    -0.001335950064883095,
    0.5284446495730933
  ],
  "fold_metrics": [
    {
      "fold": 0,
      "n_train": 144,
      "n_test": 144,
      "auc": 0.5038488569416325,
      "log_loss": 1.5458631489504109,
      "brier": 0.2701879931258017,
      "directional_accuracy": 0.4652777777777778,
      "baseline_auc": 0.44724845704556637,
      "baseline_log_loss": 0.9678977056286011,
      "baseline_brier": 0.20464608215312094,
      "baseline_directional_accuracy": 0.4652777777777778,
      "best_params": {
        "objective": "multiclass",
        "num_class": 3,
        "metric": "multi_logloss",
        "num_leaves": 63,
        "learning_rate": 0.0938393881004349,
        "min_child_samples": 23,
        "feature_fraction": 0.9,
        "bagging_fraction": 0.9,
        "bagging_freq": 5,
        "verbose": -1,
        "deterministic": true,
        "seed": 42
      }
    },
    {
      "fold": 1,
      "n_train": 288,
      "n_test": 144,
      "auc": 0.5170707813000034,
      "log_loss": 1.648476900778521,
      "brier": 0.23112657368735112,
      "directional_accuracy": 0.5555555555555556,
      "baseline_auc": 0.5015558433181043,
      "baseline_log_loss": 0.9158307100743297,
      "baseline_brier": 0.1867040886513891,
      "baseline_directional_accuracy": 0.5,
      "best_params": {
        "objective": "multiclass",
        "num_class": 3,
        "metric": "multi_logloss",
        "num_leaves": 63,
        "learning_rate": 0.06807764614983679,
        "min_child_samples": 12,
        "feature_fraction": 0.9,
        "bagging_fraction": 0.9,
        "bagging_freq": 5,
        "verbose": -1,
        "deterministic": true,
        "seed": 42
      }
    },
    {
      "fold": 2,
      "n_train": 432,
      "n_test": 144,
      "auc": 0.4932975875421495,
      "log_loss": 2.3126339810575423,
      "brier": 0.31604233937654186,
      "directional_accuracy": 0.4375,
      "baseline_auc": 0.5412888120742512,
      "baseline_log_loss": 0.835685557947353,
      "baseline_brier": 0.17866303787979954,
      "baseline_directional_accuracy": 0.5208333333333334,
      "best_params": {
        "objective": "multiclass",
        "num_class": 3,
        "metric": "multi_logloss",
        "num_leaves": 15,
        "learning_rate": 0.09230320822645494,
        "min_child_samples": 6,
        "feature_fraction": 0.9,
        "bagging_fraction": 0.9,
        "bagging_freq": 5,
        "verbose": -1,
        "deterministic": true,
        "seed": 42
      }
    },
    {
      "fold": 3,
      "n_train": 576,
      "n_test": 144,
      "auc": 0.48245367117328547,
      "log_loss": 2.290614211994024,
      "brier": 0.2719727713132672,
      "directional_accuracy": 0.4513888888888889,
      "baseline_auc": 0.6167233961347676,
      "baseline_log_loss": 1.0482129667988151,
      "baseline_brier": 0.20787172285718167,
      "baseline_directional_accuracy": 0.4236111111111111,
      "best_params": {
        "objective": "multiclass",
        "num_class": 3,
        "metric": "multi_logloss",
        "num_leaves": 63,
        "learning_rate": 0.0938393881004349,
        "min_child_samples": 23,
        "feature_fraction": 0.9,
        "bagging_fraction": 0.9,
        "bagging_freq": 5,
        "verbose": -1,
        "deterministic": true,
        "seed": 42
      }
    },
    {
      "fold": 4,
      "n_train": 720,
      "n_test": 144,
      "auc": 0.5325050597624775,
      "log_loss": 1.7222570397745873,
      "brier": 0.29702924035028233,
      "directional_accuracy": 0.2986111111111111,
      "baseline_auc": 0.509699840917469,
      "baseline_log_loss": 1.243651111048815,
      "baseline_brier": 0.24147565880847333,
      "baseline_directional_accuracy": 0.3472222222222222,
      "best_params": {
        "objective": "multiclass",
        "num_class": 3,
        "metric": "multi_logloss",
        "num_leaves": 15,
        "learning_rate": 0.060113218328857784,
        "min_child_samples": 16,
        "feature_fraction": 0.9,
        "bagging_fraction": 0.9,
        "bagging_freq": 5,
        "verbose": -1,
        "deterministic": true,
        "seed": 42
      }
    }
  ],
  "note": "Per-coin model for jupiter-exchange-solana/5m.",
  "directional_call_share": 0.47126436781609193,
  "directional_call_share_n": 174,
  "directional_call_share_source": "holdout",
  "model_kind": "lightgbm",
  "prior_probs": [],
  "has_regression_head": true,
  "regression_head_stats": {
    "n_train_rows": 610,
    "n_holdout_rows": 153,
    "abs_pred_p50_pct": 0.5201236881800159,
    "abs_pred_p95_pct": 0.7536854182489311,
    "abs_pred_max_pct": 0.8475585868218501,
    "mae_pct": 0.3814831471037427,
    "best_iteration": 9
  },
  "gates_alignment": {
    "n": 174,
    "source": "holdout",
    "min_directional_edge": 0.05,
    "min_expected_return_pct": 0.15,
    "aligned_share": 0.9137931034482759,
    "aligned_loud_share": 0.9137931034482759,
    "aligned_quiet_share": 0.0,
    "loud_classifier_quiet_regressor_share": 0.0,
    "quiet_classifier_loud_regressor_share": 0.08620689655172414,
    "dir_edge_p50": 0.07535945234117997,
    "dir_edge_p95": 0.47243024069622375,
    "abs_magnitude_pct_p50": 0.5115939283554228,
    "abs_magnitude_pct_p95": 0.6453444538113674
  }
}