{
  "coin_id": "render-token",
  "timeframe": "1h",
  "version": "20260422T154709Z",
  "feature_names": [
    "ret1",
    "ret5",
    "ret10",
    "momentum",
    "realizedVol",
    "rsi14",
    "macdLine",
    "macdSignal",
    "macdHist",
    "atr14",
    "atrPct",
    "ema9",
    "ema21",
    "emaSpreadPct",
    "distFromEma9Pct",
    "distFromEma21Pct",
    "bbUpper",
    "bbMiddle",
    "bbLower",
    "bbWidth",
    "bbPctB",
    "bbWidthPct",
    "news_etf_flow",
    "news_regulatory_risk",
    "news_exchange_outage",
    "news_macro_shock",
    "news_whale_move",
    "news_exploit_or_hack",
    "news_stablecoin_event",
    "news_narrative_rotation",
    "news_listing_or_delisting",
    "news_protocol_upgrade",
    "news_high_volume_breakout",
    "news_unusual_volatility",
    "coin_idx"
  ],
  "coin_vocab": [
    "render-token"
  ],
  "n_train_rows": 684,
  "n_test_rows": 570,
  "metrics": {
    "auc": 0.5093344617272565,
    "log_loss": 2.987121772244958,
    "brier": 0.3578697335076587,
    "directional_accuracy": 0.37894736842105264
  },
  "baseline_metrics": {
    "auc": 0.5148010562792459,
    "log_loss": 1.1005083931566546,
    "brier": 0.2229530459011854,
    "directional_accuracy": 0.3789473684210526
  },
  "threshold_pct": 0.2,
  "horizon_candles": 1,
  "class_return_means_pct": [
    -0.7961122397401624,
    0.003514646558357759,
    0.8188789023857432
  ],
  "fold_metrics": [
    {
      "fold": 0,
      "n_train": 114,
      "n_test": 114,
      "auc": 0.509746404822654,
      "log_loss": 3.5457981631090827,
      "brier": 0.3708828633035241,
      "directional_accuracy": 0.37719298245614036,
      "baseline_auc": 0.503449588226664,
      "baseline_log_loss": 1.0945997124429023,
      "baseline_brier": 0.22228017076293508,
      "baseline_directional_accuracy": 0.38596491228070173,
      "best_params": {
        "objective": "multiclass",
        "num_class": 3,
        "metric": "multi_logloss",
        "num_leaves": 31,
        "learning_rate": 0.1,
        "min_child_samples": 5,
        "feature_fraction": 0.9,
        "bagging_fraction": 0.9,
        "bagging_freq": 5,
        "verbose": -1,
        "deterministic": true,
        "seed": 42
      }
    },
    {
      "fold": 1,
      "n_train": 228,
      "n_test": 114,
      "auc": 0.5470383297119888,
      "log_loss": 3.32664696476347,
      "brier": 0.3484363507345723,
      "directional_accuracy": 0.42105263157894735,
      "baseline_auc": 0.5475217899210273,
      "baseline_log_loss": 1.103950150344019,
      "baseline_brier": 0.22484074746023286,
      "baseline_directional_accuracy": 0.3684210526315789,
      "best_params": {
        "objective": "multiclass",
        "num_class": 3,
        "metric": "multi_logloss",
        "num_leaves": 31,
        "learning_rate": 0.1,
        "min_child_samples": 5,
        "feature_fraction": 0.9,
        "bagging_fraction": 0.9,
        "bagging_freq": 5,
        "verbose": -1,
        "deterministic": true,
        "seed": 42
      }
    },
    {
      "fold": 2,
      "n_train": 342,
      "n_test": 114,
      "auc": 0.4229550514353945,
      "log_loss": 2.9779283500097766,
      "brier": 0.3949831818376776,
      "directional_accuracy": 0.30701754385964913,
      "baseline_auc": 0.5132058786975816,
      "baseline_log_loss": 1.1121537471733305,
      "baseline_brier": 0.2245256345692259,
      "baseline_directional_accuracy": 0.3684210526315789,
      "best_params": {
        "objective": "multiclass",
        "num_class": 3,
        "metric": "multi_logloss",
        "num_leaves": 31,
        "learning_rate": 0.1,
        "min_child_samples": 5,
        "feature_fraction": 0.9,
        "bagging_fraction": 0.9,
        "bagging_freq": 5,
        "verbose": -1,
        "deterministic": true,
        "seed": 42
      }
    },
    {
      "fold": 3,
      "n_train": 456,
      "n_test": 114,
      "auc": 0.5342906443204063,
      "log_loss": 2.1265654187719467,
      "brier": 0.31262996087580125,
      "directional_accuracy": 0.43859649122807015,
      "baseline_auc": 0.5181153601689316,
      "baseline_log_loss": 1.0623425448167678,
      "baseline_brier": 0.21477249658367067,
      "baseline_directional_accuracy": 0.47368421052631576,
      "best_params": {
        "objective": "multiclass",
        "num_class": 3,
        "metric": "multi_logloss",
        "num_leaves": 31,
        "learning_rate": 0.1,
        "min_child_samples": 5,
        "feature_fraction": 0.9,
        "bagging_fraction": 0.9,
        "bagging_freq": 5,
        "verbose": -1,
        "deterministic": true,
        "seed": 42
      }
    },
    {
      "fold": 4,
      "n_train": 570,
      "n_test": 114,
      "auc": 0.5326418783458388,
      "log_loss": 2.958669964570515,
      "brier": 0.3624163107867182,
      "directional_accuracy": 0.3508771929824561,
      "baseline_auc": 0.4917126643820253,
      "baseline_log_loss": 1.1294958110062527,
      "baseline_brier": 0.22834618012986238,
      "baseline_directional_accuracy": 0.2982456140350877,
      "best_params": {
        "objective": "multiclass",
        "num_class": 3,
        "metric": "multi_logloss",
        "num_leaves": 31,
        "learning_rate": 0.1,
        "min_child_samples": 5,
        "feature_fraction": 0.9,
        "bagging_fraction": 0.9,
        "bagging_freq": 5,
        "verbose": -1,
        "deterministic": true,
        "seed": 42
      }
    }
  ],
  "note": "Per-coin model for render-token/1h.",
  "directional_call_share": 1.0,
  "directional_call_share_n": 137,
  "directional_call_share_source": "holdout",
  "model_kind": "lightgbm",
  "prior_probs": [],
  "has_regression_head": true,
  "regression_head_stats": {
    "n_train_rows": 415,
    "n_holdout_rows": 104,
    "abs_pred_p50_pct": 0.8292646690478953,
    "abs_pred_p95_pct": 0.887351806000638,
    "abs_pred_max_pct": 0.8890867864385426,
    "mae_pct": 0.39226706547544843,
    "best_iteration": 1
  },
  "gates_alignment": {
    "n": 137,
    "source": "holdout",
    "min_directional_edge": 0.05,
    "min_expected_return_pct": 0.15,
    "aligned_share": 0.11678832116788321,
    "aligned_loud_share": 0.11678832116788321,
    "aligned_quiet_share": 0.0,
    "loud_classifier_quiet_regressor_share": 0.0,
    "quiet_classifier_loud_regressor_share": 0.8832116788321168,
    "dir_edge_p50": 0.01931914953514402,
    "dir_edge_p95": 0.2116630669546436,
    "abs_magnitude_pct_p50": 0.8292646690478953,
    "abs_magnitude_pct_p95": 0.887351806000638
  }
}