{
  "coin_id": "pepe",
  "timeframe": "1m",
  "version": "20260422T100352Z",
  "feature_names": [
    "ret1",
    "ret5",
    "ret10",
    "momentum",
    "realizedVol",
    "rsi14",
    "macdLine",
    "macdSignal",
    "macdHist",
    "atr14",
    "atrPct",
    "ema9",
    "ema21",
    "emaSpreadPct",
    "distFromEma9Pct",
    "distFromEma21Pct",
    "bbUpper",
    "bbMiddle",
    "bbLower",
    "bbWidth",
    "bbPctB",
    "bbWidthPct",
    "news_etf_flow",
    "news_regulatory_risk",
    "news_exchange_outage",
    "news_macro_shock",
    "news_whale_move",
    "news_exploit_or_hack",
    "news_stablecoin_event",
    "news_narrative_rotation",
    "news_listing_or_delisting",
    "news_protocol_upgrade",
    "news_high_volume_breakout",
    "news_unusual_volatility",
    "coin_idx"
  ],
  "coin_vocab": [
    "pepe"
  ],
  "n_train_rows": 1995,
  "n_test_rows": 1660,
  "metrics": {
    "auc": 0.5312804512795122,
    "log_loss": 2.6581998503782462,
    "brier": 0.31023324847050726,
    "directional_accuracy": 0.4367469879518072
  },
  "baseline_metrics": {
    "auc": 0.5565489271372559,
    "log_loss": 1.0179215255928893,
    "brier": 0.20278423226676817,
    "directional_accuracy": 0.5036144578313253
  },
  "threshold_pct": 0.03,
  "horizon_candles": 1,
  "class_return_means_pct": [
    -0.3225221671541409,
    0.00036933987296896236,
    0.38320129478738757
  ],
  "fold_metrics": [
    {
      "fold": 0,
      "n_train": 332,
      "n_test": 332,
      "auc": 0.6002128869306137,
      "log_loss": 2.402126106001591,
      "brier": 0.3037040104812811,
      "directional_accuracy": 0.46686746987951805,
      "baseline_auc": 0.5632081800558374,
      "baseline_log_loss": 0.9903413147264691,
      "baseline_brier": 0.19910175769776176,
      "baseline_directional_accuracy": 0.4879518072289157,
      "best_params": {
        "objective": "multiclass",
        "num_class": 3,
        "metric": "multi_logloss",
        "num_leaves": 31,
        "learning_rate": 0.1,
        "min_child_samples": 5,
        "feature_fraction": 0.9,
        "bagging_fraction": 0.9,
        "bagging_freq": 5,
        "verbose": -1,
        "deterministic": true,
        "seed": 42
      }
    },
    {
      "fold": 1,
      "n_train": 664,
      "n_test": 332,
      "auc": 0.5633652793566587,
      "log_loss": 2.559565531908925,
      "brier": 0.3243467665764142,
      "directional_accuracy": 0.42168674698795183,
      "baseline_auc": 0.5744672066439308,
      "baseline_log_loss": 0.9889561902067293,
      "baseline_brier": 0.20229930090852025,
      "baseline_directional_accuracy": 0.4608433734939759,
      "best_params": {
        "objective": "multiclass",
        "num_class": 3,
        "metric": "multi_logloss",
        "num_leaves": 31,
        "learning_rate": 0.1,
        "min_child_samples": 5,
        "feature_fraction": 0.9,
        "bagging_fraction": 0.9,
        "bagging_freq": 5,
        "verbose": -1,
        "deterministic": true,
        "seed": 42
      }
    },
    {
      "fold": 2,
      "n_train": 996,
      "n_test": 332,
      "auc": 0.4067996478566755,
      "log_loss": 5.23652499153334,
      "brier": 0.42187358150688253,
      "directional_accuracy": 0.31626506024096385,
      "baseline_auc": 0.6074874278215293,
      "baseline_log_loss": 1.2456729021651,
      "baseline_brier": 0.24893490604988577,
      "baseline_directional_accuracy": 0.2921686746987952,
      "best_params": {
        "objective": "multiclass",
        "num_class": 3,
        "metric": "multi_logloss",
        "num_leaves": 31,
        "learning_rate": 0.1,
        "min_child_samples": 5,
        "feature_fraction": 0.9,
        "bagging_fraction": 0.9,
        "bagging_freq": 5,
        "verbose": -1,
        "deterministic": true,
        "seed": 42
      }
    },
    {
      "fold": 3,
      "n_train": 1328,
      "n_test": 332,
      "auc": 0.5430977846464651,
      "log_loss": 1.5701289966398615,
      "brier": 0.24154873602872037,
      "directional_accuracy": 0.5030120481927711,
      "baseline_auc": 0.4981933540360966,
      "baseline_log_loss": 0.9151653581837458,
      "baseline_brier": 0.17868376968859478,
      "baseline_directional_accuracy": 0.677710843373494,
      "best_params": {
        "objective": "multiclass",
        "num_class": 3,
        "metric": "multi_logloss",
        "num_leaves": 31,
        "learning_rate": 0.1,
        "min_child_samples": 5,
        "feature_fraction": 0.9,
        "bagging_fraction": 0.9,
        "bagging_freq": 5,
        "verbose": -1,
        "deterministic": true,
        "seed": 42
      }
    },
    {
      "fold": 4,
      "n_train": 1660,
      "n_test": 332,
      "auc": 0.542926657607148,
      "log_loss": 1.522653625807515,
      "brier": 0.2596931477592382,
      "directional_accuracy": 0.4759036144578313,
      "baseline_auc": 0.5393884671288857,
      "baseline_log_loss": 0.949471862682402,
      "baseline_brier": 0.18490142698907833,
      "baseline_directional_accuracy": 0.5993975903614458,
      "best_params": {
        "objective": "multiclass",
        "num_class": 3,
        "metric": "multi_logloss",
        "num_leaves": 31,
        "learning_rate": 0.1,
        "min_child_samples": 5,
        "feature_fraction": 0.9,
        "bagging_fraction": 0.9,
        "bagging_freq": 5,
        "verbose": -1,
        "deterministic": true,
        "seed": 42
      }
    }
  ],
  "note": "Per-coin model for pepe/1m.",
  "directional_call_share": 0.020050125313283207,
  "directional_call_share_n": 399,
  "directional_call_share_source": "holdout",
  "model_kind": "lightgbm",
  "prior_probs": [],
  "has_regression_head": true,
  "regression_head_stats": {
    "n_train_rows": 1043,
    "n_holdout_rows": 261,
    "abs_pred_p50_pct": 0.3327241081509594,
    "abs_pred_p95_pct": 0.5137549143935648,
    "abs_pred_max_pct": 0.9092507362131014,
    "mae_pct": 0.28700245901255383,
    "best_iteration": 30
  },
  "gates_alignment": {
    "n": 399,
    "source": "holdout",
    "min_directional_edge": 0.05,
    "min_expected_return_pct": 0.15,
    "aligned_share": 0.6541353383458647,
    "aligned_loud_share": 0.6541353383458647,
    "aligned_quiet_share": 0.0,
    "loud_classifier_quiet_regressor_share": 0.0,
    "quiet_classifier_loud_regressor_share": 0.3458646616541353,
    "dir_edge_p50": 0.07724471875461031,
    "dir_edge_p95": 0.2568265682656827,
    "abs_magnitude_pct_p50": 0.3327241081509594,
    "abs_magnitude_pct_p95": 0.5127179919164307
  }
}