{
  "coin_id": "jupiter-exchange-solana",
  "timeframe": "2h",
  "version": "20260422T111935Z",
  "feature_names": [
    "ret1",
    "ret5",
    "ret10",
    "momentum",
    "realizedVol",
    "rsi14",
    "macdLine",
    "macdSignal",
    "macdHist",
    "atr14",
    "atrPct",
    "ema9",
    "ema21",
    "emaSpreadPct",
    "distFromEma9Pct",
    "distFromEma21Pct",
    "bbUpper",
    "bbMiddle",
    "bbLower",
    "bbWidth",
    "bbPctB",
    "bbWidthPct",
    "news_etf_flow",
    "news_regulatory_risk",
    "news_exchange_outage",
    "news_macro_shock",
    "news_whale_move",
    "news_exploit_or_hack",
    "news_stablecoin_event",
    "news_narrative_rotation",
    "news_listing_or_delisting",
    "news_protocol_upgrade",
    "news_high_volume_breakout",
    "news_unusual_volatility",
    "coin_idx"
  ],
  "coin_vocab": [
    "jupiter-exchange-solana"
  ],
  "n_train_rows": 325,
  "n_test_rows": 270,
  "metrics": {
    "auc": 0.5127292145905258,
    "log_loss": 3.736860285951414,
    "brier": 0.3800759194530344,
    "directional_accuracy": 0.3296296296296296
  },
  "baseline_metrics": {
    "auc": 0.507889043871993,
    "log_loss": 1.1101099475583946,
    "brier": 0.22433864742775417,
    "directional_accuracy": 0.38888888888888895
  },
  "threshold_pct": 0.28,
  "horizon_candles": 1,
  "class_return_means_pct": [
    -0.9801197202876535,
    0.04130791349930786,
    0.9638229792192613
  ],
  "fold_metrics": [
    {
      "fold": 0,
      "n_train": 54,
      "n_test": 54,
      "auc": 0.49190635012012346,
      "log_loss": 3.8746141819469866,
      "brier": 0.36963675045844857,
      "directional_accuracy": 0.3333333333333333,
      "baseline_auc": 0.5250998377253757,
      "baseline_log_loss": 1.1366429953639603,
      "baseline_brier": 0.23386174844042004,
      "baseline_directional_accuracy": 0.3148148148148148,
      "best_params": {
        "objective": "multiclass",
        "num_class": 3,
        "metric": "multi_logloss",
        "num_leaves": 31,
        "learning_rate": 0.1,
        "min_child_samples": 5,
        "feature_fraction": 0.9,
        "bagging_fraction": 0.9,
        "bagging_freq": 5,
        "verbose": -1,
        "deterministic": true,
        "seed": 42
      }
    },
    {
      "fold": 1,
      "n_train": 108,
      "n_test": 54,
      "auc": 0.4611732392019619,
      "log_loss": 4.1550637110548925,
      "brier": 0.4173532991139806,
      "directional_accuracy": 0.25925925925925924,
      "baseline_auc": 0.45332877301346497,
      "baseline_log_loss": 1.1873323145002685,
      "baseline_brier": 0.23622884355037344,
      "baseline_directional_accuracy": 0.35185185185185186,
      "best_params": {
        "objective": "multiclass",
        "num_class": 3,
        "metric": "multi_logloss",
        "num_leaves": 31,
        "learning_rate": 0.1,
        "min_child_samples": 5,
        "feature_fraction": 0.9,
        "bagging_fraction": 0.9,
        "bagging_freq": 5,
        "verbose": -1,
        "deterministic": true,
        "seed": 42
      }
    },
    {
      "fold": 2,
      "n_train": 162,
      "n_test": 54,
      "auc": 0.5280581550802139,
      "log_loss": 2.098025923176468,
      "brier": 0.29286490325913433,
      "directional_accuracy": 0.3888888888888889,
      "baseline_auc": 0.4707383711060182,
      "baseline_log_loss": 1.0857722395521872,
      "baseline_brier": 0.21857465772049786,
      "baseline_directional_accuracy": 0.42592592592592593,
      "best_params": {
        "objective": "multiclass",
        "num_class": 3,
        "metric": "multi_logloss",
        "num_leaves": 31,
        "learning_rate": 0.1,
        "min_child_samples": 5,
        "feature_fraction": 0.9,
        "bagging_fraction": 0.9,
        "bagging_freq": 5,
        "verbose": -1,
        "deterministic": true,
        "seed": 42
      }
    },
    {
      "fold": 3,
      "n_train": 216,
      "n_test": 54,
      "auc": 0.6200754798529458,
      "log_loss": 4.2203562612205445,
      "brier": 0.43626808862977934,
      "directional_accuracy": 0.25925925925925924,
      "baseline_auc": 0.523733254182332,
      "baseline_log_loss": 1.0711370037478778,
      "baseline_brier": 0.21657433070083085,
      "baseline_directional_accuracy": 0.42592592592592593,
      "best_params": {
        "objective": "multiclass",
        "num_class": 3,
        "metric": "multi_logloss",
        "num_leaves": 31,
        "learning_rate": 0.1,
        "min_child_samples": 5,
        "feature_fraction": 0.9,
        "bagging_fraction": 0.9,
        "bagging_freq": 5,
        "verbose": -1,
        "deterministic": true,
        "seed": 42
      }
    },
    {
      "fold": 4,
      "n_train": 270,
      "n_test": 54,
      "auc": 0.4624328486973836,
      "log_loss": 4.336241352358179,
      "brier": 0.38425655580382906,
      "directional_accuracy": 0.4074074074074074,
      "baseline_auc": 0.566544983332774,
      "baseline_log_loss": 1.0696651846276803,
      "baseline_brier": 0.21645365672664854,
      "baseline_directional_accuracy": 0.42592592592592593,
      "best_params": {
        "objective": "multiclass",
        "num_class": 3,
        "metric": "multi_logloss",
        "num_leaves": 31,
        "learning_rate": 0.1,
        "min_child_samples": 5,
        "feature_fraction": 0.9,
        "bagging_fraction": 0.9,
        "bagging_freq": 5,
        "verbose": -1,
        "deterministic": true,
        "seed": 42
      }
    }
  ],
  "note": "Per-coin model for jupiter-exchange-solana/2h.",
  "directional_call_share": 0.9692307692307692,
  "directional_call_share_n": 65,
  "directional_call_share_source": "holdout",
  "model_kind": "lightgbm",
  "prior_probs": [],
  "has_regression_head": true,
  "regression_head_stats": {
    "n_train_rows": 200,
    "n_holdout_rows": 50,
    "abs_pred_p50_pct": 0.9444643306225124,
    "abs_pred_p95_pct": 1.0649212377766768,
    "abs_pred_max_pct": 1.0649212377766768,
    "mae_pct": 0.426571833068651,
    "best_iteration": 3
  },
  "gates_alignment": {
    "n": 65,
    "source": "holdout",
    "min_directional_edge": 0.05,
    "min_expected_return_pct": 0.15,
    "aligned_share": 0.9692307692307692,
    "aligned_loud_share": 0.9692307692307692,
    "aligned_quiet_share": 0.0,
    "loud_classifier_quiet_regressor_share": 0.0,
    "quiet_classifier_loud_regressor_share": 0.03076923076923077,
    "dir_edge_p50": 0.07300204918032782,
    "dir_edge_p95": 0.22610038610038607,
    "abs_magnitude_pct_p50": 0.948774438287235,
    "abs_magnitude_pct_p95": 1.0649212377766768
  }
}