{
  "coin_id": "worldcoin-wld",
  "timeframe": "5m",
  "version": "20260422T141315Z",
  "feature_names": [
    "ret1",
    "ret5",
    "ret10",
    "momentum",
    "realizedVol",
    "rsi14",
    "macdLine",
    "macdSignal",
    "macdHist",
    "atr14",
    "atrPct",
    "ema9",
    "ema21",
    "emaSpreadPct",
    "distFromEma9Pct",
    "distFromEma21Pct",
    "bbUpper",
    "bbMiddle",
    "bbLower",
    "bbWidth",
    "bbPctB",
    "bbWidthPct",
    "news_etf_flow",
    "news_regulatory_risk",
    "news_exchange_outage",
    "news_macro_shock",
    "news_whale_move",
    "news_exploit_or_hack",
    "news_stablecoin_event",
    "news_narrative_rotation",
    "news_listing_or_delisting",
    "news_protocol_upgrade",
    "news_high_volume_breakout",
    "news_unusual_volatility",
    "coin_idx"
  ],
  "coin_vocab": [
    "worldcoin-wld"
  ],
  "n_train_rows": 868,
  "n_test_rows": 720,
  "metrics": {
    "auc": 0.5121403812895519,
    "log_loss": 2.4504950273937625,
    "brier": 0.3000396612399249,
    "directional_accuracy": 0.4652777777777777
  },
  "baseline_metrics": {
    "auc": 0.5350319905997192,
    "log_loss": 0.9449423817080682,
    "brier": 0.19375464709223392,
    "directional_accuracy": 0.4652777777777778
  },
  "threshold_pct": 0.04,
  "horizon_candles": 1,
  "class_return_means_pct": [
    -0.6561467206133699,
    -0.0010802298101731435,
    0.6383942398753375
  ],
  "fold_metrics": [
    {
      "fold": 0,
      "n_train": 144,
      "n_test": 144,
      "auc": 0.48432582111247385,
      "log_loss": 3.3132441282888143,
      "brier": 0.29870058820872,
      "directional_accuracy": 0.5138888888888888,
      "baseline_auc": 0.5241479627207613,
      "baseline_log_loss": 0.8227752035060683,
      "baseline_brier": 0.1780491207052918,
      "baseline_directional_accuracy": 0.5069444444444444,
      "best_params": {
        "objective": "multiclass",
        "num_class": 3,
        "metric": "multi_logloss",
        "num_leaves": 31,
        "learning_rate": 0.1,
        "min_child_samples": 5,
        "feature_fraction": 0.9,
        "bagging_fraction": 0.9,
        "bagging_freq": 5,
        "verbose": -1,
        "deterministic": true,
        "seed": 42
      }
    },
    {
      "fold": 1,
      "n_train": 288,
      "n_test": 144,
      "auc": 0.5492570316099727,
      "log_loss": 2.3003877508551196,
      "brier": 0.27115785824880906,
      "directional_accuracy": 0.5277777777777778,
      "baseline_auc": 0.505443060222472,
      "baseline_log_loss": 0.9075387549620815,
      "baseline_brier": 0.18415162219135417,
      "baseline_directional_accuracy": 0.4375,
      "best_params": {
        "objective": "multiclass",
        "num_class": 3,
        "metric": "multi_logloss",
        "num_leaves": 31,
        "learning_rate": 0.1,
        "min_child_samples": 5,
        "feature_fraction": 0.9,
        "bagging_fraction": 0.9,
        "bagging_freq": 5,
        "verbose": -1,
        "deterministic": true,
        "seed": 42
      }
    },
    {
      "fold": 2,
      "n_train": 432,
      "n_test": 144,
      "auc": 0.45937680638384865,
      "log_loss": 2.248674126031598,
      "brier": 0.30704215085843,
      "directional_accuracy": 0.4513888888888889,
      "baseline_auc": 0.5298225112828008,
      "baseline_log_loss": 0.7857097559526899,
      "baseline_brier": 0.17604590248215465,
      "baseline_directional_accuracy": 0.5,
      "best_params": {
        "objective": "multiclass",
        "num_class": 3,
        "metric": "multi_logloss",
        "num_leaves": 31,
        "learning_rate": 0.1,
        "min_child_samples": 5,
        "feature_fraction": 0.9,
        "bagging_fraction": 0.9,
        "bagging_freq": 5,
        "verbose": -1,
        "deterministic": true,
        "seed": 42
      }
    },
    {
      "fold": 3,
      "n_train": 576,
      "n_test": 144,
      "auc": 0.5821254280956465,
      "log_loss": 2.0348579981870163,
      "brier": 0.2779637530140758,
      "directional_accuracy": 0.4652777777777778,
      "baseline_auc": 0.5999863318991835,
      "baseline_log_loss": 1.1312293441104946,
      "baseline_brier": 0.21258986713319597,
      "baseline_directional_accuracy": 0.4791666666666667,
      "best_params": {
        "objective": "multiclass",
        "num_class": 3,
        "metric": "multi_logloss",
        "num_leaves": 31,
        "learning_rate": 0.1,
        "min_child_samples": 5,
        "feature_fraction": 0.9,
        "bagging_fraction": 0.9,
        "bagging_freq": 5,
        "verbose": -1,
        "deterministic": true,
        "seed": 42
      }
    },
    {
      "fold": 4,
      "n_train": 720,
      "n_test": 144,
      "auc": 0.4856168192458175,
      "log_loss": 2.355311133606264,
      "brier": 0.34533395586958976,
      "directional_accuracy": 0.3680555555555556,
      "baseline_auc": 0.5157600868733786,
      "baseline_log_loss": 1.0774588500090072,
      "baseline_brier": 0.21793672294917302,
      "baseline_directional_accuracy": 0.4027777777777778,
      "best_params": {
        "objective": "multiclass",
        "num_class": 3,
        "metric": "multi_logloss",
        "num_leaves": 31,
        "learning_rate": 0.1,
        "min_child_samples": 5,
        "feature_fraction": 0.9,
        "bagging_fraction": 0.9,
        "bagging_freq": 5,
        "verbose": -1,
        "deterministic": true,
        "seed": 42
      }
    }
  ],
  "note": "Per-coin model for worldcoin-wld/5m.",
  "directional_call_share": 0.9827586206896551,
  "directional_call_share_n": 174,
  "directional_call_share_source": "holdout",
  "model_kind": "lightgbm",
  "prior_probs": [],
  "has_regression_head": true,
  "regression_head_stats": {
    "n_train_rows": 635,
    "n_holdout_rows": 159,
    "abs_pred_p50_pct": 0.5396192840471269,
    "abs_pred_p95_pct": 0.7268838588800159,
    "abs_pred_max_pct": 0.9105369262180751,
    "mae_pct": 0.41733192999818736,
    "best_iteration": 15
  },
  "gates_alignment": {
    "n": 174,
    "source": "holdout",
    "min_directional_edge": 0.05,
    "min_expected_return_pct": 0.15,
    "aligned_share": 0.5804597701149425,
    "aligned_loud_share": 0.5804597701149425,
    "aligned_quiet_share": 0.0,
    "loud_classifier_quiet_regressor_share": 0.0,
    "quiet_classifier_loud_regressor_share": 0.41954022988505746,
    "dir_edge_p50": 0.16625015883773142,
    "dir_edge_p95": 0.3096209031868298,
    "abs_magnitude_pct_p50": 0.5396192840471269,
    "abs_magnitude_pct_p95": 0.7335331564165982
  }
}