{
  "coin_id": "dogwifcoin",
  "timeframe": "1m",
  "version": "20260422T091605Z",
  "feature_names": [
    "ret1",
    "ret5",
    "ret10",
    "momentum",
    "realizedVol",
    "rsi14",
    "macdLine",
    "macdSignal",
    "macdHist",
    "atr14",
    "atrPct",
    "ema9",
    "ema21",
    "emaSpreadPct",
    "distFromEma9Pct",
    "distFromEma21Pct",
    "bbUpper",
    "bbMiddle",
    "bbLower",
    "bbWidth",
    "bbPctB",
    "bbWidthPct",
    "news_etf_flow",
    "news_regulatory_risk",
    "news_exchange_outage",
    "news_macro_shock",
    "news_whale_move",
    "news_exploit_or_hack",
    "news_stablecoin_event",
    "news_narrative_rotation",
    "news_listing_or_delisting",
    "news_protocol_upgrade",
    "news_high_volume_breakout",
    "news_unusual_volatility",
    "coin_idx"
  ],
  "coin_vocab": [
    "dogwifcoin"
  ],
  "n_train_rows": 1429,
  "n_test_rows": 1190,
  "metrics": {
    "auc": 0.5395977491522229,
    "log_loss": 1.8679084223478721,
    "brier": 0.23746915964838053,
    "directional_accuracy": 0.5739495798319327
  },
  "baseline_metrics": {
    "auc": 0.5375898070141555,
    "log_loss": 0.952283202007251,
    "brier": 0.18651052212455999,
    "directional_accuracy": 0.5563025210084034
  },
  "threshold_pct": 0.03,
  "horizon_candles": 1,
  "class_return_means_pct": [
    -0.48188047983389376,
    -9.185699002601303e-05,
    0.5319804203541326
  ],
  "fold_metrics": [
    {
      "fold": 0,
      "n_train": 238,
      "n_test": 238,
      "auc": 0.5026692746628323,
      "log_loss": 1.4946537545867356,
      "brier": 0.24979619498072345,
      "directional_accuracy": 0.5168067226890757,
      "baseline_auc": 0.5105110938795903,
      "baseline_log_loss": 0.9119697090813709,
      "baseline_brier": 0.18799233837659604,
      "baseline_directional_accuracy": 0.5,
      "best_params": {
        "objective": "multiclass",
        "num_class": 3,
        "metric": "multi_logloss",
        "num_leaves": 63,
        "learning_rate": 0.0938393881004349,
        "min_child_samples": 23,
        "feature_fraction": 0.9,
        "bagging_fraction": 0.9,
        "bagging_freq": 5,
        "verbose": -1,
        "deterministic": true,
        "seed": 42
      }
    },
    {
      "fold": 1,
      "n_train": 476,
      "n_test": 238,
      "auc": 0.5749349402128386,
      "log_loss": 2.5809774112001014,
      "brier": 0.3252760310320384,
      "directional_accuracy": 0.40336134453781514,
      "baseline_auc": 0.6127831755209089,
      "baseline_log_loss": 1.0984179905028342,
      "baseline_brier": 0.2236832051624403,
      "baseline_directional_accuracy": 0.35294117647058826,
      "best_params": {
        "objective": "multiclass",
        "num_class": 3,
        "metric": "multi_logloss",
        "num_leaves": 63,
        "learning_rate": 0.06807764614983679,
        "min_child_samples": 12,
        "feature_fraction": 0.9,
        "bagging_fraction": 0.9,
        "bagging_freq": 5,
        "verbose": -1,
        "deterministic": true,
        "seed": 42
      }
    },
    {
      "fold": 2,
      "n_train": 714,
      "n_test": 238,
      "auc": 0.4825817793224147,
      "log_loss": 1.9519968402891896,
      "brier": 0.19586344079090437,
      "directional_accuracy": 0.6764705882352942,
      "baseline_auc": 0.4891421973497972,
      "baseline_log_loss": 1.1031536004256177,
      "baseline_brier": 0.21227012419314226,
      "baseline_directional_accuracy": 0.5378151260504201,
      "best_params": {
        "objective": "multiclass",
        "num_class": 3,
        "metric": "multi_logloss",
        "num_leaves": 63,
        "learning_rate": 0.0938393881004349,
        "min_child_samples": 23,
        "feature_fraction": 0.9,
        "bagging_fraction": 0.9,
        "bagging_freq": 5,
        "verbose": -1,
        "deterministic": true,
        "seed": 42
      }
    },
    {
      "fold": 3,
      "n_train": 952,
      "n_test": 238,
      "auc": 0.531567347394264,
      "log_loss": 1.6121790705259862,
      "brier": 0.20610778192012227,
      "directional_accuracy": 0.6386554621848739,
      "baseline_auc": 0.4640423897072499,
      "baseline_log_loss": 0.7885669562780548,
      "baseline_brier": 0.1467816771100334,
      "baseline_directional_accuracy": 0.7310924369747899,
      "best_params": {
        "objective": "multiclass",
        "num_class": 3,
        "metric": "multi_logloss",
        "num_leaves": 63,
        "learning_rate": 0.0938393881004349,
        "min_child_samples": 23,
        "feature_fraction": 0.9,
        "bagging_fraction": 0.9,
        "bagging_freq": 5,
        "verbose": -1,
        "deterministic": true,
        "seed": 42
      }
    },
    {
      "fold": 4,
      "n_train": 1190,
      "n_test": 238,
      "auc": 0.6062354041687649,
      "log_loss": 1.6997350351373472,
      "brier": 0.2103023495181143,
      "directional_accuracy": 0.634453781512605,
      "baseline_auc": 0.6114701786132309,
      "baseline_log_loss": 0.8593077537483778,
      "baseline_brier": 0.16182526578058787,
      "baseline_directional_accuracy": 0.6596638655462185,
      "best_params": {
        "objective": "multiclass",
        "num_class": 3,
        "metric": "multi_logloss",
        "num_leaves": 31,
        "learning_rate": 0.09340308327072934,
        "min_child_samples": 9,
        "feature_fraction": 0.9,
        "bagging_fraction": 0.9,
        "bagging_freq": 5,
        "verbose": -1,
        "deterministic": true,
        "seed": 42
      }
    }
  ],
  "note": "Per-coin model for dogwifcoin/1m.",
  "directional_call_share": 0.03146853146853147,
  "directional_call_share_n": 286,
  "directional_call_share_source": "holdout",
  "model_kind": "lightgbm",
  "prior_probs": [],
  "has_regression_head": true,
  "regression_head_stats": {
    "n_train_rows": 677,
    "n_holdout_rows": 170,
    "abs_pred_p50_pct": 0.14323940496886395,
    "abs_pred_p95_pct": 0.6107150455190764,
    "abs_pred_max_pct": 0.9603318768289032,
    "mae_pct": 0.14651646405338997,
    "best_iteration": 50
  }
}