{
  "coin_id": "__specialist_momentum__",
  "timeframe": "1d",
  "version": "20260425T104307Z",
  "feature_names": [
    "ret1",
    "ret5",
    "ret10",
    "momentum",
    "realizedVol",
    "rsi14",
    "macdLine",
    "macdSignal",
    "macdHist",
    "atr14",
    "atrPct",
    "ema9",
    "ema21",
    "emaSpreadPct",
    "distFromEma9Pct",
    "distFromEma21Pct",
    "bbUpper",
    "bbMiddle",
    "bbLower",
    "bbWidth",
    "bbPctB",
    "bbWidthPct",
    "funding_rate",
    "open_interest_z",
    "liquidations_1h_usd",
    "bid_ask_spread_bps",
    "btc_lead_ret_5m",
    "eth_lead_ret_5m",
    "btc_liquidations_1h_usd",
    "eth_liquidations_1h_usd",
    "sol_liquidations_1h_usd",
    "session_asia",
    "session_eu",
    "session_us",
    "hour_of_day_sin",
    "hour_of_day_cos",
    "coin_idx"
  ],
  "coin_vocab": [
    "bonk",
    "floki-inu",
    "pepe"
  ],
  "n_train_rows": 2199,
  "n_test_rows": 1830,
  "metrics": {
    "auc": 0.5272868267916937,
    "log_loss": 2.995506603472185,
    "brier": 0.351615637684125,
    "directional_accuracy": 0.34262295081967215
  },
  "baseline_metrics": {
    "auc": 0.5364350798764042,
    "log_loss": 1.1779033260541074,
    "brier": 0.2302019817244721,
    "directional_accuracy": 0.3617486338797814
  },
  "threshold_pct": 1.4249999999999998,
  "horizon_candles": 1,
  "class_return_means_pct": [
    -1.9388226883020172,
    -0.5035100973172157,
    3.622087853395501
  ],
  "fold_metrics": [
    {
      "fold": 0,
      "n_train": 366,
      "n_test": 366,
      "auc": 0.5281520715525297,
      "log_loss": 3.768006458760544,
      "brier": 0.3840207336260502,
      "directional_accuracy": 0.3251366120218579,
      "baseline_auc": 0.547329009225643,
      "baseline_log_loss": 1.4911070810592326,
      "baseline_brier": 0.2609900216071331,
      "baseline_directional_accuracy": 0.36065573770491804,
      "best_params": {
        "objective": "multiclass",
        "num_class": 3,
        "metric": "multi_logloss",
        "num_leaves": 15,
        "learning_rate": 0.13469225288142783,
        "min_child_samples": 19,
        "feature_fraction": 0.9,
        "bagging_fraction": 0.9,
        "bagging_freq": 5,
        "verbose": -1,
        "deterministic": true,
        "seed": 42
      },
      "feature_importance": [
        261.33993709785545,
        168.11478009383382,
        129.31789132739198,
        251.26212506903084,
        177.2810931848668,
        116.14919230583473,
        138.88075941116995,
        173.74440340005754,
        181.70441763247027,
        137.82738896761228,
        253.41117349649946,
        66.45716956065836,
        46.000157460002356,
        123.2060683971954,
        196.3519182745165,
        107.81941291374778,
        63.01701093843089,
        64.16197943749285,
        90.1247766944532,
        145.53612507436424,
        204.78292560327597,
        200.3975002362904,
        0.0,
        0.0,
        0.0,
        0.0,
        0.0,
        0.0,
        0.0,
        0.0,
        0.0,
        0.0,
        0.0,
        0.0,
        0.0,
        0.0,
        0.0
      ],
      "feature_names": [
        "ret1",
        "ret5",
        "ret10",
        "momentum",
        "realizedVol",
        "rsi14",
        "macdLine",
        "macdSignal",
        "macdHist",
        "atr14",
        "atrPct",
        "ema9",
        "ema21",
        "emaSpreadPct",
        "distFromEma9Pct",
        "distFromEma21Pct",
        "bbUpper",
        "bbMiddle",
        "bbLower",
        "bbWidth",
        "bbPctB",
        "bbWidthPct",
        "funding_rate",
        "open_interest_z",
        "liquidations_1h_usd",
        "bid_ask_spread_bps",
        "btc_lead_ret_5m",
        "eth_lead_ret_5m",
        "btc_liquidations_1h_usd",
        "eth_liquidations_1h_usd",
        "sol_liquidations_1h_usd",
        "session_asia",
        "session_eu",
        "session_us",
        "hour_of_day_sin",
        "hour_of_day_cos",
        "coin_idx"
      ]
    },
    {
      "fold": 1,
      "n_train": 732,
      "n_test": 366,
      "auc": 0.4642364783257074,
      "log_loss": 2.508817864333436,
      "brier": 0.3630837207221256,
      "directional_accuracy": 0.31420765027322406,
      "baseline_auc": 0.5161856079741142,
      "baseline_log_loss": 1.1123026547451982,
      "baseline_brier": 0.22542637541308017,
      "baseline_directional_accuracy": 0.34153005464480873,
      "best_params": {
        "objective": "multiclass",
        "num_class": 3,
        "metric": "multi_logloss",
        "num_leaves": 31,
        "learning_rate": 0.03822831662760957,
        "min_child_samples": 26,
        "feature_fraction": 0.9,
        "bagging_fraction": 0.9,
        "bagging_freq": 5,
        "verbose": -1,
        "deterministic": true,
        "seed": 42
      },
      "feature_importance": [
        1748.0785852320587,
        1364.2681182653178,
        1041.3334973824676,
        1627.5553595039528,
        844.3657857659273,
        1061.1491555581015,
        1071.5681510987924,
        1152.553545563249,
        1110.2914039455936,
        1097.4750750430394,
        1588.9805163439596,
        389.80504501704127,
        378.5249089882709,
        1188.2875179678667,
        1142.0386552627788,
        934.5082126352936,
        477.2892772683408,
        403.86080466303974,
        487.17023203364806,
        1041.3925946534146,
        1154.9262648283038,
        1024.6037844961975,
        0.0,
        0.0,
        0.0,
        0.0,
        0.0,
        0.0,
        0.0,
        0.0,
        0.0,
        0.0,
        0.0,
        0.0,
        0.0,
        0.0,
        27.783866266719997
      ],
      "feature_names": [
        "ret1",
        "ret5",
        "ret10",
        "momentum",
        "realizedVol",
        "rsi14",
        "macdLine",
        "macdSignal",
        "macdHist",
        "atr14",
        "atrPct",
        "ema9",
        "ema21",
        "emaSpreadPct",
        "distFromEma9Pct",
        "distFromEma21Pct",
        "bbUpper",
        "bbMiddle",
        "bbLower",
        "bbWidth",
        "bbPctB",
        "bbWidthPct",
        "funding_rate",
        "open_interest_z",
        "liquidations_1h_usd",
        "bid_ask_spread_bps",
        "btc_lead_ret_5m",
        "eth_lead_ret_5m",
        "btc_liquidations_1h_usd",
        "eth_liquidations_1h_usd",
        "sol_liquidations_1h_usd",
        "session_asia",
        "session_eu",
        "session_us",
        "hour_of_day_sin",
        "hour_of_day_cos",
        "coin_idx"
      ]
    },
    {
      "fold": 2,
      "n_train": 1098,
      "n_test": 366,
      "auc": 0.5742534814694679,
      "log_loss": 4.035032376967752,
      "brier": 0.37110364850219923,
      "directional_accuracy": 0.36065573770491804,
      "baseline_auc": 0.5718439076726368,
      "baseline_log_loss": 1.0923143190927933,
      "baseline_brier": 0.22064826565533494,
      "baseline_directional_accuracy": 0.3879781420765027,
      "best_params": {
        "objective": "multiclass",
        "num_class": 3,
        "metric": "multi_logloss",
        "num_leaves": 63,
        "learning_rate": 0.15020023576247263,
        "min_child_samples": 28,
        "feature_fraction": 0.9,
        "bagging_fraction": 0.9,
        "bagging_freq": 5,
        "verbose": -1,
        "deterministic": true,
        "seed": 42
      },