{
  "prior_probs": [
    0.1506849315068493,
    0.4931506849315068,
    0.3561643835616438
  ],
  "class_return_means_pct": [
    -1.025097271882039,
    0.16549663189837896,
    1.654816843915255
  ]
}