{
  "coin_id": "jupiter-exchange-solana",
  "timeframe": "5m",
  "version": "20260422T151627Z",
  "feature_names": [
    "ret1",
    "ret5",
    "ret10",
    "momentum",
    "realizedVol",
    "rsi14",
    "macdLine",
    "macdSignal",
    "macdHist",
    "atr14",
    "atrPct",
    "ema9",
    "ema21",
    "emaSpreadPct",
    "distFromEma9Pct",
    "distFromEma21Pct",
    "bbUpper",
    "bbMiddle",
    "bbLower",
    "bbWidth",
    "bbPctB",
    "bbWidthPct",
    "news_etf_flow",
    "news_regulatory_risk",
    "news_exchange_outage",
    "news_macro_shock",
    "news_whale_move",
    "news_exploit_or_hack",
    "news_stablecoin_event",
    "news_narrative_rotation",
    "news_listing_or_delisting",
    "news_protocol_upgrade",
    "news_high_volume_breakout",
    "news_unusual_volatility",
    "coin_idx"
  ],
  "coin_vocab": [
    "jupiter-exchange-solana"
  ],
  "n_train_rows": 880,
  "n_test_rows": 730,
  "metrics": {
    "auc": 0.4922494274967166,
    "log_loss": 2.997586118517437,
    "brier": 0.337121768877907,
    "directional_accuracy": 0.4232876712328767
  },
  "baseline_metrics": {
    "auc": 0.5283398769742049,
    "log_loss": 1.0047714196888768,
    "brier": 0.20338484245050487,
    "directional_accuracy": 0.452054794520548
  },
  "threshold_pct": 0.04,
  "horizon_candles": 1,
  "class_return_means_pct": [
    -0.48949140453765916,
    -0.0011320323945619019,
    0.5248872872957563
  ],
  "fold_metrics": [
    {
      "fold": 0,
      "n_train": 146,
      "n_test": 146,
      "auc": 0.5401823314364366,
      "log_loss": 2.6759947186378596,
      "brier": 0.3071256345308962,
      "directional_accuracy": 0.4657534246575342,
      "baseline_auc": 0.43921549644357966,
      "baseline_log_loss": 0.9242750396133601,
      "baseline_brier": 0.1960556151908043,
      "baseline_directional_accuracy": 0.4726027397260274,
      "best_params": {
        "objective": "multiclass",
        "num_class": 3,
        "metric": "multi_logloss",
        "num_leaves": 31,
        "learning_rate": 0.1,
        "min_child_samples": 5,
        "feature_fraction": 0.9,
        "bagging_fraction": 0.9,
        "bagging_freq": 5,
        "verbose": -1,
        "deterministic": true,
        "seed": 42
      }
    },
    {
      "fold": 1,
      "n_train": 292,
      "n_test": 146,
      "auc": 0.5433648393776837,
      "log_loss": 2.0913664739817808,
      "brier": 0.24906656760046994,
      "directional_accuracy": 0.5821917808219178,
      "baseline_auc": 0.5072262124491536,
      "baseline_log_loss": 0.9074307541326275,
      "baseline_brier": 0.18612380761167324,
      "baseline_directional_accuracy": 0.5068493150684932,
      "best_params": {
        "objective": "multiclass",
        "num_class": 3,
        "metric": "multi_logloss",
        "num_leaves": 31,
        "learning_rate": 0.1,
        "min_child_samples": 5,
        "feature_fraction": 0.9,
        "bagging_fraction": 0.9,
        "bagging_freq": 5,
        "verbose": -1,
        "deterministic": true,
        "seed": 42
      }
    },
    {
      "fold": 2,
      "n_train": 438,
      "n_test": 146,
      "auc": 0.4783742612015857,
      "log_loss": 3.2829989130387784,
      "brier": 0.3494299473004086,
      "directional_accuracy": 0.4315068493150685,
      "baseline_auc": 0.5406486829636735,
      "baseline_log_loss": 0.8354730801954875,
      "baseline_brier": 0.1791728179487412,
      "baseline_directional_accuracy": 0.5136986301369864,
      "best_params": {
        "objective": "multiclass",
        "num_class": 3,
        "metric": "multi_logloss",
        "num_leaves": 31,
        "learning_rate": 0.1,
        "min_child_samples": 5,
        "feature_fraction": 0.9,
        "bagging_fraction": 0.9,
        "bagging_freq": 5,
        "verbose": -1,
        "deterministic": true,
        "seed": 42
      }
    },
    {
      "fold": 3,
      "n_train": 584,
      "n_test": 146,
      "auc": 0.40343038049452445,
      "log_loss": 3.85451043457241,
      "brier": 0.3918584363466339,
      "directional_accuracy": 0.3493150684931507,
      "baseline_auc": 0.6240764055954039,
      "baseline_log_loss": 1.1368114208041793,
      "baseline_brier": 0.21801114664966068,
      "baseline_directional_accuracy": 0.4589041095890411,
      "best_params": {
        "objective": "multiclass",
        "num_class": 3,
        "metric": "multi_logloss",
        "num_leaves": 31,
        "learning_rate": 0.1,
        "min_child_samples": 5,
        "feature_fraction": 0.9,
        "bagging_fraction": 0.9,
        "bagging_freq": 5,
        "verbose": -1,
        "deterministic": true,
        "seed": 42
      }
    },
    {
      "fold": 4,
      "n_train": 730,
      "n_test": 146,
      "auc": 0.49589532497335237,
      "log_loss": 3.0830600523563563,
      "brier": 0.38812825861112626,
      "directional_accuracy": 0.2876712328767123,
      "baseline_auc": 0.5305325874192138,
      "baseline_log_loss": 1.2198668036987306,
      "baseline_brier": 0.23756082485164506,
      "baseline_directional_accuracy": 0.3082191780821918,
      "best_params": {
        "objective": "multiclass",
        "num_class": 3,
        "metric": "multi_logloss",
        "num_leaves": 31,
        "learning_rate": 0.1,
        "min_child_samples": 5,
        "feature_fraction": 0.9,
        "bagging_fraction": 0.9,
        "bagging_freq": 5,
        "verbose": -1,
        "deterministic": true,
        "seed": 42
      }
    }
  ],
  "note": "Per-coin model for jupiter-exchange-solana/5m.",
  "directional_call_share": 0.4034090909090909,
  "directional_call_share_n": 176,
  "directional_call_share_source": "holdout",
  "model_kind": "lightgbm",
  "prior_probs": [],
  "has_regression_head": true,
  "regression_head_stats": {
    "n_train_rows": 620,
    "n_holdout_rows": 155,
    "abs_pred_p50_pct": 0.49333699514211066,
    "abs_pred_p95_pct": 0.6158725882442057,
    "abs_pred_max_pct": 0.8088934538772004,
    "mae_pct": 0.3606216370590892,
    "best_iteration": 12
  },
  "gates_alignment": {
    "n": 176,
    "source": "holdout",
    "min_directional_edge": 0.05,
    "min_expected_return_pct": 0.15,
    "aligned_share": 0.16477272727272727,
    "aligned_loud_share": 0.16477272727272727,
    "aligned_quiet_share": 0.0,
    "loud_classifier_quiet_regressor_share": 0.0,
    "quiet_classifier_loud_regressor_share": 0.8352272727272727,
    "dir_edge_p50": 0.0301475674429329,
    "dir_edge_p95": 0.3750589900896649,
    "abs_magnitude_pct_p50": 0.47876613653385863,
    "abs_magnitude_pct_p95": 0.5895446718026207
  }
}