{
  "coin_id": "sei-network",
  "timeframe": "1h",
  "version": "20260422T095031Z",
  "feature_names": [
    "ret1",
    "ret5",
    "ret10",
    "momentum",
    "realizedVol",
    "rsi14",
    "macdLine",
    "macdSignal",
    "macdHist",
    "atr14",
    "atrPct",
    "ema9",
    "ema21",
    "emaSpreadPct",
    "distFromEma9Pct",
    "distFromEma21Pct",
    "bbUpper",
    "bbMiddle",
    "bbLower",
    "bbWidth",
    "bbPctB",
    "bbWidthPct",
    "news_etf_flow",
    "news_regulatory_risk",
    "news_exchange_outage",
    "news_macro_shock",
    "news_whale_move",
    "news_exploit_or_hack",
    "news_stablecoin_event",
    "news_narrative_rotation",
    "news_listing_or_delisting",
    "news_protocol_upgrade",
    "news_high_volume_breakout",
    "news_unusual_volatility",
    "coin_idx"
  ],
  "coin_vocab": [
    "sei-network"
  ],
  "n_train_rows": 685,
  "n_test_rows": 570,
  "metrics": {
    "auc": 0.4765073631979654,
    "log_loss": 2.97909440270728,
    "brier": 0.374545446065604,
    "directional_accuracy": 0.30877192982456136
  },
  "baseline_metrics": {
    "auc": 0.5163577366901106,
    "log_loss": 1.1294716605049322,
    "brier": 0.22883250437365604,
    "directional_accuracy": 0.32456140350877194
  },
  "threshold_pct": 0.2,
  "horizon_candles": 1,
  "class_return_means_pct": [
    -0.6347726152720294,
    -0.013388285575101659,
    0.7293408204280881
  ],
  "fold_metrics": [
    {
      "fold": 0,
      "n_train": 114,
      "n_test": 114,
      "auc": 0.4311951937976896,
      "log_loss": 3.8583310358458487,
      "brier": 0.4216708066323284,
      "directional_accuracy": 0.23684210526315788,
      "baseline_auc": 0.5094560387984903,
      "baseline_log_loss": 1.2394066647079045,
      "baseline_brier": 0.25241983375980476,
      "baseline_directional_accuracy": 0.2543859649122807,
      "best_params": {
        "objective": "multiclass",
        "num_class": 3,
        "metric": "multi_logloss",
        "num_leaves": 31,
        "learning_rate": 0.1,
        "min_child_samples": 5,
        "feature_fraction": 0.9,
        "bagging_fraction": 0.9,
        "bagging_freq": 5,
        "verbose": -1,
        "deterministic": true,
        "seed": 42
      }
    },
    {
      "fold": 1,
      "n_train": 228,
      "n_test": 114,
      "auc": 0.4837436821785852,
      "log_loss": 2.8992255709134445,
      "brier": 0.3665438618894881,
      "directional_accuracy": 0.3333333333333333,
      "baseline_auc": 0.5297436332339379,
      "baseline_log_loss": 1.1068148651802034,
      "baseline_brier": 0.22394018857945588,
      "baseline_directional_accuracy": 0.32456140350877194,
      "best_params": {
        "objective": "multiclass",
        "num_class": 3,
        "metric": "multi_logloss",
        "num_leaves": 31,
        "learning_rate": 0.1,
        "min_child_samples": 5,
        "feature_fraction": 0.9,
        "bagging_fraction": 0.9,
        "bagging_freq": 5,
        "verbose": -1,
        "deterministic": true,
        "seed": 42
      }
    },
    {
      "fold": 2,
      "n_train": 342,
      "n_test": 114,
      "auc": 0.5452115878276217,
      "log_loss": 2.6030221539925056,
      "brier": 0.33838562664198696,
      "directional_accuracy": 0.3508771929824561,
      "baseline_auc": 0.4975488770319994,
      "baseline_log_loss": 1.100484136411437,
      "baseline_brier": 0.22280833578033107,
      "baseline_directional_accuracy": 0.3333333333333333,
      "best_params": {
        "objective": "multiclass",
        "num_class": 3,
        "metric": "multi_logloss",
        "num_leaves": 31,
        "learning_rate": 0.1,
        "min_child_samples": 5,
        "feature_fraction": 0.9,
        "bagging_fraction": 0.9,
        "bagging_freq": 5,
        "verbose": -1,
        "deterministic": true,
        "seed": 42
      }
    },
    {
      "fold": 3,
      "n_train": 456,
      "n_test": 114,
      "auc": 0.4739807660693736,
      "log_loss": 3.0225001927122648,
      "brier": 0.3763907000284652,
      "directional_accuracy": 0.3333333333333333,
      "baseline_auc": 0.46191709134747105,
      "baseline_log_loss": 1.1228292132364714,
      "baseline_brier": 0.2274499471306706,
      "baseline_directional_accuracy": 0.3157894736842105,
      "best_params": {
        "objective": "multiclass",
        "num_class": 3,
        "metric": "multi_logloss",
        "num_leaves": 31,
        "learning_rate": 0.1,
        "min_child_samples": 5,
        "feature_fraction": 0.9,
        "bagging_fraction": 0.9,
        "bagging_freq": 5,
        "verbose": -1,
        "deterministic": true,
        "seed": 42
      }
    },
    {
      "fold": 4,
      "n_train": 570,
      "n_test": 114,
      "auc": 0.4484055861165566,
      "log_loss": 2.5123930600723363,
      "brier": 0.36973623513575143,
      "directional_accuracy": 0.2894736842105263,
      "baseline_auc": 0.5831230430386548,
      "baseline_log_loss": 1.0778234229886443,
      "baseline_brier": 0.21754421661801804,
      "baseline_directional_accuracy": 0.39473684210526316,
      "best_params": {
        "objective": "multiclass",
        "num_class": 3,
        "metric": "multi_logloss",
        "num_leaves": 31,
        "learning_rate": 0.1,
        "min_child_samples": 5,
        "feature_fraction": 0.9,
        "bagging_fraction": 0.9,
        "bagging_freq": 5,
        "verbose": -1,
        "deterministic": true,
        "seed": 42
      }
    }
  ],
  "note": "Per-coin model for sei-network/1h.",
  "directional_call_share": 1.0,
  "directional_call_share_n": 137,
  "directional_call_share_source": "holdout",
  "model_kind": "lightgbm",
  "prior_probs": [],
  "has_regression_head": true,
  "regression_head_stats": {
    "n_train_rows": 376,
    "n_holdout_rows": 95,
    "abs_pred_p50_pct": 0.6800906348249942,
    "abs_pred_p95_pct": 0.7799727832954552,
    "abs_pred_max_pct": 0.8262431022870754,
    "mae_pct": 0.3562335556301685,
    "best_iteration": 5
  },
  "gates_alignment": {
    "n": 137,
    "source": "holdout",
    "min_directional_edge": 0.05,
    "min_expected_return_pct": 0.15,
    "aligned_share": 0.1386861313868613,
    "aligned_loud_share": 0.1386861313868613,
    "aligned_quiet_share": 0.0,
    "loud_classifier_quiet_regressor_share": 0.0,
    "quiet_classifier_loud_regressor_share": 0.8613138686131386,
    "dir_edge_p50": 0.023146447204056175,
    "dir_edge_p95": 0.39625360230547546,
    "abs_magnitude_pct_p50": 0.6782510873433063,
    "abs_magnitude_pct_p95": 0.7760604083082312
  }
}