{
  "coin_id": "worldcoin-wld",
  "timeframe": "5m",
  "version": "20260422T151819Z",
  "feature_names": [
    "ret1",
    "ret5",
    "ret10",
    "momentum",
    "realizedVol",
    "rsi14",
    "macdLine",
    "macdSignal",
    "macdHist",
    "atr14",
    "atrPct",
    "ema9",
    "ema21",
    "emaSpreadPct",
    "distFromEma9Pct",
    "distFromEma21Pct",
    "bbUpper",
    "bbMiddle",
    "bbLower",
    "bbWidth",
    "bbPctB",
    "bbWidthPct",
    "news_etf_flow",
    "news_regulatory_risk",
    "news_exchange_outage",
    "news_macro_shock",
    "news_whale_move",
    "news_exploit_or_hack",
    "news_stablecoin_event",
    "news_narrative_rotation",
    "news_listing_or_delisting",
    "news_protocol_upgrade",
    "news_high_volume_breakout",
    "news_unusual_volatility",
    "coin_idx"
  ],
  "coin_vocab": [
    "worldcoin-wld"
  ],
  "n_train_rows": 880,
  "n_test_rows": 730,
  "metrics": {
    "auc": 0.5120058805299366,
    "log_loss": 2.4860020939765706,
    "brier": 0.2993224978357649,
    "directional_accuracy": 0.46438356164383554
  },
  "baseline_metrics": {
    "auc": 0.5255985665048339,
    "log_loss": 0.9478036998085937,
    "brier": 0.19421506267012298,
    "directional_accuracy": 0.46712328767123285
  },
  "threshold_pct": 0.04,
  "horizon_candles": 1,
  "class_return_means_pct": [
    -0.6493794166214404,
    -0.0010802298101731435,
    0.6301046596193345
  ],
  "fold_metrics": [
    {
      "fold": 0,
      "n_train": 146,
      "n_test": 146,
      "auc": 0.49219924935769027,
      "log_loss": 3.4222373474969263,
      "brier": 0.31943623329320364,
      "directional_accuracy": 0.4863013698630137,
      "baseline_auc": 0.5194628914864594,
      "baseline_log_loss": 0.8229005686979685,
      "baseline_brier": 0.17821906960292644,
      "baseline_directional_accuracy": 0.4863013698630137,
      "best_params": {
        "objective": "multiclass",
        "num_class": 3,
        "metric": "multi_logloss",
        "num_leaves": 31,
        "learning_rate": 0.1,
        "min_child_samples": 5,
        "feature_fraction": 0.9,
        "bagging_fraction": 0.9,
        "bagging_freq": 5,
        "verbose": -1,
        "deterministic": true,
        "seed": 42
      }
    },
    {
      "fold": 1,
      "n_train": 292,
      "n_test": 146,
      "auc": 0.5402667271413569,
      "log_loss": 2.1981308389066325,
      "brier": 0.26536558225069956,
      "directional_accuracy": 0.547945205479452,
      "baseline_auc": 0.5058352530872346,
      "baseline_log_loss": 0.9021129129661182,
      "baseline_brier": 0.18386027152242504,
      "baseline_directional_accuracy": 0.4383561643835616,
      "best_params": {
        "objective": "multiclass",
        "num_class": 3,
        "metric": "multi_logloss",
        "num_leaves": 31,
        "learning_rate": 0.1,
        "min_child_samples": 5,
        "feature_fraction": 0.9,
        "bagging_fraction": 0.9,
        "bagging_freq": 5,
        "verbose": -1,
        "deterministic": true,
        "seed": 42
      }
    },
    {
      "fold": 2,
      "n_train": 438,
      "n_test": 146,
      "auc": 0.43423642894319553,
      "log_loss": 2.404417088032459,
      "brier": 0.3077036064481497,
      "directional_accuracy": 0.4726027397260274,
      "baseline_auc": 0.5337827147409383,
      "baseline_log_loss": 0.7839042928639215,
      "baseline_brier": 0.17595904373419868,
      "baseline_directional_accuracy": 0.4931506849315068,
      "best_params": {
        "objective": "multiclass",
        "num_class": 3,
        "metric": "multi_logloss",
        "num_leaves": 31,
        "learning_rate": 0.1,
        "min_child_samples": 5,
        "feature_fraction": 0.9,
        "bagging_fraction": 0.9,
        "bagging_freq": 5,
        "verbose": -1,
        "deterministic": true,
        "seed": 42
      }
    },
    {
      "fold": 3,
      "n_train": 584,
      "n_test": 146,
      "auc": 0.5696122778468485,
      "log_loss": 2.2478466073812764,
      "brier": 0.2892494226593801,
      "directional_accuracy": 0.4315068493150685,
      "baseline_auc": 0.5886501113020405,
      "baseline_log_loss": 1.1697818125825703,
      "baseline_brier": 0.2187905225333604,
      "baseline_directional_accuracy": 0.4794520547945205,
      "best_params": {
        "objective": "multiclass",
        "num_class": 3,
        "metric": "multi_logloss",
        "num_leaves": 31,
        "learning_rate": 0.1,
        "min_child_samples": 5,
        "feature_fraction": 0.9,
        "bagging_fraction": 0.9,
        "bagging_freq": 5,
        "verbose": -1,
        "deterministic": true,
        "seed": 42
      }
    },
    {
      "fold": 4,
      "n_train": 730,
      "n_test": 146,
      "auc": 0.5237147193605921,
      "log_loss": 2.15737858806556,
      "brier": 0.3148576445273917,
      "directional_accuracy": 0.3835616438356164,
      "baseline_auc": 0.4802618619074965,
      "baseline_log_loss": 1.06031891193239,
      "baseline_brier": 0.21424640595770442,
      "baseline_directional_accuracy": 0.4383561643835616,
      "best_params": {
        "objective": "multiclass",
        "num_class": 3,
        "metric": "multi_logloss",
        "num_leaves": 31,
        "learning_rate": 0.1,
        "min_child_samples": 5,
        "feature_fraction": 0.9,
        "bagging_fraction": 0.9,
        "bagging_freq": 5,
        "verbose": -1,
        "deterministic": true,
        "seed": 42
      }
    }
  ],
  "note": "Per-coin model for worldcoin-wld/5m.",
  "directional_call_share": 0.9943181818181818,
  "directional_call_share_n": 176,
  "directional_call_share_source": "holdout",
  "model_kind": "lightgbm",
  "prior_probs": [],
  "has_regression_head": true,
  "regression_head_stats": {
    "n_train_rows": 644,
    "n_holdout_rows": 162,
    "abs_pred_p50_pct": 0.30330763286117435,
    "abs_pred_p95_pct": 0.5996329248210664,
    "abs_pred_max_pct": 0.9499739456536752,
    "mae_pct": 0.23802796222140135,
    "best_iteration": 37
  },
  "gates_alignment": {
    "n": 176,
    "source": "holdout",
    "min_directional_edge": 0.05,
    "min_expected_return_pct": 0.15,
    "aligned_share": 0.7159090909090909,
    "aligned_loud_share": 0.7159090909090909,
    "aligned_quiet_share": 0.0,
    "loud_classifier_quiet_regressor_share": 0.0,
    "quiet_classifier_loud_regressor_share": 0.2840909090909091,
    "dir_edge_p50": 0.08727595672533511,
    "dir_edge_p95": 0.21658986175115208,
    "abs_magnitude_pct_p50": 0.3050076868247795,
    "abs_magnitude_pct_p95": 0.6091106682984673
  }
}