{
  "coin_id": "bonk",
  "timeframe": "1m",
  "version": "20260422T200228Z",
  "feature_names": [
    "ret1",
    "ret5",
    "ret10",
    "momentum",
    "realizedVol",
    "rsi14",
    "macdLine",
    "macdSignal",
    "macdHist",
    "atr14",
    "atrPct",
    "ema9",
    "ema21",
    "emaSpreadPct",
    "distFromEma9Pct",
    "distFromEma21Pct",
    "bbUpper",
    "bbMiddle",
    "bbLower",
    "bbWidth",
    "bbPctB",
    "bbWidthPct",
    "news_etf_flow",
    "news_regulatory_risk",
    "news_exchange_outage",
    "news_macro_shock",
    "news_whale_move",
    "news_exploit_or_hack",
    "news_stablecoin_event",
    "news_narrative_rotation",
    "news_listing_or_delisting",
    "news_protocol_upgrade",
    "news_high_volume_breakout",
    "news_unusual_volatility",
    "coin_idx"
  ],
  "coin_vocab": [
    "bonk"
  ],
  "n_train_rows": 2425,
  "n_test_rows": 2020,
  "metrics": {
    "auc": 0.5275812817998997,
    "log_loss": 2.8377911952247112,
    "brier": 0.2914911745848462,
    "directional_accuracy": 0.4737623762376238
  },
  "baseline_metrics": {
    "auc": 0.5476030443748192,
    "log_loss": 0.9974118096450344,
    "brier": 0.1977353083551439,
    "directional_accuracy": 0.55990099009901
  },
  "threshold_pct": 0.03,
  "horizon_candles": 1,
  "class_return_means_pct": [
    -0.28419881902826,
    -4.96883207247906e-05,
    0.3522887683733824
  ],
  "fold_metrics": [
    {
      "fold": 0,
      "n_train": 404,
      "n_test": 404,
      "auc": 0.5618786141003671,
      "log_loss": 3.130950487263985,
      "brier": 0.3244298175589673,
      "directional_accuracy": 0.45544554455445546,
      "baseline_auc": 0.567170868255686,
      "baseline_log_loss": 1.0231490857729075,
      "baseline_brier": 0.20519156658188317,
      "baseline_directional_accuracy": 0.4752475247524752,
      "best_params": {
        "objective": "multiclass",
        "num_class": 3,
        "metric": "multi_logloss",
        "num_leaves": 31,
        "learning_rate": 0.16839076979463405,
        "min_child_samples": 11,
        "feature_fraction": 0.9,
        "bagging_fraction": 0.9,
        "bagging_freq": 5,
        "verbose": -1,
        "deterministic": true,
        "seed": 42
      }
    },
    {
      "fold": 1,
      "n_train": 808,
      "n_test": 404,
      "auc": 0.41512806723480744,
      "log_loss": 5.463394218253148,
      "brier": 0.3905899832089437,
      "directional_accuracy": 0.37376237623762376,
      "baseline_auc": 0.5858489575705655,
      "baseline_log_loss": 1.1315662788042482,
      "baseline_brier": 0.2300692733492081,
      "baseline_directional_accuracy": 0.3712871287128713,
      "best_params": {
        "objective": "multiclass",
        "num_class": 3,
        "metric": "multi_logloss",
        "num_leaves": 63,
        "learning_rate": 0.07426874044359194,
        "min_child_samples": 10,
        "feature_fraction": 0.9,
        "bagging_fraction": 0.9,
        "bagging_freq": 5,
        "verbose": -1,
        "deterministic": true,
        "seed": 42
      }
    },
    {
      "fold": 2,
      "n_train": 1212,
      "n_test": 404,
      "auc": 0.5178430183793665,
      "log_loss": 1.1824916324180954,
      "brier": 0.22805143577795248,
      "directional_accuracy": 0.47029702970297027,
      "baseline_auc": 0.47852978515411015,
      "baseline_log_loss": 0.9457674824034488,
      "baseline_brier": 0.18707022193321013,
      "baseline_directional_accuracy": 0.7178217821782178,
      "best_params": {
        "objective": "multiclass",
        "num_class": 3,
        "metric": "multi_logloss",
        "num_leaves": 15,
        "learning_rate": 0.03072919442357576,
        "min_child_samples": 19,
        "feature_fraction": 0.9,
        "bagging_fraction": 0.9,
        "bagging_freq": 5,
        "verbose": -1,
        "deterministic": true,
        "seed": 42
      }
    },
    {
      "fold": 3,
      "n_train": 1616,
      "n_test": 404,
      "auc": 0.5546945790712492,
      "log_loss": 2.5731983278297776,
      "brier": 0.25620291206578166,
      "directional_accuracy": 0.5643564356435643,
      "baseline_auc": 0.565385232614513,
      "baseline_log_loss": 0.9406977440419269,
      "baseline_brier": 0.1797769493295074,
      "baseline_directional_accuracy": 0.6287128712871287,
      "best_params": {
        "objective": "multiclass",
        "num_class": 3,
        "metric": "multi_logloss",
        "num_leaves": 63,
        "learning_rate": 0.05122521921646035,
        "min_child_samples": 30,
        "feature_fraction": 0.9,
        "bagging_fraction": 0.9,
        "bagging_freq": 5,
        "verbose": -1,
        "deterministic": true,
        "seed": 42
      }
    },
    {
      "fold": 4,
      "n_train": 2020,
      "n_test": 404,
      "auc": 0.5883621302137088,
      "log_loss": 1.838921310358551,
      "brier": 0.25818172431258596,
      "directional_accuracy": 0.504950495049505,
      "baseline_auc": 0.5410803782792217,
      "baseline_log_loss": 0.9458784572026403,
      "baseline_brier": 0.1865685305819108,
      "baseline_directional_accuracy": 0.6064356435643564,
      "best_params": {
        "objective": "multiclass",
        "num_class": 3,
        "metric": "multi_logloss",
        "num_leaves": 15,
        "learning_rate": 0.14798788166847693,
        "min_child_samples": 8,
        "feature_fraction": 0.9,
        "bagging_fraction": 0.9,
        "bagging_freq": 5,
        "verbose": -1,
        "deterministic": true,
        "seed": 42
      }
    }
  ],
  "note": "Per-coin model for bonk/1m.",
  "directional_call_share": 0.002061855670103093,
  "directional_call_share_n": 485,
  "directional_call_share_source": "holdout",
  "model_kind": "lightgbm",
  "prior_probs": [],
  "has_regression_head": true,
  "regression_head_stats": {
    "n_train_rows": 1132,
    "n_holdout_rows": 284,
    "abs_pred_p50_pct": 0.12105814511397323,
    "abs_pred_p95_pct": 0.39629636616952424,
    "abs_pred_max_pct": 1.4427734785820587,
    "mae_pct": 0.10154416741595113,
    "best_iteration": 46
  },
  "gates_alignment": {
    "n": 485,
    "source": "holdout",
    "min_directional_edge": 0.05,
    "min_expected_return_pct": 0.15,
    "aligned_share": 0.5958762886597938,
    "aligned_loud_share": 0.024742268041237112,
    "aligned_quiet_share": 0.5711340206185567,
    "loud_classifier_quiet_regressor_share": 0.38762886597938145,
    "quiet_classifier_loud_regressor_share": 0.016494845360824743,
    "dir_edge_p50": 0.0387210224322968,
    "dir_edge_p95": 0.1652542372881356,
    "abs_magnitude_pct_p50": 0.12105814511397323,
    "abs_magnitude_pct_p95": 0.14344204837288443
  },
  "specialist_kind": null,
  "regime_subset": [],
  "feature_schema_hash": "726b9f4d8d8b",
  "training_window": {
    "start": "2026-03-24T14:00:00+00:00",
    "end": "2026-04-22T19:37:00+00:00"
  }
}