{
  "coin_id": "render-token",
  "timeframe": "1h",
  "version": "20260422T171302Z",
  "feature_names": [
    "ret1",
    "ret5",
    "ret10",
    "momentum",
    "realizedVol",
    "rsi14",
    "macdLine",
    "macdSignal",
    "macdHist",
    "atr14",
    "atrPct",
    "ema9",
    "ema21",
    "emaSpreadPct",
    "distFromEma9Pct",
    "distFromEma21Pct",
    "bbUpper",
    "bbMiddle",
    "bbLower",
    "bbWidth",
    "bbPctB",
    "bbWidthPct",
    "news_etf_flow",
    "news_regulatory_risk",
    "news_exchange_outage",
    "news_macro_shock",
    "news_whale_move",
    "news_exploit_or_hack",
    "news_stablecoin_event",
    "news_narrative_rotation",
    "news_listing_or_delisting",
    "news_protocol_upgrade",
    "news_high_volume_breakout",
    "news_unusual_volatility",
    "coin_idx"
  ],
  "coin_vocab": [
    "render-token"
  ],
  "n_train_rows": 684,
  "n_test_rows": 570,
  "metrics": {
    "auc": 0.5085227405513499,
    "log_loss": 3.3421104078695594,
    "brier": 0.35601242444970316,
    "directional_accuracy": 0.363157894736842
  },
  "baseline_metrics": {
    "auc": 0.5133843709683539,
    "log_loss": 1.1038404822259,
    "brier": 0.2235433065710004,
    "directional_accuracy": 0.38596491228070173
  },
  "threshold_pct": 0.2,
  "horizon_candles": 1,
  "class_return_means_pct": [
    -0.7948183649761631,
    0.0033550380880990457,
    0.8210575865750926
  ],
  "fold_metrics": [
    {
      "fold": 0,
      "n_train": 114,
      "n_test": 114,
      "auc": 0.5013240058759773,
      "log_loss": 3.680183418548863,
      "brier": 0.36224234709491726,
      "directional_accuracy": 0.3684210526315789,
      "baseline_auc": 0.4966493290328416,
      "baseline_log_loss": 1.1005988131031093,
      "baseline_brier": 0.22330737083528737,
      "baseline_directional_accuracy": 0.38596491228070173,
      "best_params": {
        "objective": "multiclass",
        "num_class": 3,
        "metric": "multi_logloss",
        "num_leaves": 15,
        "learning_rate": 0.09230320822645494,
        "min_child_samples": 6,
        "feature_fraction": 0.9,
        "bagging_fraction": 0.9,
        "bagging_freq": 5,
        "verbose": -1,
        "deterministic": true,
        "seed": 42
      }
    },
    {
      "fold": 1,
      "n_train": 228,
      "n_test": 114,
      "auc": 0.5361761111761112,
      "log_loss": 4.504035340819591,
      "brier": 0.3779725752051226,
      "directional_accuracy": 0.3684210526315789,
      "baseline_auc": 0.5351596726596726,
      "baseline_log_loss": 1.1221425621311818,
      "baseline_brier": 0.22860903176287153,
      "baseline_directional_accuracy": 0.38596491228070173,
      "best_params": {
        "objective": "multiclass",
        "num_class": 3,
        "metric": "multi_logloss",
        "num_leaves": 15,
        "learning_rate": 0.19624354889055298,
        "min_child_samples": 29,
        "feature_fraction": 0.9,
        "bagging_fraction": 0.9,
        "bagging_freq": 5,
        "verbose": -1,
        "deterministic": true,
        "seed": 42
      }
    },
    {
      "fold": 2,
      "n_train": 342,
      "n_test": 114,
      "auc": 0.44986653478017713,
      "log_loss": 2.2081737269199286,
      "brier": 0.3518695681142419,
      "directional_accuracy": 0.2982456140350877,
      "baseline_auc": 0.5154182916883298,
      "baseline_log_loss": 1.1109996948862915,
      "baseline_brier": 0.2242404664826523,
      "baseline_directional_accuracy": 0.37719298245614036,
      "best_params": {
        "objective": "multiclass",
        "num_class": 3,
        "metric": "multi_logloss",
        "num_leaves": 31,
        "learning_rate": 0.03453169575040707,
        "min_child_samples": 25,
        "feature_fraction": 0.9,
        "bagging_fraction": 0.9,
        "bagging_freq": 5,
        "verbose": -1,
        "deterministic": true,
        "seed": 42
      }
    },
    {
      "fold": 3,
      "n_train": 456,
      "n_test": 114,
      "auc": 0.5420395081109367,
      "log_loss": 1.7101773630706416,
      "brier": 0.2784708147712475,
      "directional_accuracy": 0.45614035087719296,
      "baseline_auc": 0.5175235478806907,
      "baseline_log_loss": 1.060193234026696,
      "baseline_brier": 0.21435930163189743,
      "baseline_directional_accuracy": 0.47368421052631576,
      "best_params": {
        "objective": "multiclass",
        "num_class": 3,
        "metric": "multi_logloss",
        "num_leaves": 63,
        "learning_rate": 0.0318494152234131,
        "min_child_samples": 22,
        "feature_fraction": 0.9,
        "bagging_fraction": 0.9,
        "bagging_freq": 5,
        "verbose": -1,
        "deterministic": true,
        "seed": 42
      }
    },
    {
      "fold": 4,
      "n_train": 570,
      "n_test": 114,
      "auc": 0.5132075428135474,
      "log_loss": 4.607982189988772,
      "brier": 0.40950681706298653,
      "directional_accuracy": 0.32456140350877194,
      "baseline_auc": 0.502171013580235,
      "baseline_log_loss": 1.1252681069822223,
      "baseline_brier": 0.22720036214229355,
      "baseline_directional_accuracy": 0.30701754385964913,
      "best_params": {
        "objective": "multiclass",
        "num_class": 3,
        "metric": "multi_logloss",
        "num_leaves": 15,
        "learning_rate": 0.12620685849265428,
        "min_child_samples": 14,
        "feature_fraction": 0.9,
        "bagging_fraction": 0.9,
        "bagging_freq": 5,
        "verbose": -1,
        "deterministic": true,
        "seed": 42
      }
    }
  ],
  "note": "Per-coin model for render-token/1h.",
  "directional_call_share": 1.0,
  "directional_call_share_n": 137,
  "directional_call_share_source": "holdout",
  "model_kind": "lightgbm",
  "prior_probs": [],
  "has_regression_head": true,
  "regression_head_stats": {
    "n_train_rows": 414,
    "n_holdout_rows": 104,
    "abs_pred_p50_pct": 0.8356009573572942,
    "abs_pred_p95_pct": 0.8850132472116662,
    "abs_pred_max_pct": 0.902560641584189,
    "mae_pct": 0.39739652949277193,
    "best_iteration": 1
  },
  "gates_alignment": {
    "n": 137,
    "source": "holdout",
    "min_directional_edge": 0.05,
    "min_expected_return_pct": 0.15,
    "aligned_share": 0.1897810218978102,
    "aligned_loud_share": 0.1897810218978102,
    "aligned_quiet_share": 0.0,
    "loud_classifier_quiet_regressor_share": 0.0,
    "quiet_classifier_loud_regressor_share": 0.8102189781021898,
    "dir_edge_p50": 0.020095975607643424,
    "dir_edge_p95": 0.11986077876876228,
    "abs_magnitude_pct_p50": 0.8356009573572942,
    "abs_magnitude_pct_p95": 0.8855909877393556
  }
}