{
  "prior_probs": [
    0.07692307692307693,
    0.23076923076923078,
    0.6923076923076923
  ],
  "class_return_means_pct": [
    -1.5,
    1.2113173289825876,
    3.1680165963779547
  ]
}