{
  "coin_id": "worldcoin-wld",
  "timeframe": "1h",
  "version": "20260422T085438Z",
  "feature_names": [
    "ret1",
    "ret5",
    "ret10",
    "momentum",
    "realizedVol",
    "rsi14",
    "macdLine",
    "macdSignal",
    "macdHist",
    "atr14",
    "atrPct",
    "ema9",
    "ema21",
    "emaSpreadPct",
    "distFromEma9Pct",
    "distFromEma21Pct",
    "bbUpper",
    "bbMiddle",
    "bbLower",
    "bbWidth",
    "bbPctB",
    "bbWidthPct",
    "news_etf_flow",
    "news_regulatory_risk",
    "news_exchange_outage",
    "news_macro_shock",
    "news_whale_move",
    "news_exploit_or_hack",
    "news_stablecoin_event",
    "news_narrative_rotation",
    "news_listing_or_delisting",
    "news_protocol_upgrade",
    "news_high_volume_breakout",
    "news_unusual_volatility",
    "coin_idx"
  ],
  "coin_vocab": [
    "worldcoin-wld"
  ],
  "n_train_rows": 685,
  "n_test_rows": 570,
  "metrics": {
    "auc": 0.5334795004634765,
    "log_loss": 2.492751235331466,
    "brier": 0.3171048107224321,
    "directional_accuracy": 0.39649122807017545
  },
  "baseline_metrics": {
    "auc": 0.5204298631623689,
    "log_loss": 1.0477473923821863,
    "brier": 0.21261301496314372,
    "directional_accuracy": 0.39824561403508774
  },
  "threshold_pct": 0.2,
  "horizon_candles": 1,
  "class_return_means_pct": [
    -0.8769371722517306,
    0.004327366984071668,
    0.8884637643256618
  ],
  "fold_metrics": [
    {
      "fold": 0,
      "n_train": 114,
      "n_test": 114,
      "auc": 0.5422094885990865,
      "log_loss": 1.444984528786102,
      "brier": 0.24370152611162366,
      "directional_accuracy": 0.5087719298245614,
      "baseline_auc": 0.4327929986535101,
      "baseline_log_loss": 1.0055271698776675,
      "baseline_brier": 0.2055926556656328,
      "baseline_directional_accuracy": 0.35964912280701755,
      "best_params": {
        "objective": "multiclass",
        "num_class": 3,
        "metric": "multi_logloss",
        "num_leaves": 15,
        "learning_rate": 0.060113218328857784,
        "min_child_samples": 16,
        "feature_fraction": 0.9,
        "bagging_fraction": 0.9,
        "bagging_freq": 5,
        "verbose": -1,
        "deterministic": true,
        "seed": 42
      }
    },
    {
      "fold": 1,
      "n_train": 228,
      "n_test": 114,
      "auc": 0.49403624862437123,
      "log_loss": 4.7907430780016425,
      "brier": 0.4172639717215422,
      "directional_accuracy": 0.34210526315789475,
      "baseline_auc": 0.4718166387323475,
      "baseline_log_loss": 1.1215053640385355,
      "baseline_brier": 0.22599664762289953,
      "baseline_directional_accuracy": 0.3333333333333333,
      "best_params": {
        "objective": "multiclass",
        "num_class": 3,
        "metric": "multi_logloss",
        "num_leaves": 15,
        "learning_rate": 0.09230320822645494,
        "min_child_samples": 6,
        "feature_fraction": 0.9,
        "bagging_fraction": 0.9,
        "bagging_freq": 5,
        "verbose": -1,
        "deterministic": true,
        "seed": 42
      }
    },
    {
      "fold": 2,
      "n_train": 342,
      "n_test": 114,
      "auc": 0.6159202887051749,
      "log_loss": 2.540093194298313,
      "brier": 0.3133499726801059,
      "directional_accuracy": 0.41228070175438597,
      "baseline_auc": 0.581126225774729,
      "baseline_log_loss": 1.046437062680218,
      "baseline_brier": 0.21264430808276122,
      "baseline_directional_accuracy": 0.43859649122807015,
      "best_params": {
        "objective": "multiclass",
        "num_class": 3,
        "metric": "multi_logloss",
        "num_leaves": 15,
        "learning_rate": 0.09230320822645494,
        "min_child_samples": 6,
        "feature_fraction": 0.9,
        "bagging_fraction": 0.9,
        "bagging_freq": 5,
        "verbose": -1,
        "deterministic": true,
        "seed": 42
      }
    },
    {
      "fold": 3,
      "n_train": 456,
      "n_test": 114,
      "auc": 0.5160705136755558,
      "log_loss": 1.8935336094125892,
      "brier": 0.3055248011282419,
      "directional_accuracy": 0.39473684210526316,
      "baseline_auc": 0.5085951360601221,
      "baseline_log_loss": 1.0025234467531272,
      "baseline_brier": 0.20381178243343076,
      "baseline_directional_accuracy": 0.43859649122807015,
      "best_params": {
        "objective": "multiclass",
        "num_class": 3,
        "metric": "multi_logloss",
        "num_leaves": 15,
        "learning_rate": 0.09230320822645494,
        "min_child_samples": 6,
        "feature_fraction": 0.9,
        "bagging_fraction": 0.9,
        "bagging_freq": 5,
        "verbose": -1,
        "deterministic": true,
        "seed": 42
      }
    },
    {
      "fold": 4,
      "n_train": 570,
      "n_test": 114,
      "auc": 0.49916096271319405,
      "log_loss": 1.794401766158684,
      "brier": 0.3056837819706469,
      "directional_accuracy": 0.32456140350877194,
      "baseline_auc": 0.607818316591136,
      "baseline_log_loss": 1.0627439185613836,
      "baseline_brier": 0.21501968101099425,
      "baseline_directional_accuracy": 0.42105263157894735,
      "best_params": {
        "objective": "multiclass",
        "num_class": 3,
        "metric": "multi_logloss",
        "num_leaves": 15,
        "learning_rate": 0.09230320822645494,
        "min_child_samples": 6,
        "feature_fraction": 0.9,
        "bagging_fraction": 0.9,
        "bagging_freq": 5,
        "verbose": -1,
        "deterministic": true,
        "seed": 42
      }
    }
  ],
  "note": "Per-coin model for worldcoin-wld/1h.",
  "directional_call_share": 0.9416058394160584,
  "directional_call_share_n": 137,
  "directional_call_share_source": "holdout",
  "model_kind": "lightgbm",
  "prior_probs": []
}