{
  "coin_id": "floki-inu",
  "timeframe": "1d",
  "version": "20260425T103422Z",
  "feature_names": [
    "ret1",
    "ret5",
    "ret10",
    "momentum",
    "realizedVol",
    "rsi14",
    "macdLine",
    "macdSignal",
    "macdHist",
    "atr14",
    "atrPct",
    "ema9",
    "ema21",
    "emaSpreadPct",
    "distFromEma9Pct",
    "distFromEma21Pct",
    "bbUpper",
    "bbMiddle",
    "bbLower",
    "bbWidth",
    "bbPctB",
    "bbWidthPct",
    "funding_rate",
    "open_interest_z",
    "liquidations_1h_usd",
    "bid_ask_spread_bps",
    "btc_lead_ret_5m",
    "eth_lead_ret_5m",
    "btc_liquidations_1h_usd",
    "eth_liquidations_1h_usd",
    "sol_liquidations_1h_usd",
    "session_asia",
    "session_eu",
    "session_us",
    "hour_of_day_sin",
    "hour_of_day_cos",
    "coin_idx"
  ],
  "coin_vocab": [
    "floki-inu"
  ],
  "n_train_rows": 1065,
  "n_test_rows": 885,
  "metrics": {
    "auc": 0.5045666777009191,
    "log_loss": 3.324872381735782,
    "brier": 0.3564805735649759,
    "directional_accuracy": 0.36497175141242943
  },
  "baseline_metrics": {
    "auc": 0.5324820667705231,
    "log_loss": 1.1118394410090153,
    "brier": 0.22026574063950508,
    "directional_accuracy": 0.3751412429378531
  },
  "threshold_pct": 1.4249999999999998,
  "horizon_candles": 1,
  "class_return_means_pct": [
    -4.993168305617768,
    -0.01824647475885559,
    6.300003308726765
  ],
  "fold_metrics": [
    {
      "fold": 0,
      "n_train": 177,
      "n_test": 177,
      "auc": 0.5283437366948518,
      "log_loss": 5.639354827743856,
      "brier": 0.3915432436401982,
      "directional_accuracy": 0.3615819209039548,
      "baseline_auc": 0.6160208400819193,
      "baseline_log_loss": 1.1895278528879298,
      "baseline_brier": 0.21827625297451902,
      "baseline_directional_accuracy": 0.4067796610169492,
      "best_params": {
        "objective": "multiclass",
        "num_class": 3,
        "metric": "multi_logloss",
        "num_leaves": 31,
        "learning_rate": 0.19483786958566401,
        "min_child_samples": 30,
        "feature_fraction": 0.9,
        "bagging_fraction": 0.9,
        "bagging_freq": 5,
        "verbose": -1,
        "deterministic": true,
        "seed": 42
      },
      "feature_importance": [
        109.72284262323228,
        129.666558113473,
        55.90795069531305,
        87.40119639573095,
        80.65830532162727,
        52.38188216996059,
        38.18566322095285,
        49.50679301360651,
        74.73190188440822,
        60.76292132265371,
        38.66597180813551,
        48.678888251044555,
        46.08168364600715,
        31.296849953163473,
        58.44322905916488,
        63.61979960537792,
        41.828632540513354,
        41.77982783625339,
        35.02643678634195,
        44.07014023085503,
        40.4793628194966,
        58.37432016432285,
        0.0,
        0.0,
        0.0,
        0.0,
        0.0,
        0.0,
        0.0,
        0.0,
        0.0,
        0.0,
        0.0,
        0.0,
        0.0,
        0.0,
        0.0
      ],
      "feature_names": [
        "ret1",
        "ret5",
        "ret10",
        "momentum",
        "realizedVol",
        "rsi14",
        "macdLine",
        "macdSignal",
        "macdHist",
        "atr14",
        "atrPct",
        "ema9",
        "ema21",
        "emaSpreadPct",
        "distFromEma9Pct",
        "distFromEma21Pct",
        "bbUpper",
        "bbMiddle",
        "bbLower",
        "bbWidth",
        "bbPctB",
        "bbWidthPct",
        "funding_rate",
        "open_interest_z",
        "liquidations_1h_usd",
        "bid_ask_spread_bps",
        "btc_lead_ret_5m",
        "eth_lead_ret_5m",
        "btc_liquidations_1h_usd",
        "eth_liquidations_1h_usd",
        "sol_liquidations_1h_usd",
        "session_asia",
        "session_eu",
        "session_us",
        "hour_of_day_sin",
        "hour_of_day_cos",
        "coin_idx"
      ]
    },
    {
      "fold": 1,
      "n_train": 354,
      "n_test": 177,
      "auc": 0.47479653873242117,
      "log_loss": 2.2497618329877573,
      "brier": 0.3304173798052464,
      "directional_accuracy": 0.3785310734463277,
      "baseline_auc": 0.4776615212641567,
      "baseline_log_loss": 1.1153318139231259,
      "baseline_brier": 0.22588479327238167,
      "baseline_directional_accuracy": 0.3107344632768362,
      "best_params": {
        "objective": "multiclass",
        "num_class": 3,
        "metric": "multi_logloss",
        "num_leaves": 63,
        "learning_rate": 0.037089382590406096,
        "min_child_samples": 28,
        "feature_fraction": 0.9,
        "bagging_fraction": 0.9,
        "bagging_freq": 5,
        "verbose": -1,
        "deterministic": true,
        "seed": 42
      },
      "feature_importance": [
        897.812407899648,
        835.5167236322741,
        547.675292648375,
        681.972085445188,
        429.92342819832265,
        355.25170875526965,
        401.7359054647386,
        508.0878463741392,
        507.90362990740687,
        566.2779567781836,
        535.6551356091513,
        333.87993359193206,
        215.01561589352787,
        432.79011514689773,
        748.0209663342685,
        591.3235105127096,
        408.1292779222131,
        203.52759209275246,
        369.1923371646553,
        652.6969522200525,
        708.3176239818586,
        500.99884998239577,
        0.0,
        0.0,
        0.0,
        0.0,
        0.0,
        0.0,
        0.0,
        0.0,
        0.0,
        0.0,
        0.0,
        0.0,
        0.0,
        0.0,
        0.0
      ],
      "feature_names": [
        "ret1",
        "ret5",
        "ret10",
        "momentum",
        "realizedVol",
        "rsi14",
        "macdLine",
        "macdSignal",
        "macdHist",
        "atr14",
        "atrPct",
        "ema9",
        "ema21",
        "emaSpreadPct",
        "distFromEma9Pct",
        "distFromEma21Pct",
        "bbUpper",
        "bbMiddle",
        "bbLower",
        "bbWidth",
        "bbPctB",
        "bbWidthPct",
        "funding_rate",
        "open_interest_z",
        "liquidations_1h_usd",
        "bid_ask_spread_bps",
        "btc_lead_ret_5m",
        "eth_lead_ret_5m",
        "btc_liquidations_1h_usd",
        "eth_liquidations_1h_usd",
        "sol_liquidations_1h_usd",
        "session_asia",
        "session_eu",
        "session_us",
        "hour_of_day_sin",
        "hour_of_day_cos",
        "coin_idx"
      ]
    },
    {
      "fold": 2,
      "n_train": 531,
      "n_test": 177,
      "auc": 0.4996644783416018,
      "log_loss": 4.069059376415809,
      "brier": 0.3862377208076058,
      "directional_accuracy": 0.3502824858757062,
      "baseline_auc": 0.545430861411038,
      "baseline_log_loss": 1.0578988996350054,
      "baseline_brier": 0.2140554015653855,
      "baseline_directional_accuracy": 0.3954802259887006,
      "best_params": {
        "objective": "multiclass",
        "num_class": 3,
        "metric": "multi_logloss",
        "num_leaves": 63,
        "learning_rate": 0.046226460081775986,
        "min_child_samples": 10,
        "feature_fraction": 0.9,
        "bagging_fraction": 0.9,
        "bagging_freq": 5,
        "verbose": -1,
        "deterministic": true,
        "seed": 42
      },