{
  "coin_id": "pepe",
  "timeframe": "2h",
  "version": "20260422T085635Z",
  "feature_names": [
    "ret1",
    "ret5",
    "ret10",
    "momentum",
    "realizedVol",
    "rsi14",
    "macdLine",
    "macdSignal",
    "macdHist",
    "atr14",
    "atrPct",
    "ema9",
    "ema21",
    "emaSpreadPct",
    "distFromEma9Pct",
    "distFromEma21Pct",
    "bbUpper",
    "bbMiddle",
    "bbLower",
    "bbWidth",
    "bbPctB",
    "bbWidthPct",
    "news_etf_flow",
    "news_regulatory_risk",
    "news_exchange_outage",
    "news_macro_shock",
    "news_whale_move",
    "news_exploit_or_hack",
    "news_stablecoin_event",
    "news_narrative_rotation",
    "news_listing_or_delisting",
    "news_protocol_upgrade",
    "news_high_volume_breakout",
    "news_unusual_volatility",
    "coin_idx"
  ],
  "coin_vocab": [
    "pepe"
  ],
  "n_train_rows": 326,
  "n_test_rows": 270,
  "metrics": {
    "auc": 0.5426045515108788,
    "log_loss": 2.629185669336897,
    "brier": 0.336326467108637,
    "directional_accuracy": 0.3592592592592593
  },
  "baseline_metrics": {
    "auc": 0.5645013743252163,
    "log_loss": 1.19227139827281,
    "brier": 0.24043407379532233,
    "directional_accuracy": 0.36296296296296293
  },
  "threshold_pct": 0.28,
  "horizon_candles": 1,
  "class_return_means_pct": [
    -0.9291991333856614,
    0.017854469350462837,
    1.1487439062486182
  ],
  "fold_metrics": [
    {
      "fold": 0,
      "n_train": 54,
      "n_test": 54,
      "auc": 0.5506960873966688,
      "log_loss": 5.301147736989521,
      "brier": 0.4025561140914226,
      "directional_accuracy": 0.3333333333333333,
      "baseline_auc": 0.56939812717429,
      "baseline_log_loss": 1.5261368985906036,
      "baseline_brier": 0.3026033028219737,
      "baseline_directional_accuracy": 0.24074074074074073,
      "best_params": {
        "objective": "multiclass",
        "num_class": 3,
        "metric": "multi_logloss",
        "num_leaves": 15,
        "learning_rate": 0.09230320822645494,
        "min_child_samples": 6,
        "feature_fraction": 0.9,
        "bagging_fraction": 0.9,
        "bagging_freq": 5,
        "verbose": -1,
        "deterministic": true,
        "seed": 42
      }
    },
    {
      "fold": 1,
      "n_train": 108,
      "n_test": 54,
      "auc": 0.42799032892289707,
      "log_loss": 2.346310526629683,
      "brier": 0.3909792982043401,
      "directional_accuracy": 0.2222222222222222,
      "baseline_auc": 0.617622767066813,
      "baseline_log_loss": 1.0935166873113917,
      "baseline_brier": 0.22512976877803403,
      "baseline_directional_accuracy": 0.3333333333333333,
      "best_params": {
        "objective": "multiclass",
        "num_class": 3,
        "metric": "multi_logloss",
        "num_leaves": 63,
        "learning_rate": 0.0938393881004349,
        "min_child_samples": 23,
        "feature_fraction": 0.9,
        "bagging_fraction": 0.9,
        "bagging_freq": 5,
        "verbose": -1,
        "deterministic": true,
        "seed": 42
      }
    },
    {
      "fold": 2,
      "n_train": 162,
      "n_test": 54,
      "auc": 0.5947291542879778,
      "log_loss": 1.7673764606794404,
      "brier": 0.29276930064007917,
      "directional_accuracy": 0.42592592592592593,
      "baseline_auc": 0.6044439492968904,
      "baseline_log_loss": 1.0553234300746133,
      "baseline_brier": 0.2118522981963774,
      "baseline_directional_accuracy": 0.46296296296296297,
      "best_params": {
        "objective": "multiclass",
        "num_class": 3,
        "metric": "multi_logloss",
        "num_leaves": 63,
        "learning_rate": 0.06807764614983679,
        "min_child_samples": 12,
        "feature_fraction": 0.9,
        "bagging_fraction": 0.9,
        "bagging_freq": 5,
        "verbose": -1,
        "deterministic": true,
        "seed": 42
      }
    },
    {
      "fold": 3,
      "n_train": 216,
      "n_test": 54,
      "auc": 0.5885783803624883,
      "log_loss": 1.6625357215821335,
      "brier": 0.28884370108531426,
      "directional_accuracy": 0.42592592592592593,
      "baseline_auc": 0.5017283890522272,
      "baseline_log_loss": 1.1987175214571375,
      "baseline_brier": 0.24198427558576685,
      "baseline_directional_accuracy": 0.3333333333333333,
      "best_params": {
        "objective": "multiclass",
        "num_class": 3,
        "metric": "multi_logloss",
        "num_leaves": 63,
        "learning_rate": 0.0938393881004349,
        "min_child_samples": 23,
        "feature_fraction": 0.9,
        "bagging_fraction": 0.9,
        "bagging_freq": 5,
        "verbose": -1,
        "deterministic": true,
        "seed": 42
      }
    },
    {
      "fold": 4,
      "n_train": 270,
      "n_test": 54,
      "auc": 0.5510288065843622,
      "log_loss": 2.0685579008037065,
      "brier": 0.30648392152202897,
      "directional_accuracy": 0.3888888888888889,
      "baseline_auc": 0.5293136390358613,
      "baseline_log_loss": 1.087662453930304,
      "baseline_brier": 0.22060072359445973,
      "baseline_directional_accuracy": 0.4444444444444444,
      "best_params": {
        "objective": "multiclass",
        "num_class": 3,
        "metric": "multi_logloss",
        "num_leaves": 63,
        "learning_rate": 0.0938393881004349,
        "min_child_samples": 23,
        "feature_fraction": 0.9,
        "bagging_fraction": 0.9,
        "bagging_freq": 5,
        "verbose": -1,
        "deterministic": true,
        "seed": 42
      }
    }
  ],
  "note": "Per-coin model for pepe/2h.",
  "directional_call_share": 0.9848484848484849,
  "directional_call_share_n": 66,
  "directional_call_share_source": "holdout",
  "model_kind": "lightgbm",
  "prior_probs": []
}