{
  "coin_id": "celestia",
  "timeframe": "5m",
  "version": "20260422T090903Z",
  "feature_names": [
    "ret1",
    "ret5",
    "ret10",
    "momentum",
    "realizedVol",
    "rsi14",
    "macdLine",
    "macdSignal",
    "macdHist",
    "atr14",
    "atrPct",
    "ema9",
    "ema21",
    "emaSpreadPct",
    "distFromEma9Pct",
    "distFromEma21Pct",
    "bbUpper",
    "bbMiddle",
    "bbLower",
    "bbWidth",
    "bbPctB",
    "bbWidthPct",
    "news_etf_flow",
    "news_regulatory_risk",
    "news_exchange_outage",
    "news_macro_shock",
    "news_whale_move",
    "news_exploit_or_hack",
    "news_stablecoin_event",
    "news_narrative_rotation",
    "news_listing_or_delisting",
    "news_protocol_upgrade",
    "news_high_volume_breakout",
    "news_unusual_volatility",
    "coin_idx"
  ],
  "coin_vocab": [
    "celestia"
  ],
  "n_train_rows": 830,
  "n_test_rows": 690,
  "metrics": {
    "auc": 0.5242374238736975,
    "log_loss": 2.0517708898054665,
    "brier": 0.30836203745783725,
    "directional_accuracy": 0.3869565217391305
  },
  "baseline_metrics": {
    "auc": 0.493978397853751,
    "log_loss": 1.0473829673381754,
    "brier": 0.2151379211401526,
    "directional_accuracy": 0.3942028985507246
  },
  "threshold_pct": 0.1,
  "horizon_candles": 1,
  "class_return_means_pct": [
    -0.5825256043598481,
    0.00022943079425238432,
    0.6770746134116972
  ],
  "fold_metrics": [
    {
      "fold": 0,
      "n_train": 138,
      "n_test": 138,
      "auc": 0.4886319121786986,
      "log_loss": 3.287655174179986,
      "brier": 0.3570814019766882,
      "directional_accuracy": 0.35507246376811596,
      "baseline_auc": 0.46898216750926264,
      "baseline_log_loss": 1.044410493121359,
      "baseline_brier": 0.21173597756538684,
      "baseline_directional_accuracy": 0.4057971014492754,
      "best_params": {
        "objective": "multiclass",
        "num_class": 3,
        "metric": "multi_logloss",
        "num_leaves": 15,
        "learning_rate": 0.09230320822645494,
        "min_child_samples": 6,
        "feature_fraction": 0.9,
        "bagging_fraction": 0.9,
        "bagging_freq": 5,
        "verbose": -1,
        "deterministic": true,
        "seed": 42
      }
    },
    {
      "fold": 1,
      "n_train": 276,
      "n_test": 138,
      "auc": 0.614519352021496,
      "log_loss": 1.5513740634954478,
      "brier": 0.2580070130355385,
      "directional_accuracy": 0.4927536231884058,
      "baseline_auc": 0.5131678990631418,
      "baseline_log_loss": 1.0194044820487944,
      "baseline_brier": 0.20607925185547762,
      "baseline_directional_accuracy": 0.4492753623188406,
      "best_params": {
        "objective": "multiclass",
        "num_class": 3,
        "metric": "multi_logloss",
        "num_leaves": 63,
        "learning_rate": 0.06807764614983679,
        "min_child_samples": 12,
        "feature_fraction": 0.9,
        "bagging_fraction": 0.9,
        "bagging_freq": 5,
        "verbose": -1,
        "deterministic": true,
        "seed": 42
      }
    },
    {
      "fold": 2,
      "n_train": 414,
      "n_test": 138,
      "auc": 0.47295340706620453,
      "log_loss": 2.0034549487084643,
      "brier": 0.3088226941269932,
      "directional_accuracy": 0.4057971014492754,
      "baseline_auc": 0.43605196209053027,
      "baseline_log_loss": 0.9647863257037858,
      "baseline_brier": 0.1979589022251865,
      "baseline_directional_accuracy": 0.427536231884058,
      "best_params": {
        "objective": "multiclass",
        "num_class": 3,
        "metric": "multi_logloss",
        "num_leaves": 15,
        "learning_rate": 0.09230320822645494,
        "min_child_samples": 6,
        "feature_fraction": 0.9,
        "bagging_fraction": 0.9,
        "bagging_freq": 5,
        "verbose": -1,
        "deterministic": true,
        "seed": 42
      }
    },
    {
      "fold": 3,
      "n_train": 552,
      "n_test": 138,
      "auc": 0.588051531397682,
      "log_loss": 1.4501882777624602,
      "brier": 0.2736568091745825,
      "directional_accuracy": 0.41304347826086957,
      "baseline_auc": 0.5820722786343371,
      "baseline_log_loss": 1.0585825444703238,
      "baseline_brier": 0.22694460840822628,
      "baseline_directional_accuracy": 0.38405797101449274,
      "best_params": {
        "objective": "multiclass",
        "num_class": 3,
        "metric": "multi_logloss",
        "num_leaves": 15,
        "learning_rate": 0.060113218328857784,
        "min_child_samples": 16,
        "feature_fraction": 0.9,
        "bagging_fraction": 0.9,
        "bagging_freq": 5,
        "verbose": -1,
        "deterministic": true,
        "seed": 42
      }
    },
    {
      "fold": 4,
      "n_train": 690,
      "n_test": 138,
      "auc": 0.45703091670440604,
      "log_loss": 1.9661819848809738,
      "brier": 0.34424226897538396,
      "directional_accuracy": 0.26811594202898553,
      "baseline_auc": 0.46961768197148324,
      "baseline_log_loss": 1.1497309913466136,
      "baseline_brier": 0.23297086564648573,
      "baseline_directional_accuracy": 0.30434782608695654,
      "best_params": {
        "objective": "multiclass",
        "num_class": 3,
        "metric": "multi_logloss",
        "num_leaves": 15,
        "learning_rate": 0.09230320822645494,
        "min_child_samples": 6,
        "feature_fraction": 0.9,
        "bagging_fraction": 0.9,
        "bagging_freq": 5,
        "verbose": -1,
        "deterministic": true,
        "seed": 42
      }
    }
  ],
  "note": "Per-coin model for celestia/5m.",
  "directional_call_share": 0.006024096385542169,
  "directional_call_share_n": 166,
  "directional_call_share_source": "holdout",
  "model_kind": "lightgbm",
  "prior_probs": []
}