{
  "coin_id": "worldcoin-wld",
  "timeframe": "1m",
  "version": "20260422T140801Z",
  "feature_names": [
    "ret1",
    "ret5",
    "ret10",
    "momentum",
    "realizedVol",
    "rsi14",
    "macdLine",
    "macdSignal",
    "macdHist",
    "atr14",
    "atrPct",
    "ema9",
    "ema21",
    "emaSpreadPct",
    "distFromEma9Pct",
    "distFromEma21Pct",
    "bbUpper",
    "bbMiddle",
    "bbLower",
    "bbWidth",
    "bbPctB",
    "bbWidthPct",
    "news_etf_flow",
    "news_regulatory_risk",
    "news_exchange_outage",
    "news_macro_shock",
    "news_whale_move",
    "news_exploit_or_hack",
    "news_stablecoin_event",
    "news_narrative_rotation",
    "news_listing_or_delisting",
    "news_protocol_upgrade",
    "news_high_volume_breakout",
    "news_unusual_volatility",
    "coin_idx"
  ],
  "coin_vocab": [
    "worldcoin-wld"
  ],
  "n_train_rows": 1624,
  "n_test_rows": 1350,
  "metrics": {
    "auc": 0.5603588880919022,
    "log_loss": 2.400833822195826,
    "brier": 0.2686485050004854,
    "directional_accuracy": 0.5103703703703704
  },
  "baseline_metrics": {
    "auc": 0.4886651518360744,
    "log_loss": 1.2132621100705698,
    "brier": 0.1916207712975554,
    "directional_accuracy": 0.5703703703703703
  },
  "threshold_pct": 0.03,
  "horizon_candles": 1,
  "class_return_means_pct": [
    -0.5596266624457871,
    -0.0003092718834832163,
    0.5321787667726067
  ],
  "fold_metrics": [
    {
      "fold": 0,
      "n_train": 270,
      "n_test": 270,
      "auc": 0.4592829879634239,
      "log_loss": 2.517605903917804,
      "brier": 0.30748032854092217,
      "directional_accuracy": 0.4666666666666667,
      "baseline_auc": 0.4743561649179168,
      "baseline_log_loss": 0.7827187375780255,
      "baseline_brier": 0.17583247266889032,
      "baseline_directional_accuracy": 0.4777777777777778,
      "best_params": {
        "objective": "multiclass",
        "num_class": 3,
        "metric": "multi_logloss",
        "num_leaves": 31,
        "learning_rate": 0.1,
        "min_child_samples": 5,
        "feature_fraction": 0.9,
        "bagging_fraction": 0.9,
        "bagging_freq": 5,
        "verbose": -1,
        "deterministic": true,
        "seed": 42
      }
    },
    {
      "fold": 1,
      "n_train": 540,
      "n_test": 270,
      "auc": 0.5140622603012308,
      "log_loss": 5.286822987112787,
      "brier": 0.39358324518611837,
      "directional_accuracy": 0.3296296296296296,
      "baseline_auc": 0.4310606358621065,
      "baseline_log_loss": 2.757384462360677,
      "baseline_brier": 0.3006300138264444,
      "baseline_directional_accuracy": 0.32592592592592595,
      "best_params": {
        "objective": "multiclass",
        "num_class": 3,
        "metric": "multi_logloss",
        "num_leaves": 31,
        "learning_rate": 0.1,
        "min_child_samples": 5,
        "feature_fraction": 0.9,
        "bagging_fraction": 0.9,
        "bagging_freq": 5,
        "verbose": -1,
        "deterministic": true,
        "seed": 42
      }
    },
    {
      "fold": 2,
      "n_train": 810,
      "n_test": 270,
      "auc": 0.5724483914533142,
      "log_loss": 1.6014750497701082,
      "brier": 0.23178936035698358,
      "directional_accuracy": 0.5888888888888889,
      "baseline_auc": 0.4632960998994755,
      "baseline_log_loss": 0.7889698212314207,
      "baseline_brier": 0.147405375019396,
      "baseline_directional_accuracy": 0.7333333333333333,
      "best_params": {
        "objective": "multiclass",
        "num_class": 3,
        "metric": "multi_logloss",
        "num_leaves": 31,
        "learning_rate": 0.1,
        "min_child_samples": 5,
        "feature_fraction": 0.9,
        "bagging_fraction": 0.9,
        "bagging_freq": 5,
        "verbose": -1,
        "deterministic": true,
        "seed": 42
      }
    },
    {
      "fold": 3,
      "n_train": 1080,
      "n_test": 270,
      "auc": 0.623232806792388,
      "log_loss": 1.5640976735142116,
      "brier": 0.22060756680941118,
      "directional_accuracy": 0.5814814814814815,
      "baseline_auc": 0.5636977330108685,
      "baseline_log_loss": 0.8687785009854706,
      "baseline_brier": 0.1668856981164992,
      "baseline_directional_accuracy": 0.6481481481481481,
      "best_params": {
        "objective": "multiclass",
        "num_class": 3,
        "metric": "multi_logloss",
        "num_leaves": 31,
        "learning_rate": 0.1,
        "min_child_samples": 5,
        "feature_fraction": 0.9,
        "bagging_fraction": 0.9,
        "bagging_freq": 5,
        "verbose": -1,
        "deterministic": true,
        "seed": 42
      }
    },
    {
      "fold": 4,
      "n_train": 1350,
      "n_test": 270,
      "auc": 0.6327679939491534,
      "log_loss": 1.034167496664219,
      "brier": 0.18978202410899173,
      "directional_accuracy": 0.5851851851851851,
      "baseline_auc": 0.5109151254900047,
      "baseline_log_loss": 0.8684590281972555,
      "baseline_brier": 0.16735029685654704,
      "baseline_directional_accuracy": 0.6666666666666666,
      "best_params": {
        "objective": "multiclass",
        "num_class": 3,
        "metric": "multi_logloss",
        "num_leaves": 31,
        "learning_rate": 0.1,
        "min_child_samples": 5,
        "feature_fraction": 0.9,
        "bagging_fraction": 0.9,
        "bagging_freq": 5,
        "verbose": -1,
        "deterministic": true,
        "seed": 42
      }
    }
  ],
  "note": "Per-coin model for worldcoin-wld/1m.",
  "directional_call_share": 0.043076923076923075,
  "directional_call_share_n": 325,
  "directional_call_share_source": "holdout",
  "model_kind": "lightgbm",
  "prior_probs": [],
  "has_regression_head": true,
  "regression_head_stats": {
    "n_train_rows": 759,
    "n_holdout_rows": 190,
    "abs_pred_p50_pct": 0.1250567227844788,
    "abs_pred_p95_pct": 0.16354717270897828,
    "abs_pred_max_pct": 0.751747092079438,
    "mae_pct": 0.09337383995054674,
    "best_iteration": 55
  },
  "gates_alignment": {
    "n": 325,
    "source": "holdout",
    "min_directional_edge": 0.05,
    "min_expected_return_pct": 0.15,
    "aligned_share": 0.39076923076923076,
    "aligned_loud_share": 0.003076923076923077,
    "aligned_quiet_share": 0.38769230769230767,
    "loud_classifier_quiet_regressor_share": 0.6061538461538462,
    "quiet_classifier_loud_regressor_share": 0.003076923076923077,
    "dir_edge_p50": 0.0719129956620028,
    "dir_edge_p95": 0.2213359920239282,
    "abs_magnitude_pct_p50": 0.1250567227844788,
    "abs_magnitude_pct_p95": 0.14273758184657678
  }
}