{
  "coin_id": "floki-inu",
  "timeframe": "1h",
  "version": "20260422T152301Z",
  "feature_names": [
    "ret1",
    "ret5",
    "ret10",
    "momentum",
    "realizedVol",
    "rsi14",
    "macdLine",
    "macdSignal",
    "macdHist",
    "atr14",
    "atrPct",
    "ema9",
    "ema21",
    "emaSpreadPct",
    "distFromEma9Pct",
    "distFromEma21Pct",
    "bbUpper",
    "bbMiddle",
    "bbLower",
    "bbWidth",
    "bbPctB",
    "bbWidthPct",
    "news_etf_flow",
    "news_regulatory_risk",
    "news_exchange_outage",
    "news_macro_shock",
    "news_whale_move",
    "news_exploit_or_hack",
    "news_stablecoin_event",
    "news_narrative_rotation",
    "news_listing_or_delisting",
    "news_protocol_upgrade",
    "news_high_volume_breakout",
    "news_unusual_volatility",
    "coin_idx"
  ],
  "coin_vocab": [
    "floki-inu"
  ],
  "n_train_rows": 684,
  "n_test_rows": 570,
  "metrics": {
    "auc": 0.49902524905794,
    "log_loss": 2.7384037051574204,
    "brier": 0.3544125234087242,
    "directional_accuracy": 0.35087719298245607
  },
  "baseline_metrics": {
    "auc": 0.5392191284066233,
    "log_loss": 1.0850811890783567,
    "brier": 0.21934173344859725,
    "directional_accuracy": 0.41578947368421043
  },
  "threshold_pct": 0.2,
  "horizon_candles": 1,
  "class_return_means_pct": [
    -0.6440749548114095,
    -0.0008224613944210399,
    0.7902415896103606
  ],
  "fold_metrics": [
    {
      "fold": 0,
      "n_train": 114,
      "n_test": 114,
      "auc": 0.4424256102112027,
      "log_loss": 3.1623300673057875,
      "brier": 0.3801392935155125,
      "directional_accuracy": 0.3333333333333333,
      "baseline_auc": 0.5404815200744443,
      "baseline_log_loss": 1.1062908753979663,
      "baseline_brier": 0.22185498920993255,
      "baseline_directional_accuracy": 0.43859649122807015,
      "best_params": {
        "objective": "multiclass",
        "num_class": 3,
        "metric": "multi_logloss",
        "num_leaves": 31,
        "learning_rate": 0.1,
        "min_child_samples": 5,
        "feature_fraction": 0.9,
        "bagging_fraction": 0.9,
        "bagging_freq": 5,
        "verbose": -1,
        "deterministic": true,
        "seed": 42
      }
    },
    {
      "fold": 1,
      "n_train": 228,
      "n_test": 114,
      "auc": 0.517492798088366,
      "log_loss": 2.8271337147371307,
      "brier": 0.34861513338931566,
      "directional_accuracy": 0.38596491228070173,
      "baseline_auc": 0.553576556720601,
      "baseline_log_loss": 1.122903903604425,
      "baseline_brier": 0.2266813611103374,
      "baseline_directional_accuracy": 0.38596491228070173,
      "best_params": {
        "objective": "multiclass",
        "num_class": 3,
        "metric": "multi_logloss",
        "num_leaves": 31,
        "learning_rate": 0.1,
        "min_child_samples": 5,
        "feature_fraction": 0.9,
        "bagging_fraction": 0.9,
        "bagging_freq": 5,
        "verbose": -1,
        "deterministic": true,
        "seed": 42
      }
    },
    {
      "fold": 2,
      "n_train": 342,
      "n_test": 114,
      "auc": 0.5012051849261151,
      "log_loss": 2.727477376550979,
      "brier": 0.36141082891747217,
      "directional_accuracy": 0.32456140350877194,
      "baseline_auc": 0.5288828849460079,
      "baseline_log_loss": 1.0786765879668536,
      "baseline_brier": 0.21825366134422805,
      "baseline_directional_accuracy": 0.42105263157894735,
      "best_params": {
        "objective": "multiclass",
        "num_class": 3,
        "metric": "multi_logloss",
        "num_leaves": 31,
        "learning_rate": 0.1,
        "min_child_samples": 5,
        "feature_fraction": 0.9,
        "bagging_fraction": 0.9,
        "bagging_freq": 5,
        "verbose": -1,
        "deterministic": true,
        "seed": 42
      }
    },
    {
      "fold": 3,
      "n_train": 456,
      "n_test": 114,
      "auc": 0.5246077300693547,
      "log_loss": 2.740935306984476,
      "brier": 0.34472966877984407,
      "directional_accuracy": 0.38596491228070173,
      "baseline_auc": 0.5628860449306092,
      "baseline_log_loss": 1.0364474153902439,
      "baseline_brier": 0.20897835935514486,
      "baseline_directional_accuracy": 0.4649122807017544,
      "best_params": {
        "objective": "multiclass",
        "num_class": 3,
        "metric": "multi_logloss",
        "num_leaves": 31,
        "learning_rate": 0.1,
        "min_child_samples": 5,
        "feature_fraction": 0.9,
        "bagging_fraction": 0.9,
        "bagging_freq": 5,
        "verbose": -1,
        "deterministic": true,
        "seed": 42
      }
    },
    {
      "fold": 4,
      "n_train": 570,
      "n_test": 114,
      "auc": 0.5093949219946615,
      "log_loss": 2.2341420602087285,
      "brier": 0.3371676924414769,
      "directional_accuracy": 0.32456140350877194,
      "baseline_auc": 0.5102686353614542,
      "baseline_log_loss": 1.0810871630322954,
      "baseline_brier": 0.2209402962233433,
      "baseline_directional_accuracy": 0.3684210526315789,
      "best_params": {
        "objective": "multiclass",
        "num_class": 3,
        "metric": "multi_logloss",
        "num_leaves": 31,
        "learning_rate": 0.1,
        "min_child_samples": 5,
        "feature_fraction": 0.9,
        "bagging_fraction": 0.9,
        "bagging_freq": 5,
        "verbose": -1,
        "deterministic": true,
        "seed": 42
      }
    }
  ],
  "note": "Per-coin model for floki-inu/1h.",
  "directional_call_share": 1.0,
  "directional_call_share_n": 137,
  "directional_call_share_source": "holdout",
  "model_kind": "lightgbm",
  "prior_probs": [],
  "has_regression_head": true,
  "regression_head_stats": {
    "n_train_rows": 408,
    "n_holdout_rows": 103,
    "abs_pred_p50_pct": 0.8315003592906963,
    "abs_pred_p95_pct": 1.1311867930477864,
    "abs_pred_max_pct": 1.343258176893044,
    "mae_pct": 0.504842066967568,
    "best_iteration": 28
  },
  "gates_alignment": {
    "n": 137,
    "source": "holdout",
    "min_directional_edge": 0.05,
    "min_expected_return_pct": 0.15,
    "aligned_share": 0.0948905109489051,
    "aligned_loud_share": 0.0948905109489051,
    "aligned_quiet_share": 0.0,
    "loud_classifier_quiet_regressor_share": 0.0,
    "quiet_classifier_loud_regressor_share": 0.9051094890510949,
    "dir_edge_p50": 0.01110163468372416,
    "dir_edge_p95": 0.06114508060033347,
    "abs_magnitude_pct_p50": 0.8315003592906963,
    "abs_magnitude_pct_p95": 1.1217062587467213
  }
}