{
  "coin_id": "dogwifcoin",
  "timeframe": "1m",
  "version": "20260422T200419Z",
  "feature_names": [
    "ret1",
    "ret5",
    "ret10",
    "momentum",
    "realizedVol",
    "rsi14",
    "macdLine",
    "macdSignal",
    "macdHist",
    "atr14",
    "atrPct",
    "ema9",
    "ema21",
    "emaSpreadPct",
    "distFromEma9Pct",
    "distFromEma21Pct",
    "bbUpper",
    "bbMiddle",
    "bbLower",
    "bbWidth",
    "bbPctB",
    "bbWidthPct",
    "news_etf_flow",
    "news_regulatory_risk",
    "news_exchange_outage",
    "news_macro_shock",
    "news_whale_move",
    "news_exploit_or_hack",
    "news_stablecoin_event",
    "news_narrative_rotation",
    "news_listing_or_delisting",
    "news_protocol_upgrade",
    "news_high_volume_breakout",
    "news_unusual_volatility",
    "coin_idx"
  ],
  "coin_vocab": [
    "dogwifcoin"
  ],
  "n_train_rows": 1953,
  "n_test_rows": 1625,
  "metrics": {
    "auc": 0.5187057107845763,
    "log_loss": 2.6535631791976817,
    "brier": 0.29220473075544123,
    "directional_accuracy": 0.49230769230769234
  },
  "baseline_metrics": {
    "auc": 0.5188791224889482,
    "log_loss": 1.0704384534900457,
    "brier": 0.20269472444983125,
    "directional_accuracy": 0.5292307692307693
  },
  "threshold_pct": 0.03,
  "horizon_candles": 1,
  "class_return_means_pct": [
    -0.41523179498113216,
    5.6945985816361815e-05,
    0.45403132930678286
  ],
  "fold_metrics": [
    {
      "fold": 0,
      "n_train": 325,
      "n_test": 325,
      "auc": 0.48475556856934937,
      "log_loss": 3.8427562361088095,
      "brier": 0.3221066237908396,
      "directional_accuracy": 0.47384615384615386,
      "baseline_auc": 0.5213398449728893,
      "baseline_log_loss": 0.8578859405174766,
      "baseline_brier": 0.18781647884006894,
      "baseline_directional_accuracy": 0.47692307692307695,
      "best_params": {
        "objective": "multiclass",
        "num_class": 3,
        "metric": "multi_logloss",
        "num_leaves": 15,
        "learning_rate": 0.15907272922172283,
        "min_child_samples": 22,
        "feature_fraction": 0.9,
        "bagging_fraction": 0.9,
        "bagging_freq": 5,
        "verbose": -1,
        "deterministic": true,
        "seed": 42
      }
    },
    {
      "fold": 1,
      "n_train": 650,
      "n_test": 325,
      "auc": 0.526003380398229,
      "log_loss": 3.4520732894511745,
      "brier": 0.46744237527954086,
      "directional_accuracy": 0.16615384615384615,
      "baseline_auc": 0.4987578571712108,
      "baseline_log_loss": 1.9658842121881446,
      "baseline_brier": 0.3453989702650782,
      "baseline_directional_accuracy": 0.11384615384615385,
      "best_params": {
        "objective": "multiclass",
        "num_class": 3,
        "metric": "multi_logloss",
        "num_leaves": 31,
        "learning_rate": 0.0418997501099451,
        "min_child_samples": 27,
        "feature_fraction": 0.9,
        "bagging_fraction": 0.9,
        "bagging_freq": 5,
        "verbose": -1,
        "deterministic": true,
        "seed": 42
      }
    },
    {
      "fold": 2,
      "n_train": 975,
      "n_test": 325,
      "auc": 0.5243707628524633,
      "log_loss": 2.88778440827744,
      "brier": 0.2630728749257399,
      "directional_accuracy": 0.5538461538461539,
      "baseline_auc": 0.5301590011827838,
      "baseline_log_loss": 0.8726324570455196,
      "baseline_brier": 0.1649390957227266,
      "baseline_directional_accuracy": 0.6676923076923077,
      "best_params": {
        "objective": "multiclass",
        "num_class": 3,
        "metric": "multi_logloss",
        "num_leaves": 15,
        "learning_rate": 0.09230320822645494,
        "min_child_samples": 6,
        "feature_fraction": 0.9,
        "bagging_fraction": 0.9,
        "bagging_freq": 5,
        "verbose": -1,
        "deterministic": true,
        "seed": 42
      }
    },
    {
      "fold": 3,
      "n_train": 1300,
      "n_test": 325,
      "auc": 0.5278431597456654,
      "log_loss": 1.6277742070273191,
      "brier": 0.18865244620793156,
      "directional_accuracy": 0.6707692307692308,
      "baseline_auc": 0.5305551105874331,
      "baseline_log_loss": 0.7806996490518276,
      "baseline_brier": 0.1463590119410496,
      "baseline_directional_accuracy": 0.7230769230769231,
      "best_params": {
        "objective": "multiclass",
        "num_class": 3,
        "metric": "multi_logloss",
        "num_leaves": 15,
        "learning_rate": 0.06285323894147987,
        "min_child_samples": 16,
        "feature_fraction": 0.9,
        "bagging_fraction": 0.9,
        "bagging_freq": 5,
        "verbose": -1,
        "deterministic": true,
        "seed": 42
      }
    },
    {
      "fold": 4,
      "n_train": 1625,
      "n_test": 325,
      "auc": 0.5305556823571745,
      "log_loss": 1.4574277551236663,
      "brier": 0.21974933357315427,
      "directional_accuracy": 0.5969230769230769,
      "baseline_auc": 0.5135837985304238,
      "baseline_log_loss": 0.8750900086472602,
      "baseline_brier": 0.1689600654802329,
      "baseline_directional_accuracy": 0.6646153846153846,
      "best_params": {
        "objective": "multiclass",
        "num_class": 3,
        "metric": "multi_logloss",
        "num_leaves": 15,
        "learning_rate": 0.052227481136855665,
        "min_child_samples": 28,
        "feature_fraction": 0.9,
        "bagging_fraction": 0.9,
        "bagging_freq": 5,
        "verbose": -1,
        "deterministic": true,
        "seed": 42
      }
    }
  ],
  "note": "Per-coin model for dogwifcoin/1m.",
  "directional_call_share": 0.0,
  "directional_call_share_n": 391,
  "directional_call_share_source": "holdout",
  "model_kind": "lightgbm",
  "prior_probs": [],
  "has_regression_head": true,
  "regression_head_stats": {
    "n_train_rows": 808,
    "n_holdout_rows": 202,
    "abs_pred_p50_pct": 0.10528317391999256,
    "abs_pred_p95_pct": 0.19308441564914056,
    "abs_pred_max_pct": 0.551852455187903,
    "mae_pct": 0.06691483283270144,
    "best_iteration": 68
  },
  "gates_alignment": {
    "n": 391,
    "source": "holdout",
    "min_directional_edge": 0.05,
    "min_expected_return_pct": 0.15,
    "aligned_share": 0.5294117647058824,
    "aligned_loud_share": 0.03324808184143223,
    "aligned_quiet_share": 0.4961636828644501,
    "loud_classifier_quiet_regressor_share": 0.44501278772378516,
    "quiet_classifier_loud_regressor_share": 0.02557544757033248,
    "dir_edge_p50": 0.04561277325242395,
    "dir_edge_p95": 0.12518677080143684,
    "abs_magnitude_pct_p50": 0.10528317391999256,
    "abs_magnitude_pct_p95": 0.16147621450587535
  },
  "specialist_kind": null,
  "regime_subset": [],
  "feature_schema_hash": "726b9f4d8d8b",
  "training_window": {
    "start": "2026-03-25T07:00:00+00:00",
    "end": "2026-04-22T19:37:00+00:00"
  }
}