{
  "coin_id": "jupiter-exchange-solana",
  "timeframe": "1m",
  "version": "20260422T080038Z",
  "feature_names": [
    "ret1",
    "ret5",
    "ret10",
    "momentum",
    "realizedVol",
    "rsi14",
    "macdLine",
    "macdSignal",
    "macdHist",
    "atr14",
    "atrPct",
    "ema9",
    "ema21",
    "emaSpreadPct",
    "distFromEma9Pct",
    "distFromEma21Pct",
    "bbUpper",
    "bbMiddle",
    "bbLower",
    "bbWidth",
    "bbPctB",
    "bbWidthPct",
    "news_etf_flow",
    "news_regulatory_risk",
    "news_exchange_outage",
    "news_macro_shock",
    "news_whale_move",
    "news_exploit_or_hack",
    "news_stablecoin_event",
    "news_narrative_rotation",
    "news_listing_or_delisting",
    "news_protocol_upgrade",
    "news_high_volume_breakout",
    "news_unusual_volatility",
    "coin_idx"
  ],
  "coin_vocab": [
    "jupiter-exchange-solana"
  ],
  "n_train_rows": 645,
  "n_test_rows": 535,
  "metrics": {
    "auc": 0.556262148423885,
    "log_loss": 1.7090415496568396,
    "brier": 0.21183245590932231,
    "directional_accuracy": 0.62803738317757
  },
  "baseline_metrics": {
    "auc": 0.4735515647445264,
    "log_loss": 0.8365630710319595,
    "brier": 0.15370842225516507,
    "directional_accuracy": 0.7177570093457943
  },
  "threshold_pct": 0.03,
  "horizon_candles": 1,
  "class_return_means_pct": [
    -0.09606739021512772,
    -0.00029373170395761836,
    0.1463345039865994
  ],
  "fold_metrics": [
    {
      "fold": 0,
      "n_train": 107,
      "n_test": 107,
      "auc": 0.5313839721029744,
      "log_loss": 2.238000714170637,
      "brier": 0.22363408635717294,
      "directional_accuracy": 0.616822429906542,
      "baseline_auc": 0.5337267624868506,
      "baseline_log_loss": 0.8502418331259226,
      "baseline_brier": 0.1605415270139199,
      "baseline_directional_accuracy": 0.6915887850467289,
      "best_params": {
        "objective": "multiclass",
        "num_class": 3,
        "metric": "multi_logloss",
        "num_leaves": 31,
        "learning_rate": 0.09340308327072934,
        "min_child_samples": 9,
        "feature_fraction": 0.9,
        "bagging_fraction": 0.9,
        "bagging_freq": 5,
        "verbose": -1,
        "deterministic": true,
        "seed": 42
      }
    },
    {
      "fold": 1,
      "n_train": 214,
      "n_test": 107,
      "auc": 0.43018298751057377,
      "log_loss": 1.5065441315614798,
      "brier": 0.2358140679560087,
      "directional_accuracy": 0.5514018691588785,
      "baseline_auc": 0.37616947684681673,
      "baseline_log_loss": 0.6785072565371058,
      "baseline_brier": 0.11926059283932104,
      "baseline_directional_accuracy": 0.8130841121495327,
      "best_params": {
        "objective": "multiclass",
        "num_class": 3,
        "metric": "multi_logloss",
        "num_leaves": 15,
        "learning_rate": 0.060113218328857784,
        "min_child_samples": 16,
        "feature_fraction": 0.9,
        "bagging_fraction": 0.9,
        "bagging_freq": 5,
        "verbose": -1,
        "deterministic": true,
        "seed": 42
      }
    },
    {
      "fold": 2,
      "n_train": 321,
      "n_test": 107,
      "auc": 0.5651295002606129,
      "log_loss": 1.3622836145523067,
      "brier": 0.1937966386754066,
      "directional_accuracy": 0.6448598130841121,
      "baseline_auc": 0.38080668144098334,
      "baseline_log_loss": 0.7239454716074268,
      "baseline_brier": 0.1271520514409122,
      "baseline_directional_accuracy": 0.7757009345794392,
      "best_params": {
        "objective": "multiclass",
        "num_class": 3,
        "metric": "multi_logloss",
        "num_leaves": 15,
        "learning_rate": 0.060113218328857784,
        "min_child_samples": 16,
        "feature_fraction": 0.9,
        "bagging_fraction": 0.9,
        "bagging_freq": 5,
        "verbose": -1,
        "deterministic": true,
        "seed": 42
      }
    },
    {
      "fold": 3,
      "n_train": 428,
      "n_test": 107,
      "auc": 0.5590747642823967,
      "log_loss": 2.413789390002832,
      "brier": 0.26082186017577375,
      "directional_accuracy": 0.5700934579439252,
      "baseline_auc": 0.5884839917414961,
      "baseline_log_loss": 0.9034798081178347,
      "baseline_brier": 0.17527851380873605,
      "baseline_directional_accuracy": 0.6448598130841121,
      "best_params": {
        "objective": "multiclass",
        "num_class": 3,
        "metric": "multi_logloss",
        "num_leaves": 31,
        "learning_rate": 0.09340308327072934,
        "min_child_samples": 9,
        "feature_fraction": 0.9,
        "bagging_fraction": 0.9,
        "bagging_freq": 5,
        "verbose": -1,
        "deterministic": true,
        "seed": 42
      }
    },
    {
      "fold": 4,
      "n_train": 535,
      "n_test": 107,
      "auc": 0.6955395179628675,
      "log_loss": 1.0245898979969426,
      "brier": 0.14509562638224957,
      "directional_accuracy": 0.7570093457943925,
      "baseline_auc": 0.48857091120648494,
      "baseline_log_loss": 1.0266409857715073,
      "baseline_brier": 0.18630942617293614,
      "baseline_directional_accuracy": 0.6635514018691588,
      "best_params": {
        "objective": "multiclass",
        "num_class": 3,
        "metric": "multi_logloss",
        "num_leaves": 15,
        "learning_rate": 0.09230320822645494,
        "min_child_samples": 6,
        "feature_fraction": 0.9,
        "bagging_fraction": 0.9,
        "bagging_freq": 5,
        "verbose": -1,
        "deterministic": true,
        "seed": 42
      }
    }
  ],
  "note": "Per-coin model for jupiter-exchange-solana/1m.",
  "directional_call_share": 0.007751937984496124,
  "directional_call_share_n": 129,
  "directional_call_share_source": "holdout",
  "model_kind": "lightgbm",
  "prior_probs": []
}