{
  "coin_id": "worldcoin-wld",
  "timeframe": "1d",
  "version": "20260425T103621Z",
  "feature_names": [
    "ret1",
    "ret5",
    "ret10",
    "momentum",
    "realizedVol",
    "rsi14",
    "macdLine",
    "macdSignal",
    "macdHist",
    "atr14",
    "atrPct",
    "ema9",
    "ema21",
    "emaSpreadPct",
    "distFromEma9Pct",
    "distFromEma21Pct",
    "bbUpper",
    "bbMiddle",
    "bbLower",
    "bbWidth",
    "bbPctB",
    "bbWidthPct",
    "funding_rate",
    "open_interest_z",
    "liquidations_1h_usd",
    "bid_ask_spread_bps",
    "btc_lead_ret_5m",
    "eth_lead_ret_5m",
    "btc_liquidations_1h_usd",
    "eth_liquidations_1h_usd",
    "sol_liquidations_1h_usd",
    "session_asia",
    "session_eu",
    "session_us",
    "hour_of_day_sin",
    "hour_of_day_cos",
    "coin_idx"
  ],
  "coin_vocab": [
    "worldcoin-wld"
  ],
  "n_train_rows": 972,
  "n_test_rows": 810,
  "metrics": {
    "auc": 0.5175412530743719,
    "log_loss": 3.5692158355249277,
    "brier": 0.3633798679300604,
    "directional_accuracy": 0.34938271604938265
  },
  "baseline_metrics": {
    "auc": 0.5348456991036804,
    "log_loss": 1.2291139479917208,
    "brier": 0.24059933968206387,
    "directional_accuracy": 0.38641975308641974
  },
  "threshold_pct": 1.4249999999999998,
  "horizon_candles": 1,
  "class_return_means_pct": [
    -5.324896129193775,
    0.008473532994270096,
    6.494918931164417
  ],
  "fold_metrics": [
    {
      "fold": 0,
      "n_train": 162,
      "n_test": 162,
      "auc": 0.5161200286756461,
      "log_loss": 2.2597398247425455,
      "brier": 0.33611695293303007,
      "directional_accuracy": 0.35185185185185186,
      "baseline_auc": 0.5295105367380117,
      "baseline_log_loss": 1.753677105125692,
      "baseline_brier": 0.3155889661728797,
      "baseline_directional_accuracy": 0.35185185185185186,
      "best_params": {
        "objective": "multiclass",
        "num_class": 3,
        "metric": "multi_logloss",
        "num_leaves": 63,
        "learning_rate": 0.05101350050536366,
        "min_child_samples": 28,
        "feature_fraction": 0.9,
        "bagging_fraction": 0.9,
        "bagging_freq": 5,
        "verbose": -1,
        "deterministic": true,
        "seed": 42
      },
      "feature_importance": [
        390.29847080633044,
        225.6020876467228,
        243.15344673767686,
        299.3331820461899,
        168.05114824697375,
        130.22434724867344,
        139.27266716957092,
        105.61090059578419,
        341.42330528236926,
        81.30712914839387,
        148.1844289712608,
        91.6357210688293,
        81.35323452204466,
        170.59777427837253,
        345.9114076681435,
        115.69700771383941,
        145.09471013396978,
        31.988684631884098,
        235.5343044437468,
        141.01796179264784,
        140.57164708524942,
        273.7897301800549,
        0.0,
        0.0,
        0.0,
        0.0,
        0.0,
        0.0,
        0.0,
        0.0,
        0.0,
        0.0,
        0.0,
        0.0,
        0.0,
        0.0,
        0.0
      ],
      "feature_names": [
        "ret1",
        "ret5",
        "ret10",
        "momentum",
        "realizedVol",
        "rsi14",
        "macdLine",
        "macdSignal",
        "macdHist",
        "atr14",
        "atrPct",
        "ema9",
        "ema21",
        "emaSpreadPct",
        "distFromEma9Pct",
        "distFromEma21Pct",
        "bbUpper",
        "bbMiddle",
        "bbLower",
        "bbWidth",
        "bbPctB",
        "bbWidthPct",
        "funding_rate",
        "open_interest_z",
        "liquidations_1h_usd",
        "bid_ask_spread_bps",
        "btc_lead_ret_5m",
        "eth_lead_ret_5m",
        "btc_liquidations_1h_usd",
        "eth_liquidations_1h_usd",
        "sol_liquidations_1h_usd",
        "session_asia",
        "session_eu",
        "session_us",
        "hour_of_day_sin",
        "hour_of_day_cos",
        "coin_idx"
      ]
    },
    {
      "fold": 1,
      "n_train": 324,
      "n_test": 162,
      "auc": 0.48695240479244983,
      "log_loss": 1.8108755957834959,
      "brier": 0.31520311533098716,
      "directional_accuracy": 0.3333333333333333,
      "baseline_auc": 0.5016078149350467,
      "baseline_log_loss": 1.058417195025326,
      "baseline_brier": 0.21344167631436375,
      "baseline_directional_accuracy": 0.4444444444444444,
      "best_params": {
        "objective": "multiclass",
        "num_class": 3,
        "metric": "multi_logloss",
        "num_leaves": 15,
        "learning_rate": 0.030333007049605884,
        "min_child_samples": 24,
        "feature_fraction": 0.9,
        "bagging_fraction": 0.9,
        "bagging_freq": 5,
        "verbose": -1,
        "deterministic": true,
        "seed": 42
      },
      "feature_importance": [
        1288.5241472944617,
        849.8683107115066,
        828.1859288392588,
        950.1212666023275,
        651.8985170307569,
        386.92345215566456,
        386.6321928286925,
        392.3964739199728,
        648.3679916188121,
        341.5744476765394,
        659.4513111561537,
        235.96201048977673,
        197.38019488193095,
        473.2304574828595,
        883.134362090379,
        425.98560183495283,
        346.93508755695075,
        192.891956159845,
        455.52549277059734,
        590.9213137701154,
        709.8925270894542,
        780.7142938165925,
        0.0,
        0.0,
        0.0,
        0.0,
        0.0,
        0.0,
        0.0,
        0.0,
        0.0,
        0.0,
        0.0,
        0.0,
        0.0,
        0.0,
        0.0
      ],
      "feature_names": [
        "ret1",
        "ret5",
        "ret10",
        "momentum",
        "realizedVol",
        "rsi14",
        "macdLine",
        "macdSignal",
        "macdHist",
        "atr14",
        "atrPct",
        "ema9",
        "ema21",
        "emaSpreadPct",
        "distFromEma9Pct",
        "distFromEma21Pct",
        "bbUpper",
        "bbMiddle",
        "bbLower",
        "bbWidth",
        "bbPctB",
        "bbWidthPct",
        "funding_rate",
        "open_interest_z",
        "liquidations_1h_usd",
        "bid_ask_spread_bps",
        "btc_lead_ret_5m",
        "eth_lead_ret_5m",
        "btc_liquidations_1h_usd",
        "eth_liquidations_1h_usd",
        "sol_liquidations_1h_usd",
        "session_asia",
        "session_eu",
        "session_us",
        "hour_of_day_sin",
        "hour_of_day_cos",
        "coin_idx"
      ]
    },
    {
      "fold": 2,
      "n_train": 486,
      "n_test": 162,
      "auc": 0.49848607325459177,
      "log_loss": 3.7884626619371224,
      "brier": 0.38111091242301987,
      "directional_accuracy": 0.3333333333333333,
      "baseline_auc": 0.5108865514343909,
      "baseline_log_loss": 1.1264455813411773,
      "baseline_brier": 0.2272370782046461,
      "baseline_directional_accuracy": 0.3765432098765432,
      "best_params": {
        "objective": "multiclass",
        "num_class": 3,
        "metric": "multi_logloss",
        "num_leaves": 31,
        "learning_rate": 0.13936072661210638,
        "min_child_samples": 7,
        "feature_fraction": 0.9,
        "bagging_fraction": 0.9,
        "bagging_freq": 5,
        "verbose": -1,
        "deterministic": true,
        "seed": 42
      },