{
  "coin_id": "celestia",
  "timeframe": "1m",
  "version": "20260422T173324Z",
  "feature_names": [
    "ret1",
    "ret5",
    "ret10",
    "momentum",
    "realizedVol",
    "rsi14",
    "macdLine",
    "macdSignal",
    "macdHist",
    "atr14",
    "atrPct",
    "ema9",
    "ema21",
    "emaSpreadPct",
    "distFromEma9Pct",
    "distFromEma21Pct",
    "bbUpper",
    "bbMiddle",
    "bbLower",
    "bbWidth",
    "bbPctB",
    "bbWidthPct",
    "news_etf_flow",
    "news_regulatory_risk",
    "news_exchange_outage",
    "news_macro_shock",
    "news_whale_move",
    "news_exploit_or_hack",
    "news_stablecoin_event",
    "news_narrative_rotation",
    "news_listing_or_delisting",
    "news_protocol_upgrade",
    "news_high_volume_breakout",
    "news_unusual_volatility",
    "coin_idx"
  ],
  "coin_vocab": [
    "celestia"
  ],
  "n_train_rows": 1824,
  "n_test_rows": 1520,
  "metrics": {
    "auc": 0.5494248662797707,
    "log_loss": 3.8398454827311577,
    "brier": 0.309702644174349,
    "directional_accuracy": 0.4651315789473685
  },
  "baseline_metrics": {
    "auc": 0.5180803608585844,
    "log_loss": 1.148128501760026,
    "brier": 0.20331552040726059,
    "directional_accuracy": 0.5526315789473684
  },
  "threshold_pct": 0.03,
  "horizon_candles": 1,
  "class_return_means_pct": [
    -0.4116336764884675,
    0.0007659496595179495,
    0.46200801466895886
  ],
  "fold_metrics": [
    {
      "fold": 0,
      "n_train": 304,
      "n_test": 304,
      "auc": 0.5038120550172879,
      "log_loss": 3.670729184669673,
      "brier": 0.36509515574149126,
      "directional_accuracy": 0.3815789473684211,
      "baseline_auc": 0.47594115109214236,
      "baseline_log_loss": 0.8761754316541238,
      "baseline_brier": 0.19039794906265953,
      "baseline_directional_accuracy": 0.4868421052631579,
      "best_params": {
        "objective": "multiclass",
        "num_class": 3,
        "metric": "multi_logloss",
        "num_leaves": 15,
        "learning_rate": 0.10816818814414983,
        "min_child_samples": 18,
        "feature_fraction": 0.9,
        "bagging_fraction": 0.9,
        "bagging_freq": 5,
        "verbose": -1,
        "deterministic": true,
        "seed": 42
      }
    },
    {
      "fold": 1,
      "n_train": 608,
      "n_test": 304,
      "auc": 0.5078023064664693,
      "log_loss": 8.711801074087935,
      "brier": 0.48547612549401836,
      "directional_accuracy": 0.19407894736842105,
      "baseline_auc": 0.5178731380146268,
      "baseline_log_loss": 2.3895413218021515,
      "baseline_brier": 0.3574820823164482,
      "baseline_directional_accuracy": 0.19078947368421054,
      "best_params": {
        "objective": "multiclass",
        "num_class": 3,
        "metric": "multi_logloss",
        "num_leaves": 63,
        "learning_rate": 0.1706298241144395,
        "min_child_samples": 17,
        "feature_fraction": 0.9,
        "bagging_fraction": 0.9,
        "bagging_freq": 5,
        "verbose": -1,
        "deterministic": true,
        "seed": 42
      }
    },
    {
      "fold": 2,
      "n_train": 912,
      "n_test": 304,
      "auc": 0.5553271029301275,
      "log_loss": 1.4093484290629972,
      "brier": 0.20585263385503824,
      "directional_accuracy": 0.6019736842105263,
      "baseline_auc": 0.5250974415756186,
      "baseline_log_loss": 0.7480652076870132,
      "baseline_brier": 0.13840100124535257,
      "baseline_directional_accuracy": 0.7532894736842105,
      "best_params": {
        "objective": "multiclass",
        "num_class": 3,
        "metric": "multi_logloss",
        "num_leaves": 63,
        "learning_rate": 0.03034327032399741,
        "min_child_samples": 25,
        "feature_fraction": 0.9,
        "bagging_fraction": 0.9,
        "bagging_freq": 5,
        "verbose": -1,
        "deterministic": true,
        "seed": 42
      }
    },
    {
      "fold": 3,
      "n_train": 1216,
      "n_test": 304,
      "auc": 0.5984093262576883,
      "log_loss": 3.0275696220578836,
      "brier": 0.2658651322761529,
      "directional_accuracy": 0.5394736842105263,
      "baseline_auc": 0.5967157636150957,
      "baseline_log_loss": 0.8319711890058068,
      "baseline_brier": 0.1577892038937543,
      "baseline_directional_accuracy": 0.6743421052631579,
      "best_params": {
        "objective": "multiclass",
        "num_class": 3,
        "metric": "multi_logloss",
        "num_leaves": 31,
        "learning_rate": 0.16142378426562665,
        "min_child_samples": 29,
        "feature_fraction": 0.9,
        "bagging_fraction": 0.9,
        "bagging_freq": 5,
        "verbose": -1,
        "deterministic": true,
        "seed": 42
      }
    },
    {
      "fold": 4,
      "n_train": 1520,
      "n_test": 304,
      "auc": 0.5817735407272808,
      "log_loss": 2.3797791037772993,
      "brier": 0.2262241735050444,
      "directional_accuracy": 0.6085526315789473,
      "baseline_auc": 0.4747743099954385,
      "baseline_log_loss": 0.8948893586510354,
      "baseline_brier": 0.1725073655180883,
      "baseline_directional_accuracy": 0.6578947368421053,
      "best_params": {
        "objective": "multiclass",
        "num_class": 3,
        "metric": "multi_logloss",
        "num_leaves": 63,
        "learning_rate": 0.03616027916170454,
        "min_child_samples": 19,
        "feature_fraction": 0.9,
        "bagging_fraction": 0.9,
        "bagging_freq": 5,
        "verbose": -1,
        "deterministic": true,
        "seed": 42
      }
    }
  ],
  "note": "Per-coin model for celestia/1m.",
  "directional_call_share": 0.0273972602739726,
  "directional_call_share_n": 365,
  "directional_call_share_source": "holdout",
  "model_kind": "lightgbm",
  "prior_probs": [],
  "has_regression_head": true,
  "regression_head_stats": {
    "n_train_rows": 787,
    "n_holdout_rows": 197,
    "abs_pred_p50_pct": 0.13664518720597385,
    "abs_pred_p95_pct": 0.3855533983720961,
    "abs_pred_max_pct": 0.5828884548371384,
    "mae_pct": 0.11701295311178832,
    "best_iteration": 48
  },
  "gates_alignment": {
    "n": 365,
    "source": "holdout",
    "min_directional_edge": 0.05,
    "min_expected_return_pct": 0.15,
    "aligned_share": 0.5315068493150685,
    "aligned_loud_share": 0.13150684931506848,
    "aligned_quiet_share": 0.4,
    "loud_classifier_quiet_regressor_share": 0.3424657534246575,
    "quiet_classifier_loud_regressor_share": 0.12602739726027398,
    "dir_edge_p50": 0.04560432854643831,
    "dir_edge_p95": 0.18543954033977011,
    "abs_magnitude_pct_p50": 0.13664518720597385,
    "abs_magnitude_pct_p95": 0.15654242242150784
  }
}