{
  "coin_id": "bonk",
  "timeframe": "5m",
  "version": "20260422T154135Z",
  "feature_names": [
    "ret1",
    "ret5",
    "ret10",
    "momentum",
    "realizedVol",
    "rsi14",
    "macdLine",
    "macdSignal",
    "macdHist",
    "atr14",
    "atrPct",
    "ema9",
    "ema21",
    "emaSpreadPct",
    "distFromEma9Pct",
    "distFromEma21Pct",
    "bbUpper",
    "bbMiddle",
    "bbLower",
    "bbWidth",
    "bbPctB",
    "bbWidthPct",
    "news_etf_flow",
    "news_regulatory_risk",
    "news_exchange_outage",
    "news_macro_shock",
    "news_whale_move",
    "news_exploit_or_hack",
    "news_stablecoin_event",
    "news_narrative_rotation",
    "news_listing_or_delisting",
    "news_protocol_upgrade",
    "news_high_volume_breakout",
    "news_unusual_volatility",
    "coin_idx"
  ],
  "coin_vocab": [
    "bonk"
  ],
  "n_train_rows": 928,
  "n_test_rows": 770,
  "metrics": {
    "auc": 0.45650657011883344,
    "log_loss": 2.994768431700725,
    "brier": 0.3390023740765455,
    "directional_accuracy": 0.4207792207792208
  },
  "baseline_metrics": {
    "auc": 0.5180634190910659,
    "log_loss": 1.0045693194146466,
    "brier": 0.20466243306609502,
    "directional_accuracy": 0.4597402597402597
  },
  "threshold_pct": 0.04,
  "horizon_candles": 1,
  "class_return_means_pct": [
    -0.43048841740786403,
    -0.0005859178194183906,
    0.5099466090839351
  ],
  "fold_metrics": [
    {
      "fold": 0,
      "n_train": 154,
      "n_test": 154,
      "auc": 0.5241186024868488,
      "log_loss": 3.1557875440207814,
      "brier": 0.35462331617619175,
      "directional_accuracy": 0.3961038961038961,
      "baseline_auc": 0.5391835951855672,
      "baseline_log_loss": 0.9582591336263341,
      "baseline_brier": 0.19294441264582182,
      "baseline_directional_accuracy": 0.5,
      "best_params": {
        "objective": "multiclass",
        "num_class": 3,
        "metric": "multi_logloss",
        "num_leaves": 31,
        "learning_rate": 0.1,
        "min_child_samples": 5,
        "feature_fraction": 0.9,
        "bagging_fraction": 0.9,
        "bagging_freq": 5,
        "verbose": -1,
        "deterministic": true,
        "seed": 42
      }
    },
    {
      "fold": 1,
      "n_train": 308,
      "n_test": 154,
      "auc": 0.4968687058342301,
      "log_loss": 2.5649174526393863,
      "brier": 0.27689996301388226,
      "directional_accuracy": 0.512987012987013,
      "baseline_auc": 0.5970697415997916,
      "baseline_log_loss": 0.9445621924041417,
      "baseline_brier": 0.19144905776768936,
      "baseline_directional_accuracy": 0.5,
      "best_params": {
        "objective": "multiclass",
        "num_class": 3,
        "metric": "multi_logloss",
        "num_leaves": 31,
        "learning_rate": 0.1,
        "min_child_samples": 5,
        "feature_fraction": 0.9,
        "bagging_fraction": 0.9,
        "bagging_freq": 5,
        "verbose": -1,
        "deterministic": true,
        "seed": 42
      }
    },
    {
      "fold": 2,
      "n_train": 462,
      "n_test": 154,
      "auc": 0.44901690843603553,
      "log_loss": 1.8518759237176856,
      "brier": 0.26987374175183726,
      "directional_accuracy": 0.4935064935064935,
      "baseline_auc": 0.5535925688204251,
      "baseline_log_loss": 0.8318912101374543,
      "baseline_brier": 0.1794236396082777,
      "baseline_directional_accuracy": 0.525974025974026,
      "best_params": {
        "objective": "multiclass",
        "num_class": 3,
        "metric": "multi_logloss",
        "num_leaves": 31,
        "learning_rate": 0.1,
        "min_child_samples": 5,
        "feature_fraction": 0.9,
        "bagging_fraction": 0.9,
        "bagging_freq": 5,
        "verbose": -1,
        "deterministic": true,
        "seed": 42
      }
    },
    {
      "fold": 3,
      "n_train": 616,
      "n_test": 154,
      "auc": 0.39506982376163763,
      "log_loss": 3.790632756554051,
      "brier": 0.3780095277180335,
      "directional_accuracy": 0.3961038961038961,
      "baseline_auc": 0.4474565613422455,
      "baseline_log_loss": 1.135659748356596,
      "baseline_brier": 0.22782169582582446,
      "baseline_directional_accuracy": 0.3961038961038961,
      "best_params": {
        "objective": "multiclass",
        "num_class": 3,
        "metric": "multi_logloss",
        "num_leaves": 31,
        "learning_rate": 0.1,
        "min_child_samples": 5,
        "feature_fraction": 0.9,
        "bagging_fraction": 0.9,
        "bagging_freq": 5,
        "verbose": -1,
        "deterministic": true,
        "seed": 42
      }
    },
    {
      "fold": 4,
      "n_train": 770,
      "n_test": 154,
      "auc": 0.41745881007541513,
      "log_loss": 3.610628481571724,
      "brier": 0.4156053217227826,
      "directional_accuracy": 0.3051948051948052,
      "baseline_auc": 0.4530146285073,
      "baseline_log_loss": 1.152474312548707,
      "baseline_brier": 0.23167335948286172,
      "baseline_directional_accuracy": 0.37662337662337664,
      "best_params": {
        "objective": "multiclass",
        "num_class": 3,
        "metric": "multi_logloss",
        "num_leaves": 31,
        "learning_rate": 0.1,
        "min_child_samples": 5,
        "feature_fraction": 0.9,
        "bagging_fraction": 0.9,
        "bagging_freq": 5,
        "verbose": -1,
        "deterministic": true,
        "seed": 42
      }
    }
  ],
  "note": "Per-coin model for bonk/5m.",
  "directional_call_share": 1.0,
  "directional_call_share_n": 186,
  "directional_call_share_source": "holdout",
  "model_kind": "lightgbm",
  "prior_probs": [],
  "has_regression_head": true,
  "regression_head_stats": {
    "n_train_rows": 650,
    "n_holdout_rows": 163,
    "abs_pred_p50_pct": 0.3823578366714399,
    "abs_pred_p95_pct": 0.6196024393289672,
    "abs_pred_max_pct": 1.5148272244759773,
    "mae_pct": 0.27375004966444144,
    "best_iteration": 31
  },
  "gates_alignment": {
    "n": 186,
    "source": "holdout",
    "min_directional_edge": 0.05,
    "min_expected_return_pct": 0.15,
    "aligned_share": 0.1935483870967742,
    "aligned_loud_share": 0.1935483870967742,
    "aligned_quiet_share": 0.0,
    "loud_classifier_quiet_regressor_share": 0.0,
    "quiet_classifier_loud_regressor_share": 0.8064516129032258,
    "dir_edge_p50": 0.0156885941586985,
    "dir_edge_p95": 0.5879037953344268,
    "abs_magnitude_pct_p50": 0.39344832322850076,
    "abs_magnitude_pct_p95": 0.6779843590019677
  }
}