{
  "coin_id": "jupiter-exchange-solana",
  "timeframe": "1h",
  "version": "20260422T114212Z",
  "feature_names": [
    "ret1",
    "ret5",
    "ret10",
    "momentum",
    "realizedVol",
    "rsi14",
    "macdLine",
    "macdSignal",
    "macdHist",
    "atr14",
    "atrPct",
    "ema9",
    "ema21",
    "emaSpreadPct",
    "distFromEma9Pct",
    "distFromEma21Pct",
    "bbUpper",
    "bbMiddle",
    "bbLower",
    "bbWidth",
    "bbPctB",
    "bbWidthPct",
    "news_etf_flow",
    "news_regulatory_risk",
    "news_exchange_outage",
    "news_macro_shock",
    "news_whale_move",
    "news_exploit_or_hack",
    "news_stablecoin_event",
    "news_narrative_rotation",
    "news_listing_or_delisting",
    "news_protocol_upgrade",
    "news_high_volume_breakout",
    "news_unusual_volatility",
    "coin_idx"
  ],
  "coin_vocab": [
    "jupiter-exchange-solana"
  ],
  "n_train_rows": 685,
  "n_test_rows": 570,
  "metrics": {
    "auc": 0.5084767507426076,
    "log_loss": 3.5254776393507328,
    "brier": 0.37081711915260956,
    "directional_accuracy": 0.3526315789473684
  },
  "baseline_metrics": {
    "auc": 0.5059133735337877,
    "log_loss": 1.1170767927972112,
    "brier": 0.2256321029727594,
    "directional_accuracy": 0.3473684210526316
  },
  "threshold_pct": 0.2,
  "horizon_candles": 1,
  "class_return_means_pct": [
    -0.6870837480152264,
    -0.002269864638411487,
    0.7264788858043926
  ],
  "fold_metrics": [
    {
      "fold": 0,
      "n_train": 114,
      "n_test": 114,
      "auc": 0.4519784742006964,
      "log_loss": 3.9705054609643153,
      "brier": 0.4106215209349651,
      "directional_accuracy": 0.2982456140350877,
      "baseline_auc": 0.4617640075973409,
      "baseline_log_loss": 1.2078286390429132,
      "baseline_brier": 0.24386300040190903,
      "baseline_directional_accuracy": 0.2543859649122807,
      "best_params": {
        "objective": "multiclass",
        "num_class": 3,
        "metric": "multi_logloss",
        "num_leaves": 31,
        "learning_rate": 0.1,
        "min_child_samples": 5,
        "feature_fraction": 0.9,
        "bagging_fraction": 0.9,
        "bagging_freq": 5,
        "verbose": -1,
        "deterministic": true,
        "seed": 42
      }
    },
    {
      "fold": 1,
      "n_train": 228,
      "n_test": 114,
      "auc": 0.48823644058358395,
      "log_loss": 4.71223086165266,
      "brier": 0.4220851951162206,
      "directional_accuracy": 0.2982456140350877,
      "baseline_auc": 0.5127502366633254,
      "baseline_log_loss": 1.1459945305132013,
      "baseline_brier": 0.23136263985559555,
      "baseline_directional_accuracy": 0.30701754385964913,
      "best_params": {
        "objective": "multiclass",
        "num_class": 3,
        "metric": "multi_logloss",
        "num_leaves": 31,
        "learning_rate": 0.1,
        "min_child_samples": 5,
        "feature_fraction": 0.9,
        "bagging_fraction": 0.9,
        "bagging_freq": 5,
        "verbose": -1,
        "deterministic": true,
        "seed": 42
      }
    },
    {
      "fold": 2,
      "n_train": 342,
      "n_test": 114,
      "auc": 0.6063145938145938,
      "log_loss": 2.4075400682608463,
      "brier": 0.3068255627692921,
      "directional_accuracy": 0.42105263157894735,
      "baseline_auc": 0.5023258648258649,
      "baseline_log_loss": 1.1030492471269995,
      "baseline_brier": 0.22253374069563162,
      "baseline_directional_accuracy": 0.34210526315789475,
      "best_params": {
        "objective": "multiclass",
        "num_class": 3,
        "metric": "multi_logloss",
        "num_leaves": 31,
        "learning_rate": 0.1,
        "min_child_samples": 5,
        "feature_fraction": 0.9,
        "bagging_fraction": 0.9,
        "bagging_freq": 5,
        "verbose": -1,
        "deterministic": true,
        "seed": 42
      }
    },
    {
      "fold": 3,
      "n_train": 456,
      "n_test": 114,
      "auc": 0.48063360198395716,
      "log_loss": 4.326165203815718,
      "brier": 0.3830907120932503,
      "directional_accuracy": 0.35964912280701755,
      "baseline_auc": 0.5686435255200547,
      "baseline_log_loss": 1.0482624045531044,
      "baseline_brier": 0.2115037494149217,
      "baseline_directional_accuracy": 0.4473684210526316,
      "best_params": {
        "objective": "multiclass",
        "num_class": 3,
        "metric": "multi_logloss",
        "num_leaves": 31,
        "learning_rate": 0.1,
        "min_child_samples": 5,
        "feature_fraction": 0.9,
        "bagging_fraction": 0.9,
        "bagging_freq": 5,
        "verbose": -1,
        "deterministic": true,
        "seed": 42
      }
    },
    {
      "fold": 4,
      "n_train": 570,
      "n_test": 114,
      "auc": 0.5152206431302065,
      "log_loss": 2.210946602060124,
      "brier": 0.3314626048493196,
      "directional_accuracy": 0.38596491228070173,
      "baseline_auc": 0.48408323306235285,
      "baseline_log_loss": 1.0802491427498375,
      "baseline_brier": 0.21889738449573914,
      "baseline_directional_accuracy": 0.38596491228070173,
      "best_params": {
        "objective": "multiclass",
        "num_class": 3,
        "metric": "multi_logloss",
        "num_leaves": 31,
        "learning_rate": 0.1,
        "min_child_samples": 5,
        "feature_fraction": 0.9,
        "bagging_fraction": 0.9,
        "bagging_freq": 5,
        "verbose": -1,
        "deterministic": true,
        "seed": 42
      }
    }
  ],
  "note": "Per-coin model for jupiter-exchange-solana/1h.",
  "directional_call_share": 0.9927007299270073,
  "directional_call_share_n": 137,
  "directional_call_share_source": "holdout",
  "model_kind": "lightgbm",
  "prior_probs": [],
  "has_regression_head": true,
  "regression_head_stats": {
    "n_train_rows": 412,
    "n_holdout_rows": 103,
    "abs_pred_p50_pct": 0.7100497274346721,
    "abs_pred_p95_pct": 0.7693967097964206,
    "abs_pred_max_pct": 0.7727010889783573,
    "mae_pct": 0.3651082250034568,
    "best_iteration": 1
  },
  "gates_alignment": {
    "n": 137,
    "source": "holdout",
    "min_directional_edge": 0.05,
    "min_expected_return_pct": 0.15,
    "aligned_share": 0.5620437956204379,
    "aligned_loud_share": 0.5620437956204379,
    "aligned_quiet_share": 0.0,
    "loud_classifier_quiet_regressor_share": 0.0,
    "quiet_classifier_loud_regressor_share": 0.43795620437956206,
    "dir_edge_p50": 0.09412550066755676,
    "dir_edge_p95": 0.24905374716124146,
    "abs_magnitude_pct_p50": 0.7027465895262153,
    "abs_magnitude_pct_p95": 0.7727010889783573
  }
}