{
  "coin_id": "pepe",
  "timeframe": "5m",
  "version": "20260422T094709Z",
  "feature_names": [
    "ret1",
    "ret5",
    "ret10",
    "momentum",
    "realizedVol",
    "rsi14",
    "macdLine",
    "macdSignal",
    "macdHist",
    "atr14",
    "atrPct",
    "ema9",
    "ema21",
    "emaSpreadPct",
    "distFromEma9Pct",
    "distFromEma21Pct",
    "bbUpper",
    "bbMiddle",
    "bbLower",
    "bbWidth",
    "bbPctB",
    "bbWidthPct",
    "news_etf_flow",
    "news_regulatory_risk",
    "news_exchange_outage",
    "news_macro_shock",
    "news_whale_move",
    "news_exploit_or_hack",
    "news_stablecoin_event",
    "news_narrative_rotation",
    "news_listing_or_delisting",
    "news_protocol_upgrade",
    "news_high_volume_breakout",
    "news_unusual_volatility",
    "coin_idx"
  ],
  "coin_vocab": [
    "pepe"
  ],
  "n_train_rows": 878,
  "n_test_rows": 730,
  "metrics": {
    "auc": 0.5017113289020035,
    "log_loss": 3.2826932965455335,
    "brier": 0.3667016815805043,
    "directional_accuracy": 0.3589041095890411
  },
  "baseline_metrics": {
    "auc": 0.5499072096150833,
    "log_loss": 1.0701644196599596,
    "brier": 0.2153463509835359,
    "directional_accuracy": 0.4246575342465754
  },
  "threshold_pct": 0.1,
  "horizon_candles": 1,
  "class_return_means_pct": [
    -0.559149241586792,
    0.0021747832864992844,
    0.6377672539354173
  ],
  "fold_metrics": [
    {
      "fold": 0,
      "n_train": 146,
      "n_test": 146,
      "auc": 0.4751946442908099,
      "log_loss": 3.579224615290593,
      "brier": 0.3657178468543593,
      "directional_accuracy": 0.3561643835616438,
      "baseline_auc": 0.5142172866882959,
      "baseline_log_loss": 1.0785342263339857,
      "baseline_brier": 0.21772619708940255,
      "baseline_directional_accuracy": 0.4041095890410959,
      "best_params": {
        "objective": "multiclass",
        "num_class": 3,
        "metric": "multi_logloss",
        "num_leaves": 31,
        "learning_rate": 0.1,
        "min_child_samples": 5,
        "feature_fraction": 0.9,
        "bagging_fraction": 0.9,
        "bagging_freq": 5,
        "verbose": -1,
        "deterministic": true,
        "seed": 42
      }
    },
    {
      "fold": 1,
      "n_train": 292,
      "n_test": 146,
      "auc": 0.5430669398907103,
      "log_loss": 2.640910192569777,
      "brier": 0.32817414263626804,
      "directional_accuracy": 0.4246575342465753,
      "baseline_auc": 0.5692386886034427,
      "baseline_log_loss": 1.0654080641035415,
      "baseline_brier": 0.20878365202499713,
      "baseline_directional_accuracy": 0.5136986301369864,
      "best_params": {
        "objective": "multiclass",
        "num_class": 3,
        "metric": "multi_logloss",
        "num_leaves": 31,
        "learning_rate": 0.1,
        "min_child_samples": 5,
        "feature_fraction": 0.9,
        "bagging_fraction": 0.9,
        "bagging_freq": 5,
        "verbose": -1,
        "deterministic": true,
        "seed": 42
      }
    },
    {
      "fold": 2,
      "n_train": 438,
      "n_test": 146,
      "auc": 0.5170111564646585,
      "log_loss": 2.8921564364925394,
      "brier": 0.33891058199352936,
      "directional_accuracy": 0.3904109589041096,
      "baseline_auc": 0.5408252229348284,
      "baseline_log_loss": 1.0506409950036268,
      "baseline_brier": 0.21267591244505168,
      "baseline_directional_accuracy": 0.4315068493150685,
      "best_params": {
        "objective": "multiclass",
        "num_class": 3,
        "metric": "multi_logloss",
        "num_leaves": 31,
        "learning_rate": 0.1,
        "min_child_samples": 5,
        "feature_fraction": 0.9,
        "bagging_fraction": 0.9,
        "bagging_freq": 5,
        "verbose": -1,
        "deterministic": true,
        "seed": 42
      }
    },
    {
      "fold": 3,
      "n_train": 584,
      "n_test": 146,
      "auc": 0.4787449974052452,
      "log_loss": 3.422920714985766,
      "brier": 0.36355440845485076,
      "directional_accuracy": 0.3835616438356164,
      "baseline_auc": 0.6090331663977716,
      "baseline_log_loss": 1.0317251405645365,
      "baseline_brier": 0.20968969439151852,
      "baseline_directional_accuracy": 0.4315068493150685,
      "best_params": {
        "objective": "multiclass",
        "num_class": 3,
        "metric": "multi_logloss",
        "num_leaves": 31,
        "learning_rate": 0.1,
        "min_child_samples": 5,
        "feature_fraction": 0.9,
        "bagging_fraction": 0.9,
        "bagging_freq": 5,
        "verbose": -1,
        "deterministic": true,
        "seed": 42
      }
    },
    {
      "fold": 4,
      "n_train": 730,
      "n_test": 146,
      "auc": 0.4945389064585937,
      "log_loss": 3.87825452338899,
      "brier": 0.4371514279635142,
      "directional_accuracy": 0.23972602739726026,
      "baseline_auc": 0.5162216834510777,
      "baseline_log_loss": 1.124513672294107,
      "baseline_brier": 0.22785629896670978,
      "baseline_directional_accuracy": 0.3424657534246575,
      "best_params": {
        "objective": "multiclass",
        "num_class": 3,
        "metric": "multi_logloss",
        "num_leaves": 31,
        "learning_rate": 0.1,
        "min_child_samples": 5,
        "feature_fraction": 0.9,
        "bagging_fraction": 0.9,
        "bagging_freq": 5,
        "verbose": -1,
        "deterministic": true,
        "seed": 42
      }
    }
  ],
  "note": "Per-coin model for pepe/5m.",
  "directional_call_share": 0.028409090909090908,
  "directional_call_share_n": 176,
  "directional_call_share_source": "holdout",
  "model_kind": "lightgbm",
  "prior_probs": [],
  "has_regression_head": true,
  "regression_head_stats": {
    "n_train_rows": 524,
    "n_holdout_rows": 132,
    "abs_pred_p50_pct": 0.636293452895071,
    "abs_pred_p95_pct": 0.7105967979256628,
    "abs_pred_max_pct": 0.7227837773429528,
    "mae_pct": 0.3909788438506234,
    "best_iteration": 1
  },
  "gates_alignment": {
    "n": 176,
    "source": "holdout",
    "min_directional_edge": 0.05,
    "min_expected_return_pct": 0.15,
    "aligned_share": 0.14204545454545456,
    "aligned_loud_share": 0.14204545454545456,
    "aligned_quiet_share": 0.0,
    "loud_classifier_quiet_regressor_share": 0.0,
    "quiet_classifier_loud_regressor_share": 0.8579545454545454,
    "dir_edge_p50": 0.027873380072232862,
    "dir_edge_p95": 0.16967429577464788,
    "abs_magnitude_pct_p50": 0.636293452895071,
    "abs_magnitude_pct_p95": 0.7105967979256628
  }
}