{
  "coin_id": "sei-network",
  "timeframe": "1h",
  "version": "20260422T154724Z",
  "feature_names": [
    "ret1",
    "ret5",
    "ret10",
    "momentum",
    "realizedVol",
    "rsi14",
    "macdLine",
    "macdSignal",
    "macdHist",
    "atr14",
    "atrPct",
    "ema9",
    "ema21",
    "emaSpreadPct",
    "distFromEma9Pct",
    "distFromEma21Pct",
    "bbUpper",
    "bbMiddle",
    "bbLower",
    "bbWidth",
    "bbPctB",
    "bbWidthPct",
    "news_etf_flow",
    "news_regulatory_risk",
    "news_exchange_outage",
    "news_macro_shock",
    "news_whale_move",
    "news_exploit_or_hack",
    "news_stablecoin_event",
    "news_narrative_rotation",
    "news_listing_or_delisting",
    "news_protocol_upgrade",
    "news_high_volume_breakout",
    "news_unusual_volatility",
    "coin_idx"
  ],
  "coin_vocab": [
    "sei-network"
  ],
  "n_train_rows": 684,
  "n_test_rows": 570,
  "metrics": {
    "auc": 0.4789344957992488,
    "log_loss": 2.9688073202334913,
    "brier": 0.38279673689872445,
    "directional_accuracy": 0.2894736842105263
  },
  "baseline_metrics": {
    "auc": 0.5225793689320959,
    "log_loss": 1.1297528930924907,
    "brier": 0.22939670383109054,
    "directional_accuracy": 0.33508771929824566
  },
  "threshold_pct": 0.2,
  "horizon_candles": 1,
  "class_return_means_pct": [
    -0.6350713124976191,
    -0.013228904961807756,
    0.7281354889581896
  ],
  "fold_metrics": [
    {
      "fold": 0,
      "n_train": 114,
      "n_test": 114,
      "auc": 0.42248256983763044,
      "log_loss": 3.447093766465572,
      "brier": 0.43839581019794127,
      "directional_accuracy": 0.23684210526315788,
      "baseline_auc": 0.5358878074649448,
      "baseline_log_loss": 1.237666368321466,
      "baseline_brier": 0.25479189909414895,
      "baseline_directional_accuracy": 0.2543859649122807,
      "best_params": {
        "objective": "multiclass",
        "num_class": 3,
        "metric": "multi_logloss",
        "num_leaves": 31,
        "learning_rate": 0.1,
        "min_child_samples": 5,
        "feature_fraction": 0.9,
        "bagging_fraction": 0.9,
        "bagging_freq": 5,
        "verbose": -1,
        "deterministic": true,
        "seed": 42
      }
    },
    {
      "fold": 1,
      "n_train": 228,
      "n_test": 114,
      "auc": 0.49545584045584046,
      "log_loss": 2.9700084542710785,
      "brier": 0.3611031565043568,
      "directional_accuracy": 0.3333333333333333,
      "baseline_auc": 0.5361965811965811,
      "baseline_log_loss": 1.1193885105648764,
      "baseline_brier": 0.22615920875737242,
      "baseline_directional_accuracy": 0.35964912280701755,
      "best_params": {
        "objective": "multiclass",
        "num_class": 3,
        "metric": "multi_logloss",
        "num_leaves": 31,
        "learning_rate": 0.1,
        "min_child_samples": 5,
        "feature_fraction": 0.9,
        "bagging_fraction": 0.9,
        "bagging_freq": 5,
        "verbose": -1,
        "deterministic": true,
        "seed": 42
      }
    },
    {
      "fold": 2,
      "n_train": 342,
      "n_test": 114,
      "auc": 0.5130206096259062,
      "log_loss": 2.6995322812654465,
      "brier": 0.36954295881778393,
      "directional_accuracy": 0.2719298245614035,
      "baseline_auc": 0.4826219326936613,
      "baseline_log_loss": 1.0999908018398845,
      "baseline_brier": 0.22268245440477774,
      "baseline_directional_accuracy": 0.34210526315789475,
      "best_params": {
        "objective": "multiclass",
        "num_class": 3,
        "metric": "multi_logloss",
        "num_leaves": 31,
        "learning_rate": 0.1,
        "min_child_samples": 5,
        "feature_fraction": 0.9,
        "bagging_fraction": 0.9,
        "bagging_freq": 5,
        "verbose": -1,
        "deterministic": true,
        "seed": 42
      }
    },
    {
      "fold": 3,
      "n_train": 456,
      "n_test": 114,
      "auc": 0.49457915502219296,
      "log_loss": 3.1904593682263154,
      "brier": 0.3738299065529491,
      "directional_accuracy": 0.30701754385964913,
      "baseline_auc": 0.4965532357937421,
      "baseline_log_loss": 1.1121499920986195,
      "baseline_brier": 0.2252055611979321,
      "baseline_directional_accuracy": 0.32456140350877194,
      "best_params": {
        "objective": "multiclass",
        "num_class": 3,
        "metric": "multi_logloss",
        "num_leaves": 31,
        "learning_rate": 0.1,
        "min_child_samples": 5,
        "feature_fraction": 0.9,
        "bagging_fraction": 0.9,
        "bagging_freq": 5,
        "verbose": -1,
        "deterministic": true,
        "seed": 42
      }
    },
    {
      "fold": 4,
      "n_train": 570,
      "n_test": 114,
      "auc": 0.4691343040546738,
      "log_loss": 2.536942730939044,
      "brier": 0.37111185242059114,
      "directional_accuracy": 0.2982456140350877,
      "baseline_auc": 0.5616372875115497,
      "baseline_log_loss": 1.0795687926376072,
      "baseline_brier": 0.21814439570122154,
      "baseline_directional_accuracy": 0.39473684210526316,
      "best_params": {
        "objective": "multiclass",
        "num_class": 3,
        "metric": "multi_logloss",
        "num_leaves": 31,
        "learning_rate": 0.1,
        "min_child_samples": 5,
        "feature_fraction": 0.9,
        "bagging_fraction": 0.9,
        "bagging_freq": 5,
        "verbose": -1,
        "deterministic": true,
        "seed": 42
      }
    }
  ],
  "note": "Per-coin model for sei-network/1h.",
  "directional_call_share": 1.0,
  "directional_call_share_n": 137,
  "directional_call_share_source": "holdout",
  "model_kind": "lightgbm",
  "prior_probs": [],
  "has_regression_head": true,
  "regression_head_stats": {
    "n_train_rows": 377,
    "n_holdout_rows": 95,
    "abs_pred_p50_pct": 0.6771062166502647,
    "abs_pred_p95_pct": 0.9739039586604701,
    "abs_pred_max_pct": 1.1959221030251606,
    "mae_pct": 0.383423862732144,
    "best_iteration": 45
  },
  "gates_alignment": {
    "n": 137,
    "source": "holdout",
    "min_directional_edge": 0.05,
    "min_expected_return_pct": 0.15,
    "aligned_share": 0.3357664233576642,
    "aligned_loud_share": 0.3357664233576642,
    "aligned_quiet_share": 0.0,
    "loud_classifier_quiet_regressor_share": 0.0,
    "quiet_classifier_loud_regressor_share": 0.6642335766423357,
    "dir_edge_p50": 0.027214797253068412,
    "dir_edge_p95": 0.10978831958488013,
    "abs_magnitude_pct_p50": 0.6760090550496289,
    "abs_magnitude_pct_p95": 0.9723903107386587
  }
}