{
  "coin_id": "bonk",
  "timeframe": "1m",
  "version": "20260422T065548Z",
  "feature_names": [
    "ret1",
    "ret5",
    "ret10",
    "momentum",
    "realizedVol",
    "rsi14",
    "macdLine",
    "macdSignal",
    "macdHist",
    "atr14",
    "atrPct",
    "ema9",
    "ema21",
    "emaSpreadPct",
    "distFromEma9Pct",
    "distFromEma21Pct",
    "bbUpper",
    "bbMiddle",
    "bbLower",
    "bbWidth",
    "bbPctB",
    "bbWidthPct",
    "news_etf_flow",
    "news_regulatory_risk",
    "news_exchange_outage",
    "news_macro_shock",
    "news_whale_move",
    "news_exploit_or_hack",
    "news_stablecoin_event",
    "news_narrative_rotation",
    "news_listing_or_delisting",
    "news_protocol_upgrade",
    "news_high_volume_breakout",
    "news_unusual_volatility",
    "coin_idx"
  ],
  "coin_vocab": [
    "bonk"
  ],
  "n_train_rows": 583,
  "n_test_rows": 485,
  "metrics": {
    "auc": 0.6202699186002678,
    "log_loss": 2.2168524723981706,
    "brier": 0.24403328035094907,
    "directional_accuracy": 0.5855670103092784
  },
  "baseline_metrics": {
    "auc": 0.5442549255546222,
    "log_loss": 0.7852765509408094,
    "brier": 0.1459688972552498,
    "directional_accuracy": 0.7257731958762886
  },
  "threshold_pct": 0.03,
  "horizon_candles": 1,
  "class_return_means_pct": [
    -0.0885085867311783,
    5.7438060290865394e-05,
    0.14096479112653218
  ],
  "fold_metrics": [
    {
      "fold": 0,
      "n_train": 97,
      "n_test": 97,
      "auc": 0.6151399395266869,
      "log_loss": 1.9219532672786246,
      "brier": 0.22225904256069032,
      "directional_accuracy": 0.6185567010309279,
      "baseline_auc": 0.5742503841420693,
      "baseline_log_loss": 0.732399334203962,
      "baseline_brier": 0.1357820592156013,
      "baseline_directional_accuracy": 0.7525773195876289,
      "best_params": {
        "objective": "multiclass",
        "num_class": 3,
        "metric": "multi_logloss",
        "num_leaves": 31,
        "learning_rate": 0.09340308327072934,
        "min_child_samples": 9,
        "feature_fraction": 0.9,
        "bagging_fraction": 0.9,
        "bagging_freq": 5,
        "verbose": -1,
        "deterministic": true,
        "seed": 42
      }
    },
    {
      "fold": 1,
      "n_train": 194,
      "n_test": 97,
      "auc": 0.5749621582806471,
      "log_loss": 4.5876417387493795,
      "brier": 0.43145509745520316,
      "directional_accuracy": 0.27835051546391754,
      "baseline_auc": 0.47867465995073255,
      "baseline_log_loss": 0.7625071531849643,
      "baseline_brier": 0.14081779654169513,
      "baseline_directional_accuracy": 0.7525773195876289,
      "best_params": {
        "objective": "multiclass",
        "num_class": 3,
        "metric": "multi_logloss",
        "num_leaves": 15,
        "learning_rate": 0.09230320822645494,
        "min_child_samples": 6,
        "feature_fraction": 0.9,
        "bagging_fraction": 0.9,
        "bagging_freq": 5,
        "verbose": -1,
        "deterministic": true,
        "seed": 42
      }
    },
    {
      "fold": 2,
      "n_train": 291,
      "n_test": 97,
      "auc": 0.6655364985422055,
      "log_loss": 1.2289186484698857,
      "brier": 0.1536862017717107,
      "directional_accuracy": 0.7422680412371134,
      "baseline_auc": 0.5623160981436187,
      "baseline_log_loss": 0.6970078603894266,
      "baseline_brier": 0.12352930274822893,
      "baseline_directional_accuracy": 0.7835051546391752,
      "best_params": {
        "objective": "multiclass",
        "num_class": 3,
        "metric": "multi_logloss",
        "num_leaves": 63,
        "learning_rate": 0.06807764614983679,
        "min_child_samples": 12,
        "feature_fraction": 0.9,
        "bagging_fraction": 0.9,
        "bagging_freq": 5,
        "verbose": -1,
        "deterministic": true,
        "seed": 42
      }
    },
    {
      "fold": 3,
      "n_train": 388,
      "n_test": 97,
      "auc": 0.682707588330398,
      "log_loss": 1.3899345729990598,
      "brier": 0.16057472077915616,
      "directional_accuracy": 0.7216494845360825,
      "baseline_auc": 0.5121638829826151,
      "baseline_log_loss": 0.734605210870518,
      "baseline_brier": 0.13408215920708813,
      "baseline_directional_accuracy": 0.7525773195876289,
      "best_params": {
        "objective": "multiclass",
        "num_class": 3,
        "metric": "multi_logloss",
        "num_leaves": 31,
        "learning_rate": 0.09340308327072934,
        "min_child_samples": 9,
        "feature_fraction": 0.9,
        "bagging_fraction": 0.9,
        "bagging_freq": 5,
        "verbose": -1,
        "deterministic": true,
        "seed": 42
      }
    },
    {
      "fold": 4,
      "n_train": 485,
      "n_test": 97,
      "auc": 0.5630034083214017,
      "log_loss": 1.9558141344939026,
      "brier": 0.252191339187985,
      "directional_accuracy": 0.5670103092783505,
      "baseline_auc": 0.5938696025540754,
      "baseline_log_loss": 0.9998631960551758,
      "baseline_brier": 0.1956331685636357,
      "baseline_directional_accuracy": 0.5876288659793815,
      "best_params": {
        "objective": "multiclass",
        "num_class": 3,
        "metric": "multi_logloss",
        "num_leaves": 31,
        "learning_rate": 0.04488170057528786,
        "min_child_samples": 9,
        "feature_fraction": 0.9,
        "bagging_fraction": 0.9,
        "bagging_freq": 5,
        "verbose": -1,
        "deterministic": true,
        "seed": 42
      }
    }
  ],
  "note": "Per-coin model for bonk/1m.",
  "directional_call_share": 0.008547008547008548,
  "directional_call_share_n": 117,
  "directional_call_share_source": "holdout",
  "model_kind": "lightgbm",
  "prior_probs": []
}