{
  "coin_id": "celestia",
  "timeframe": "1m",
  "version": "20260422T082918Z",
  "feature_names": [
    "ret1",
    "ret5",
    "ret10",
    "momentum",
    "realizedVol",
    "rsi14",
    "macdLine",
    "macdSignal",
    "macdHist",
    "atr14",
    "atrPct",
    "ema9",
    "ema21",
    "emaSpreadPct",
    "distFromEma9Pct",
    "distFromEma21Pct",
    "bbUpper",
    "bbMiddle",
    "bbLower",
    "bbWidth",
    "bbPctB",
    "bbWidthPct",
    "news_etf_flow",
    "news_regulatory_risk",
    "news_exchange_outage",
    "news_macro_shock",
    "news_whale_move",
    "news_exploit_or_hack",
    "news_stablecoin_event",
    "news_narrative_rotation",
    "news_listing_or_delisting",
    "news_protocol_upgrade",
    "news_high_volume_breakout",
    "news_unusual_volatility",
    "coin_idx"
  ],
  "coin_vocab": [
    "celestia"
  ],
  "n_train_rows": 676,
  "n_test_rows": 560,
  "metrics": {
    "auc": 0.5427150502273438,
    "log_loss": 1.5787430546441343,
    "brier": 0.23430609404769837,
    "directional_accuracy": 0.5571428571428572
  },
  "baseline_metrics": {
    "auc": 0.5093084884108661,
    "log_loss": 0.7912407729088342,
    "brier": 0.14886920652265273,
    "directional_accuracy": 0.7053571428571429
  },
  "threshold_pct": 0.03,
  "horizon_candles": 1,
  "class_return_means_pct": [
    -0.09260177967800663,
    0.0009095406029105342,
    0.10654659316483692
  ],
  "fold_metrics": [
    {
      "fold": 0,
      "n_train": 112,
      "n_test": 112,
      "auc": 0.47072196087051693,
      "log_loss": 2.5636990876754178,
      "brier": 0.334367663821132,
      "directional_accuracy": 0.4375,
      "baseline_auc": 0.45681333431461496,
      "baseline_log_loss": 0.9558809366101256,
      "baseline_brier": 0.18873306590690686,
      "baseline_directional_accuracy": 0.5803571428571429,
      "best_params": {
        "objective": "multiclass",
        "num_class": 3,
        "metric": "multi_logloss",
        "num_leaves": 63,
        "learning_rate": 0.06807764614983679,
        "min_child_samples": 12,
        "feature_fraction": 0.9,
        "bagging_fraction": 0.9,
        "bagging_freq": 5,
        "verbose": -1,
        "deterministic": true,
        "seed": 42
      }
    },
    {
      "fold": 1,
      "n_train": 224,
      "n_test": 112,
      "auc": 0.5396950179280161,
      "log_loss": 1.1506930700807658,
      "brier": 0.20869688063269617,
      "directional_accuracy": 0.5267857142857143,
      "baseline_auc": 0.48569349530787465,
      "baseline_log_loss": 0.7653105080256533,
      "baseline_brier": 0.14104051683214117,
      "baseline_directional_accuracy": 0.7410714285714286,
      "best_params": {
        "objective": "multiclass",
        "num_class": 3,
        "metric": "multi_logloss",
        "num_leaves": 63,
        "learning_rate": 0.0938393881004349,
        "min_child_samples": 23,
        "feature_fraction": 0.9,
        "bagging_fraction": 0.9,
        "bagging_freq": 5,
        "verbose": -1,
        "deterministic": true,
        "seed": 42
      }
    },
    {
      "fold": 2,
      "n_train": 336,
      "n_test": 112,
      "auc": 0.5591479114754977,
      "log_loss": 1.2153951546964756,
      "brier": 0.1709654479589977,
      "directional_accuracy": 0.6785714285714286,
      "baseline_auc": 0.5302624610383231,
      "baseline_log_loss": 0.6996220681849238,
      "baseline_brier": 0.12712444273047804,
      "baseline_directional_accuracy": 0.7767857142857143,
      "best_params": {
        "objective": "multiclass",
        "num_class": 3,
        "metric": "multi_logloss",
        "num_leaves": 31,
        "learning_rate": 0.04488170057528786,
        "min_child_samples": 9,
        "feature_fraction": 0.9,
        "bagging_fraction": 0.9,
        "bagging_freq": 5,
        "verbose": -1,
        "deterministic": true,
        "seed": 42
      }
    },
    {
      "fold": 3,
      "n_train": 448,
      "n_test": 112,
      "auc": 0.6075269238228312,
      "log_loss": 1.4307553474250576,
      "brier": 0.20964745387483155,
      "directional_accuracy": 0.5982142857142857,
      "baseline_auc": 0.5481300862679929,
      "baseline_log_loss": 0.7481657213577172,
      "baseline_brier": 0.1399905845562373,
      "baseline_directional_accuracy": 0.7410714285714286,
      "best_params": {
        "objective": "multiclass",
        "num_class": 3,
        "metric": "multi_logloss",
        "num_leaves": 15,
        "learning_rate": 0.09230320822645494,
        "min_child_samples": 6,
        "feature_fraction": 0.9,
        "bagging_fraction": 0.9,
        "bagging_freq": 5,
        "verbose": -1,
        "deterministic": true,
        "seed": 42
      }
    },
    {
      "fold": 4,
      "n_train": 560,
      "n_test": 112,
      "auc": 0.5364834370398572,
      "log_loss": 1.5331726133429553,
      "brier": 0.2478530239508346,
      "directional_accuracy": 0.5446428571428571,
      "baseline_auc": 0.5256430651255247,
      "baseline_log_loss": 0.7872246303657511,
      "baseline_brier": 0.14745742258750036,
      "baseline_directional_accuracy": 0.6875,
      "best_params": {
        "objective": "multiclass",
        "num_class": 3,
        "metric": "multi_logloss",
        "num_leaves": 15,
        "learning_rate": 0.060113218328857784,
        "min_child_samples": 16,
        "feature_fraction": 0.9,
        "bagging_fraction": 0.9,
        "bagging_freq": 5,
        "verbose": -1,
        "deterministic": true,
        "seed": 42
      }
    }
  ],
  "note": "Per-coin model for celestia/1m.",
  "directional_call_share": 0.007352941176470588,
  "directional_call_share_n": 136,
  "directional_call_share_source": "holdout",
  "model_kind": "lightgbm",
  "prior_probs": []
}