{
  "coin_id": "jupiter-exchange-solana",
  "timeframe": "1h",
  "version": "20260422T141558Z",
  "feature_names": [
    "ret1",
    "ret5",
    "ret10",
    "momentum",
    "realizedVol",
    "rsi14",
    "macdLine",
    "macdSignal",
    "macdHist",
    "atr14",
    "atrPct",
    "ema9",
    "ema21",
    "emaSpreadPct",
    "distFromEma9Pct",
    "distFromEma21Pct",
    "bbUpper",
    "bbMiddle",
    "bbLower",
    "bbWidth",
    "bbPctB",
    "bbWidthPct",
    "news_etf_flow",
    "news_regulatory_risk",
    "news_exchange_outage",
    "news_macro_shock",
    "news_whale_move",
    "news_exploit_or_hack",
    "news_stablecoin_event",
    "news_narrative_rotation",
    "news_listing_or_delisting",
    "news_protocol_upgrade",
    "news_high_volume_breakout",
    "news_unusual_volatility",
    "coin_idx"
  ],
  "coin_vocab": [
    "jupiter-exchange-solana"
  ],
  "n_train_rows": 684,
  "n_test_rows": 570,
  "metrics": {
    "auc": 0.515562612433706,
    "log_loss": 4.003919989927917,
    "brier": 0.3906063753616005,
    "directional_accuracy": 0.3385964912280702
  },
  "baseline_metrics": {
    "auc": 0.49873325294264814,
    "log_loss": 1.1348741064584134,
    "brier": 0.22918903760246617,
    "directional_accuracy": 0.34385964912280703
  },
  "threshold_pct": 0.2,
  "horizon_candles": 1,
  "class_return_means_pct": [
    -0.686935451923371,
    -0.00341210797047399,
    0.7268752473544489
  ],
  "fold_metrics": [
    {
      "fold": 0,
      "n_train": 114,
      "n_test": 114,
      "auc": 0.48234976416997694,
      "log_loss": 5.739861470346206,
      "brier": 0.48149560829334875,
      "directional_accuracy": 0.21929824561403508,
      "baseline_auc": 0.4373723282165334,
      "baseline_log_loss": 1.2852476978738219,
      "baseline_brier": 0.2599856315128164,
      "baseline_directional_accuracy": 0.20175438596491227,
      "best_params": {
        "objective": "multiclass",
        "num_class": 3,
        "metric": "multi_logloss",
        "num_leaves": 31,
        "learning_rate": 0.1,
        "min_child_samples": 5,
        "feature_fraction": 0.9,
        "bagging_fraction": 0.9,
        "bagging_freq": 5,
        "verbose": -1,
        "deterministic": true,
        "seed": 42
      }
    },
    {
      "fold": 1,
      "n_train": 228,
      "n_test": 114,
      "auc": 0.5231269827566124,
      "log_loss": 4.856861442594995,
      "brier": 0.4119523898318429,
      "directional_accuracy": 0.34210526315789475,
      "baseline_auc": 0.5123634047708122,
      "baseline_log_loss": 1.1555799777625972,
      "baseline_brier": 0.23230956511557424,
      "baseline_directional_accuracy": 0.3508771929824561,
      "best_params": {
        "objective": "multiclass",
        "num_class": 3,
        "metric": "multi_logloss",
        "num_leaves": 31,
        "learning_rate": 0.1,
        "min_child_samples": 5,
        "feature_fraction": 0.9,
        "bagging_fraction": 0.9,
        "bagging_freq": 5,
        "verbose": -1,
        "deterministic": true,
        "seed": 42
      }
    },
    {
      "fold": 2,
      "n_train": 342,
      "n_test": 114,
      "auc": 0.5751568126568126,
      "log_loss": 2.666360328998334,
      "brier": 0.33767580114844725,
      "directional_accuracy": 0.3684210526315789,
      "baseline_auc": 0.505136305136305,
      "baseline_log_loss": 1.098320401762868,
      "baseline_brier": 0.22210611753428666,
      "baseline_directional_accuracy": 0.3333333333333333,
      "best_params": {
        "objective": "multiclass",
        "num_class": 3,
        "metric": "multi_logloss",
        "num_leaves": 31,
        "learning_rate": 0.1,
        "min_child_samples": 5,
        "feature_fraction": 0.9,
        "bagging_fraction": 0.9,
        "bagging_freq": 5,
        "verbose": -1,
        "deterministic": true,
        "seed": 42
      }
    },
    {
      "fold": 3,
      "n_train": 456,
      "n_test": 114,
      "auc": 0.4693137592302543,
      "log_loss": 4.514398430988365,
      "brier": 0.39507318099820626,
      "directional_accuracy": 0.35964912280701755,
      "baseline_auc": 0.5750610093237639,
      "baseline_log_loss": 1.0417409083174327,
      "baseline_brier": 0.21025362286403823,
      "baseline_directional_accuracy": 0.4473684210526316,
      "best_params": {
        "objective": "multiclass",
        "num_class": 3,
        "metric": "multi_logloss",
        "num_leaves": 31,
        "learning_rate": 0.1,
        "min_child_samples": 5,
        "feature_fraction": 0.9,
        "bagging_fraction": 0.9,
        "bagging_freq": 5,
        "verbose": -1,
        "deterministic": true,
        "seed": 42
      }
    },
    {
      "fold": 4,
      "n_train": 570,
      "n_test": 114,
      "auc": 0.5278657433548738,
      "log_loss": 2.2421182767116883,
      "brier": 0.3268348965361571,
      "directional_accuracy": 0.40350877192982454,
      "baseline_auc": 0.46373321726582595,
      "baseline_log_loss": 1.0934815465753465,
      "baseline_brier": 0.22129025098561517,
      "baseline_directional_accuracy": 0.38596491228070173,
      "best_params": {
        "objective": "multiclass",
        "num_class": 3,
        "metric": "multi_logloss",
        "num_leaves": 31,
        "learning_rate": 0.1,
        "min_child_samples": 5,
        "feature_fraction": 0.9,
        "bagging_fraction": 0.9,
        "bagging_freq": 5,
        "verbose": -1,
        "deterministic": true,
        "seed": 42
      }
    }
  ],
  "note": "Per-coin model for jupiter-exchange-solana/1h.",
  "directional_call_share": 0.9708029197080292,
  "directional_call_share_n": 137,
  "directional_call_share_source": "holdout",
  "model_kind": "lightgbm",
  "prior_probs": [],
  "has_regression_head": true,
  "regression_head_stats": {
    "n_train_rows": 410,
    "n_holdout_rows": 103,
    "abs_pred_p50_pct": 0.7209828787410426,
    "abs_pred_p95_pct": 0.7704786939860843,
    "abs_pred_max_pct": 0.7713997678301198,
    "mae_pct": 0.3677968763746623,
    "best_iteration": 1
  },
  "gates_alignment": {
    "n": 137,
    "source": "holdout",
    "min_directional_edge": 0.05,
    "min_expected_return_pct": 0.15,
    "aligned_share": 0.7956204379562044,
    "aligned_loud_share": 0.7956204379562044,
    "aligned_quiet_share": 0.0,
    "loud_classifier_quiet_regressor_share": 0.0,
    "quiet_classifier_loud_regressor_share": 0.20437956204379562,
    "dir_edge_p50": 0.09685039370078741,
    "dir_edge_p95": 0.20142180094786732,
    "abs_magnitude_pct_p50": 0.715158498668816,
    "abs_magnitude_pct_p95": 0.7621890293897652
  }
}