{
  "coin_id": "dogwifcoin",
  "timeframe": "1m",
  "version": "20260422T113005Z",
  "feature_names": [
    "ret1",
    "ret5",
    "ret10",
    "momentum",
    "realizedVol",
    "rsi14",
    "macdLine",
    "macdSignal",
    "macdHist",
    "atr14",
    "atrPct",
    "ema9",
    "ema21",
    "emaSpreadPct",
    "distFromEma9Pct",
    "distFromEma21Pct",
    "bbUpper",
    "bbMiddle",
    "bbLower",
    "bbWidth",
    "bbPctB",
    "bbWidthPct",
    "news_etf_flow",
    "news_regulatory_risk",
    "news_exchange_outage",
    "news_macro_shock",
    "news_whale_move",
    "news_exploit_or_hack",
    "news_stablecoin_event",
    "news_narrative_rotation",
    "news_listing_or_delisting",
    "news_protocol_upgrade",
    "news_high_volume_breakout",
    "news_unusual_volatility",
    "coin_idx"
  ],
  "coin_vocab": [
    "dogwifcoin"
  ],
  "n_train_rows": 1562,
  "n_test_rows": 1300,
  "metrics": {
    "auc": 0.5526236190653953,
    "log_loss": 1.832183925774777,
    "brier": 0.2399798421463833,
    "directional_accuracy": 0.55
  },
  "baseline_metrics": {
    "auc": 0.5355796150697074,
    "log_loss": 0.951649402160706,
    "brier": 0.18080359932469142,
    "directional_accuracy": 0.5838461538461538
  },
  "threshold_pct": 0.03,
  "horizon_candles": 1,
  "class_return_means_pct": [
    -0.46818207029828035,
    3.0371080618919832e-05,
    0.5075858759563059
  ],
  "fold_metrics": [
    {
      "fold": 0,
      "n_train": 260,
      "n_test": 260,
      "auc": 0.490493691468391,
      "log_loss": 1.447916131804383,
      "brier": 0.24851051577424013,
      "directional_accuracy": 0.5230769230769231,
      "baseline_auc": 0.5428665402935744,
      "baseline_log_loss": 0.8583560798381309,
      "baseline_brier": 0.18505631615180626,
      "baseline_directional_accuracy": 0.5038461538461538,
      "best_params": {
        "objective": "multiclass",
        "num_class": 3,
        "metric": "multi_logloss",
        "num_leaves": 15,
        "learning_rate": 0.060113218328857784,
        "min_child_samples": 16,
        "feature_fraction": 0.9,
        "bagging_fraction": 0.9,
        "bagging_freq": 5,
        "verbose": -1,
        "deterministic": true,
        "seed": 42
      }
    },
    {
      "fold": 1,
      "n_train": 520,
      "n_test": 260,
      "auc": 0.581870080463445,
      "log_loss": 4.545115979469109,
      "brier": 0.4062733876755753,
      "directional_accuracy": 0.3192307692307692,
      "baseline_auc": 0.5577969420845894,
      "baseline_log_loss": 1.519919312597787,
      "baseline_brier": 0.27433464071689845,
      "baseline_directional_accuracy": 0.2692307692307692,
      "best_params": {
        "objective": "multiclass",
        "num_class": 3,
        "metric": "multi_logloss",
        "num_leaves": 15,
        "learning_rate": 0.09230320822645494,
        "min_child_samples": 6,
        "feature_fraction": 0.9,
        "bagging_fraction": 0.9,
        "bagging_freq": 5,
        "verbose": -1,
        "deterministic": true,
        "seed": 42
      }
    },
    {
      "fold": 2,
      "n_train": 780,
      "n_test": 260,
      "auc": 0.562224686387094,
      "log_loss": 1.133103863308242,
      "brier": 0.186685311840216,
      "directional_accuracy": 0.6269230769230769,
      "baseline_auc": 0.48590384721896424,
      "baseline_log_loss": 0.7426502185117968,
      "baseline_brier": 0.13690383782702542,
      "baseline_directional_accuracy": 0.7538461538461538,
      "best_params": {
        "objective": "multiclass",
        "num_class": 3,
        "metric": "multi_logloss",
        "num_leaves": 63,
        "learning_rate": 0.0938393881004349,
        "min_child_samples": 23,
        "feature_fraction": 0.9,
        "bagging_fraction": 0.9,
        "bagging_freq": 5,
        "verbose": -1,
        "deterministic": true,
        "seed": 42
      }
    },
    {
      "fold": 3,
      "n_train": 1040,
      "n_test": 260,
      "auc": 0.5430322486967595,
      "log_loss": 1.1611336583788652,
      "brier": 0.2055823625325365,
      "directional_accuracy": 0.5884615384615385,
      "baseline_auc": 0.575950315656554,
      "baseline_log_loss": 0.8929136569690653,
      "baseline_brier": 0.1700417879376919,
      "baseline_directional_accuracy": 0.6461538461538462,
      "best_params": {
        "objective": "multiclass",
        "num_class": 3,
        "metric": "multi_logloss",
        "num_leaves": 15,
        "learning_rate": 0.060113218328857784,
        "min_child_samples": 16,
        "feature_fraction": 0.9,
        "bagging_fraction": 0.9,
        "bagging_freq": 5,
        "verbose": -1,
        "deterministic": true,
        "seed": 42
      }
    },
    {
      "fold": 4,
      "n_train": 1300,
      "n_test": 260,
      "auc": 0.5854973883112867,
      "log_loss": 0.8736499959132846,
      "brier": 0.15284763290934844,
      "directional_accuracy": 0.6923076923076923,
      "baseline_auc": 0.5153804300948553,
      "baseline_log_loss": 0.7444077428867499,
      "baseline_brier": 0.1376814139900352,
      "baseline_directional_accuracy": 0.7461538461538462,
      "best_params": {
        "objective": "multiclass",
        "num_class": 3,
        "metric": "multi_logloss",
        "num_leaves": 15,
        "learning_rate": 0.060113218328857784,
        "min_child_samples": 16,
        "feature_fraction": 0.9,
        "bagging_fraction": 0.9,
        "bagging_freq": 5,
        "verbose": -1,
        "deterministic": true,
        "seed": 42
      }
    }
  ],
  "note": "Per-coin model for dogwifcoin/1m.",
  "directional_call_share": 0.051118210862619806,
  "directional_call_share_n": 313,
  "directional_call_share_source": "holdout",
  "model_kind": "lightgbm",
  "prior_probs": [],
  "has_regression_head": true,
  "regression_head_stats": {
    "n_train_rows": 706,
    "n_holdout_rows": 177,
    "abs_pred_p50_pct": 0.10875153298226,
    "abs_pred_p95_pct": 0.6313336494069985,
    "abs_pred_max_pct": 1.130263416903787,
    "mae_pct": 0.12032445442339716,
    "best_iteration": 70
  },
  "gates_alignment": {
    "n": 313,
    "source": "holdout",
    "min_directional_edge": 0.05,
    "min_expected_return_pct": 0.15,
    "aligned_share": 0.4984025559105431,
    "aligned_loud_share": 0.12460063897763578,
    "aligned_quiet_share": 0.3738019169329074,
    "loud_classifier_quiet_regressor_share": 0.4792332268370607,
    "quiet_classifier_loud_regressor_share": 0.022364217252396165,
    "dir_edge_p50": 0.055807115554248735,
    "dir_edge_p95": 0.24721984602224126,
    "abs_magnitude_pct_p50": 0.10875153298226,
    "abs_magnitude_pct_p95": 0.7474672382426308
  }
}