{
  "coin_id": "dogwifcoin",
  "timeframe": "1m",
  "version": "20260422T150546Z",
  "feature_names": [
    "ret1",
    "ret5",
    "ret10",
    "momentum",
    "realizedVol",
    "rsi14",
    "macdLine",
    "macdSignal",
    "macdHist",
    "atr14",
    "atrPct",
    "ema9",
    "ema21",
    "emaSpreadPct",
    "distFromEma9Pct",
    "distFromEma21Pct",
    "bbUpper",
    "bbMiddle",
    "bbLower",
    "bbWidth",
    "bbPctB",
    "bbWidthPct",
    "news_etf_flow",
    "news_regulatory_risk",
    "news_exchange_outage",
    "news_macro_shock",
    "news_whale_move",
    "news_exploit_or_hack",
    "news_stablecoin_event",
    "news_narrative_rotation",
    "news_listing_or_delisting",
    "news_protocol_upgrade",
    "news_high_volume_breakout",
    "news_unusual_volatility",
    "coin_idx"
  ],
  "coin_vocab": [
    "dogwifcoin"
  ],
  "n_train_rows": 1683,
  "n_test_rows": 1400,
  "metrics": {
    "auc": 0.531705636019826,
    "log_loss": 2.6223536556904246,
    "brier": 0.28754286658592976,
    "directional_accuracy": 0.5178571428571429
  },
  "baseline_metrics": {
    "auc": 0.5373979926010447,
    "log_loss": 1.0200766934948082,
    "brier": 0.189951876465787,
    "directional_accuracy": 0.562857142857143
  },
  "threshold_pct": 0.03,
  "horizon_candles": 1,
  "class_return_means_pct": [
    -0.4530598577217158,
    0.00013055659743738064,
    0.4896265129312809
  ],
  "fold_metrics": [
    {
      "fold": 0,
      "n_train": 280,
      "n_test": 280,
      "auc": 0.4468551892737758,
      "log_loss": 2.695865803292788,
      "brier": 0.3111679930697974,
      "directional_accuracy": 0.4714285714285714,
      "baseline_auc": 0.557510422359463,
      "baseline_log_loss": 0.8252133810445527,
      "baseline_brier": 0.18308332260759178,
      "baseline_directional_accuracy": 0.4928571428571429,
      "best_params": {
        "objective": "multiclass",
        "num_class": 3,
        "metric": "multi_logloss",
        "num_leaves": 31,
        "learning_rate": 0.1,
        "min_child_samples": 5,
        "feature_fraction": 0.9,
        "bagging_fraction": 0.9,
        "bagging_freq": 5,
        "verbose": -1,
        "deterministic": true,
        "seed": 42
      }
    },
    {
      "fold": 1,
      "n_train": 560,
      "n_test": 280,
      "auc": 0.5621121245687579,
      "log_loss": 5.333381147476381,
      "brier": 0.4782211524210595,
      "directional_accuracy": 0.24285714285714285,
      "baseline_auc": 0.5737944135875912,
      "baseline_log_loss": 1.8404981504863513,
      "baseline_brier": 0.3096158291928552,
      "baseline_directional_accuracy": 0.21071428571428572,
      "best_params": {
        "objective": "multiclass",
        "num_class": 3,
        "metric": "multi_logloss",
        "num_leaves": 31,
        "learning_rate": 0.1,
        "min_child_samples": 5,
        "feature_fraction": 0.9,
        "bagging_fraction": 0.9,
        "bagging_freq": 5,
        "verbose": -1,
        "deterministic": true,
        "seed": 42
      }
    },
    {
      "fold": 2,
      "n_train": 840,
      "n_test": 280,
      "auc": 0.5513994898296499,
      "log_loss": 1.957781121144311,
      "brier": 0.24012923565001165,
      "directional_accuracy": 0.5964285714285714,
      "baseline_auc": 0.46396126458605186,
      "baseline_log_loss": 0.7648644828619869,
      "baseline_brier": 0.14140905092266065,
      "baseline_directional_accuracy": 0.7392857142857143,
      "best_params": {
        "objective": "multiclass",
        "num_class": 3,
        "metric": "multi_logloss",
        "num_leaves": 31,
        "learning_rate": 0.1,
        "min_child_samples": 5,
        "feature_fraction": 0.9,
        "bagging_fraction": 0.9,
        "bagging_freq": 5,
        "verbose": -1,
        "deterministic": true,
        "seed": 42
      }
    },
    {
      "fold": 3,
      "n_train": 1120,
      "n_test": 280,
      "auc": 0.5855864587422692,
      "log_loss": 1.570806244802221,
      "brier": 0.20681578727171068,
      "directional_accuracy": 0.6285714285714286,
      "baseline_auc": 0.6321646951980829,
      "baseline_log_loss": 0.8152141540728856,
      "baseline_brier": 0.1523203614184394,
      "baseline_directional_accuracy": 0.6857142857142857,
      "best_params": {
        "objective": "multiclass",
        "num_class": 3,
        "metric": "multi_logloss",
        "num_leaves": 31,
        "learning_rate": 0.1,
        "min_child_samples": 5,
        "feature_fraction": 0.9,
        "bagging_fraction": 0.9,
        "bagging_freq": 5,
        "verbose": -1,
        "deterministic": true,
        "seed": 42
      }
    },
    {
      "fold": 4,
      "n_train": 1400,
      "n_test": 280,
      "auc": 0.512574917684677,
      "log_loss": 1.5539339617364225,
      "brier": 0.2013801645170696,
      "directional_accuracy": 0.65,
      "baseline_auc": 0.45955916727403484,
      "baseline_log_loss": 0.8545932990082643,
      "baseline_brier": 0.16333081818738804,
      "baseline_directional_accuracy": 0.6857142857142857,
      "best_params": {
        "objective": "multiclass",
        "num_class": 3,
        "metric": "multi_logloss",
        "num_leaves": 31,
        "learning_rate": 0.1,
        "min_child_samples": 5,
        "feature_fraction": 0.9,
        "bagging_fraction": 0.9,
        "bagging_freq": 5,
        "verbose": -1,
        "deterministic": true,
        "seed": 42
      }
    }
  ],
  "note": "Per-coin model for dogwifcoin/1m.",
  "directional_call_share": 0.002967359050445104,
  "directional_call_share_n": 337,
  "directional_call_share_source": "holdout",
  "model_kind": "lightgbm",
  "prior_probs": [],
  "has_regression_head": true,
  "regression_head_stats": {
    "n_train_rows": 735,
    "n_holdout_rows": 184,
    "abs_pred_p50_pct": 0.12483413695918043,
    "abs_pred_p95_pct": 0.5625483456919785,
    "abs_pred_max_pct": 0.8957590199458512,
    "mae_pct": 0.12726606055675635,
    "best_iteration": 50
  },
  "gates_alignment": {
    "n": 337,
    "source": "holdout",
    "min_directional_edge": 0.05,
    "min_expected_return_pct": 0.15,
    "aligned_share": 0.7270029673590505,
    "aligned_loud_share": 0.026706231454005934,
    "aligned_quiet_share": 0.7002967359050445,
    "loud_classifier_quiet_regressor_share": 0.24925816023738873,
    "quiet_classifier_loud_regressor_share": 0.02373887240356083,
    "dir_edge_p50": 0.03709849072567864,
    "dir_edge_p95": 0.10761485210824415,
    "abs_magnitude_pct_p50": 0.12459598372547619,
    "abs_magnitude_pct_p95": 0.13917191349919547
  }
}