{
  "coin_id": "floki-inu",
  "timeframe": "5m",
  "version": "20260422T100832Z",
  "feature_names": [
    "ret1",
    "ret5",
    "ret10",
    "momentum",
    "realizedVol",
    "rsi14",
    "macdLine",
    "macdSignal",
    "macdHist",
    "atr14",
    "atrPct",
    "ema9",
    "ema21",
    "emaSpreadPct",
    "distFromEma9Pct",
    "distFromEma21Pct",
    "bbUpper",
    "bbMiddle",
    "bbLower",
    "bbWidth",
    "bbPctB",
    "bbWidthPct",
    "news_etf_flow",
    "news_regulatory_risk",
    "news_exchange_outage",
    "news_macro_shock",
    "news_whale_move",
    "news_exploit_or_hack",
    "news_stablecoin_event",
    "news_narrative_rotation",
    "news_listing_or_delisting",
    "news_protocol_upgrade",
    "news_high_volume_breakout",
    "news_unusual_volatility",
    "coin_idx"
  ],
  "coin_vocab": [
    "floki-inu"
  ],
  "n_train_rows": 841,
  "n_test_rows": 700,
  "metrics": {
    "auc": 0.5084221377782153,
    "log_loss": 2.767112502068657,
    "brier": 0.32647331171405003,
    "directional_accuracy": 0.42857142857142855
  },
  "baseline_metrics": {
    "auc": 0.546844386826003,
    "log_loss": 1.0417394515210945,
    "brier": 0.21138481968339534,
    "directional_accuracy": 0.42714285714285716
  },
  "threshold_pct": 0.1,
  "horizon_candles": 1,
  "class_return_means_pct": [
    -0.5357270405131404,
    -0.0013054528256349585,
    0.6143543231887826
  ],
  "fold_metrics": [
    {
      "fold": 0,
      "n_train": 140,
      "n_test": 140,
      "auc": 0.5718650436786694,
      "log_loss": 2.5854643888026194,
      "brier": 0.3095566856625947,
      "directional_accuracy": 0.45,
      "baseline_auc": 0.5525907486664302,
      "baseline_log_loss": 1.0409072724745767,
      "baseline_brier": 0.20992012403263685,
      "baseline_directional_accuracy": 0.4642857142857143,
      "best_params": {
        "objective": "multiclass",
        "num_class": 3,
        "metric": "multi_logloss",
        "num_leaves": 31,
        "learning_rate": 0.1,
        "min_child_samples": 5,
        "feature_fraction": 0.9,
        "bagging_fraction": 0.9,
        "bagging_freq": 5,
        "verbose": -1,
        "deterministic": true,
        "seed": 42
      }
    },
    {
      "fold": 1,
      "n_train": 280,
      "n_test": 140,
      "auc": 0.5612633815119691,
      "log_loss": 2.293798532657584,
      "brier": 0.305445621314746,
      "directional_accuracy": 0.45714285714285713,
      "baseline_auc": 0.573283631859903,
      "baseline_log_loss": 0.9838906092920058,
      "baseline_brier": 0.1991354606020103,
      "baseline_directional_accuracy": 0.5214285714285715,
      "best_params": {
        "objective": "multiclass",
        "num_class": 3,
        "metric": "multi_logloss",
        "num_leaves": 31,
        "learning_rate": 0.1,
        "min_child_samples": 5,
        "feature_fraction": 0.9,
        "bagging_fraction": 0.9,
        "bagging_freq": 5,
        "verbose": -1,
        "deterministic": true,
        "seed": 42
      }
    },
    {
      "fold": 2,
      "n_train": 420,
      "n_test": 140,
      "auc": 0.5137511690399456,
      "log_loss": 2.1304160179919034,
      "brier": 0.2820277669639916,
      "directional_accuracy": 0.4857142857142857,
      "baseline_auc": 0.5257264824418627,
      "baseline_log_loss": 0.9393881328430451,
      "baseline_brier": 0.19077080471465335,
      "baseline_directional_accuracy": 0.4785714285714286,
      "best_params": {
        "objective": "multiclass",
        "num_class": 3,
        "metric": "multi_logloss",
        "num_leaves": 31,
        "learning_rate": 0.1,
        "min_child_samples": 5,
        "feature_fraction": 0.9,
        "bagging_fraction": 0.9,
        "bagging_freq": 5,
        "verbose": -1,
        "deterministic": true,
        "seed": 42
      }
    },
    {
      "fold": 3,
      "n_train": 560,
      "n_test": 140,
      "auc": 0.42350421177565556,
      "log_loss": 3.9310139145477843,
      "brier": 0.36475059048291997,
      "directional_accuracy": 0.39285714285714285,
      "baseline_auc": 0.5955247620830578,
      "baseline_log_loss": 1.0994114709479383,
      "baseline_brier": 0.224351314092989,
      "baseline_directional_accuracy": 0.38571428571428573,
      "best_params": {
        "objective": "multiclass",
        "num_class": 3,
        "metric": "multi_logloss",
        "num_leaves": 31,
        "learning_rate": 0.1,
        "min_child_samples": 5,
        "feature_fraction": 0.9,
        "bagging_fraction": 0.9,
        "bagging_freq": 5,
        "verbose": -1,
        "deterministic": true,
        "seed": 42
      }
    },
    {
      "fold": 4,
      "n_train": 700,
      "n_test": 140,
      "auc": 0.4717268828848373,
      "log_loss": 2.8948696563433938,
      "brier": 0.37058589414599763,
      "directional_accuracy": 0.35714285714285715,
      "baseline_auc": 0.4870963090787612,
      "baseline_log_loss": 1.1450997720479072,
      "baseline_brier": 0.23274639497468708,
      "baseline_directional_accuracy": 0.2857142857142857,
      "best_params": {
        "objective": "multiclass",
        "num_class": 3,
        "metric": "multi_logloss",
        "num_leaves": 31,
        "learning_rate": 0.1,
        "min_child_samples": 5,
        "feature_fraction": 0.9,
        "bagging_fraction": 0.9,
        "bagging_freq": 5,
        "verbose": -1,
        "deterministic": true,
        "seed": 42
      }
    }
  ],
  "note": "Per-coin model for floki-inu/5m.",
  "directional_call_share": 0.011834319526627219,
  "directional_call_share_n": 169,
  "directional_call_share_source": "holdout",
  "model_kind": "lightgbm",
  "prior_probs": [],
  "has_regression_head": true,
  "regression_head_stats": {
    "n_train_rows": 534,
    "n_holdout_rows": 134,
    "abs_pred_p50_pct": 0.6022736642294614,
    "abs_pred_p95_pct": 0.6903296506892161,
    "abs_pred_max_pct": 0.7231557809432331,
    "mae_pct": 0.4484541599505919,
    "best_iteration": 2
  },
  "gates_alignment": {
    "n": 169,
    "source": "holdout",
    "min_directional_edge": 0.05,
    "min_expected_return_pct": 0.15,
    "aligned_share": 1.0,
    "aligned_loud_share": 1.0,
    "aligned_quiet_share": 0.0,
    "loud_classifier_quiet_regressor_share": 0.0,
    "quiet_classifier_loud_regressor_share": 0.0,
    "dir_edge_p50": 0.0946972726545629,
    "dir_edge_p95": 0.1205098493626883,
    "abs_magnitude_pct_p50": 0.5766772912122825,
    "abs_magnitude_pct_p95": 0.6369984785675276
  }
}