{
  "coin_id": "sei-network",
  "timeframe": "5m",
  "version": "20260422T141254Z",
  "feature_names": [
    "ret1",
    "ret5",
    "ret10",
    "momentum",
    "realizedVol",
    "rsi14",
    "macdLine",
    "macdSignal",
    "macdHist",
    "atr14",
    "atrPct",
    "ema9",
    "ema21",
    "emaSpreadPct",
    "distFromEma9Pct",
    "distFromEma21Pct",
    "bbUpper",
    "bbMiddle",
    "bbLower",
    "bbWidth",
    "bbPctB",
    "bbWidthPct",
    "news_etf_flow",
    "news_regulatory_risk",
    "news_exchange_outage",
    "news_macro_shock",
    "news_whale_move",
    "news_exploit_or_hack",
    "news_stablecoin_event",
    "news_narrative_rotation",
    "news_listing_or_delisting",
    "news_protocol_upgrade",
    "news_high_volume_breakout",
    "news_unusual_volatility",
    "coin_idx"
  ],
  "coin_vocab": [
    "sei-network"
  ],
  "n_train_rows": 868,
  "n_test_rows": 720,
  "metrics": {
    "auc": 0.518189278152362,
    "log_loss": 2.86218425578467,
    "brier": 0.31651079657482034,
    "directional_accuracy": 0.4402777777777779
  },
  "baseline_metrics": {
    "auc": 0.518652632660436,
    "log_loss": 1.0084458514439816,
    "brier": 0.2051654646559405,
    "directional_accuracy": 0.4333333333333334
  },
  "threshold_pct": 0.04,
  "horizon_candles": 1,
  "class_return_means_pct": [
    -0.44119815609489565,
    -0.0020668323733553685,
    0.49087706238798545
  ],
  "fold_metrics": [
    {
      "fold": 0,
      "n_train": 144,
      "n_test": 144,
      "auc": 0.5400591552243794,
      "log_loss": 2.2715951063200728,
      "brier": 0.2989995647699954,
      "directional_accuracy": 0.4513888888888889,
      "baseline_auc": 0.5049247514039016,
      "baseline_log_loss": 0.9790878061178176,
      "baseline_brier": 0.20416058282434948,
      "baseline_directional_accuracy": 0.4166666666666667,
      "best_params": {
        "objective": "multiclass",
        "num_class": 3,
        "metric": "multi_logloss",
        "num_leaves": 31,
        "learning_rate": 0.1,
        "min_child_samples": 5,
        "feature_fraction": 0.9,
        "bagging_fraction": 0.9,
        "bagging_freq": 5,
        "verbose": -1,
        "deterministic": true,
        "seed": 42
      }
    },
    {
      "fold": 1,
      "n_train": 288,
      "n_test": 144,
      "auc": 0.5141524485009947,
      "log_loss": 2.796035830298253,
      "brier": 0.30030747915653405,
      "directional_accuracy": 0.4722222222222222,
      "baseline_auc": 0.4927681887468583,
      "baseline_log_loss": 0.9156941685592529,
      "baseline_brier": 0.19175268319497762,
      "baseline_directional_accuracy": 0.4930555555555556,
      "best_params": {
        "objective": "multiclass",
        "num_class": 3,
        "metric": "multi_logloss",
        "num_leaves": 31,
        "learning_rate": 0.1,
        "min_child_samples": 5,
        "feature_fraction": 0.9,
        "bagging_fraction": 0.9,
        "bagging_freq": 5,
        "verbose": -1,
        "deterministic": true,
        "seed": 42
      }
    },
    {
      "fold": 2,
      "n_train": 432,
      "n_test": 144,
      "auc": 0.519990322612967,
      "log_loss": 2.4176315421739534,
      "brier": 0.29350409048904896,
      "directional_accuracy": 0.4791666666666667,
      "baseline_auc": 0.557400348538852,
      "baseline_log_loss": 0.8330360268409563,
      "baseline_brier": 0.17920883171863647,
      "baseline_directional_accuracy": 0.5138888888888888,
      "best_params": {
        "objective": "multiclass",
        "num_class": 3,
        "metric": "multi_logloss",
        "num_leaves": 31,
        "learning_rate": 0.1,
        "min_child_samples": 5,
        "feature_fraction": 0.9,
        "bagging_fraction": 0.9,
        "bagging_freq": 5,
        "verbose": -1,
        "deterministic": true,
        "seed": 42
      }
    },
    {
      "fold": 3,
      "n_train": 576,
      "n_test": 144,
      "auc": 0.5098659491739199,
      "log_loss": 3.817993049467197,
      "brier": 0.33965735613668596,
      "directional_accuracy": 0.4305555555555556,
      "baseline_auc": 0.49543129998235874,
      "baseline_log_loss": 1.222818946625205,
      "baseline_brier": 0.23258124217031464,
      "baseline_directional_accuracy": 0.3541666666666667,
      "best_params": {
        "objective": "multiclass",
        "num_class": 3,
        "metric": "multi_logloss",
        "num_leaves": 31,
        "learning_rate": 0.1,
        "min_child_samples": 5,
        "feature_fraction": 0.9,
        "bagging_fraction": 0.9,
        "bagging_freq": 5,
        "verbose": -1,
        "deterministic": true,
        "seed": 42
      }
    },
    {
      "fold": 4,
      "n_train": 720,
      "n_test": 144,
      "auc": 0.5068785152495492,
      "log_loss": 3.007665750663873,
      "brier": 0.3500854923218372,
      "directional_accuracy": 0.3680555555555556,
      "baseline_auc": 0.5427385746302089,
      "baseline_log_loss": 1.091592309076676,
      "baseline_brier": 0.21812398337142433,
      "baseline_directional_accuracy": 0.3888888888888889,
      "best_params": {
        "objective": "multiclass",
        "num_class": 3,
        "metric": "multi_logloss",
        "num_leaves": 31,
        "learning_rate": 0.1,
        "min_child_samples": 5,
        "feature_fraction": 0.9,
        "bagging_fraction": 0.9,
        "bagging_freq": 5,
        "verbose": -1,
        "deterministic": true,
        "seed": 42
      }
    }
  ],
  "note": "Per-coin model for sei-network/5m.",
  "directional_call_share": 1.0,
  "directional_call_share_n": 174,
  "directional_call_share_source": "holdout",
  "model_kind": "lightgbm",
  "prior_probs": [],
  "has_regression_head": true,
  "regression_head_stats": {
    "n_train_rows": 612,
    "n_holdout_rows": 154,
    "abs_pred_p50_pct": 0.510702385747712,
    "abs_pred_p95_pct": 0.5605325113787176,
    "abs_pred_max_pct": 0.5605325113787176,
    "mae_pct": 0.3941695533644788,
    "best_iteration": 1
  },
  "gates_alignment": {
    "n": 174,
    "source": "holdout",
    "min_directional_edge": 0.05,
    "min_expected_return_pct": 0.15,
    "aligned_share": 0.7758620689655172,
    "aligned_loud_share": 0.7758620689655172,
    "aligned_quiet_share": 0.0,
    "loud_classifier_quiet_regressor_share": 0.0,
    "quiet_classifier_loud_regressor_share": 0.22413793103448276,
    "dir_edge_p50": 0.11045743235801608,
    "dir_edge_p95": 0.1545741324921135,
    "abs_magnitude_pct_p50": 0.510702385747712,
    "abs_magnitude_pct_p95": 0.557727171346314
  }
}