{
  "coin_id": "bonk",
  "timeframe": "1m",
  "version": "20260422T064912Z",
  "feature_names": [
    "ret1",
    "ret5",
    "ret10",
    "momentum",
    "realizedVol",
    "rsi14",
    "macdLine",
    "macdSignal",
    "macdHist",
    "atr14",
    "atrPct",
    "ema9",
    "ema21",
    "emaSpreadPct",
    "distFromEma9Pct",
    "distFromEma21Pct",
    "bbUpper",
    "bbMiddle",
    "bbLower",
    "bbWidth",
    "bbPctB",
    "bbWidthPct",
    "news_etf_flow",
    "news_regulatory_risk",
    "news_exchange_outage",
    "news_macro_shock",
    "news_whale_move",
    "news_exploit_or_hack",
    "news_stablecoin_event",
    "news_narrative_rotation",
    "news_listing_or_delisting",
    "news_protocol_upgrade",
    "news_high_volume_breakout",
    "news_unusual_volatility",
    "coin_idx"
  ],
  "coin_vocab": [
    "bonk"
  ],
  "n_train_rows": 575,
  "n_test_rows": 480,
  "metrics": {
    "auc": 0.6122322378045204,
    "log_loss": 2.5194811184459676,
    "brier": 0.25326670808205,
    "directional_accuracy": 0.56875
  },
  "baseline_metrics": {
    "auc": 0.5480764444220724,
    "log_loss": 0.7809205295353714,
    "brier": 0.14513762973091368,
    "directional_accuracy": 0.7312500000000001
  },
  "threshold_pct": 0.03,
  "horizon_candles": 1,
  "class_return_means_pct": [
    -0.08968728968308284,
    -5.357505614173906e-06,
    0.14228514670399128
  ],
  "fold_metrics": [
    {
      "fold": 0,
      "n_train": 95,
      "n_test": 96,
      "auc": 0.631534216799786,
      "log_loss": 2.2074874002946276,
      "brier": 0.23877789518824308,
      "directional_accuracy": 0.6041666666666666,
      "baseline_auc": 0.5835546595745137,
      "baseline_log_loss": 0.7438691859121308,
      "baseline_brier": 0.13851469283022888,
      "baseline_directional_accuracy": 0.7395833333333334,
      "best_params": {
        "objective": "multiclass",
        "num_class": 3,
        "metric": "multi_logloss",
        "num_leaves": 15,
        "learning_rate": 0.09230320822645494,
        "min_child_samples": 6,
        "feature_fraction": 0.9,
        "bagging_fraction": 0.9,
        "bagging_freq": 5,
        "verbose": -1,
        "deterministic": true,
        "seed": 42
      }
    },
    {
      "fold": 1,
      "n_train": 191,
      "n_test": 96,
      "auc": 0.5908892696683394,
      "log_loss": 4.366875818594086,
      "brier": 0.4252018510698455,
      "directional_accuracy": 0.2604166666666667,
      "baseline_auc": 0.4871295789900441,
      "baseline_log_loss": 0.7567142691095504,
      "baseline_brier": 0.1393521617490943,
      "baseline_directional_accuracy": 0.7708333333333334,
      "best_params": {
        "objective": "multiclass",
        "num_class": 3,
        "metric": "multi_logloss",
        "num_leaves": 15,
        "learning_rate": 0.09230320822645494,
        "min_child_samples": 6,
        "feature_fraction": 0.9,
        "bagging_fraction": 0.9,
        "bagging_freq": 5,
        "verbose": -1,
        "deterministic": true,
        "seed": 42
      }
    },
    {
      "fold": 2,
      "n_train": 287,
      "n_test": 96,
      "auc": 0.6429194673019974,
      "log_loss": 1.6532806047611288,
      "brier": 0.19313462823381955,
      "directional_accuracy": 0.6770833333333334,
      "baseline_auc": 0.5550386909498356,
      "baseline_log_loss": 0.6913042932434467,
      "baseline_brier": 0.123686144616224,
      "baseline_directional_accuracy": 0.78125,
      "best_params": {
        "objective": "multiclass",
        "num_class": 3,
        "metric": "multi_logloss",
        "num_leaves": 15,
        "learning_rate": 0.09230320822645494,
        "min_child_samples": 6,
        "feature_fraction": 0.9,
        "bagging_fraction": 0.9,
        "bagging_freq": 5,
        "verbose": -1,
        "deterministic": true,
        "seed": 42
      }
    },
    {
      "fold": 3,
      "n_train": 383,
      "n_test": 96,
      "auc": 0.6256062610229277,
      "log_loss": 1.3477767940924714,
      "brier": 0.159092668133676,
      "directional_accuracy": 0.7083333333333334,
      "baseline_auc": 0.5021219135802469,
      "baseline_log_loss": 0.7443119794681022,
      "baseline_brier": 0.13568407986280187,
      "baseline_directional_accuracy": 0.75,
      "best_params": {
        "objective": "multiclass",
        "num_class": 3,
        "metric": "multi_logloss",
        "num_leaves": 15,
        "learning_rate": 0.09230320822645494,
        "min_child_samples": 6,
        "feature_fraction": 0.9,
        "bagging_fraction": 0.9,
        "bagging_freq": 5,
        "verbose": -1,
        "deterministic": true,
        "seed": 42
      }
    },
    {
      "fold": 4,
      "n_train": 479,
      "n_test": 96,
      "auc": 0.5702119742295512,
      "log_loss": 3.0219849744875256,
      "brier": 0.25012649778466595,
      "directional_accuracy": 0.59375,
      "baseline_auc": 0.6125373790157217,
      "baseline_log_loss": 0.9684029199436264,
      "baseline_brier": 0.18845106959621938,
      "baseline_directional_accuracy": 0.6145833333333334,
      "best_params": {
        "objective": "multiclass",
        "num_class": 3,
        "metric": "multi_logloss",
        "num_leaves": 31,
        "learning_rate": 0.09340308327072934,
        "min_child_samples": 9,
        "feature_fraction": 0.9,
        "bagging_fraction": 0.9,
        "bagging_freq": 5,
        "verbose": -1,
        "deterministic": true,
        "seed": 42
      }
    }
  ],
  "note": "Per-coin model for bonk/1m.",
  "directional_call_share": 0.043478260869565216,
  "directional_call_share_n": 115,
  "directional_call_share_source": "holdout",
  "model_kind": "lightgbm",
  "prior_probs": []
}