{
  "coin_id": "worldcoin-wld",
  "timeframe": "1m",
  "version": "20260422T090614Z",
  "feature_names": [
    "ret1",
    "ret5",
    "ret10",
    "momentum",
    "realizedVol",
    "rsi14",
    "macdLine",
    "macdSignal",
    "macdHist",
    "atr14",
    "atrPct",
    "ema9",
    "ema21",
    "emaSpreadPct",
    "distFromEma9Pct",
    "distFromEma21Pct",
    "bbUpper",
    "bbMiddle",
    "bbLower",
    "bbWidth",
    "bbPctB",
    "bbWidthPct",
    "news_etf_flow",
    "news_regulatory_risk",
    "news_exchange_outage",
    "news_macro_shock",
    "news_whale_move",
    "news_exploit_or_hack",
    "news_stablecoin_event",
    "news_narrative_rotation",
    "news_listing_or_delisting",
    "news_protocol_upgrade",
    "news_high_volume_breakout",
    "news_unusual_volatility",
    "coin_idx"
  ],
  "coin_vocab": [
    "worldcoin-wld"
  ],
  "n_train_rows": 1416,
  "n_test_rows": 1180,
  "metrics": {
    "auc": 0.5407374996180034,
    "log_loss": 2.0371032246002128,
    "brier": 0.2657121712581431,
    "directional_accuracy": 0.5093220338983051
  },
  "baseline_metrics": {
    "auc": 0.47614432200461965,
    "log_loss": 1.0086989090753375,
    "brier": 0.17813657422249424,
    "directional_accuracy": 0.5915254237288136
  },
  "threshold_pct": 0.03,
  "horizon_candles": 1,
  "class_return_means_pct": [
    -0.5978532120977763,
    -0.000361132254241255,
    0.5714947350461915
  ],
  "fold_metrics": [
    {
      "fold": 0,
      "n_train": 236,
      "n_test": 236,
      "auc": 0.46928384185743005,
      "log_loss": 1.8292647094711993,
      "brier": 0.2858265268106839,
      "directional_accuracy": 0.4872881355932203,
      "baseline_auc": 0.506644246309687,
      "baseline_log_loss": 0.7610954488762912,
      "baseline_brier": 0.1718311172493754,
      "baseline_directional_accuracy": 0.5084745762711864,
      "best_params": {
        "objective": "multiclass",
        "num_class": 3,
        "metric": "multi_logloss",
        "num_leaves": 63,
        "learning_rate": 0.06807764614983679,
        "min_child_samples": 12,
        "feature_fraction": 0.9,
        "bagging_fraction": 0.9,
        "bagging_freq": 5,
        "verbose": -1,
        "deterministic": true,
        "seed": 42
      }
    },
    {
      "fold": 1,
      "n_train": 472,
      "n_test": 236,
      "auc": 0.4673891242944545,
      "log_loss": 3.191687726267132,
      "brier": 0.32124283708514384,
      "directional_accuracy": 0.3983050847457627,
      "baseline_auc": 0.35868351936662207,
      "baseline_log_loss": 1.7225757894289513,
      "baseline_brier": 0.2290249965257366,
      "baseline_directional_accuracy": 0.4067796610169492,
      "best_params": {
        "objective": "multiclass",
        "num_class": 3,
        "metric": "multi_logloss",
        "num_leaves": 15,
        "learning_rate": 0.09230320822645494,
        "min_child_samples": 6,
        "feature_fraction": 0.9,
        "bagging_fraction": 0.9,
        "bagging_freq": 5,
        "verbose": -1,
        "deterministic": true,
        "seed": 42
      }
    },
    {
      "fold": 2,
      "n_train": 708,
      "n_test": 236,
      "auc": 0.5439237006855518,
      "log_loss": 1.9919033882411163,
      "brier": 0.286864411586336,
      "directional_accuracy": 0.4661016949152542,
      "baseline_auc": 0.5114949563973797,
      "baseline_log_loss": 0.8723716100970709,
      "baseline_brier": 0.16823340035166914,
      "baseline_directional_accuracy": 0.690677966101695,
      "best_params": {
        "objective": "multiclass",
        "num_class": 3,
        "metric": "multi_logloss",
        "num_leaves": 31,
        "learning_rate": 0.09340308327072934,
        "min_child_samples": 9,
        "feature_fraction": 0.9,
        "bagging_fraction": 0.9,
        "bagging_freq": 5,
        "verbose": -1,
        "deterministic": true,
        "seed": 42
      }
    },
    {
      "fold": 3,
      "n_train": 944,
      "n_test": 236,
      "auc": 0.5960029489501242,
      "log_loss": 1.3688846907469947,
      "brier": 0.20565427036558584,
      "directional_accuracy": 0.6059322033898306,
      "baseline_auc": 0.46283767878794624,
      "baseline_log_loss": 0.7759540237751043,
      "baseline_brier": 0.14461216049318282,
      "baseline_directional_accuracy": 0.7330508474576272,
      "best_params": {
        "objective": "multiclass",
        "num_class": 3,
        "metric": "multi_logloss",
        "num_leaves": 63,
        "learning_rate": 0.0938393881004349,
        "min_child_samples": 23,
        "feature_fraction": 0.9,
        "bagging_fraction": 0.9,
        "bagging_freq": 5,
        "verbose": -1,
        "deterministic": true,
        "seed": 42
      }
    },
    {
      "fold": 4,
      "n_train": 1180,
      "n_test": 236,
      "auc": 0.6270878823024567,
      "log_loss": 1.8037756082746192,
      "brier": 0.2289728104429661,
      "directional_accuracy": 0.5889830508474576,
      "baseline_auc": 0.5410612091614634,
      "baseline_log_loss": 0.9114976731992707,
      "baseline_brier": 0.17698119649250732,
      "baseline_directional_accuracy": 0.6186440677966102,
      "best_params": {
        "objective": "multiclass",
        "num_class": 3,
        "metric": "multi_logloss",
        "num_leaves": 63,
        "learning_rate": 0.0938393881004349,
        "min_child_samples": 23,
        "feature_fraction": 0.9,
        "bagging_fraction": 0.9,
        "bagging_freq": 5,
        "verbose": -1,
        "deterministic": true,
        "seed": 42
      }
    }
  ],
  "note": "Per-coin model for worldcoin-wld/1m.",
  "directional_call_share": 0.017605633802816902,
  "directional_call_share_n": 284,
  "directional_call_share_source": "holdout",
  "model_kind": "lightgbm",
  "prior_probs": []
}