{
  "coin_id": "injective-protocol",
  "timeframe": "1m",
  "version": "20260422T065637Z",
  "feature_names": [
    "ret1",
    "ret5",
    "ret10",
    "momentum",
    "realizedVol",
    "rsi14",
    "macdLine",
    "macdSignal",
    "macdHist",
    "atr14",
    "atrPct",
    "ema9",
    "ema21",
    "emaSpreadPct",
    "distFromEma9Pct",
    "distFromEma21Pct",
    "bbUpper",
    "bbMiddle",
    "bbLower",
    "bbWidth",
    "bbPctB",
    "bbWidthPct",
    "news_etf_flow",
    "news_regulatory_risk",
    "news_exchange_outage",
    "news_macro_shock",
    "news_whale_move",
    "news_exploit_or_hack",
    "news_stablecoin_event",
    "news_narrative_rotation",
    "news_listing_or_delisting",
    "news_protocol_upgrade",
    "news_high_volume_breakout",
    "news_unusual_volatility",
    "coin_idx"
  ],
  "coin_vocab": [
    "injective-protocol"
  ],
  "n_train_rows": 583,
  "n_test_rows": 485,
  "metrics": {
    "auc": 0.6456378106019669,
    "log_loss": 1.306789677289008,
    "brier": 0.1933374847205085,
    "directional_accuracy": 0.6185567010309279
  },
  "baseline_metrics": {
    "auc": 0.5319001730445064,
    "log_loss": 0.7659629010543743,
    "brier": 0.14351857867174453,
    "directional_accuracy": 0.7319587628865979
  },
  "threshold_pct": 0.03,
  "horizon_candles": 1,
  "class_return_means_pct": [
    -0.08598749365247534,
    0.0009912005853846564,
    0.1192110653296473
  ],
  "fold_metrics": [
    {
      "fold": 0,
      "n_train": 97,
      "n_test": 97,
      "auc": 0.6262943272805979,
      "log_loss": 1.2883318628138345,
      "brier": 0.17636027276376595,
      "directional_accuracy": 0.6494845360824743,
      "baseline_auc": 0.48157967417844133,
      "baseline_log_loss": 0.7650417445543062,
      "baseline_brier": 0.14038807526311844,
      "baseline_directional_accuracy": 0.7422680412371134,
      "best_params": {
        "objective": "multiclass",
        "num_class": 3,
        "metric": "multi_logloss",
        "num_leaves": 31,
        "learning_rate": 0.04488170057528786,
        "min_child_samples": 9,
        "feature_fraction": 0.9,
        "bagging_fraction": 0.9,
        "bagging_freq": 5,
        "verbose": -1,
        "deterministic": true,
        "seed": 42
      }
    },
    {
      "fold": 1,
      "n_train": 194,
      "n_test": 97,
      "auc": 0.5336656034024455,
      "log_loss": 1.6047623602195162,
      "brier": 0.274910255401912,
      "directional_accuracy": 0.4020618556701031,
      "baseline_auc": 0.5237699492343455,
      "baseline_log_loss": 0.6857208094393996,
      "baseline_brier": 0.12222698161600655,
      "baseline_directional_accuracy": 0.7835051546391752,
      "best_params": {
        "objective": "multiclass",
        "num_class": 3,
        "metric": "multi_logloss",
        "num_leaves": 31,
        "learning_rate": 0.04488170057528786,
        "min_child_samples": 9,
        "feature_fraction": 0.9,
        "bagging_fraction": 0.9,
        "bagging_freq": 5,
        "verbose": -1,
        "deterministic": true,
        "seed": 42
      }
    },
    {
      "fold": 2,
      "n_train": 291,
      "n_test": 97,
      "auc": 0.6205680716202667,
      "log_loss": 1.3549818567841867,
      "brier": 0.16158221793089256,
      "directional_accuracy": 0.711340206185567,
      "baseline_auc": 0.5376751124767304,
      "baseline_log_loss": 0.7164211077994078,
      "baseline_brier": 0.13400489466133003,
      "baseline_directional_accuracy": 0.7525773195876289,
      "best_params": {
        "objective": "multiclass",
        "num_class": 3,
        "metric": "multi_logloss",
        "num_leaves": 63,
        "learning_rate": 0.06807764614983679,
        "min_child_samples": 12,
        "feature_fraction": 0.9,
        "bagging_fraction": 0.9,
        "bagging_freq": 5,
        "verbose": -1,
        "deterministic": true,
        "seed": 42
      }
    },
    {
      "fold": 3,
      "n_train": 388,
      "n_test": 97,
      "auc": 0.7709089387037302,
      "log_loss": 0.9710084403778144,
      "brier": 0.13662851068371382,
      "directional_accuracy": 0.7422680412371134,
      "baseline_auc": 0.5255941014163631,
      "baseline_log_loss": 0.7585756898631985,
      "baseline_brier": 0.14266674511927657,
      "baseline_directional_accuracy": 0.7319587628865979,
      "best_params": {
        "objective": "multiclass",
        "num_class": 3,
        "metric": "multi_logloss",
        "num_leaves": 15,
        "learning_rate": 0.09230320822645494,
        "min_child_samples": 6,
        "feature_fraction": 0.9,
        "bagging_fraction": 0.9,
        "bagging_freq": 5,
        "verbose": -1,
        "deterministic": true,
        "seed": 42
      }
    },
    {
      "fold": 4,
      "n_train": 485,
      "n_test": 97,
      "auc": 0.6767521120027946,
      "log_loss": 1.3148638662496888,
      "brier": 0.2172061668222581,
      "directional_accuracy": 0.5876288659793815,
      "baseline_auc": 0.5908820279166519,
      "baseline_log_loss": 0.9040551536155595,
      "baseline_brier": 0.17830619669899106,
      "baseline_directional_accuracy": 0.6494845360824743,
      "best_params": {
        "objective": "multiclass",
        "num_class": 3,
        "metric": "multi_logloss",
        "num_leaves": 15,
        "learning_rate": 0.060113218328857784,
        "min_child_samples": 16,
        "feature_fraction": 0.9,
        "bagging_fraction": 0.9,
        "bagging_freq": 5,
        "verbose": -1,
        "deterministic": true,
        "seed": 42
      }
    }
  ],
  "note": "Per-coin model for injective-protocol/1m.",
  "directional_call_share": 0.02564102564102564,
  "directional_call_share_n": 117,
  "directional_call_share_source": "holdout",
  "model_kind": "lightgbm",
  "prior_probs": []
}