{
  "coin_id": "pepe",
  "timeframe": "2h",
  "version": "20260422T095229Z",
  "feature_names": [
    "ret1",
    "ret5",
    "ret10",
    "momentum",
    "realizedVol",
    "rsi14",
    "macdLine",
    "macdSignal",
    "macdHist",
    "atr14",
    "atrPct",
    "ema9",
    "ema21",
    "emaSpreadPct",
    "distFromEma9Pct",
    "distFromEma21Pct",
    "bbUpper",
    "bbMiddle",
    "bbLower",
    "bbWidth",
    "bbPctB",
    "bbWidthPct",
    "news_etf_flow",
    "news_regulatory_risk",
    "news_exchange_outage",
    "news_macro_shock",
    "news_whale_move",
    "news_exploit_or_hack",
    "news_stablecoin_event",
    "news_narrative_rotation",
    "news_listing_or_delisting",
    "news_protocol_upgrade",
    "news_high_volume_breakout",
    "news_unusual_volatility",
    "coin_idx"
  ],
  "coin_vocab": [
    "pepe"
  ],
  "n_train_rows": 325,
  "n_test_rows": 270,
  "metrics": {
    "auc": 0.541160681376704,
    "log_loss": 4.0855944383156695,
    "brier": 0.37656695792805045,
    "directional_accuracy": 0.3740740740740741
  },
  "baseline_metrics": {
    "auc": 0.5579612211065441,
    "log_loss": 1.1811906904761256,
    "brier": 0.23765633926081686,
    "directional_accuracy": 0.3555555555555555
  },
  "threshold_pct": 0.28,
  "horizon_candles": 1,
  "class_return_means_pct": [
    -0.9270086067528436,
    0.017854469350462837,
    1.1529666202665
  ],
  "fold_metrics": [
    {
      "fold": 0,
      "n_train": 54,
      "n_test": 54,
      "auc": 0.47420634920634924,
      "log_loss": 4.719935971065215,
      "brier": 0.39783025121193377,
      "directional_accuracy": 0.2962962962962963,
      "baseline_auc": 0.5566378066378066,
      "baseline_log_loss": 1.4815695222139904,
      "baseline_brier": 0.2929835944915233,
      "baseline_directional_accuracy": 0.24074074074074073,
      "best_params": {
        "objective": "multiclass",
        "num_class": 3,
        "metric": "multi_logloss",
        "num_leaves": 31,
        "learning_rate": 0.1,
        "min_child_samples": 5,
        "feature_fraction": 0.9,
        "bagging_fraction": 0.9,
        "bagging_freq": 5,
        "verbose": -1,
        "deterministic": true,
        "seed": 42
      }
    },
    {
      "fold": 1,
      "n_train": 108,
      "n_test": 54,
      "auc": 0.4816402412954255,
      "log_loss": 4.290283803914927,
      "brier": 0.43293691036360515,
      "directional_accuracy": 0.2962962962962963,
      "baseline_auc": 0.6171391070577492,
      "baseline_log_loss": 1.0685965258752002,
      "baseline_brier": 0.21886859015937435,
      "baseline_directional_accuracy": 0.37037037037037035,
      "best_params": {
        "objective": "multiclass",
        "num_class": 3,
        "metric": "multi_logloss",
        "num_leaves": 31,
        "learning_rate": 0.1,
        "min_child_samples": 5,
        "feature_fraction": 0.9,
        "bagging_fraction": 0.9,
        "bagging_freq": 5,
        "verbose": -1,
        "deterministic": true,
        "seed": 42
      }
    },
    {
      "fold": 2,
      "n_train": 162,
      "n_test": 54,
      "auc": 0.5867497259690416,
      "log_loss": 3.0074284748236697,
      "brier": 0.3216528829547363,
      "directional_accuracy": 0.42592592592592593,
      "baseline_auc": 0.5951311211899696,
      "baseline_log_loss": 1.0628494169608784,
      "baseline_brier": 0.21283213634499729,
      "baseline_directional_accuracy": 0.4074074074074074,
      "best_params": {
        "objective": "multiclass",
        "num_class": 3,
        "metric": "multi_logloss",
        "num_leaves": 31,
        "learning_rate": 0.1,
        "min_child_samples": 5,
        "feature_fraction": 0.9,
        "bagging_fraction": 0.9,
        "bagging_freq": 5,
        "verbose": -1,
        "deterministic": true,
        "seed": 42
      }
    },
    {
      "fold": 3,
      "n_train": 216,
      "n_test": 54,
      "auc": 0.6608216473243069,
      "log_loss": 3.513788198924306,
      "brier": 0.3432533956330994,
      "directional_accuracy": 0.46296296296296297,
      "baseline_auc": 0.5066244009109013,
      "baseline_log_loss": 1.1917637210710739,
      "baseline_brier": 0.24059147990124727,
      "baseline_directional_accuracy": 0.3333333333333333,
      "best_params": {
        "objective": "multiclass",
        "num_class": 3,
        "metric": "multi_logloss",
        "num_leaves": 31,
        "learning_rate": 0.1,
        "min_child_samples": 5,
        "feature_fraction": 0.9,
        "bagging_fraction": 0.9,
        "bagging_freq": 5,
        "verbose": -1,
        "deterministic": true,
        "seed": 42
      }
    },
    {
      "fold": 4,
      "n_train": 270,
      "n_test": 54,
      "auc": 0.5023854430883968,
      "log_loss": 4.896535742850228,
      "brier": 0.3871613494768775,
      "directional_accuracy": 0.3888888888888889,
      "baseline_auc": 0.5142736697362937,
      "baseline_log_loss": 1.101174266259486,
      "baseline_brier": 0.22300589540694196,
      "baseline_directional_accuracy": 0.42592592592592593,
      "best_params": {
        "objective": "multiclass",
        "num_class": 3,
        "metric": "multi_logloss",
        "num_leaves": 31,
        "learning_rate": 0.1,
        "min_child_samples": 5,
        "feature_fraction": 0.9,
        "bagging_fraction": 0.9,
        "bagging_freq": 5,
        "verbose": -1,
        "deterministic": true,
        "seed": 42
      }
    }
  ],
  "note": "Per-coin model for pepe/2h.",
  "directional_call_share": 0.9846153846153847,
  "directional_call_share_n": 65,
  "directional_call_share_source": "holdout",
  "model_kind": "lightgbm",
  "prior_probs": [],
  "has_regression_head": true,
  "regression_head_stats": {
    "n_train_rows": 191,
    "n_holdout_rows": 48,
    "abs_pred_p50_pct": 1.0535030572945632,
    "abs_pred_p95_pct": 1.2097614850545282,
    "abs_pred_max_pct": 1.3234418195651205,
    "mae_pct": 0.42754251529853865,
    "best_iteration": 4
  },
  "gates_alignment": {
    "n": 65,
    "source": "holdout",
    "min_directional_edge": 0.05,
    "min_expected_return_pct": 0.15,
    "aligned_share": 1.0,
    "aligned_loud_share": 1.0,
    "aligned_quiet_share": 0.0,
    "loud_classifier_quiet_regressor_share": 0.0,
    "quiet_classifier_loud_regressor_share": 0.0,
    "dir_edge_p50": 0.2496769562096195,
    "dir_edge_p95": 0.6860507224653755,
    "abs_magnitude_pct_p50": 1.0535030572945632,
    "abs_magnitude_pct_p95": 1.205763440537918
  }
}