{
  "coin_id": "dogwifcoin",
  "timeframe": "6h",
  "version": "20260429T180331Z",
  "feature_names": [
    "ret1",
    "ret5",
    "ret10",
    "momentum",
    "realizedVol",
    "rsi14",
    "macdLine",
    "macdSignal",
    "macdHist",
    "atr14",
    "atrPct",
    "ema9",
    "ema21",
    "emaSpreadPct",
    "distFromEma9Pct",
    "distFromEma21Pct",
    "bbUpper",
    "bbMiddle",
    "bbLower",
    "bbWidth",
    "bbPctB",
    "bbWidthPct",
    "volZScore60",
    "funding_rate",
    "open_interest_z",
    "liquidations_1h_usd",
    "bid_ask_spread_bps",
    "btc_lead_ret_5m",
    "eth_lead_ret_5m",
    "btc_liquidations_1h_usd",
    "eth_liquidations_1h_usd",
    "sol_liquidations_1h_usd",
    "session_asia",
    "session_eu",
    "session_us",
    "hour_of_day_sin",
    "hour_of_day_cos",
    "coin_idx"
  ],
  "coin_vocab": [
    "dogwifcoin"
  ],
  "n_train_rows": 1396,
  "n_test_rows": 1160,
  "metrics": {
    "auc": 0.5212362254921382,
    "log_loss": 3.851476087755208,
    "brier": 0.35452101960667026,
    "directional_accuracy": 0.40948275862068967
  },
  "baseline_metrics": {
    "auc": 0.5304733186116384,
    "log_loss": 1.0797889519764063,
    "brier": 0.21930791871944302,
    "directional_accuracy": 0.43534482758620696
  },
  "threshold_pct": 0.8075,
  "horizon_candles": 4,
  "class_return_means_pct": [
    -5.007980539580478,
    -0.004309621720448579,
    5.575434364286845
  ],
  "fold_metrics": [
    {
      "fold": 0,
      "n_train": 232,
      "n_test": 232,
      "auc": 0.5195252487091216,
      "log_loss": 2.933644499560833,
      "brier": 0.31471586522241884,
      "directional_accuracy": 0.4525862068965517,
      "baseline_auc": 0.5395701970918624,
      "baseline_log_loss": 0.9930029076366808,
      "baseline_brier": 0.2032833866814933,
      "baseline_directional_accuracy": 0.5086206896551724,
      "best_params": {
        "objective": "multiclass",
        "num_class": 3,
        "metric": "multi_logloss",
        "num_leaves": 31,
        "learning_rate": 0.09340308327072934,
        "min_child_samples": 9,
        "feature_fraction": 0.9,
        "bagging_fraction": 0.9,
        "bagging_freq": 5,
        "verbose": -1,
        "deterministic": true,
        "seed": 42
      },
      "feature_importance": [
        309.0721099425028,
        88.73472943328262,
        339.8855190515801,
        470.0396242269547,
        313.35673697070007,
        134.49585450692322,
        555.9037558434446,
        314.51446832237036,
        260.9752235463001,
        411.8903632472188,
        272.7290501064163,
        202.52711386363782,
        206.8346301028523,
        382.1186886052389,
        106.36481609983959,
        179.8095837442735,
        196.07143928125205,
        196.08431080878228,
        220.7097015082233,
        156.84864126868493,
        172.4688813916576,
        303.80013148278533,
        279.9716316175864,
        0.0,
        0.0,
        0.0,
        0.0,
        0.0,
        0.0,
        0.0,
        0.0,
        0.0,
        3.088422169632395,
        9.959213709991468,
        2.669989845657415,
        22.868352032992334,
        31.726511633119117,
        0.0
      ],
      "feature_names": [
        "ret1",
        "ret5",
        "ret10",
        "momentum",
        "realizedVol",
        "rsi14",
        "macdLine",
        "macdSignal",
        "macdHist",
        "atr14",
        "atrPct",
        "ema9",
        "ema21",
        "emaSpreadPct",
        "distFromEma9Pct",
        "distFromEma21Pct",
        "bbUpper",
        "bbMiddle",
        "bbLower",
        "bbWidth",
        "bbPctB",
        "bbWidthPct",
        "volZScore60",
        "funding_rate",
        "open_interest_z",
        "liquidations_1h_usd",
        "bid_ask_spread_bps",
        "btc_lead_ret_5m",
        "eth_lead_ret_5m",
        "btc_liquidations_1h_usd",
        "eth_liquidations_1h_usd",
        "sol_liquidations_1h_usd",
        "session_asia",
        "session_eu",
        "session_us",
        "hour_of_day_sin",
        "hour_of_day_cos",
        "coin_idx"
      ]
    },
    {
      "fold": 1,
      "n_train": 464,
      "n_test": 232,
      "auc": 0.4917765771087823,
      "log_loss": 4.768126767903592,
      "brier": 0.39340801877820347,
      "directional_accuracy": 0.3706896551724138,
      "baseline_auc": 0.533665588145181,
      "baseline_log_loss": 1.1691873112372686,
      "baseline_brier": 0.22992597782933752,
      "baseline_directional_accuracy": 0.4396551724137931,
      "best_params": {
        "objective": "multiclass",
        "num_class": 3,
        "metric": "multi_logloss",
        "num_leaves": 31,
        "learning_rate": 0.09340308327072934,
        "min_child_samples": 9,
        "feature_fraction": 0.9,
        "bagging_fraction": 0.9,
        "bagging_freq": 5,
        "verbose": -1,
        "deterministic": true,
        "seed": 42
      },
      "feature_importance": [
        560.2487894204461,
        379.8159993876334,
        941.6607397638363,
        589.8889185534051,
        608.8165568719099,
        348.7261181507838,
        590.9899047547652,
        879.7479120935864,
        710.3354976934614,
        640.9841834293093,
        653.5823003101459,
        556.0205989388309,
        498.31059592384054,
        292.0413525436881,
        291.88772626445814,
        300.24575366427325,
        331.62275896302293,
        332.9457116455756,
        781.4868358625572,
        364.2650488612237,
        278.4357626627407,
        662.0617034982897,
        685.0063709551508,
        0.0,
        0.0,
        0.0,
        0.0,
        0.0,
        0.0,
        0.0,
        0.0,
        0.0,
        33.853938339885644,
        26.019818329663394,
        26.24771924273955,
        28.744141009941092,
        180.904571521276,
        0.0
      ],
      "feature_names": [
        "ret1",
        "ret5",
        "ret10",
        "momentum",
        "realizedVol",
        "rsi14",
        "macdLine",
        "macdSignal",
        "macdHist",
        "atr14",
        "atrPct",
        "ema9",
        "ema21",
        "emaSpreadPct",
        "distFromEma9Pct",
        "distFromEma21Pct",
        "bbUpper",
        "bbMiddle",
        "bbLower",
        "bbWidth",
        "bbPctB",
        "bbWidthPct",
        "volZScore60",
        "funding_rate",
        "open_interest_z",
        "liquidations_1h_usd",
        "bid_ask_spread_bps",
        "btc_lead_ret_5m",
        "eth_lead_ret_5m",
        "btc_liquidations_1h_usd",
        "eth_liquidations_1h_usd",
        "sol_liquidations_1h_usd",
        "session_asia",
        "session_eu",
        "session_us",
        "hour_of_day_sin",
        "hour_of_day_cos",
        "coin_idx"
      ]
    },
    {
      "fold": 2,
      "n_train": 696,
      "n_test": 232,
      "auc": 0.57273871515706,
      "log_loss": 4.135136158759896,
      "brier": 0.3717845774262274,
      "directional_accuracy": 0.39655172413793105,
      "baseline_auc": 0.531269226272066,
      "baseline_log_loss": 1.1520600225426487,
      "baseline_brier": 0.2422719837143048,
      "baseline_directional_accuracy": 0.3577586206896552,
      "best_params": {
        "objective": "multiclass",
        "num_class": 3,
        "metric": "multi_logloss",
        "num_leaves": 31,
        "learning_rate": 0.09340308327072934,
        "min_child_samples": 9,
        "feature_fraction": 0.9,
        "bagging_fraction": 0.9,
        "bagging_freq": 5,
        "verbose": -1,
        "deterministic": true,
        "seed": 42
      },