{
  "coin_id": "sei-network",
  "timeframe": "5m",
  "version": "20260422T151759Z",
  "feature_names": [
    "ret1",
    "ret5",
    "ret10",
    "momentum",
    "realizedVol",
    "rsi14",
    "macdLine",
    "macdSignal",
    "macdHist",
    "atr14",
    "atrPct",
    "ema9",
    "ema21",
    "emaSpreadPct",
    "distFromEma9Pct",
    "distFromEma21Pct",
    "bbUpper",
    "bbMiddle",
    "bbLower",
    "bbWidth",
    "bbPctB",
    "bbWidthPct",
    "news_etf_flow",
    "news_regulatory_risk",
    "news_exchange_outage",
    "news_macro_shock",
    "news_whale_move",
    "news_exploit_or_hack",
    "news_stablecoin_event",
    "news_narrative_rotation",
    "news_listing_or_delisting",
    "news_protocol_upgrade",
    "news_high_volume_breakout",
    "news_unusual_volatility",
    "coin_idx"
  ],
  "coin_vocab": [
    "sei-network"
  ],
  "n_train_rows": 880,
  "n_test_rows": 730,
  "metrics": {
    "auc": 0.5222717127033458,
    "log_loss": 2.619996247722951,
    "brier": 0.3143939878705003,
    "directional_accuracy": 0.44794520547945205
  },
  "baseline_metrics": {
    "auc": 0.5176279642073058,
    "log_loss": 1.0325966881158983,
    "brier": 0.20880540329657737,
    "directional_accuracy": 0.4342465753424657
  },
  "threshold_pct": 0.04,
  "horizon_candles": 1,
  "class_return_means_pct": [
    -0.43992536173019836,
    -0.002608076922744651,
    0.4860093680467322
  ],
  "fold_metrics": [
    {
      "fold": 0,
      "n_train": 146,
      "n_test": 146,
      "auc": 0.5595773313033785,
      "log_loss": 2.2409840818281084,
      "brier": 0.2974071995370498,
      "directional_accuracy": 0.4863013698630137,
      "baseline_auc": 0.5116951026616409,
      "baseline_log_loss": 1.0476984476965185,
      "baseline_brier": 0.2151165737511149,
      "baseline_directional_accuracy": 0.4520547945205479,
      "best_params": {
        "objective": "multiclass",
        "num_class": 3,
        "metric": "multi_logloss",
        "num_leaves": 31,
        "learning_rate": 0.1,
        "min_child_samples": 5,
        "feature_fraction": 0.9,
        "bagging_fraction": 0.9,
        "bagging_freq": 5,
        "verbose": -1,
        "deterministic": true,
        "seed": 42
      }
    },
    {
      "fold": 1,
      "n_train": 292,
      "n_test": 146,
      "auc": 0.49444476834378337,
      "log_loss": 2.7845165273480825,
      "brier": 0.30571837408811625,
      "directional_accuracy": 0.4863013698630137,
      "baseline_auc": 0.4967225583169614,
      "baseline_log_loss": 0.9196815366520719,
      "baseline_brier": 0.19282155110199709,
      "baseline_directional_accuracy": 0.4794520547945205,
      "best_params": {
        "objective": "multiclass",
        "num_class": 3,
        "metric": "multi_logloss",
        "num_leaves": 31,
        "learning_rate": 0.1,
        "min_child_samples": 5,
        "feature_fraction": 0.9,
        "bagging_fraction": 0.9,
        "bagging_freq": 5,
        "verbose": -1,
        "deterministic": true,
        "seed": 42
      }
    },
    {
      "fold": 2,
      "n_train": 438,
      "n_test": 146,
      "auc": 0.5088523588523589,
      "log_loss": 2.4308721965272544,
      "brier": 0.2847069828079292,
      "directional_accuracy": 0.5,
      "baseline_auc": 0.5713309900809902,
      "baseline_log_loss": 0.8414240281340037,
      "baseline_brier": 0.1802942379212745,
      "baseline_directional_accuracy": 0.5273972602739726,
      "best_params": {
        "objective": "multiclass",
        "num_class": 3,
        "metric": "multi_logloss",
        "num_leaves": 31,
        "learning_rate": 0.1,
        "min_child_samples": 5,
        "feature_fraction": 0.9,
        "bagging_fraction": 0.9,
        "bagging_freq": 5,
        "verbose": -1,
        "deterministic": true,
        "seed": 42
      }
    },
    {
      "fold": 3,
      "n_train": 584,
      "n_test": 146,
      "auc": 0.5659556533315382,
      "log_loss": 2.7494869485440785,
      "brier": 0.3284410458625166,
      "directional_accuracy": 0.4178082191780822,
      "baseline_auc": 0.4788052000746191,
      "baseline_log_loss": 1.267196521336705,
      "baseline_brier": 0.23856778884242483,
      "baseline_directional_accuracy": 0.3219178082191781,
      "best_params": {
        "objective": "multiclass",
        "num_class": 3,
        "metric": "multi_logloss",
        "num_leaves": 31,
        "learning_rate": 0.1,
        "min_child_samples": 5,
        "feature_fraction": 0.9,
        "bagging_fraction": 0.9,
        "bagging_freq": 5,
        "verbose": -1,
        "deterministic": true,
        "seed": 42
      }
    },
    {
      "fold": 4,
      "n_train": 730,
      "n_test": 146,
      "auc": 0.4825284516856701,
      "log_loss": 2.8941214843672336,
      "brier": 0.35569633705688974,
      "directional_accuracy": 0.3493150684931507,
      "baseline_auc": 0.5295859699023179,
      "baseline_log_loss": 1.0869829067601933,
      "baseline_brier": 0.21722686486607554,
      "baseline_directional_accuracy": 0.3904109589041096,
      "best_params": {
        "objective": "multiclass",
        "num_class": 3,
        "metric": "multi_logloss",
        "num_leaves": 31,
        "learning_rate": 0.1,
        "min_child_samples": 5,
        "feature_fraction": 0.9,
        "bagging_fraction": 0.9,
        "bagging_freq": 5,
        "verbose": -1,
        "deterministic": true,
        "seed": 42
      }
    }
  ],
  "note": "Per-coin model for sei-network/5m.",
  "directional_call_share": 1.0,
  "directional_call_share_n": 176,
  "directional_call_share_source": "holdout",
  "model_kind": "lightgbm",
  "prior_probs": [],
  "has_regression_head": true,
  "regression_head_stats": {
    "n_train_rows": 618,
    "n_holdout_rows": 155,
    "abs_pred_p50_pct": 0.40078382998304035,
    "abs_pred_p95_pct": 0.6961357646225751,
    "abs_pred_max_pct": 0.825949432978144,
    "mae_pct": 0.32989672068045545,
    "best_iteration": 18
  },
  "gates_alignment": {
    "n": 176,
    "source": "holdout",
    "min_directional_edge": 0.05,
    "min_expected_return_pct": 0.15,
    "aligned_share": 0.5,
    "aligned_loud_share": 0.5,
    "aligned_quiet_share": 0.0,
    "loud_classifier_quiet_regressor_share": 0.0,
    "quiet_classifier_loud_regressor_share": 0.5,
    "dir_edge_p50": 0.0702411149013091,
    "dir_edge_p95": 0.39427570093457953,
    "abs_magnitude_pct_p50": 0.40172315391653,
    "abs_magnitude_pct_p95": 0.6953694522624259
  }
}