{
  "coin_id": "floki-inu",
  "timeframe": "1m",
  "version": "20260422T143549Z",
  "feature_names": [
    "ret1",
    "ret5",
    "ret10",
    "momentum",
    "realizedVol",
    "rsi14",
    "macdLine",
    "macdSignal",
    "macdHist",
    "atr14",
    "atrPct",
    "ema9",
    "ema21",
    "emaSpreadPct",
    "distFromEma9Pct",
    "distFromEma21Pct",
    "bbUpper",
    "bbMiddle",
    "bbLower",
    "bbWidth",
    "bbPctB",
    "bbWidthPct",
    "news_etf_flow",
    "news_regulatory_risk",
    "news_exchange_outage",
    "news_macro_shock",
    "news_whale_move",
    "news_exploit_or_hack",
    "news_stablecoin_event",
    "news_narrative_rotation",
    "news_listing_or_delisting",
    "news_protocol_upgrade",
    "news_high_volume_breakout",
    "news_unusual_volatility",
    "coin_idx"
  ],
  "coin_vocab": [
    "floki-inu"
  ],
  "n_train_rows": 1652,
  "n_test_rows": 1375,
  "metrics": {
    "auc": 0.5183525683891564,
    "log_loss": 3.120166819615585,
    "brier": 0.3094650431179818,
    "directional_accuracy": 0.4618181818181818
  },
  "baseline_metrics": {
    "auc": 0.5341065326904313,
    "log_loss": 1.1604434190261297,
    "brier": 0.2001082805072775,
    "directional_accuracy": 0.5643636363636363
  },
  "threshold_pct": 0.03,
  "horizon_candles": 1,
  "class_return_means_pct": [
    -0.40718609158795327,
    0.0004253794882675411,
    0.42889743632894967
  ],
  "fold_metrics": [
    {
      "fold": 0,
      "n_train": 275,
      "n_test": 275,
      "auc": 0.5152142883335146,
      "log_loss": 1.8402225618351271,
      "brier": 0.26388189243729715,
      "directional_accuracy": 0.5309090909090909,
      "baseline_auc": 0.5849572109094371,
      "baseline_log_loss": 0.7921238808801908,
      "baseline_brier": 0.1742408758257381,
      "baseline_directional_accuracy": 0.5636363636363636,
      "best_params": {
        "objective": "multiclass",
        "num_class": 3,
        "metric": "multi_logloss",
        "num_leaves": 31,
        "learning_rate": 0.1,
        "min_child_samples": 5,
        "feature_fraction": 0.9,
        "bagging_fraction": 0.9,
        "bagging_freq": 5,
        "verbose": -1,
        "deterministic": true,
        "seed": 42
      }
    },
    {
      "fold": 1,
      "n_train": 550,
      "n_test": 275,
      "auc": 0.3697344027799963,
      "log_loss": 7.406704486594046,
      "brier": 0.45732867527111587,
      "directional_accuracy": 0.2872727272727273,
      "baseline_auc": 0.4428416506074988,
      "baseline_log_loss": 2.33723354322135,
      "baseline_brier": 0.3202315907444304,
      "baseline_directional_accuracy": 0.28,
      "best_params": {
        "objective": "multiclass",
        "num_class": 3,
        "metric": "multi_logloss",
        "num_leaves": 31,
        "learning_rate": 0.1,
        "min_child_samples": 5,
        "feature_fraction": 0.9,
        "bagging_fraction": 0.9,
        "bagging_freq": 5,
        "verbose": -1,
        "deterministic": true,
        "seed": 42
      }
    },
    {
      "fold": 2,
      "n_train": 825,
      "n_test": 275,
      "auc": 0.5185233947984489,
      "log_loss": 2.567638898959567,
      "brier": 0.30929882959795657,
      "directional_accuracy": 0.41454545454545455,
      "baseline_auc": 0.5154204917465159,
      "baseline_log_loss": 0.8030203797949715,
      "baseline_brier": 0.14984843493763425,
      "baseline_directional_accuracy": 0.7272727272727273,
      "best_params": {
        "objective": "multiclass",
        "num_class": 3,
        "metric": "multi_logloss",
        "num_leaves": 31,
        "learning_rate": 0.1,
        "min_child_samples": 5,
        "feature_fraction": 0.9,
        "bagging_fraction": 0.9,
        "bagging_freq": 5,
        "verbose": -1,
        "deterministic": true,
        "seed": 42
      }
    },
    {
      "fold": 3,
      "n_train": 1100,
      "n_test": 275,
      "auc": 0.627755916552758,
      "log_loss": 1.9869301392837555,
      "brier": 0.2790982101749775,
      "directional_accuracy": 0.4909090909090909,
      "baseline_auc": 0.599019864559815,
      "baseline_log_loss": 0.898929621804593,
      "baseline_brier": 0.1655556301470704,
      "baseline_directional_accuracy": 0.6618181818181819,
      "best_params": {
        "objective": "multiclass",
        "num_class": 3,
        "metric": "multi_logloss",
        "num_leaves": 31,
        "learning_rate": 0.1,
        "min_child_samples": 5,
        "feature_fraction": 0.9,
        "bagging_fraction": 0.9,
        "bagging_freq": 5,
        "verbose": -1,
        "deterministic": true,
        "seed": 42
      }
    },
    {
      "fold": 4,
      "n_train": 1375,
      "n_test": 275,
      "auc": 0.5605348394810643,
      "log_loss": 1.7993380114054294,
      "brier": 0.23771760810856166,
      "directional_accuracy": 0.5854545454545454,
      "baseline_auc": 0.5282934456288895,
      "baseline_log_loss": 0.9709096694295425,
      "baseline_brier": 0.1906648708815142,
      "baseline_directional_accuracy": 0.5890909090909091,
      "best_params": {
        "objective": "multiclass",
        "num_class": 3,
        "metric": "multi_logloss",
        "num_leaves": 31,
        "learning_rate": 0.1,
        "min_child_samples": 5,
        "feature_fraction": 0.9,
        "bagging_fraction": 0.9,
        "bagging_freq": 5,
        "verbose": -1,
        "deterministic": true,
        "seed": 42
      }
    }
  ],
  "note": "Per-coin model for floki-inu/1m.",
  "directional_call_share": 0.01812688821752266,
  "directional_call_share_n": 331,
  "directional_call_share_source": "holdout",
  "model_kind": "lightgbm",
  "prior_probs": [],
  "has_regression_head": true,
  "regression_head_stats": {
    "n_train_rows": 771,
    "n_holdout_rows": 193,
    "abs_pred_p50_pct": 0.19897289492853076,
    "abs_pred_p95_pct": 0.35862522010072634,
    "abs_pred_max_pct": 1.6231913070189075,
    "mae_pct": 0.17505590740355245,
    "best_iteration": 25
  },
  "gates_alignment": {
    "n": 331,
    "source": "holdout",
    "min_directional_edge": 0.05,
    "min_expected_return_pct": 0.15,
    "aligned_share": 0.7613293051359517,
    "aligned_loud_share": 0.7613293051359517,
    "aligned_quiet_share": 0.0,
    "loud_classifier_quiet_regressor_share": 0.0,
    "quiet_classifier_loud_regressor_share": 0.23867069486404835,
    "dir_edge_p50": 0.14177637094087112,
    "dir_edge_p95": 0.17935027535226036,
    "abs_magnitude_pct_p50": 0.19897289492853076,
    "abs_magnitude_pct_p95": 0.22553532489928202
  }
}