{
  "coin_id": "dogwifcoin",
  "timeframe": "5m",
  "version": "20260422T083436Z",
  "feature_names": [
    "ret1",
    "ret5",
    "ret10",
    "momentum",
    "realizedVol",
    "rsi14",
    "macdLine",
    "macdSignal",
    "macdHist",
    "atr14",
    "atrPct",
    "ema9",
    "ema21",
    "emaSpreadPct",
    "distFromEma9Pct",
    "distFromEma21Pct",
    "bbUpper",
    "bbMiddle",
    "bbLower",
    "bbWidth",
    "bbPctB",
    "bbWidthPct",
    "news_etf_flow",
    "news_regulatory_risk",
    "news_exchange_outage",
    "news_macro_shock",
    "news_whale_move",
    "news_exploit_or_hack",
    "news_stablecoin_event",
    "news_narrative_rotation",
    "news_listing_or_delisting",
    "news_protocol_upgrade",
    "news_high_volume_breakout",
    "news_unusual_volatility",
    "coin_idx"
  ],
  "coin_vocab": [
    "dogwifcoin"
  ],
  "n_train_rows": 117,
  "n_test_rows": 66,
  "metrics": {
    "auc": 0.44588352625134925,
    "log_loss": 2.8925301751880954,
    "brier": 0.3808736372678816,
    "directional_accuracy": 0.24242424242424243
  },
  "baseline_metrics": {
    "auc": 0.4482478147848962,
    "log_loss": 1.3574736920139259,
    "brier": 0.27812556914326997,
    "directional_accuracy": 0.24242424242424243
  },
  "threshold_pct": 0.04,
  "horizon_candles": 1,
  "class_return_means_pct": [
    -0.153449270195561,
    0.0038722601318455863,
    0.15785092609591173
  ],
  "fold_metrics": [
    {
      "fold": 0,
      "n_train": 50,
      "n_test": 22,
      "auc": 0.3296130952380953,
      "log_loss": 1.4986615992845236,
      "brier": 0.2971869112023864,
      "directional_accuracy": 0.3181818181818182,
      "baseline_auc": 0.5173611111111112,
      "baseline_log_loss": 1.3609171289889637,
      "baseline_brier": 0.2689406704755915,
      "baseline_directional_accuracy": 0.36363636363636365,
      "best_params": {
        "objective": "multiclass",
        "num_class": 3,
        "metric": "multi_logloss",
        "num_leaves": 63,
        "learning_rate": 0.0938393881004349,
        "min_child_samples": 23,
        "feature_fraction": 0.9,
        "bagging_fraction": 0.9,
        "bagging_freq": 5,
        "verbose": -1,
        "deterministic": true,
        "seed": 42
      }
    },
    {
      "fold": 1,
      "n_train": 72,
      "n_test": 22,
      "auc": 0.3520224459219674,
      "log_loss": 5.3866595633988466,
      "brier": 0.5055627893305891,
      "directional_accuracy": 0.18181818181818182,
      "baseline_auc": 0.49200221628451296,
      "baseline_log_loss": 1.1652494121991848,
      "baseline_brier": 0.2369179674049294,
      "baseline_directional_accuracy": 0.2727272727272727,
      "best_params": {
        "objective": "multiclass",
        "num_class": 3,
        "metric": "multi_logloss",
        "num_leaves": 15,
        "learning_rate": 0.09230320822645494,
        "min_child_samples": 6,
        "feature_fraction": 0.9,
        "bagging_fraction": 0.9,
        "bagging_freq": 5,
        "verbose": -1,
        "deterministic": true,
        "seed": 42
      }
    },
    {
      "fold": 2,
      "n_train": 94,
      "n_test": 22,
      "auc": 0.6560150375939849,
      "log_loss": 1.7922693628809159,
      "brier": 0.33987121127066927,
      "directional_accuracy": 0.22727272727272727,
      "baseline_auc": 0.3353801169590644,
      "baseline_log_loss": 1.5462545348536296,
      "baseline_brier": 0.32851806954928897,
      "baseline_directional_accuracy": 0.09090909090909091,
      "best_params": {
        "objective": "multiclass",
        "num_class": 3,
        "metric": "multi_logloss",
        "num_leaves": 31,
        "learning_rate": 0.04488170057528786,
        "min_child_samples": 9,
        "feature_fraction": 0.9,
        "bagging_fraction": 0.9,
        "bagging_freq": 5,
        "verbose": -1,
        "deterministic": true,
        "seed": 42
      }
    }
  ],
  "note": "Per-coin model for dogwifcoin/5m.",
  "directional_call_share": 0.2916666666666667,
  "directional_call_share_n": 24,
  "directional_call_share_source": "holdout",
  "model_kind": "lightgbm",
  "prior_probs": []
}