{
  "coin_id": "jupiter-exchange-solana",
  "timeframe": "1m",
  "version": "20260422T194719Z",
  "feature_names": [
    "ret1",
    "ret5",
    "ret10",
    "momentum",
    "realizedVol",
    "rsi14",
    "macdLine",
    "macdSignal",
    "macdHist",
    "atr14",
    "atrPct",
    "ema9",
    "ema21",
    "emaSpreadPct",
    "distFromEma9Pct",
    "distFromEma21Pct",
    "bbUpper",
    "bbMiddle",
    "bbLower",
    "bbWidth",
    "bbPctB",
    "bbWidthPct",
    "news_etf_flow",
    "news_regulatory_risk",
    "news_exchange_outage",
    "news_macro_shock",
    "news_whale_move",
    "news_exploit_or_hack",
    "news_stablecoin_event",
    "news_narrative_rotation",
    "news_listing_or_delisting",
    "news_protocol_upgrade",
    "news_high_volume_breakout",
    "news_unusual_volatility",
    "coin_idx"
  ],
  "coin_vocab": [
    "jupiter-exchange-solana"
  ],
  "n_train_rows": 1954,
  "n_test_rows": 1625,
  "metrics": {
    "auc": 0.5715611603611924,
    "log_loss": 3.14464173542211,
    "brier": 0.26393498231178664,
    "directional_accuracy": 0.5230769230769231
  },
  "baseline_metrics": {
    "auc": 0.5582551991026578,
    "log_loss": 0.9967729534039765,
    "brier": 0.18486582142696245,
    "directional_accuracy": 0.5778461538461539
  },
  "threshold_pct": 0.03,
  "horizon_candles": 1,
  "class_return_means_pct": [
    -0.41082470607955895,
    -8.759672159909328e-05,
    0.43744029506582927
  ],
  "fold_metrics": [
    {
      "fold": 0,
      "n_train": 325,
      "n_test": 325,
      "auc": 0.6250429084287387,
      "log_loss": 1.4141145715763193,
      "brier": 0.25700781374922194,
      "directional_accuracy": 0.4461538461538462,
      "baseline_auc": 0.5834937833144646,
      "baseline_log_loss": 0.838418706673347,
      "baseline_brier": 0.18138305116788775,
      "baseline_directional_accuracy": 0.49230769230769234,
      "best_params": {
        "objective": "multiclass",
        "num_class": 3,
        "metric": "multi_logloss",
        "num_leaves": 31,
        "learning_rate": 0.03126088041181282,
        "min_child_samples": 22,
        "feature_fraction": 0.9,
        "bagging_fraction": 0.9,
        "bagging_freq": 5,
        "verbose": -1,
        "deterministic": true,
        "seed": 42
      }
    },
    {
      "fold": 1,
      "n_train": 650,
      "n_test": 325,
      "auc": 0.46056282048343994,
      "log_loss": 9.198638728366712,
      "brier": 0.5114960631771399,
      "directional_accuracy": 0.11692307692307692,
      "baseline_auc": 0.515615118764795,
      "baseline_log_loss": 1.9796039661207188,
      "baseline_brier": 0.3479087935835456,
      "baseline_directional_accuracy": 0.13230769230769232,
      "best_params": {
        "objective": "multiclass",
        "num_class": 3,
        "metric": "multi_logloss",
        "num_leaves": 15,
        "learning_rate": 0.15579217986578459,
        "min_child_samples": 21,
        "feature_fraction": 0.9,
        "bagging_fraction": 0.9,
        "bagging_freq": 5,
        "verbose": -1,
        "deterministic": true,
        "seed": 42
      }
    },
    {
      "fold": 2,
      "n_train": 975,
      "n_test": 325,
      "auc": 0.5621661474965649,
      "log_loss": 2.1405493424374615,
      "brier": 0.2298894105763564,
      "directional_accuracy": 0.6030769230769231,
      "baseline_auc": 0.6111341977628845,
      "baseline_log_loss": 0.8246335448547198,
      "baseline_brier": 0.15191833489563092,
      "baseline_directional_accuracy": 0.6984615384615385,
      "best_params": {
        "objective": "multiclass",
        "num_class": 3,
        "metric": "multi_logloss",
        "num_leaves": 31,
        "learning_rate": 0.06826544010286173,
        "min_child_samples": 5,
        "feature_fraction": 0.9,
        "bagging_fraction": 0.9,
        "bagging_freq": 5,
        "verbose": -1,
        "deterministic": true,
        "seed": 42
      }
    },
    {
      "fold": 3,
      "n_train": 1300,
      "n_test": 325,
      "auc": 0.6302938140687148,
      "log_loss": 0.9047372064159348,
      "brier": 0.1269034010552193,
      "directional_accuracy": 0.7815384615384615,
      "baseline_auc": 0.5629184253810958,
      "baseline_log_loss": 0.6707104768459176,
      "baseline_brier": 0.12205089936046136,
      "baseline_directional_accuracy": 0.7815384615384615,
      "best_params": {
        "objective": "multiclass",
        "num_class": 3,
        "metric": "multi_logloss",
        "num_leaves": 15,
        "learning_rate": 0.060113218328857784,
        "min_child_samples": 16,
        "feature_fraction": 0.9,
        "bagging_fraction": 0.9,
        "bagging_freq": 5,
        "verbose": -1,
        "deterministic": true,
        "seed": 42
      }
    },
    {
      "fold": 4,
      "n_train": 1625,
      "n_test": 325,
      "auc": 0.5797401113285041,
      "log_loss": 2.065168828314122,
      "brier": 0.19437822300099572,
      "directional_accuracy": 0.6676923076923077,
      "baseline_auc": 0.5181144702900488,
      "baseline_log_loss": 0.6704980725251795,
      "baseline_brier": 0.12106802812728677,
      "baseline_directional_accuracy": 0.7846153846153846,
      "best_params": {
        "objective": "multiclass",
        "num_class": 3,
        "metric": "multi_logloss",
        "num_leaves": 31,
        "learning_rate": 0.16839076979463405,
        "min_child_samples": 11,
        "feature_fraction": 0.9,
        "bagging_fraction": 0.9,
        "bagging_freq": 5,
        "verbose": -1,
        "deterministic": true,
        "seed": 42
      }
    }
  ],
  "note": "Per-coin model for jupiter-exchange-solana/1m.",
  "directional_call_share": 0.0025575447570332483,
  "directional_call_share_n": 391,
  "directional_call_share_source": "holdout",
  "model_kind": "lightgbm",
  "prior_probs": [],
  "has_regression_head": true,
  "regression_head_stats": {
    "n_train_rows": 756,
    "n_holdout_rows": 189,
    "abs_pred_p50_pct": 0.12211686454615923,
    "abs_pred_p95_pct": 0.3556722413262267,
    "abs_pred_max_pct": 0.8128477657672545,
    "mae_pct": 0.106229372885657,
    "best_iteration": 106
  },
  "gates_alignment": {
    "n": 391,
    "source": "holdout",
    "min_directional_edge": 0.05,
    "min_expected_return_pct": 0.15,
    "aligned_share": 0.4833759590792839,
    "aligned_loud_share": 0.0025575447570332483,
    "aligned_quiet_share": 0.48081841432225064,
    "loud_classifier_quiet_regressor_share": 0.5038363171355499,
    "quiet_classifier_loud_regressor_share": 0.01278772378516624,
    "dir_edge_p50": 0.0535294466210013,
    "dir_edge_p95": 0.15236136630576907,
    "abs_magnitude_pct_p50": 0.12511064496045723,
    "abs_magnitude_pct_p95": 0.1452697604618311
  },
  "specialist_kind": null,
  "regime_subset": [],
  "feature_schema_hash": "726b9f4d8d8b",
  "training_window": {
    "start": "2026-03-25T06:00:00+00:00",
    "end": "2026-04-22T19:37:00+00:00"
  }
}