{
  "coin_id": "jupiter-exchange-solana",
  "timeframe": "1h",
  "version": "20260422T102350Z",
  "feature_names": [
    "ret1",
    "ret5",
    "ret10",
    "momentum",
    "realizedVol",
    "rsi14",
    "macdLine",
    "macdSignal",
    "macdHist",
    "atr14",
    "atrPct",
    "ema9",
    "ema21",
    "emaSpreadPct",
    "distFromEma9Pct",
    "distFromEma21Pct",
    "bbUpper",
    "bbMiddle",
    "bbLower",
    "bbWidth",
    "bbPctB",
    "bbWidthPct",
    "news_etf_flow",
    "news_regulatory_risk",
    "news_exchange_outage",
    "news_macro_shock",
    "news_whale_move",
    "news_exploit_or_hack",
    "news_stablecoin_event",
    "news_narrative_rotation",
    "news_listing_or_delisting",
    "news_protocol_upgrade",
    "news_high_volume_breakout",
    "news_unusual_volatility",
    "coin_idx"
  ],
  "coin_vocab": [
    "jupiter-exchange-solana"
  ],
  "n_train_rows": 685,
  "n_test_rows": 570,
  "metrics": {
    "auc": 0.5152949601927336,
    "log_loss": 3.4910198877899417,
    "brier": 0.36630411046003625,
    "directional_accuracy": 0.3666666666666667
  },
  "baseline_metrics": {
    "auc": 0.5054540751050497,
    "log_loss": 1.112106520447261,
    "brier": 0.2244050956845422,
    "directional_accuracy": 0.3578947368421052
  },
  "threshold_pct": 0.2,
  "horizon_candles": 1,
  "class_return_means_pct": [
    -0.6862667441645698,
    -0.0017177226993059561,
    0.7275544933349234
  ],
  "fold_metrics": [
    {
      "fold": 0,
      "n_train": 114,
      "n_test": 114,
      "auc": 0.47042792902030967,
      "log_loss": 3.312328778731229,
      "brier": 0.3799317325503933,
      "directional_accuracy": 0.32456140350877194,
      "baseline_auc": 0.4577777061228964,
      "baseline_log_loss": 1.1750745016186845,
      "baseline_brier": 0.2375429665408797,
      "baseline_directional_accuracy": 0.2982456140350877,
      "best_params": {
        "objective": "multiclass",
        "num_class": 3,
        "metric": "multi_logloss",
        "num_leaves": 31,
        "learning_rate": 0.1,
        "min_child_samples": 5,
        "feature_fraction": 0.9,
        "bagging_fraction": 0.9,
        "bagging_freq": 5,
        "verbose": -1,
        "deterministic": true,
        "seed": 42
      }
    },
    {
      "fold": 1,
      "n_train": 228,
      "n_test": 114,
      "auc": 0.5051968083942382,
      "log_loss": 4.5576320289932895,
      "brier": 0.4048094142532814,
      "directional_accuracy": 0.3508771929824561,
      "baseline_auc": 0.5282052799440593,
      "baseline_log_loss": 1.1334319527331695,
      "baseline_brier": 0.22890662247947335,
      "baseline_directional_accuracy": 0.3333333333333333,
      "best_params": {
        "objective": "multiclass",
        "num_class": 3,
        "metric": "multi_logloss",
        "num_leaves": 31,
        "learning_rate": 0.1,
        "min_child_samples": 5,
        "feature_fraction": 0.9,
        "bagging_fraction": 0.9,
        "bagging_freq": 5,
        "verbose": -1,
        "deterministic": true,
        "seed": 42
      }
    },
    {
      "fold": 2,
      "n_train": 342,
      "n_test": 114,
      "auc": 0.5888377013377013,
      "log_loss": 2.5889051420970586,
      "brier": 0.3164262952091656,
      "directional_accuracy": 0.41228070175438597,
      "baseline_auc": 0.48918333918333917,
      "baseline_log_loss": 1.1229055620316368,
      "baseline_brier": 0.22497559360770703,
      "baseline_directional_accuracy": 0.3157894736842105,
      "best_params": {
        "objective": "multiclass",
        "num_class": 3,
        "metric": "multi_logloss",
        "num_leaves": 31,
        "learning_rate": 0.1,
        "min_child_samples": 5,
        "feature_fraction": 0.9,
        "bagging_fraction": 0.9,
        "bagging_freq": 5,
        "verbose": -1,
        "deterministic": true,
        "seed": 42
      }
    },
    {
      "fold": 3,
      "n_train": 456,
      "n_test": 114,
      "auc": 0.4915684411301522,
      "log_loss": 4.404185853894865,
      "brier": 0.38270173073613933,
      "directional_accuracy": 0.3684210526315789,
      "baseline_auc": 0.5633772615189164,
      "baseline_log_loss": 1.0512325974248213,
      "baseline_brier": 0.21220869549180824,
      "baseline_directional_accuracy": 0.43859649122807015,
      "best_params": {
        "objective": "multiclass",
        "num_class": 3,
        "metric": "multi_logloss",
        "num_leaves": 31,
        "learning_rate": 0.1,
        "min_child_samples": 5,
        "feature_fraction": 0.9,
        "bagging_fraction": 0.9,
        "bagging_freq": 5,
        "verbose": -1,
        "deterministic": true,
        "seed": 42
      }
    },
    {
      "fold": 4,
      "n_train": 570,
      "n_test": 114,
      "auc": 0.5204439210812667,
      "log_loss": 2.5920476352332695,
      "brier": 0.34765137955120146,
      "directional_accuracy": 0.37719298245614036,
      "baseline_auc": 0.4887267887560373,
      "baseline_log_loss": 1.0778879884279935,
      "baseline_brier": 0.21839160030284285,
      "baseline_directional_accuracy": 0.40350877192982454,
      "best_params": {
        "objective": "multiclass",
        "num_class": 3,
        "metric": "multi_logloss",
        "num_leaves": 31,
        "learning_rate": 0.1,
        "min_child_samples": 5,
        "feature_fraction": 0.9,
        "bagging_fraction": 0.9,
        "bagging_freq": 5,
        "verbose": -1,
        "deterministic": true,
        "seed": 42
      }
    }
  ],
  "note": "Per-coin model for jupiter-exchange-solana/1h.",
  "directional_call_share": 0.9854014598540146,
  "directional_call_share_n": 137,
  "directional_call_share_source": "holdout",
  "model_kind": "lightgbm",
  "prior_probs": [],
  "has_regression_head": true,
  "regression_head_stats": {
    "n_train_rows": 412,
    "n_holdout_rows": 104,
    "abs_pred_p50_pct": 0.7279553160440474,
    "abs_pred_p95_pct": 0.7948830046146369,
    "abs_pred_max_pct": 0.8594606810192926,
    "mae_pct": 0.3632767579892713,
    "best_iteration": 4
  },
  "gates_alignment": {
    "n": 137,
    "source": "holdout",
    "min_directional_edge": 0.05,
    "min_expected_return_pct": 0.15,
    "aligned_share": 0.49635036496350365,
    "aligned_loud_share": 0.49635036496350365,
    "aligned_quiet_share": 0.0,
    "loud_classifier_quiet_regressor_share": 0.0,
    "quiet_classifier_loud_regressor_share": 0.5036496350364964,
    "dir_edge_p50": 0.04876786204715494,
    "dir_edge_p95": 0.33181039406053686,
    "abs_magnitude_pct_p50": 0.7177306305974553,
    "abs_magnitude_pct_p95": 0.7967767349193582
  }
}