{
  "coin_id": "celestia",
  "timeframe": "1m",
  "version": "20260422T204644Z",
  "feature_names": [
    "ret1",
    "ret5",
    "ret10",
    "momentum",
    "realizedVol",
    "rsi14",
    "macdLine",
    "macdSignal",
    "macdHist",
    "atr14",
    "atrPct",
    "ema9",
    "ema21",
    "emaSpreadPct",
    "distFromEma9Pct",
    "distFromEma21Pct",
    "bbUpper",
    "bbMiddle",
    "bbLower",
    "bbWidth",
    "bbPctB",
    "bbWidthPct",
    "news_etf_flow",
    "news_regulatory_risk",
    "news_exchange_outage",
    "news_macro_shock",
    "news_whale_move",
    "news_exploit_or_hack",
    "news_stablecoin_event",
    "news_narrative_rotation",
    "news_listing_or_delisting",
    "news_protocol_upgrade",
    "news_high_volume_breakout",
    "news_unusual_volatility",
    "coin_idx"
  ],
  "coin_vocab": [
    "celestia"
  ],
  "n_train_rows": 1980,
  "n_test_rows": 1650,
  "metrics": {
    "auc": 0.5452202573852307,
    "log_loss": 2.287166199864243,
    "brier": 0.27018029698403345,
    "directional_accuracy": 0.5060606060606061
  },
  "baseline_metrics": {
    "auc": 0.5338272341317112,
    "log_loss": 1.096286788007873,
    "brier": 0.20319424484321194,
    "directional_accuracy": 0.5333333333333334
  },
  "threshold_pct": 0.03,
  "horizon_candles": 1,
  "class_return_means_pct": [
    -0.39460605339935234,
    0.0005612948305962995,
    0.4497326874160895
  ],
  "fold_metrics": [
    {
      "fold": 0,
      "n_train": 330,
      "n_test": 330,
      "auc": 0.4245771523070374,
      "log_loss": 3.995729312605499,
      "brier": 0.3339600178075224,
      "directional_accuracy": 0.44242424242424244,
      "baseline_auc": 0.5158741854144153,
      "baseline_log_loss": 1.0934567168501137,
      "baseline_brier": 0.2125179404827131,
      "baseline_directional_accuracy": 0.42727272727272725,
      "best_params": {
        "objective": "multiclass",
        "num_class": 3,
        "metric": "multi_logloss",
        "num_leaves": 31,
        "learning_rate": 0.19980698894094318,
        "min_child_samples": 22,
        "feature_fraction": 0.9,
        "bagging_fraction": 0.9,
        "bagging_freq": 5,
        "verbose": -1,
        "deterministic": true,
        "seed": 42
      }
    },
    {
      "fold": 1,
      "n_train": 660,
      "n_test": 330,
      "auc": 0.53749296396652,
      "log_loss": 2.591546679741906,
      "brier": 0.37557576030936696,
      "directional_accuracy": 0.2909090909090909,
      "baseline_auc": 0.5127614896450995,
      "baseline_log_loss": 1.9036803040874433,
      "baseline_brier": 0.332450493241007,
      "baseline_directional_accuracy": 0.15454545454545454,
      "best_params": {
        "objective": "multiclass",
        "num_class": 3,
        "metric": "multi_logloss",
        "num_leaves": 15,
        "learning_rate": 0.0862633850436047,
        "min_child_samples": 9,
        "feature_fraction": 0.9,
        "bagging_fraction": 0.9,
        "bagging_freq": 5,
        "verbose": -1,
        "deterministic": true,
        "seed": 42
      }
    },
    {
      "fold": 2,
      "n_train": 990,
      "n_test": 330,
      "auc": 0.6179766429185479,
      "log_loss": 1.5585032124889133,
      "brier": 0.21688643875978708,
      "directional_accuracy": 0.5909090909090909,
      "baseline_auc": 0.613405434567772,
      "baseline_log_loss": 0.7741133248283778,
      "baseline_brier": 0.14436116031510873,
      "baseline_directional_accuracy": 0.7242424242424242,
      "best_params": {
        "objective": "multiclass",
        "num_class": 3,
        "metric": "multi_logloss",
        "num_leaves": 63,
        "learning_rate": 0.03752835315966038,
        "min_child_samples": 30,
        "feature_fraction": 0.9,
        "bagging_fraction": 0.9,
        "bagging_freq": 5,
        "verbose": -1,
        "deterministic": true,
        "seed": 42
      }
    },
    {
      "fold": 3,
      "n_train": 1320,
      "n_test": 330,
      "auc": 0.5495247447115688,
      "log_loss": 1.860608218918151,
      "brier": 0.22571782828021372,
      "directional_accuracy": 0.5757575757575758,
      "baseline_auc": 0.5326874844578429,
      "baseline_log_loss": 0.8506454613259525,
      "baseline_brier": 0.1617065305003396,
      "baseline_directional_accuracy": 0.6848484848484848,
      "best_params": {
        "objective": "multiclass",
        "num_class": 3,
        "metric": "multi_logloss",
        "num_leaves": 63,
        "learning_rate": 0.03918983046704135,
        "min_child_samples": 30,
        "feature_fraction": 0.9,
        "bagging_fraction": 0.9,
        "bagging_freq": 5,
        "verbose": -1,
        "deterministic": true,
        "seed": 42
      }
    },
    {
      "fold": 4,
      "n_train": 1650,
      "n_test": 330,
      "auc": 0.5965297830224796,
      "log_loss": 1.4294435755667465,
      "brier": 0.19876143976327706,
      "directional_accuracy": 0.6303030303030303,
      "baseline_auc": 0.4944075765734261,
      "baseline_log_loss": 0.8595381329474783,
      "baseline_brier": 0.16493509967689127,
      "baseline_directional_accuracy": 0.6757575757575758,
      "best_params": {
        "objective": "multiclass",
        "num_class": 3,
        "metric": "multi_logloss",
        "num_leaves": 15,
        "learning_rate": 0.07092307485569992,
        "min_child_samples": 19,
        "feature_fraction": 0.9,
        "bagging_fraction": 0.9,
        "bagging_freq": 5,
        "verbose": -1,
        "deterministic": true,
        "seed": 42
      }
    }
  ],
  "note": "Per-coin model for celestia/1m.",
  "directional_call_share": 0.015151515151515152,
  "directional_call_share_n": 396,
  "directional_call_share_source": "holdout",
  "model_kind": "lightgbm",
  "prior_probs": [],
  "has_regression_head": true,
  "regression_head_stats": {
    "n_train_rows": 824,
    "n_holdout_rows": 206,
    "abs_pred_p50_pct": 0.09055964684285028,
    "abs_pred_p95_pct": 0.14871329548312037,
    "abs_pred_max_pct": 0.21557722749732094,
    "mae_pct": 0.05756043237596448,
    "best_iteration": 71
  },
  "gates_alignment": {
    "n": 396,
    "source": "holdout",
    "min_directional_edge": 0.05,
    "min_expected_return_pct": 0.15,
    "aligned_share": 0.34595959595959597,
    "aligned_loud_share": 0.017676767676767676,
    "aligned_quiet_share": 0.3282828282828283,
    "loud_classifier_quiet_regressor_share": 0.6515151515151515,
    "quiet_classifier_loud_regressor_share": 0.0025252525252525255,
    "dir_edge_p50": 0.05353030586227206,
    "dir_edge_p95": 0.19064893188230556,
    "abs_magnitude_pct_p50": 0.08891395359409632,
    "abs_magnitude_pct_p95": 0.1304389204129442
  },
  "specialist_kind": null,
  "regime_subset": [],
  "feature_schema_hash": "726b9f4d8d8b",
  "training_window": {
    "start": "2026-03-25T07:00:00+00:00",
    "end": "2026-04-22T20:40:00+00:00"
  }
}