{
  "coin_id": "sei-network",
  "timeframe": "2h",
  "version": "20260422T085656Z",
  "feature_names": [
    "ret1",
    "ret5",
    "ret10",
    "momentum",
    "realizedVol",
    "rsi14",
    "macdLine",
    "macdSignal",
    "macdHist",
    "atr14",
    "atrPct",
    "ema9",
    "ema21",
    "emaSpreadPct",
    "distFromEma9Pct",
    "distFromEma21Pct",
    "bbUpper",
    "bbMiddle",
    "bbLower",
    "bbWidth",
    "bbPctB",
    "bbWidthPct",
    "news_etf_flow",
    "news_regulatory_risk",
    "news_exchange_outage",
    "news_macro_shock",
    "news_whale_move",
    "news_exploit_or_hack",
    "news_stablecoin_event",
    "news_narrative_rotation",
    "news_listing_or_delisting",
    "news_protocol_upgrade",
    "news_high_volume_breakout",
    "news_unusual_volatility",
    "coin_idx"
  ],
  "coin_vocab": [
    "sei-network"
  ],
  "n_train_rows": 326,
  "n_test_rows": 270,
  "metrics": {
    "auc": 0.5467575222867931,
    "log_loss": 1.8207304178490529,
    "brier": 0.3004641220475743,
    "directional_accuracy": 0.38888888888888884
  },
  "baseline_metrics": {
    "auc": 0.5142357989185533,
    "log_loss": 1.2270214646551638,
    "brier": 0.2457164869696884,
    "directional_accuracy": 0.3074074074074074
  },
  "threshold_pct": 0.28,
  "horizon_candles": 1,
  "class_return_means_pct": [
    -0.9305675657533614,
    0.011731381340002421,
    1.048282299967929
  ],
  "fold_metrics": [
    {
      "fold": 0,
      "n_train": 54,
      "n_test": 54,
      "auc": 0.5379491876586647,
      "log_loss": 1.0542036660506446,
      "brier": 0.2210645539366991,
      "directional_accuracy": 0.5185185185185185,
      "baseline_auc": 0.5499801841116208,
      "baseline_log_loss": 1.4944849483591345,
      "baseline_brier": 0.2917249127638986,
      "baseline_directional_accuracy": 0.2962962962962963,
      "best_params": {
        "objective": "multiclass",
        "num_class": 3,
        "metric": "multi_logloss",
        "num_leaves": 15,
        "learning_rate": 0.060113218328857784,
        "min_child_samples": 16,
        "feature_fraction": 0.9,
        "bagging_fraction": 0.9,
        "bagging_freq": 5,
        "verbose": -1,
        "deterministic": true,
        "seed": 42
      }
    },
    {
      "fold": 1,
      "n_train": 108,
      "n_test": 54,
      "auc": 0.627663419476285,
      "log_loss": 1.2896774461522749,
      "brier": 0.2598469647003155,
      "directional_accuracy": 0.42592592592592593,
      "baseline_auc": 0.5991186884461738,
      "baseline_log_loss": 1.2357588348010335,
      "baseline_brier": 0.24633869349968543,
      "baseline_directional_accuracy": 0.3333333333333333,
      "best_params": {
        "objective": "multiclass",
        "num_class": 3,
        "metric": "multi_logloss",
        "num_leaves": 63,
        "learning_rate": 0.0938393881004349,
        "min_child_samples": 23,
        "feature_fraction": 0.9,
        "bagging_fraction": 0.9,
        "bagging_freq": 5,
        "verbose": -1,
        "deterministic": true,
        "seed": 42
      }
    },
    {
      "fold": 2,
      "n_train": 162,
      "n_test": 54,
      "auc": 0.48126593105308274,
      "log_loss": 3.0169767438758583,
      "brier": 0.3965222950462535,
      "directional_accuracy": 0.2962962962962963,
      "baseline_auc": 0.5028769534380989,
      "baseline_log_loss": 1.116234321161907,
      "baseline_brier": 0.2250377456758198,
      "baseline_directional_accuracy": 0.3888888888888889,
      "best_params": {
        "objective": "multiclass",
        "num_class": 3,
        "metric": "multi_logloss",
        "num_leaves": 31,
        "learning_rate": 0.09340308327072934,
        "min_child_samples": 9,
        "feature_fraction": 0.9,
        "bagging_fraction": 0.9,
        "bagging_freq": 5,
        "verbose": -1,
        "deterministic": true,
        "seed": 42
      }
    },
    {
      "fold": 3,
      "n_train": 216,
      "n_test": 54,
      "auc": 0.5406127769496364,
      "log_loss": 1.7637886448736468,
      "brier": 0.30996022456331784,
      "directional_accuracy": 0.3333333333333333,
      "baseline_auc": 0.47938835378205863,
      "baseline_log_loss": 1.150524491660459,
      "baseline_brier": 0.23446676905633865,
      "baseline_directional_accuracy": 0.2777777777777778,
      "best_params": {
        "objective": "multiclass",
        "num_class": 3,
        "metric": "multi_logloss",
        "num_leaves": 63,
        "learning_rate": 0.0938393881004349,
        "min_child_samples": 23,
        "feature_fraction": 0.9,
        "bagging_fraction": 0.9,
        "bagging_freq": 5,
        "verbose": -1,
        "deterministic": true,
        "seed": 42
      }
    },
    {
      "fold": 4,
      "n_train": 270,
      "n_test": 54,
      "auc": 0.5462962962962963,
      "log_loss": 1.9790055882928388,
      "brier": 0.31492657199128543,
      "directional_accuracy": 0.37037037037037035,
      "baseline_auc": 0.4398148148148148,
      "baseline_log_loss": 1.1381047272932856,
      "baseline_brier": 0.23101431385269947,
      "baseline_directional_accuracy": 0.24074074074074073,
      "best_params": {
        "objective": "multiclass",
        "num_class": 3,
        "metric": "multi_logloss",
        "num_leaves": 15,
        "learning_rate": 0.09230320822645494,
        "min_child_samples": 6,
        "feature_fraction": 0.9,
        "bagging_fraction": 0.9,
        "bagging_freq": 5,
        "verbose": -1,
        "deterministic": true,
        "seed": 42
      }
    }
  ],
  "note": "Per-coin model for sei-network/2h.",
  "directional_call_share": 0.7878787878787878,
  "directional_call_share_n": 66,
  "directional_call_share_source": "holdout",
  "model_kind": "lightgbm",
  "prior_probs": []
}