{
  "coin_id": "bonk",
  "timeframe": "6h",
  "version": "20260425T102133Z",
  "feature_names": [
    "ret1",
    "ret5",
    "ret10",
    "momentum",
    "realizedVol",
    "rsi14",
    "macdLine",
    "macdSignal",
    "macdHist",
    "atr14",
    "atrPct",
    "ema9",
    "ema21",
    "emaSpreadPct",
    "distFromEma9Pct",
    "distFromEma21Pct",
    "bbUpper",
    "bbMiddle",
    "bbLower",
    "bbWidth",
    "bbPctB",
    "bbWidthPct",
    "funding_rate",
    "open_interest_z",
    "liquidations_1h_usd",
    "bid_ask_spread_bps",
    "btc_lead_ret_5m",
    "eth_lead_ret_5m",
    "btc_liquidations_1h_usd",
    "eth_liquidations_1h_usd",
    "sol_liquidations_1h_usd",
    "session_asia",
    "session_eu",
    "session_us",
    "hour_of_day_sin",
    "hour_of_day_cos",
    "coin_idx"
  ],
  "coin_vocab": [
    "bonk"
  ],
  "n_train_rows": 1413,
  "n_test_rows": 1175,
  "metrics": {
    "auc": 0.5296334733320905,
    "log_loss": 3.498628612251945,
    "brier": 0.33910142108591534,
    "directional_accuracy": 0.4170212765957446
  },
  "baseline_metrics": {
    "auc": 0.5055242927055044,
    "log_loss": 1.044833283324247,
    "brier": 0.21174390420406047,
    "directional_accuracy": 0.45276595744680853
  },
  "threshold_pct": 0.8075,
  "horizon_candles": 4,
  "class_return_means_pct": [
    -4.562299036366409,
    -0.025937696331110583,
    5.347124407884706
  ],
  "fold_metrics": [
    {
      "fold": 0,
      "n_train": 235,
      "n_test": 235,
      "auc": 0.5397273464109441,
      "log_loss": 4.541969823772324,
      "brier": 0.3701749519219031,
      "directional_accuracy": 0.40425531914893614,
      "baseline_auc": 0.5157805457773704,
      "baseline_log_loss": 1.1031967825010605,
      "baseline_brier": 0.22779700237767397,
      "baseline_directional_accuracy": 0.425531914893617,
      "best_params": {
        "objective": "multiclass",
        "num_class": 3,
        "metric": "multi_logloss",
        "num_leaves": 63,
        "learning_rate": 0.06683857869286522,
        "min_child_samples": 8,
        "feature_fraction": 0.9,
        "bagging_fraction": 0.9,
        "bagging_freq": 5,
        "verbose": -1,
        "deterministic": true,
        "seed": 42
      },
      "feature_importance": [
        243.68020234567243,
        156.26940676915348,
        167.23171881270056,
        286.61293335692164,
        201.3355107760914,
        96.70971135158534,
        156.1959812070053,
        245.5647683518824,
        127.79212675193024,
        324.01073805716703,
        202.56573212345106,
        112.23236352781913,
        113.3466291838838,
        184.01287907211423,
        172.7778330714014,
        90.30189538869712,
        184.23171423684002,
        146.74280491773547,
        227.47133388060055,
        110.23029493223324,
        154.0051014108731,
        137.69763656568267,
        0.0,
        0.0,
        0.0,
        0.0,
        0.0,
        0.0,
        0.0,
        0.0,
        0.0,
        11.127089638458635,
        11.302290749614174,
        11.99203639530668,
        33.33865125281271,
        22.242504947081436,
        0.0
      ],
      "feature_names": [
        "ret1",
        "ret5",
        "ret10",
        "momentum",
        "realizedVol",
        "rsi14",
        "macdLine",
        "macdSignal",
        "macdHist",
        "atr14",
        "atrPct",
        "ema9",
        "ema21",
        "emaSpreadPct",
        "distFromEma9Pct",
        "distFromEma21Pct",
        "bbUpper",
        "bbMiddle",
        "bbLower",
        "bbWidth",
        "bbPctB",
        "bbWidthPct",
        "funding_rate",
        "open_interest_z",
        "liquidations_1h_usd",
        "bid_ask_spread_bps",
        "btc_lead_ret_5m",
        "eth_lead_ret_5m",
        "btc_liquidations_1h_usd",
        "eth_liquidations_1h_usd",
        "sol_liquidations_1h_usd",
        "session_asia",
        "session_eu",
        "session_us",
        "hour_of_day_sin",
        "hour_of_day_cos",
        "coin_idx"
      ]
    },
    {
      "fold": 1,
      "n_train": 470,
      "n_test": 235,
      "auc": 0.49140465356081603,
      "log_loss": 3.747176731782875,
      "brier": 0.3314305588634822,
      "directional_accuracy": 0.4425531914893617,
      "baseline_auc": 0.4632060404037468,
      "baseline_log_loss": 0.9891112531496123,
      "baseline_brier": 0.20273659818740755,
      "baseline_directional_accuracy": 0.425531914893617,
      "best_params": {
        "objective": "multiclass",
        "num_class": 3,
        "metric": "multi_logloss",
        "num_leaves": 31,
        "learning_rate": 0.0918819521257711,
        "min_child_samples": 18,
        "feature_fraction": 0.9,
        "bagging_fraction": 0.9,
        "bagging_freq": 5,
        "verbose": -1,
        "deterministic": true,
        "seed": 42
      },
      "feature_importance": [
        391.4867612171115,
        204.8983704751605,
        275.62439539473274,
        399.5514437349197,
        357.7266738490464,
        138.78379397813973,
        310.4848851219773,
        279.24746393461885,
        334.6657465093359,
        358.38390425892504,
        424.0957396905812,
        259.5706961269306,
        130.03083128163357,
        221.4008374243888,
        201.12156094825926,
        73.72169539917573,
        209.14446052807583,
        178.84058937840064,
        166.2194065949571,
        296.51369947355965,
        267.26476671772383,
        232.4324429497942,
        0.0,
        0.0,
        0.0,
        0.0,
        0.0,
        0.0,
        0.0,
        0.0,
        0.0,
        7.765799454339309,
        29.38010719342838,
        6.609015067013753,
        25.302310241139477,
        41.62427432992782,
        0.0
      ],
      "feature_names": [
        "ret1",
        "ret5",
        "ret10",
        "momentum",
        "realizedVol",
        "rsi14",
        "macdLine",
        "macdSignal",
        "macdHist",
        "atr14",
        "atrPct",
        "ema9",
        "ema21",
        "emaSpreadPct",
        "distFromEma9Pct",
        "distFromEma21Pct",
        "bbUpper",
        "bbMiddle",
        "bbLower",
        "bbWidth",
        "bbPctB",
        "bbWidthPct",
        "funding_rate",
        "open_interest_z",
        "liquidations_1h_usd",
        "bid_ask_spread_bps",
        "btc_lead_ret_5m",
        "eth_lead_ret_5m",
        "btc_liquidations_1h_usd",
        "eth_liquidations_1h_usd",
        "sol_liquidations_1h_usd",
        "session_asia",
        "session_eu",
        "session_us",
        "hour_of_day_sin",
        "hour_of_day_cos",
        "coin_idx"
      ]
    },
    {
      "fold": 2,
      "n_train": 705,
      "n_test": 235,
      "auc": 0.4952798483501472,
      "log_loss": 4.228438839421804,
      "brier": 0.38037860299218157,
      "directional_accuracy": 0.37446808510638296,
      "baseline_auc": 0.5189247579493541,
      "baseline_log_loss": 1.0270844805211319,
      "baseline_brier": 0.20578376010428234,
      "baseline_directional_accuracy": 0.4723404255319149,
      "best_params": {
        "objective": "multiclass",
        "num_class": 3,
        "metric": "multi_logloss",
        "num_leaves": 15,
        "learning_rate": 0.18902374146964263,
        "min_child_samples": 15,
        "feature_fraction": 0.9,
        "bagging_fraction": 0.9,
        "bagging_freq": 5,
        "verbose": -1,
        "deterministic": true,
        "seed": 42
      },