{
  "coin_id": "celestia",
  "timeframe": "1m",
  "version": "20260422T153435Z",
  "feature_names": [
    "ret1",
    "ret5",
    "ret10",
    "momentum",
    "realizedVol",
    "rsi14",
    "macdLine",
    "macdSignal",
    "macdHist",
    "atr14",
    "atrPct",
    "ema9",
    "ema21",
    "emaSpreadPct",
    "distFromEma9Pct",
    "distFromEma21Pct",
    "bbUpper",
    "bbMiddle",
    "bbLower",
    "bbWidth",
    "bbPctB",
    "bbWidthPct",
    "news_etf_flow",
    "news_regulatory_risk",
    "news_exchange_outage",
    "news_macro_shock",
    "news_whale_move",
    "news_exploit_or_hack",
    "news_stablecoin_event",
    "news_narrative_rotation",
    "news_listing_or_delisting",
    "news_protocol_upgrade",
    "news_high_volume_breakout",
    "news_unusual_volatility",
    "coin_idx"
  ],
  "coin_vocab": [
    "celestia"
  ],
  "n_train_rows": 1713,
  "n_test_rows": 1425,
  "metrics": {
    "auc": 0.5580008744437833,
    "log_loss": 2.9608821176401627,
    "brier": 0.30724157861842505,
    "directional_accuracy": 0.4519298245614035
  },
  "baseline_metrics": {
    "auc": 0.5284193364745959,
    "log_loss": 1.0927566696071422,
    "brier": 0.20035668113899238,
    "directional_accuracy": 0.5396491228070175
  },
  "threshold_pct": 0.03,
  "horizon_candles": 1,
  "class_return_means_pct": [
    -0.4264986430568645,
    0.0009981684891605372,
    0.47489592995983665
  ],
  "fold_metrics": [
    {
      "fold": 0,
      "n_train": 285,
      "n_test": 285,
      "auc": 0.5528523540896005,
      "log_loss": 2.5611824084194463,
      "brier": 0.32416653202346096,
      "directional_accuracy": 0.4105263157894737,
      "baseline_auc": 0.5057815735594322,
      "baseline_log_loss": 0.8725733723584531,
      "baseline_brier": 0.185858825660574,
      "baseline_directional_accuracy": 0.4982456140350877,
      "best_params": {
        "objective": "multiclass",
        "num_class": 3,
        "metric": "multi_logloss",
        "num_leaves": 31,
        "learning_rate": 0.1,
        "min_child_samples": 5,
        "feature_fraction": 0.9,
        "bagging_fraction": 0.9,
        "bagging_freq": 5,
        "verbose": -1,
        "deterministic": true,
        "seed": 42
      }
    },
    {
      "fold": 1,
      "n_train": 570,
      "n_test": 285,
      "auc": 0.5399527832626315,
      "log_loss": 6.575428017494721,
      "brier": 0.4381686996575123,
      "directional_accuracy": 0.2807017543859649,
      "baseline_auc": 0.5703036179690177,
      "baseline_log_loss": 1.9826163868548197,
      "baseline_brier": 0.31492331561760506,
      "baseline_directional_accuracy": 0.2631578947368421,
      "best_params": {
        "objective": "multiclass",
        "num_class": 3,
        "metric": "multi_logloss",
        "num_leaves": 31,
        "learning_rate": 0.1,
        "min_child_samples": 5,
        "feature_fraction": 0.9,
        "bagging_fraction": 0.9,
        "bagging_freq": 5,
        "verbose": -1,
        "deterministic": true,
        "seed": 42
      }
    },
    {
      "fold": 2,
      "n_train": 855,
      "n_test": 285,
      "auc": 0.5409843982633932,
      "log_loss": 2.8121604038342394,
      "brier": 0.35694566307527537,
      "directional_accuracy": 0.3508771929824561,
      "baseline_auc": 0.4891826744617312,
      "baseline_log_loss": 0.898865327975524,
      "baseline_brier": 0.1755732879013009,
      "baseline_directional_accuracy": 0.5894736842105263,
      "best_params": {
        "objective": "multiclass",
        "num_class": 3,
        "metric": "multi_logloss",
        "num_leaves": 31,
        "learning_rate": 0.1,
        "min_child_samples": 5,
        "feature_fraction": 0.9,
        "bagging_fraction": 0.9,
        "bagging_freq": 5,
        "verbose": -1,
        "deterministic": true,
        "seed": 42
      }
    },
    {
      "fold": 3,
      "n_train": 1140,
      "n_test": 285,
      "auc": 0.5884284475521667,
      "log_loss": 1.4948735623348215,
      "brier": 0.21497768848570795,
      "directional_accuracy": 0.5894736842105263,
      "baseline_auc": 0.5740557689764765,
      "baseline_log_loss": 0.8269539057990474,
      "baseline_brier": 0.155710387519601,
      "baseline_directional_accuracy": 0.6842105263157895,
      "best_params": {
        "objective": "multiclass",
        "num_class": 3,
        "metric": "multi_logloss",
        "num_leaves": 31,
        "learning_rate": 0.1,
        "min_child_samples": 5,
        "feature_fraction": 0.9,
        "bagging_fraction": 0.9,
        "bagging_freq": 5,
        "verbose": -1,
        "deterministic": true,
        "seed": 42
      }
    },
    {
      "fold": 4,
      "n_train": 1425,
      "n_test": 285,
      "auc": 0.5677863890511246,
      "log_loss": 1.360766196117585,
      "brier": 0.20194930985016848,
      "directional_accuracy": 0.6280701754385964,
      "baseline_auc": 0.5027730474063224,
      "baseline_log_loss": 0.8827743550478682,
      "baseline_brier": 0.169717588995881,
      "baseline_directional_accuracy": 0.6631578947368421,
      "best_params": {
        "objective": "multiclass",
        "num_class": 3,
        "metric": "multi_logloss",
        "num_leaves": 31,
        "learning_rate": 0.1,
        "min_child_samples": 5,
        "feature_fraction": 0.9,
        "bagging_fraction": 0.9,
        "bagging_freq": 5,
        "verbose": -1,
        "deterministic": true,
        "seed": 42
      }
    }
  ],
  "note": "Per-coin model for celestia/1m.",
  "directional_call_share": 0.01749271137026239,
  "directional_call_share_n": 343,
  "directional_call_share_source": "holdout",
  "model_kind": "lightgbm",
  "prior_probs": [],
  "has_regression_head": true,
  "regression_head_stats": {
    "n_train_rows": 758,
    "n_holdout_rows": 190,
    "abs_pred_p50_pct": 0.15599622853599684,
    "abs_pred_p95_pct": 0.40700996032195286,
    "abs_pred_max_pct": 0.5643169286313902,
    "mae_pct": 0.12695318222011753,
    "best_iteration": 45
  },
  "gates_alignment": {
    "n": 343,
    "source": "holdout",
    "min_directional_edge": 0.05,
    "min_expected_return_pct": 0.15,
    "aligned_share": 0.5626822157434402,
    "aligned_loud_share": 0.5422740524781341,
    "aligned_quiet_share": 0.02040816326530612,
    "loud_classifier_quiet_regressor_share": 0.05539358600583091,
    "quiet_classifier_loud_regressor_share": 0.3819241982507289,
    "dir_edge_p50": 0.09749006111671513,
    "dir_edge_p95": 0.2066082701734708,
    "abs_magnitude_pct_p50": 0.15599622853599684,
    "abs_magnitude_pct_p95": 0.16115723563573
  }
}