{
  "coin_id": "render-token",
  "timeframe": "2h",
  "version": "20260422T111954Z",
  "feature_names": [
    "ret1",
    "ret5",
    "ret10",
    "momentum",
    "realizedVol",
    "rsi14",
    "macdLine",
    "macdSignal",
    "macdHist",
    "atr14",
    "atrPct",
    "ema9",
    "ema21",
    "emaSpreadPct",
    "distFromEma9Pct",
    "distFromEma21Pct",
    "bbUpper",
    "bbMiddle",
    "bbLower",
    "bbWidth",
    "bbPctB",
    "bbWidthPct",
    "news_etf_flow",
    "news_regulatory_risk",
    "news_exchange_outage",
    "news_macro_shock",
    "news_whale_move",
    "news_exploit_or_hack",
    "news_stablecoin_event",
    "news_narrative_rotation",
    "news_listing_or_delisting",
    "news_protocol_upgrade",
    "news_high_volume_breakout",
    "news_unusual_volatility",
    "coin_idx"
  ],
  "coin_vocab": [
    "render-token"
  ],
  "n_train_rows": 325,
  "n_test_rows": 270,
  "metrics": {
    "auc": 0.5030559880364653,
    "log_loss": 3.0978009894354908,
    "brier": 0.3534217947571191,
    "directional_accuracy": 0.37407407407407406
  },
  "baseline_metrics": {
    "auc": 0.5392524506605968,
    "log_loss": 1.0930464712488461,
    "brier": 0.21951373095491328,
    "directional_accuracy": 0.4444444444444445
  },
  "threshold_pct": 0.28,
  "horizon_candles": 1,
  "class_return_means_pct": [
    -1.0268234258594113,
    -0.009179676734848872,
    1.1429630492768135
  ],
  "fold_metrics": [
    {
      "fold": 0,
      "n_train": 54,
      "n_test": 54,
      "auc": 0.42198968456278396,
      "log_loss": 4.250581467976455,
      "brier": 0.39356485951666625,
      "directional_accuracy": 0.35185185185185186,
      "baseline_auc": 0.4462727926178219,
      "baseline_log_loss": 1.0982225439240274,
      "baseline_brier": 0.22141210020142732,
      "baseline_directional_accuracy": 0.42592592592592593,
      "best_params": {
        "objective": "multiclass",
        "num_class": 3,
        "metric": "multi_logloss",
        "num_leaves": 31,
        "learning_rate": 0.1,
        "min_child_samples": 5,
        "feature_fraction": 0.9,
        "bagging_fraction": 0.9,
        "bagging_freq": 5,
        "verbose": -1,
        "deterministic": true,
        "seed": 42
      }
    },
    {
      "fold": 1,
      "n_train": 108,
      "n_test": 54,
      "auc": 0.4905383393812566,
      "log_loss": 2.8106724991440357,
      "brier": 0.31097913221300005,
      "directional_accuracy": 0.42592592592592593,
      "baseline_auc": 0.4641070762389135,
      "baseline_log_loss": 1.1057443484985146,
      "baseline_brier": 0.21977937619672985,
      "baseline_directional_accuracy": 0.42592592592592593,
      "best_params": {
        "objective": "multiclass",
        "num_class": 3,
        "metric": "multi_logloss",
        "num_leaves": 31,
        "learning_rate": 0.1,
        "min_child_samples": 5,
        "feature_fraction": 0.9,
        "bagging_fraction": 0.9,
        "bagging_freq": 5,
        "verbose": -1,
        "deterministic": true,
        "seed": 42
      }
    },
    {
      "fold": 2,
      "n_train": 162,
      "n_test": 54,
      "auc": 0.5359353337294513,
      "log_loss": 2.7266414413086,
      "brier": 0.3317897313620806,
      "directional_accuracy": 0.4074074074074074,
      "baseline_auc": 0.5889928698752228,
      "baseline_log_loss": 1.0399038013109603,
      "baseline_brier": 0.21190309129961993,
      "baseline_directional_accuracy": 0.4444444444444444,
      "best_params": {
        "objective": "multiclass",
        "num_class": 3,
        "metric": "multi_logloss",
        "num_leaves": 31,
        "learning_rate": 0.1,
        "min_child_samples": 5,
        "feature_fraction": 0.9,
        "bagging_fraction": 0.9,
        "bagging_freq": 5,
        "verbose": -1,
        "deterministic": true,
        "seed": 42
      }
    },
    {
      "fold": 3,
      "n_train": 216,
      "n_test": 54,
      "auc": 0.579316582508835,
      "log_loss": 2.256655903506192,
      "brier": 0.3179365765052858,
      "directional_accuracy": 0.3888888888888889,
      "baseline_auc": 0.6590605672026045,
      "baseline_log_loss": 1.0478968320376831,
      "baseline_brier": 0.20788740208052206,
      "baseline_directional_accuracy": 0.5370370370370371,
      "best_params": {
        "objective": "multiclass",
        "num_class": 3,
        "metric": "multi_logloss",
        "num_leaves": 31,
        "learning_rate": 0.1,
        "min_child_samples": 5,
        "feature_fraction": 0.9,
        "bagging_fraction": 0.9,
        "bagging_freq": 5,
        "verbose": -1,
        "deterministic": true,
        "seed": 42
      }
    },
    {
      "fold": 4,
      "n_train": 270,
      "n_test": 54,
      "auc": 0.4875,
      "log_loss": 3.444453635242171,
      "brier": 0.41283867418856307,
      "directional_accuracy": 0.2962962962962963,
      "baseline_auc": 0.537828947368421,
      "baseline_log_loss": 1.1734648304730457,
      "baseline_brier": 0.23658668499626725,
      "baseline_directional_accuracy": 0.3888888888888889,
      "best_params": {
        "objective": "multiclass",
        "num_class": 3,
        "metric": "multi_logloss",
        "num_leaves": 31,
        "learning_rate": 0.1,
        "min_child_samples": 5,
        "feature_fraction": 0.9,
        "bagging_fraction": 0.9,
        "bagging_freq": 5,
        "verbose": -1,
        "deterministic": true,
        "seed": 42
      }
    }
  ],
  "note": "Per-coin model for render-token/2h.",
  "directional_call_share": 1.0,
  "directional_call_share_n": 65,
  "directional_call_share_source": "holdout",
  "model_kind": "lightgbm",
  "prior_probs": [],
  "has_regression_head": true,
  "regression_head_stats": {
    "n_train_rows": 204,
    "n_holdout_rows": 52,
    "abs_pred_p50_pct": 1.1256659263735753,
    "abs_pred_p95_pct": 1.2774729703381729,
    "abs_pred_max_pct": 1.3797362924798156,
    "mae_pct": 0.4848001593198073,
    "best_iteration": 4
  },
  "gates_alignment": {
    "n": 65,
    "source": "holdout",
    "min_directional_edge": 0.05,
    "min_expected_return_pct": 0.15,
    "aligned_share": 0.8,
    "aligned_loud_share": 0.8,
    "aligned_quiet_share": 0.0,
    "loud_classifier_quiet_regressor_share": 0.0,
    "quiet_classifier_loud_regressor_share": 0.2,
    "dir_edge_p50": 0.053623867926856306,
    "dir_edge_p95": 0.5827814569536424,
    "abs_magnitude_pct_p50": 1.1269146825203211,
    "abs_magnitude_pct_p95": 1.2559750903257552
  }
}