{
  "coin_id": "pepe",
  "timeframe": "1d",
  "version": "20260425T104124Z",
  "feature_names": [
    "ret1",
    "ret5",
    "ret10",
    "momentum",
    "realizedVol",
    "rsi14",
    "macdLine",
    "macdSignal",
    "macdHist",
    "atr14",
    "atrPct",
    "ema9",
    "ema21",
    "emaSpreadPct",
    "distFromEma9Pct",
    "distFromEma21Pct",
    "bbUpper",
    "bbMiddle",
    "bbLower",
    "bbWidth",
    "bbPctB",
    "bbWidthPct",
    "funding_rate",
    "open_interest_z",
    "liquidations_1h_usd",
    "bid_ask_spread_bps",
    "btc_lead_ret_5m",
    "eth_lead_ret_5m",
    "btc_liquidations_1h_usd",
    "eth_liquidations_1h_usd",
    "sol_liquidations_1h_usd",
    "session_asia",
    "session_eu",
    "session_us",
    "hour_of_day_sin",
    "hour_of_day_cos",
    "coin_idx"
  ],
  "coin_vocab": [
    "pepe"
  ],
  "n_train_rows": 1056,
  "n_test_rows": 880,
  "metrics": {
    "auc": 0.524205879450429,
    "log_loss": 3.2630721057854624,
    "brier": 0.3511877919218453,
    "directional_accuracy": 0.3772727272727273
  },
  "baseline_metrics": {
    "auc": 0.525415625892616,
    "log_loss": 1.128855094163474,
    "brier": 0.22190809024146527,
    "directional_accuracy": 0.425
  },
  "threshold_pct": 1.4249999999999998,
  "horizon_candles": 1,
  "class_return_means_pct": [
    -4.999166825040867,
    0.022645548091242636,
    6.559433424258058
  ],
  "fold_metrics": [
    {
      "fold": 0,
      "n_train": 176,
      "n_test": 176,
      "auc": 0.47729019334917905,
      "log_loss": 4.4466047028247635,
      "brier": 0.3866385228285867,
      "directional_accuracy": 0.3465909090909091,
      "baseline_auc": 0.5002395012945203,
      "baseline_log_loss": 1.3688662381150678,
      "baseline_brier": 0.246578692770376,
      "baseline_directional_accuracy": 0.35795454545454547,
      "best_params": {
        "objective": "multiclass",
        "num_class": 3,
        "metric": "multi_logloss",
        "num_leaves": 63,
        "learning_rate": 0.04928484313344532,
        "min_child_samples": 13,
        "feature_fraction": 0.9,
        "bagging_fraction": 0.9,
        "bagging_freq": 5,
        "verbose": -1,
        "deterministic": true,
        "seed": 42
      },
      "feature_importance": [
        511.421578287682,
        348.23478663890273,
        187.3385688721763,
        398.73396305863565,
        182.7664658499335,
        140.9096203907412,
        117.99538373708674,
        171.94839253300844,
        153.42918230097305,
        128.04883241903372,
        142.0841145842005,
        172.03019373724055,
        110.89471803858396,
        176.35760053501392,
        191.04642824179905,
        184.61385692550903,
        169.38859984181315,
        149.6732602195334,
        245.04854135766664,
        123.58017887749213,
        152.18098961277153,
        169.68521592355424,
        0.0,
        0.0,
        0.0,
        0.0,
        0.0,
        0.0,
        0.0,
        0.0,
        0.0,
        0.0,
        0.0,
        0.0,
        0.0,
        0.0,
        0.0
      ],
      "feature_names": [
        "ret1",
        "ret5",
        "ret10",
        "momentum",
        "realizedVol",
        "rsi14",
        "macdLine",
        "macdSignal",
        "macdHist",
        "atr14",
        "atrPct",
        "ema9",
        "ema21",
        "emaSpreadPct",
        "distFromEma9Pct",
        "distFromEma21Pct",
        "bbUpper",
        "bbMiddle",
        "bbLower",
        "bbWidth",
        "bbPctB",
        "bbWidthPct",
        "funding_rate",
        "open_interest_z",
        "liquidations_1h_usd",
        "bid_ask_spread_bps",
        "btc_lead_ret_5m",
        "eth_lead_ret_5m",
        "btc_liquidations_1h_usd",
        "eth_liquidations_1h_usd",
        "sol_liquidations_1h_usd",
        "session_asia",
        "session_eu",
        "session_us",
        "hour_of_day_sin",
        "hour_of_day_cos",
        "coin_idx"
      ]
    },
    {
      "fold": 1,
      "n_train": 352,
      "n_test": 176,
      "auc": 0.5548648321856664,
      "log_loss": 2.620864791078304,
      "brier": 0.31758486456693585,
      "directional_accuracy": 0.4318181818181818,
      "baseline_auc": 0.5461919802646867,
      "baseline_log_loss": 1.0698550647823113,
      "baseline_brier": 0.2159478084373709,
      "baseline_directional_accuracy": 0.42045454545454547,
      "best_params": {
        "objective": "multiclass",
        "num_class": 3,
        "metric": "multi_logloss",
        "num_leaves": 63,
        "learning_rate": 0.03602265608572865,
        "min_child_samples": 9,
        "feature_fraction": 0.9,
        "bagging_fraction": 0.9,
        "bagging_freq": 5,
        "verbose": -1,
        "deterministic": true,
        "seed": 42
      },
      "feature_importance": [
        958.0696057916834,
        766.0160439315414,
        654.6935855250788,
        810.736477305165,
        489.02189593365387,
        380.4043251928696,
        474.5690557508015,
        516.8778410505784,
        385.09214972777295,
        531.2286603943062,
        660.9484656086815,
        335.1387598525736,
        275.0894947555683,
        433.6204114109525,
        546.6764616907085,
        420.8460145066572,
        243.58253176924487,
        352.8737844310274,
        388.5527519973373,
        537.6953560239698,
        599.4745549213337,
        569.3087490999719,
        0.0,
        0.0,
        0.0,
        0.0,
        0.0,
        0.0,
        0.0,
        0.0,
        0.0,
        0.0,
        0.0,
        0.0,
        0.0,
        0.0,
        0.0
      ],
      "feature_names": [
        "ret1",
        "ret5",
        "ret10",
        "momentum",
        "realizedVol",
        "rsi14",
        "macdLine",
        "macdSignal",
        "macdHist",
        "atr14",
        "atrPct",
        "ema9",
        "ema21",
        "emaSpreadPct",
        "distFromEma9Pct",
        "distFromEma21Pct",
        "bbUpper",
        "bbMiddle",
        "bbLower",
        "bbWidth",
        "bbPctB",
        "bbWidthPct",
        "funding_rate",
        "open_interest_z",
        "liquidations_1h_usd",
        "bid_ask_spread_bps",
        "btc_lead_ret_5m",
        "eth_lead_ret_5m",
        "btc_liquidations_1h_usd",
        "eth_liquidations_1h_usd",
        "sol_liquidations_1h_usd",
        "session_asia",
        "session_eu",
        "session_us",
        "hour_of_day_sin",
        "hour_of_day_cos",
        "coin_idx"
      ]
    },
    {
      "fold": 2,
      "n_train": 528,
      "n_test": 176,
      "auc": 0.5313580802544843,
      "log_loss": 3.2870494031704385,
      "brier": 0.34743108825086216,
      "directional_accuracy": 0.38636363636363635,
      "baseline_auc": 0.5479438300470302,
      "baseline_log_loss": 1.0555524182502791,
      "baseline_brier": 0.21261913094289464,
      "baseline_directional_accuracy": 0.45454545454545453,
      "best_params": {
        "objective": "multiclass",
        "num_class": 3,
        "metric": "multi_logloss",
        "num_leaves": 63,
        "learning_rate": 0.07907324407631516,
        "min_child_samples": 8,
        "feature_fraction": 0.9,
        "bagging_fraction": 0.9,
        "bagging_freq": 5,
        "verbose": -1,
        "deterministic": true,
        "seed": 42
      },