{
  "coin_id": "worldcoin-wld",
  "timeframe": "2h",
  "version": "20260422T093206Z",
  "feature_names": [
    "ret1",
    "ret5",
    "ret10",
    "momentum",
    "realizedVol",
    "rsi14",
    "macdLine",
    "macdSignal",
    "macdHist",
    "atr14",
    "atrPct",
    "ema9",
    "ema21",
    "emaSpreadPct",
    "distFromEma9Pct",
    "distFromEma21Pct",
    "bbUpper",
    "bbMiddle",
    "bbLower",
    "bbWidth",
    "bbPctB",
    "bbWidthPct",
    "news_etf_flow",
    "news_regulatory_risk",
    "news_exchange_outage",
    "news_macro_shock",
    "news_whale_move",
    "news_exploit_or_hack",
    "news_stablecoin_event",
    "news_narrative_rotation",
    "news_listing_or_delisting",
    "news_protocol_upgrade",
    "news_high_volume_breakout",
    "news_unusual_volatility",
    "coin_idx"
  ],
  "coin_vocab": [
    "worldcoin-wld"
  ],
  "n_train_rows": 325,
  "n_test_rows": 270,
  "metrics": {
    "auc": 0.5554840381869584,
    "log_loss": 2.0976396733970875,
    "brier": 0.30362960756199925,
    "directional_accuracy": 0.38888888888888884
  },
  "baseline_metrics": {
    "auc": 0.5286841287161386,
    "log_loss": 1.1022094034424983,
    "brier": 0.2212294025418569,
    "directional_accuracy": 0.4444444444444445
  },
  "threshold_pct": 0.28,
  "horizon_candles": 1,
  "class_return_means_pct": [
    -1.1412484836719,
    0.008395934581490565,
    1.219198646915472
  ],
  "fold_metrics": [
    {
      "fold": 0,
      "n_train": 54,
      "n_test": 54,
      "auc": 0.5224095621154444,
      "log_loss": 1.5930780529808364,
      "brier": 0.28815584369491787,
      "directional_accuracy": 0.2962962962962963,
      "baseline_auc": 0.41464766743404513,
      "baseline_log_loss": 1.245555272612275,
      "baseline_brier": 0.2479142104457086,
      "baseline_directional_accuracy": 0.3888888888888889,
      "best_params": {
        "objective": "multiclass",
        "num_class": 3,
        "metric": "multi_logloss",
        "num_leaves": 63,
        "learning_rate": 0.0938393881004349,
        "min_child_samples": 23,
        "feature_fraction": 0.9,
        "bagging_fraction": 0.9,
        "bagging_freq": 5,
        "verbose": -1,
        "deterministic": true,
        "seed": 42
      }
    },
    {
      "fold": 1,
      "n_train": 108,
      "n_test": 54,
      "auc": 0.5474663196885419,
      "log_loss": 1.732476642108486,
      "brier": 0.31518659874466787,
      "directional_accuracy": 0.2962962962962963,
      "baseline_auc": 0.5504169698614144,
      "baseline_log_loss": 1.0615461485265816,
      "baseline_brier": 0.21237374706268186,
      "baseline_directional_accuracy": 0.48148148148148145,
      "best_params": {
        "objective": "multiclass",
        "num_class": 3,
        "metric": "multi_logloss",
        "num_leaves": 63,
        "learning_rate": 0.0938393881004349,
        "min_child_samples": 23,
        "feature_fraction": 0.9,
        "bagging_fraction": 0.9,
        "bagging_freq": 5,
        "verbose": -1,
        "deterministic": true,
        "seed": 42
      }
    },
    {
      "fold": 2,
      "n_train": 162,
      "n_test": 54,
      "auc": 0.6112565383390026,
      "log_loss": 3.567701333909122,
      "brier": 0.32481602052737246,
      "directional_accuracy": 0.4444444444444444,
      "baseline_auc": 0.6071230053472517,
      "baseline_log_loss": 1.0889970849431914,
      "baseline_brier": 0.2193200512848288,
      "baseline_directional_accuracy": 0.42592592592592593,
      "best_params": {
        "objective": "multiclass",
        "num_class": 3,
        "metric": "multi_logloss",
        "num_leaves": 31,
        "learning_rate": 0.09340308327072934,
        "min_child_samples": 9,
        "feature_fraction": 0.9,
        "bagging_fraction": 0.9,
        "bagging_freq": 5,
        "verbose": -1,
        "deterministic": true,
        "seed": 42
      }
    },
    {
      "fold": 3,
      "n_train": 216,
      "n_test": 54,
      "auc": 0.49480255584705296,
      "log_loss": 2.081190467140269,
      "brier": 0.3263132184365663,
      "directional_accuracy": 0.42592592592592593,
      "baseline_auc": 0.4752703622894796,
      "baseline_log_loss": 1.088598459261062,
      "baseline_brier": 0.2189027618708355,
      "baseline_directional_accuracy": 0.42592592592592593,
      "best_params": {
        "objective": "multiclass",
        "num_class": 3,
        "metric": "multi_logloss",
        "num_leaves": 63,
        "learning_rate": 0.0938393881004349,
        "min_child_samples": 23,
        "feature_fraction": 0.9,
        "bagging_fraction": 0.9,
        "bagging_freq": 5,
        "verbose": -1,
        "deterministic": true,
        "seed": 42
      }
    },
    {
      "fold": 4,
      "n_train": 270,
      "n_test": 54,
      "auc": 0.6014852149447498,
      "log_loss": 1.5137518708467228,
      "brier": 0.26367635640647197,
      "directional_accuracy": 0.48148148148148145,
      "baseline_auc": 0.5959626386485021,
      "baseline_log_loss": 1.0263500518693813,
      "baseline_brier": 0.20763624204522982,
      "baseline_directional_accuracy": 0.5,
      "best_params": {
        "objective": "multiclass",
        "num_class": 3,
        "metric": "multi_logloss",
        "num_leaves": 63,
        "learning_rate": 0.0938393881004349,
        "min_child_samples": 23,
        "feature_fraction": 0.9,
        "bagging_fraction": 0.9,
        "bagging_freq": 5,
        "verbose": -1,
        "deterministic": true,
        "seed": 42
      }
    }
  ],
  "note": "Per-coin model for worldcoin-wld/2h.",
  "directional_call_share": 0.9230769230769231,
  "directional_call_share_n": 65,
  "directional_call_share_source": "holdout",
  "model_kind": "lightgbm",
  "prior_probs": [],
  "has_regression_head": true,
  "regression_head_stats": {
    "n_train_rows": 209,
    "n_holdout_rows": 53,
    "abs_pred_p50_pct": 1.2435360432141485,
    "abs_pred_p95_pct": 1.382384363563179,
    "abs_pred_max_pct": 1.4584803244243398,
    "mae_pct": 0.604031920394608,
    "best_iteration": 5
  }
}