{
  "coin_id": "render-token",
  "timeframe": "1m",
  "version": "20260422T065752Z",
  "feature_names": [
    "ret1",
    "ret5",
    "ret10",
    "momentum",
    "realizedVol",
    "rsi14",
    "macdLine",
    "macdSignal",
    "macdHist",
    "atr14",
    "atrPct",
    "ema9",
    "ema21",
    "emaSpreadPct",
    "distFromEma9Pct",
    "distFromEma21Pct",
    "bbUpper",
    "bbMiddle",
    "bbLower",
    "bbWidth",
    "bbPctB",
    "bbWidthPct",
    "news_etf_flow",
    "news_regulatory_risk",
    "news_exchange_outage",
    "news_macro_shock",
    "news_whale_move",
    "news_exploit_or_hack",
    "news_stablecoin_event",
    "news_narrative_rotation",
    "news_listing_or_delisting",
    "news_protocol_upgrade",
    "news_high_volume_breakout",
    "news_unusual_volatility",
    "coin_idx"
  ],
  "coin_vocab": [
    "render-token"
  ],
  "n_train_rows": 583,
  "n_test_rows": 485,
  "metrics": {
    "auc": 0.5396604285415364,
    "log_loss": 2.12768504547993,
    "brier": 0.2627869798931254,
    "directional_accuracy": 0.534020618556701
  },
  "baseline_metrics": {
    "auc": 0.4738466077561232,
    "log_loss": 0.7814234210005316,
    "brier": 0.14360634381722798,
    "directional_accuracy": 0.7319587628865979
  },
  "threshold_pct": 0.03,
  "horizon_candles": 1,
  "class_return_means_pct": [
    -0.09501277932844364,
    -5.8415056591500795e-05,
    0.13220197561675048
  ],
  "fold_metrics": [
    {
      "fold": 0,
      "n_train": 97,
      "n_test": 97,
      "auc": 0.5250394410637819,
      "log_loss": 1.6273482305972886,
      "brier": 0.26204078979909357,
      "directional_accuracy": 0.5257731958762887,
      "baseline_auc": 0.5749098489970701,
      "baseline_log_loss": 0.8042718597912545,
      "baseline_brier": 0.15319335693207153,
      "baseline_directional_accuracy": 0.7010309278350515,
      "best_params": {
        "objective": "multiclass",
        "num_class": 3,
        "metric": "multi_logloss",
        "num_leaves": 31,
        "learning_rate": 0.04488170057528786,
        "min_child_samples": 9,
        "feature_fraction": 0.9,
        "bagging_fraction": 0.9,
        "bagging_freq": 5,
        "verbose": -1,
        "deterministic": true,
        "seed": 42
      }
    },
    {
      "fold": 1,
      "n_train": 194,
      "n_test": 97,
      "auc": 0.5008434727347609,
      "log_loss": 3.649595815748894,
      "brier": 0.4143800616240756,
      "directional_accuracy": 0.29896907216494845,
      "baseline_auc": 0.4124995037504345,
      "baseline_log_loss": 0.6571675476638971,
      "baseline_brier": 0.11651856787686189,
      "baseline_directional_accuracy": 0.8144329896907216,
      "best_params": {
        "objective": "multiclass",
        "num_class": 3,
        "metric": "multi_logloss",
        "num_leaves": 15,
        "learning_rate": 0.09230320822645494,
        "min_child_samples": 6,
        "feature_fraction": 0.9,
        "bagging_fraction": 0.9,
        "bagging_freq": 5,
        "verbose": -1,
        "deterministic": true,
        "seed": 42
      }
    },
    {
      "fold": 2,
      "n_train": 291,
      "n_test": 97,
      "auc": 0.5763545061056766,
      "log_loss": 1.1332036275502912,
      "brier": 0.18287926045156508,
      "directional_accuracy": 0.6494845360824743,
      "baseline_auc": 0.4218135950839263,
      "baseline_log_loss": 0.7706794060927068,
      "baseline_brier": 0.1370419970925111,
      "baseline_directional_accuracy": 0.7525773195876289,
      "best_params": {
        "objective": "multiclass",
        "num_class": 3,
        "metric": "multi_logloss",
        "num_leaves": 63,
        "learning_rate": 0.0938393881004349,
        "min_child_samples": 23,
        "feature_fraction": 0.9,
        "bagging_fraction": 0.9,
        "bagging_freq": 5,
        "verbose": -1,
        "deterministic": true,
        "seed": 42
      }
    },
    {
      "fold": 3,
      "n_train": 388,
      "n_test": 97,
      "auc": 0.5538606690628978,
      "log_loss": 2.344736142356499,
      "brier": 0.24313012647604468,
      "directional_accuracy": 0.5773195876288659,
      "baseline_auc": 0.5375334063302873,
      "baseline_log_loss": 0.7644464209923846,
      "baseline_brier": 0.14253861198286158,
      "baseline_directional_accuracy": 0.7319587628865979,
      "best_params": {
        "objective": "multiclass",
        "num_class": 3,
        "metric": "multi_logloss",
        "num_leaves": 31,
        "learning_rate": 0.09340308327072934,
        "min_child_samples": 9,
        "feature_fraction": 0.9,
        "bagging_fraction": 0.9,
        "bagging_freq": 5,
        "verbose": -1,
        "deterministic": true,
        "seed": 42
      }
    },
    {
      "fold": 4,
      "n_train": 485,
      "n_test": 97,
      "auc": 0.5422040537405649,
      "log_loss": 1.8835414111466788,
      "brier": 0.21150466111484792,
      "directional_accuracy": 0.6185567010309279,
      "baseline_auc": 0.4224766846188978,
      "baseline_log_loss": 0.9105518704624154,
      "baseline_brier": 0.1687391852018338,
      "baseline_directional_accuracy": 0.6597938144329897,
      "best_params": {
        "objective": "multiclass",
        "num_class": 3,
        "metric": "multi_logloss",
        "num_leaves": 31,
        "learning_rate": 0.09340308327072934,
        "min_child_samples": 9,
        "feature_fraction": 0.9,
        "bagging_fraction": 0.9,
        "bagging_freq": 5,
        "verbose": -1,
        "deterministic": true,
        "seed": 42
      }
    }
  ],
  "note": "Per-coin model for render-token/1m.",
  "directional_call_share": 0.0,
  "directional_call_share_n": 117,
  "directional_call_share_source": "holdout",
  "model_kind": "lightgbm",
  "prior_probs": []
}