{
  "coin_id": "bonk",
  "timeframe": "1h",
  "version": "20260425T092232Z",
  "feature_names": [
    "ret1",
    "ret5",
    "ret10",
    "momentum",
    "realizedVol",
    "rsi14",
    "macdLine",
    "macdSignal",
    "macdHist",
    "atr14",
    "atrPct",
    "ema9",
    "ema21",
    "emaSpreadPct",
    "distFromEma9Pct",
    "distFromEma21Pct",
    "bbUpper",
    "bbMiddle",
    "bbLower",
    "bbWidth",
    "bbPctB",
    "bbWidthPct",
    "funding_rate",
    "open_interest_z",
    "liquidations_1h_usd",
    "bid_ask_spread_bps",
    "btc_lead_ret_5m",
    "eth_lead_ret_5m",
    "btc_liquidations_1h_usd",
    "eth_liquidations_1h_usd",
    "sol_liquidations_1h_usd",
    "session_asia",
    "session_eu",
    "session_us",
    "hour_of_day_sin",
    "hour_of_day_cos",
    "coin_idx"
  ],
  "coin_vocab": [
    "bonk"
  ],
  "n_train_rows": 8675,
  "n_test_rows": 7230,
  "metrics": {
    "auc": 0.521916401621932,
    "log_loss": 2.7626787646400244,
    "brier": 0.32486379992742265,
    "directional_accuracy": 0.38423236514522824
  },
  "baseline_metrics": {
    "auc": 0.5380658452510895,
    "log_loss": 1.0659498328039179,
    "brier": 0.21602271452100585,
    "directional_accuracy": 0.40401106500691564
  },
  "threshold_pct": 0.4275,
  "horizon_candles": 4,
  "class_return_means_pct": [
    -1.972961998513342,
    -0.013901894867671849,
    2.1430082105268324
  ],
  "fold_metrics": [
    {
      "fold": 0,
      "n_train": 1445,
      "n_test": 1446,
      "auc": 0.5097908904081744,
      "log_loss": 4.85824999185024,
      "brier": 0.3649671414586579,
      "directional_accuracy": 0.4170124481327801,
      "baseline_auc": 0.5417268735291779,
      "baseline_log_loss": 1.0414059713176091,
      "baseline_brier": 0.2113762242950746,
      "baseline_directional_accuracy": 0.43499308437067774,
      "best_params": {
        "objective": "multiclass",
        "num_class": 3,
        "metric": "multi_logloss",
        "num_leaves": 63,
        "learning_rate": 0.0938393881004349,
        "min_child_samples": 23,
        "feature_fraction": 0.9,
        "bagging_fraction": 0.9,
        "bagging_freq": 5,
        "verbose": -1,
        "deterministic": true,
        "seed": 42
      },
      "feature_importance": [
        1045.1499783660045,
        788.4873482963252,
        930.1239531807064,
        853.938456710923,
        904.0520510366931,
        757.6080450558471,
        622.0374444464674,
        869.5006383866988,
        899.0266222784751,
        842.0295397958514,
        916.311891350672,
        483.84242399254794,
        503.5039828768372,
        652.0158518681735,
        688.0387033981901,
        547.1997814387007,
        595.8985415847856,
        541.7192766803493,
        617.1907689496343,
        931.1167926697605,
        625.8856718727969,
        906.7685230336382,
        0.0,
        0.0,
        0.0,
        0.0,
        0.0,
        0.0,
        0.0,
        0.0,
        0.0,
        73.09565621969742,
        24.160137618758817,
        40.85567120326414,
        532.5770036431454,
        601.881369194701,
        0.0
      ],
      "feature_names": [
        "ret1",
        "ret5",
        "ret10",
        "momentum",
        "realizedVol",
        "rsi14",
        "macdLine",
        "macdSignal",
        "macdHist",
        "atr14",
        "atrPct",
        "ema9",
        "ema21",
        "emaSpreadPct",
        "distFromEma9Pct",
        "distFromEma21Pct",
        "bbUpper",
        "bbMiddle",
        "bbLower",
        "bbWidth",
        "bbPctB",
        "bbWidthPct",
        "funding_rate",
        "open_interest_z",
        "liquidations_1h_usd",
        "bid_ask_spread_bps",
        "btc_lead_ret_5m",
        "eth_lead_ret_5m",
        "btc_liquidations_1h_usd",
        "eth_liquidations_1h_usd",
        "sol_liquidations_1h_usd",
        "session_asia",
        "session_eu",
        "session_us",
        "hour_of_day_sin",
        "hour_of_day_cos",
        "coin_idx"
      ]
    },
    {
      "fold": 1,
      "n_train": 2891,
      "n_test": 1446,
      "auc": 0.5018791448152933,
      "log_loss": 2.478679966263268,
      "brier": 0.33760517194524825,
      "directional_accuracy": 0.37136929460580914,
      "baseline_auc": 0.5226139661888519,
      "baseline_log_loss": 1.0670519633619846,
      "baseline_brier": 0.21633052707272946,
      "baseline_directional_accuracy": 0.4107883817427386,
      "best_params": {
        "objective": "multiclass",
        "num_class": 3,
        "metric": "multi_logloss",
        "num_leaves": 31,
        "learning_rate": 0.09340308327072934,
        "min_child_samples": 9,
        "feature_fraction": 0.9,
        "bagging_fraction": 0.9,
        "bagging_freq": 5,
        "verbose": -1,
        "deterministic": true,
        "seed": 42
      },
      "feature_importance": [
        1722.7626369438512,
        1631.8438992565498,
        1717.4449477128655,
        1774.2073324673693,
        1966.6442467499,
        1418.4187805292604,
        1588.967059994,
        1897.5875536881213,
        1868.0649439670378,
        1590.857250818066,
        1934.8731398696254,
        1300.734116691805,
        929.0792107404268,
        1412.7553379246674,
        1260.8524566969572,
        1095.7342817363096,
        1259.401786204602,
        797.3287555409188,
        1108.4795375098183,
        1788.8574752927234,
        1225.2709600097587,
        1855.830460816098,
        0.0,
        0.0,
        0.0,
        0.0,
        0.0,
        0.0,
        0.0,
        0.0,
        0.0,
        94.36696416558698,
        126.68335751863196,
        64.37817232799716,
        1086.4556350333733,
        1130.5819600322866,
        0.0
      ],
      "feature_names": [
        "ret1",
        "ret5",
        "ret10",
        "momentum",
        "realizedVol",
        "rsi14",
        "macdLine",
        "macdSignal",
        "macdHist",
        "atr14",
        "atrPct",
        "ema9",
        "ema21",
        "emaSpreadPct",
        "distFromEma9Pct",
        "distFromEma21Pct",
        "bbUpper",
        "bbMiddle",
        "bbLower",
        "bbWidth",
        "bbPctB",
        "bbWidthPct",
        "funding_rate",
        "open_interest_z",
        "liquidations_1h_usd",
        "bid_ask_spread_bps",
        "btc_lead_ret_5m",
        "eth_lead_ret_5m",
        "btc_liquidations_1h_usd",
        "eth_liquidations_1h_usd",
        "sol_liquidations_1h_usd",
        "session_asia",
        "session_eu",
        "session_us",
        "hour_of_day_sin",
        "hour_of_day_cos",
        "coin_idx"
      ]
    },
    {
      "fold": 2,
      "n_train": 4337,
      "n_test": 1446,
      "auc": 0.49416269583615424,
      "log_loss": 3.4388342714133153,
      "brier": 0.36832063131255754,
      "directional_accuracy": 0.3831258644536653,
      "baseline_auc": 0.5376926606690423,
      "baseline_log_loss": 1.0747389459807148,
      "baseline_brier": 0.21762805500510343,
      "baseline_directional_accuracy": 0.4045643153526971,
      "best_params": {
        "objective": "multiclass",
        "num_class": 3,
        "metric": "multi_logloss",
        "num_leaves": 31,
        "learning_rate": 0.09340308327072934,
        "min_child_samples": 9,
        "feature_fraction": 0.9,
        "bagging_fraction": 0.9,
        "bagging_freq": 5,
        "verbose": -1,
        "deterministic": true,
        "seed": 42
      },