{
  "coin_id": "dogwifcoin",
  "timeframe": "1m",
  "version": "20260422T185917Z",
  "feature_names": [
    "ret1",
    "ret5",
    "ret10",
    "momentum",
    "realizedVol",
    "rsi14",
    "macdLine",
    "macdSignal",
    "macdHist",
    "atr14",
    "atrPct",
    "ema9",
    "ema21",
    "emaSpreadPct",
    "distFromEma9Pct",
    "distFromEma21Pct",
    "bbUpper",
    "bbMiddle",
    "bbLower",
    "bbWidth",
    "bbPctB",
    "bbWidthPct",
    "news_etf_flow",
    "news_regulatory_risk",
    "news_exchange_outage",
    "news_macro_shock",
    "news_whale_move",
    "news_exploit_or_hack",
    "news_stablecoin_event",
    "news_narrative_rotation",
    "news_listing_or_delisting",
    "news_protocol_upgrade",
    "news_high_volume_breakout",
    "news_unusual_volatility",
    "coin_idx"
  ],
  "coin_vocab": [
    "dogwifcoin"
  ],
  "n_train_rows": 1908,
  "n_test_rows": 1590,
  "metrics": {
    "auc": 0.5260090091385496,
    "log_loss": 4.12035177773667,
    "brier": 0.3130817334100889,
    "directional_accuracy": 0.48742138364779874
  },
  "baseline_metrics": {
    "auc": 0.501280808485237,
    "log_loss": 1.1486940637094532,
    "brier": 0.20864524864375142,
    "directional_accuracy": 0.5377358490566038
  },
  "threshold_pct": 0.03,
  "horizon_candles": 1,
  "class_return_means_pct": [
    -0.42429382436930413,
    8.109745318564084e-05,
    0.4566120245995498
  ],
  "fold_metrics": [
    {
      "fold": 0,
      "n_train": 318,
      "n_test": 318,
      "auc": 0.47860979837566014,
      "log_loss": 3.073504341868486,
      "brier": 0.30782917812792454,
      "directional_accuracy": 0.4779874213836478,
      "baseline_auc": 0.4488385763894424,
      "baseline_log_loss": 0.8333954102580764,
      "baseline_brier": 0.1847720766108338,
      "baseline_directional_accuracy": 0.49056603773584906,
      "best_params": {
        "objective": "multiclass",
        "num_class": 3,
        "metric": "multi_logloss",
        "num_leaves": 31,
        "learning_rate": 0.10818339856806328,
        "min_child_samples": 11,
        "feature_fraction": 0.9,
        "bagging_fraction": 0.9,
        "bagging_freq": 5,
        "verbose": -1,
        "deterministic": true,
        "seed": 42
      }
    },
    {
      "fold": 1,
      "n_train": 636,
      "n_test": 318,
      "auc": 0.506886163155209,
      "log_loss": 10.589949504435967,
      "brier": 0.5710671341863024,
      "directional_accuracy": 0.1320754716981132,
      "baseline_auc": 0.5024175597190834,
      "baseline_log_loss": 2.392073133693241,
      "baseline_brier": 0.38105197982821565,
      "baseline_directional_accuracy": 0.1289308176100629,
      "best_params": {
        "objective": "multiclass",
        "num_class": 3,
        "metric": "multi_logloss",
        "num_leaves": 15,
        "learning_rate": 0.07154903050772929,
        "min_child_samples": 18,
        "feature_fraction": 0.9,
        "bagging_fraction": 0.9,
        "bagging_freq": 5,
        "verbose": -1,
        "deterministic": true,
        "seed": 42
      }
    },
    {
      "fold": 2,
      "n_train": 954,
      "n_test": 318,
      "auc": 0.5857229635139577,
      "log_loss": 2.924033770875737,
      "brier": 0.23547913628609973,
      "directional_accuracy": 0.6257861635220126,
      "baseline_auc": 0.5321857250512153,
      "baseline_log_loss": 0.8559391642031118,
      "baseline_brier": 0.16264827687320163,
      "baseline_directional_accuracy": 0.6792452830188679,
      "best_params": {
        "objective": "multiclass",
        "num_class": 3,
        "metric": "multi_logloss",
        "num_leaves": 15,
        "learning_rate": 0.15217214450270328,
        "min_child_samples": 5,
        "feature_fraction": 0.9,
        "bagging_fraction": 0.9,
        "bagging_freq": 5,
        "verbose": -1,
        "deterministic": true,
        "seed": 42
      }
    },
    {
      "fold": 3,
      "n_train": 1272,
      "n_test": 318,
      "auc": 0.5232486674018931,
      "log_loss": 2.550608368402559,
      "brier": 0.22834456701884354,
      "directional_accuracy": 0.6163522012578616,
      "baseline_auc": 0.5105441825199889,
      "baseline_log_loss": 0.7663467703932386,
      "baseline_brier": 0.14132405228147582,
      "baseline_directional_accuracy": 0.7358490566037735,
      "best_params": {
        "objective": "multiclass",
        "num_class": 3,
        "metric": "multi_logloss",
        "num_leaves": 31,
        "learning_rate": 0.15402094011443096,
        "min_child_samples": 30,
        "feature_fraction": 0.9,
        "bagging_fraction": 0.9,
        "bagging_freq": 5,
        "verbose": -1,
        "deterministic": true,
        "seed": 42
      }
    },
    {
      "fold": 4,
      "n_train": 1590,
      "n_test": 318,
      "auc": 0.5355774532460283,
      "log_loss": 1.4636629031005999,
      "brier": 0.22268865143127436,
      "directional_accuracy": 0.5849056603773585,
      "baseline_auc": 0.512417998746455,
      "baseline_log_loss": 0.895715839999598,
      "baseline_brier": 0.17342985762503027,
      "baseline_directional_accuracy": 0.6540880503144654,
      "best_params": {
        "objective": "multiclass",
        "num_class": 3,
        "metric": "multi_logloss",
        "num_leaves": 15,
        "learning_rate": 0.0520768276156443,
        "min_child_samples": 14,
        "feature_fraction": 0.9,
        "bagging_fraction": 0.9,
        "bagging_freq": 5,
        "verbose": -1,
        "deterministic": true,
        "seed": 42
      }
    }
  ],
  "note": "Per-coin model for dogwifcoin/1m.",
  "directional_call_share": 0.0,
  "directional_call_share_n": 382,
  "directional_call_share_source": "holdout",
  "model_kind": "lightgbm",
  "prior_probs": [],
  "has_regression_head": true,
  "regression_head_stats": {
    "n_train_rows": 795,
    "n_holdout_rows": 199,
    "abs_pred_p50_pct": 0.1111867149898992,
    "abs_pred_p95_pct": 0.6022053990448913,
    "abs_pred_max_pct": 0.9068036784669224,
    "mae_pct": 0.09741802563587523,
    "best_iteration": 68
  },
  "gates_alignment": {
    "n": 382,
    "source": "holdout",
    "min_directional_edge": 0.05,
    "min_expected_return_pct": 0.15,
    "aligned_share": 0.6858638743455497,
    "aligned_loud_share": 0.002617801047120419,
    "aligned_quiet_share": 0.6832460732984293,
    "loud_classifier_quiet_regressor_share": 0.28534031413612565,
    "quiet_classifier_loud_regressor_share": 0.028795811518324606,
    "dir_edge_p50": 0.024516846761056532,
    "dir_edge_p95": 0.1338514680483592,
    "abs_magnitude_pct_p50": 0.11095387249375485,
    "abs_magnitude_pct_p95": 0.1369063357587621
  },
  "specialist_kind": null,
  "regime_subset": [],
  "feature_schema_hash": "726b9f4d8d8b",
  "training_window": {
    "start": "2026-03-25T05:00:00+00:00",
    "end": "2026-04-22T18:50:00+00:00"
  }
}