{
  "coin_id": "bonk",
  "timeframe": "1m",
  "version": "20260422T202634Z",
  "feature_names": [
    "ret1",
    "ret5",
    "ret10",
    "momentum",
    "realizedVol",
    "rsi14",
    "macdLine",
    "macdSignal",
    "macdHist",
    "atr14",
    "atrPct",
    "ema9",
    "ema21",
    "emaSpreadPct",
    "distFromEma9Pct",
    "distFromEma21Pct",
    "bbUpper",
    "bbMiddle",
    "bbLower",
    "bbWidth",
    "bbPctB",
    "bbWidthPct",
    "news_etf_flow",
    "news_regulatory_risk",
    "news_exchange_outage",
    "news_macro_shock",
    "news_whale_move",
    "news_exploit_or_hack",
    "news_stablecoin_event",
    "news_narrative_rotation",
    "news_listing_or_delisting",
    "news_protocol_upgrade",
    "news_high_volume_breakout",
    "news_unusual_volatility",
    "coin_idx"
  ],
  "coin_vocab": [
    "bonk"
  ],
  "n_train_rows": 2432,
  "n_test_rows": 2025,
  "metrics": {
    "auc": 0.5319690810589439,
    "log_loss": 3.1140102007663724,
    "brier": 0.29584100083519915,
    "directional_accuracy": 0.47851851851851857
  },
  "baseline_metrics": {
    "auc": 0.5489463634979599,
    "log_loss": 0.9981018971768435,
    "brier": 0.1976753860973875,
    "directional_accuracy": 0.5565432098765433
  },
  "threshold_pct": 0.03,
  "horizon_candles": 1,
  "class_return_means_pct": [
    -0.28322719133503305,
    -2.8130747706636105e-05,
    0.3522887683733824
  ],
  "fold_metrics": [
    {
      "fold": 0,
      "n_train": 405,
      "n_test": 405,
      "auc": 0.5725874987483733,
      "log_loss": 3.4984792167151717,
      "brier": 0.32166409914481653,
      "directional_accuracy": 0.454320987654321,
      "baseline_auc": 0.5655205115792579,
      "baseline_log_loss": 1.0224621057221501,
      "baseline_brier": 0.20501961648087777,
      "baseline_directional_accuracy": 0.47160493827160493,
      "best_params": {
        "objective": "multiclass",
        "num_class": 3,
        "metric": "multi_logloss",
        "num_leaves": 15,
        "learning_rate": 0.10986688873050877,
        "min_child_samples": 16,
        "feature_fraction": 0.9,
        "bagging_fraction": 0.9,
        "bagging_freq": 5,
        "verbose": -1,
        "deterministic": true,
        "seed": 42
      }
    },
    {
      "fold": 1,
      "n_train": 810,
      "n_test": 405,
      "auc": 0.4303440691871443,
      "log_loss": 5.688642872053453,
      "brier": 0.39843141289855843,
      "directional_accuracy": 0.37530864197530867,
      "baseline_auc": 0.5855535514133506,
      "baseline_log_loss": 1.1400037459646999,
      "baseline_brier": 0.23072057372279187,
      "baseline_directional_accuracy": 0.3802469135802469,
      "best_params": {
        "objective": "multiclass",
        "num_class": 3,
        "metric": "multi_logloss",
        "num_leaves": 31,
        "learning_rate": 0.07604497703776485,
        "min_child_samples": 21,
        "feature_fraction": 0.9,
        "bagging_fraction": 0.9,
        "bagging_freq": 5,
        "verbose": -1,
        "deterministic": true,
        "seed": 42
      }
    },
    {
      "fold": 2,
      "n_train": 1215,
      "n_test": 405,
      "auc": 0.5270243315413976,
      "log_loss": 1.4330664435057063,
      "brier": 0.2540474385825843,
      "directional_accuracy": 0.4691358024691358,
      "baseline_auc": 0.467776261770452,
      "baseline_log_loss": 0.9433566199265978,
      "baseline_brier": 0.18601230507424396,
      "baseline_directional_accuracy": 0.7037037037037037,
      "best_params": {
        "objective": "multiclass",
        "num_class": 3,
        "metric": "multi_logloss",
        "num_leaves": 31,
        "learning_rate": 0.030720207336198093,
        "min_child_samples": 28,
        "feature_fraction": 0.9,
        "bagging_fraction": 0.9,
        "bagging_freq": 5,
        "verbose": -1,
        "deterministic": true,
        "seed": 42
      }
    },
    {
      "fold": 3,
      "n_train": 1620,
      "n_test": 405,
      "auc": 0.5465966196978677,
      "log_loss": 3.5949306188205155,
      "brier": 0.27756789371905494,
      "directional_accuracy": 0.5555555555555556,
      "baseline_auc": 0.5795408378519068,
      "baseline_log_loss": 0.9365302798439087,
      "baseline_brier": 0.17945612291674615,
      "baseline_directional_accuracy": 0.6246913580246913,
      "best_params": {
        "objective": "multiclass",
        "num_class": 3,
        "metric": "multi_logloss",
        "num_leaves": 31,
        "learning_rate": 0.13135742135509793,
        "min_child_samples": 18,
        "feature_fraction": 0.9,
        "bagging_fraction": 0.9,
        "bagging_freq": 5,
        "verbose": -1,
        "deterministic": true,
        "seed": 42
      }
    },
    {
      "fold": 4,
      "n_train": 2025,
      "n_test": 405,
      "auc": 0.583292886119937,
      "log_loss": 1.3549318527370164,
      "brier": 0.22749415983098145,
      "directional_accuracy": 0.5382716049382716,
      "baseline_auc": 0.5463406548748323,
      "baseline_log_loss": 0.9481567344268611,
      "baseline_brier": 0.18716831229227782,
      "baseline_directional_accuracy": 0.6024691358024692,
      "best_params": {
        "objective": "multiclass",
        "num_class": 3,
        "metric": "multi_logloss",
        "num_leaves": 15,
        "learning_rate": 0.08020972067795454,
        "min_child_samples": 26,
        "feature_fraction": 0.9,
        "bagging_fraction": 0.9,
        "bagging_freq": 5,
        "verbose": -1,
        "deterministic": true,
        "seed": 42
      }
    }
  ],
  "note": "Per-coin model for bonk/1m.",
  "directional_call_share": 0.002053388090349076,
  "directional_call_share_n": 487,
  "directional_call_share_source": "holdout",
  "model_kind": "lightgbm",
  "prior_probs": [],
  "has_regression_head": true,
  "regression_head_stats": {
    "n_train_rows": 1136,
    "n_holdout_rows": 285,
    "abs_pred_p50_pct": 0.13942078006232603,
    "abs_pred_p95_pct": 0.3291962938442978,
    "abs_pred_max_pct": 1.4651477643221964,
    "mae_pct": 0.11042704433759985,
    "best_iteration": 37
  },
  "gates_alignment": {
    "n": 487,
    "source": "holdout",
    "min_directional_edge": 0.05,
    "min_expected_return_pct": 0.15,
    "aligned_share": 0.4784394250513347,
    "aligned_loud_share": 0.12114989733059549,
    "aligned_quiet_share": 0.35728952772073924,
    "loud_classifier_quiet_regressor_share": 0.42299794661190965,
    "quiet_classifier_loud_regressor_share": 0.09856262833675565,
    "dir_edge_p50": 0.07397526073247634,
    "dir_edge_p95": 0.2556547419289885,
    "abs_magnitude_pct_p50": 0.13942078006232603,
    "abs_magnitude_pct_p95": 0.1749009239738143
  },
  "specialist_kind": null,
  "regime_subset": [],
  "feature_schema_hash": "726b9f4d8d8b",
  "training_window": {
    "start": "2026-03-24T14:01:00+00:00",
    "end": "2026-04-22T20:21:00+00:00"
  }
}