{
  "coin_id": "bonk",
  "timeframe": "5m",
  "version": "20260422T090845Z",
  "feature_names": [
    "ret1",
    "ret5",
    "ret10",
    "momentum",
    "realizedVol",
    "rsi14",
    "macdLine",
    "macdSignal",
    "macdHist",
    "atr14",
    "atrPct",
    "ema9",
    "ema21",
    "emaSpreadPct",
    "distFromEma9Pct",
    "distFromEma21Pct",
    "bbUpper",
    "bbMiddle",
    "bbLower",
    "bbWidth",
    "bbPctB",
    "bbWidthPct",
    "news_etf_flow",
    "news_regulatory_risk",
    "news_exchange_outage",
    "news_macro_shock",
    "news_whale_move",
    "news_exploit_or_hack",
    "news_stablecoin_event",
    "news_narrative_rotation",
    "news_listing_or_delisting",
    "news_protocol_upgrade",
    "news_high_volume_breakout",
    "news_unusual_volatility",
    "coin_idx"
  ],
  "coin_vocab": [
    "bonk"
  ],
  "n_train_rows": 872,
  "n_test_rows": 725,
  "metrics": {
    "auc": 0.5141683954844132,
    "log_loss": 1.7487475506934618,
    "brier": 0.295963773301608,
    "directional_accuracy": 0.37103448275862067
  },
  "baseline_metrics": {
    "auc": 0.5467113004890902,
    "log_loss": 1.0905824132565112,
    "brier": 0.21869203795718795,
    "directional_accuracy": 0.42206896551724143
  },
  "threshold_pct": 0.1,
  "horizon_candles": 1,
  "class_return_means_pct": [
    -0.5010292280957976,
    -0.0030034910646168046,
    0.6152144598993767
  ],
  "fold_metrics": [
    {
      "fold": 0,
      "n_train": 145,
      "n_test": 145,
      "auc": 0.5183313967991386,
      "log_loss": 1.4829822794665202,
      "brier": 0.2764268165521395,
      "directional_accuracy": 0.36551724137931035,
      "baseline_auc": 0.5535814394685362,
      "baseline_log_loss": 1.0411800925291006,
      "baseline_brier": 0.21084347243971843,
      "baseline_directional_accuracy": 0.4413793103448276,
      "best_params": {
        "objective": "multiclass",
        "num_class": 3,
        "metric": "multi_logloss",
        "num_leaves": 63,
        "learning_rate": 0.0938393881004349,
        "min_child_samples": 23,
        "feature_fraction": 0.9,
        "bagging_fraction": 0.9,
        "bagging_freq": 5,
        "verbose": -1,
        "deterministic": true,
        "seed": 42
      }
    },
    {
      "fold": 1,
      "n_train": 290,
      "n_test": 145,
      "auc": 0.5500641110725499,
      "log_loss": 1.5971017329696184,
      "brier": 0.25385551629167674,
      "directional_accuracy": 0.4689655172413793,
      "baseline_auc": 0.5380394111280188,
      "baseline_log_loss": 1.1041153505186767,
      "baseline_brier": 0.21092374787354504,
      "baseline_directional_accuracy": 0.47586206896551725,
      "best_params": {
        "objective": "multiclass",
        "num_class": 3,
        "metric": "multi_logloss",
        "num_leaves": 15,
        "learning_rate": 0.060113218328857784,
        "min_child_samples": 16,
        "feature_fraction": 0.9,
        "bagging_fraction": 0.9,
        "bagging_freq": 5,
        "verbose": -1,
        "deterministic": true,
        "seed": 42
      }
    },
    {
      "fold": 2,
      "n_train": 435,
      "n_test": 145,
      "auc": 0.5609334419089569,
      "log_loss": 1.5131084388548783,
      "brier": 0.270013358495576,
      "directional_accuracy": 0.4068965517241379,
      "baseline_auc": 0.6050777611212901,
      "baseline_log_loss": 0.9876547167048271,
      "baseline_brier": 0.20101755827444068,
      "baseline_directional_accuracy": 0.45517241379310347,
      "best_params": {
        "objective": "multiclass",
        "num_class": 3,
        "metric": "multi_logloss",
        "num_leaves": 63,
        "learning_rate": 0.0938393881004349,
        "min_child_samples": 23,
        "feature_fraction": 0.9,
        "bagging_fraction": 0.9,
        "bagging_freq": 5,
        "verbose": -1,
        "deterministic": true,
        "seed": 42
      }
    },
    {
      "fold": 3,
      "n_train": 580,
      "n_test": 145,
      "auc": 0.4457420354946833,
      "log_loss": 2.0202953178023138,
      "brier": 0.29870915912506485,
      "directional_accuracy": 0.43448275862068964,
      "baseline_auc": 0.5492387437039158,
      "baseline_log_loss": 1.0548288119975273,
      "baseline_brier": 0.21456054057232424,
      "baseline_directional_accuracy": 0.45517241379310347,
      "best_params": {
        "objective": "multiclass",
        "num_class": 3,
        "metric": "multi_logloss",
        "num_leaves": 15,
        "learning_rate": 0.09230320822645494,
        "min_child_samples": 6,
        "feature_fraction": 0.9,
        "bagging_fraction": 0.9,
        "bagging_freq": 5,
        "verbose": -1,
        "deterministic": true,
        "seed": 42
      }
    },
    {
      "fold": 4,
      "n_train": 725,
      "n_test": 145,
      "auc": 0.4957709921467372,
      "log_loss": 2.1302499843739784,
      "brier": 0.38081401604358306,
      "directional_accuracy": 0.1793103448275862,
      "baseline_auc": 0.48761914702369014,
      "baseline_log_loss": 1.2651330945324237,
      "baseline_brier": 0.2561148706259114,
      "baseline_directional_accuracy": 0.2827586206896552,
      "best_params": {
        "objective": "multiclass",
        "num_class": 3,
        "metric": "multi_logloss",
        "num_leaves": 15,
        "learning_rate": 0.060113218328857784,
        "min_child_samples": 16,
        "feature_fraction": 0.9,
        "bagging_fraction": 0.9,
        "bagging_freq": 5,
        "verbose": -1,
        "deterministic": true,
        "seed": 42
      }
    }
  ],
  "note": "Per-coin model for bonk/5m.",
  "directional_call_share": 0.0,
  "directional_call_share_n": 175,
  "directional_call_share_source": "holdout",
  "model_kind": "lightgbm",
  "prior_probs": []
}