{
  "coin_id": "bonk",
  "timeframe": "1h",
  "version": "20260422T144407Z",
  "feature_names": [
    "ret1",
    "ret5",
    "ret10",
    "momentum",
    "realizedVol",
    "rsi14",
    "macdLine",
    "macdSignal",
    "macdHist",
    "atr14",
    "atrPct",
    "ema9",
    "ema21",
    "emaSpreadPct",
    "distFromEma9Pct",
    "distFromEma21Pct",
    "bbUpper",
    "bbMiddle",
    "bbLower",
    "bbWidth",
    "bbPctB",
    "bbWidthPct",
    "news_etf_flow",
    "news_regulatory_risk",
    "news_exchange_outage",
    "news_macro_shock",
    "news_whale_move",
    "news_exploit_or_hack",
    "news_stablecoin_event",
    "news_narrative_rotation",
    "news_listing_or_delisting",
    "news_protocol_upgrade",
    "news_high_volume_breakout",
    "news_unusual_volatility",
    "coin_idx"
  ],
  "coin_vocab": [
    "bonk"
  ],
  "n_train_rows": 684,
  "n_test_rows": 570,
  "metrics": {
    "auc": 0.5282948497364426,
    "log_loss": 3.1795828315642813,
    "brier": 0.37111295245280534,
    "directional_accuracy": 0.3368421052631579
  },
  "baseline_metrics": {
    "auc": 0.5102378476880629,
    "log_loss": 1.1315661661232055,
    "brier": 0.22820048248141545,
    "directional_accuracy": 0.38596491228070173
  },
  "threshold_pct": 0.2,
  "horizon_candles": 1,
  "class_return_means_pct": [
    -0.6505429849377626,
    -0.014266875679034015,
    0.7635657350909005
  ],
  "fold_metrics": [
    {
      "fold": 0,
      "n_train": 114,
      "n_test": 114,
      "auc": 0.5669996246157215,
      "log_loss": 3.84843012964383,
      "brier": 0.36683811461153315,
      "directional_accuracy": 0.39473684210526316,
      "baseline_auc": 0.544824681266253,
      "baseline_log_loss": 1.166072747176138,
      "baseline_brier": 0.23243875464756028,
      "baseline_directional_accuracy": 0.37719298245614036,
      "best_params": {
        "objective": "multiclass",
        "num_class": 3,
        "metric": "multi_logloss",
        "num_leaves": 31,
        "learning_rate": 0.1,
        "min_child_samples": 5,
        "feature_fraction": 0.9,
        "bagging_fraction": 0.9,
        "bagging_freq": 5,
        "verbose": -1,
        "deterministic": true,
        "seed": 42
      }
    },
    {
      "fold": 1,
      "n_train": 228,
      "n_test": 114,
      "auc": 0.5405636295217419,
      "log_loss": 3.356258403235031,
      "brier": 0.38804463251538895,
      "directional_accuracy": 0.30701754385964913,
      "baseline_auc": 0.5424261518298722,
      "baseline_log_loss": 1.1525931408298487,
      "baseline_brier": 0.23300770224520248,
      "baseline_directional_accuracy": 0.41228070175438597,
      "best_params": {
        "objective": "multiclass",
        "num_class": 3,
        "metric": "multi_logloss",
        "num_leaves": 31,
        "learning_rate": 0.1,
        "min_child_samples": 5,
        "feature_fraction": 0.9,
        "bagging_fraction": 0.9,
        "bagging_freq": 5,
        "verbose": -1,
        "deterministic": true,
        "seed": 42
      }
    },
    {
      "fold": 2,
      "n_train": 342,
      "n_test": 114,
      "auc": 0.5316938377123562,
      "log_loss": 2.77656586894243,
      "brier": 0.3616224787392344,
      "directional_accuracy": 0.32456140350877194,
      "baseline_auc": 0.5012968375931339,
      "baseline_log_loss": 1.1127289227147232,
      "baseline_brier": 0.22473973365859604,
      "baseline_directional_accuracy": 0.4298245614035088,
      "best_params": {
        "objective": "multiclass",
        "num_class": 3,
        "metric": "multi_logloss",
        "num_leaves": 31,
        "learning_rate": 0.1,
        "min_child_samples": 5,
        "feature_fraction": 0.9,
        "bagging_fraction": 0.9,
        "bagging_freq": 5,
        "verbose": -1,
        "deterministic": true,
        "seed": 42
      }
    },
    {
      "fold": 3,
      "n_train": 456,
      "n_test": 114,
      "auc": 0.5032573246179849,
      "log_loss": 3.056287131116584,
      "brier": 0.3779693267578634,
      "directional_accuracy": 0.3157894736842105,
      "baseline_auc": 0.4969693265040899,
      "baseline_log_loss": 1.095916800530147,
      "baseline_brier": 0.22145608596695365,
      "baseline_directional_accuracy": 0.3508771929824561,
      "best_params": {
        "objective": "multiclass",
        "num_class": 3,
        "metric": "multi_logloss",
        "num_leaves": 31,
        "learning_rate": 0.1,
        "min_child_samples": 5,
        "feature_fraction": 0.9,
        "bagging_fraction": 0.9,
        "bagging_freq": 5,
        "verbose": -1,
        "deterministic": true,
        "seed": 42
      }
    },
    {
      "fold": 4,
      "n_train": 570,
      "n_test": 114,
      "auc": 0.4989598322144082,
      "log_loss": 2.8603726248835337,
      "brier": 0.36109020964000677,
      "directional_accuracy": 0.34210526315789475,
      "baseline_auc": 0.4656722412469656,
      "baseline_log_loss": 1.13051921936517,
      "baseline_brier": 0.2293601358887648,
      "baseline_directional_accuracy": 0.35964912280701755,
      "best_params": {
        "objective": "multiclass",
        "num_class": 3,
        "metric": "multi_logloss",
        "num_leaves": 31,
        "learning_rate": 0.1,
        "min_child_samples": 5,
        "feature_fraction": 0.9,
        "bagging_fraction": 0.9,
        "bagging_freq": 5,
        "verbose": -1,
        "deterministic": true,
        "seed": 42
      }
    }
  ],
  "note": "Per-coin model for bonk/1h.",
  "directional_call_share": 0.9927007299270073,
  "directional_call_share_n": 137,
  "directional_call_share_source": "holdout",
  "model_kind": "lightgbm",
  "prior_probs": [],
  "has_regression_head": true,
  "regression_head_stats": {
    "n_train_rows": 380,
    "n_holdout_rows": 95,
    "abs_pred_p50_pct": 0.7651265777702557,
    "abs_pred_p95_pct": 1.1178878664406438,
    "abs_pred_max_pct": 1.4224157043242953,
    "mae_pct": 0.35783849930200406,
    "best_iteration": 24
  },
  "gates_alignment": {
    "n": 137,
    "source": "holdout",
    "min_directional_edge": 0.05,
    "min_expected_return_pct": 0.15,
    "aligned_share": 0.927007299270073,
    "aligned_loud_share": 0.927007299270073,
    "aligned_quiet_share": 0.0,
    "loud_classifier_quiet_regressor_share": 0.0,
    "quiet_classifier_loud_regressor_share": 0.072992700729927,
    "dir_edge_p50": 0.06566973750867777,
    "dir_edge_p95": 0.1813641487791795,
    "abs_magnitude_pct_p50": 0.7634197446141762,
    "abs_magnitude_pct_p95": 1.1196042876773424
  }
}