{
  "coin_id": "sei-network",
  "timeframe": "5m",
  "version": "20260422T094740Z",
  "feature_names": [
    "ret1",
    "ret5",
    "ret10",
    "momentum",
    "realizedVol",
    "rsi14",
    "macdLine",
    "macdSignal",
    "macdHist",
    "atr14",
    "atrPct",
    "ema9",
    "ema21",
    "emaSpreadPct",
    "distFromEma9Pct",
    "distFromEma21Pct",
    "bbUpper",
    "bbMiddle",
    "bbLower",
    "bbWidth",
    "bbPctB",
    "bbWidthPct",
    "news_etf_flow",
    "news_regulatory_risk",
    "news_exchange_outage",
    "news_macro_shock",
    "news_whale_move",
    "news_exploit_or_hack",
    "news_stablecoin_event",
    "news_narrative_rotation",
    "news_listing_or_delisting",
    "news_protocol_upgrade",
    "news_high_volume_breakout",
    "news_unusual_volatility",
    "coin_idx"
  ],
  "coin_vocab": [
    "sei-network"
  ],
  "n_train_rows": 837,
  "n_test_rows": 695,
  "metrics": {
    "auc": 0.5107054146252057,
    "log_loss": 3.30036266517133,
    "brier": 0.36222445417339916,
    "directional_accuracy": 0.3712230215827338
  },
  "baseline_metrics": {
    "auc": 0.556093012124249,
    "log_loss": 1.0807522547541657,
    "brier": 0.21874543794934484,
    "directional_accuracy": 0.4287769784172662
  },
  "threshold_pct": 0.1,
  "horizon_candles": 1,
  "class_return_means_pct": [
    -0.5040105917103189,
    -0.003007579209164323,
    0.5737043002749906
  ],
  "fold_metrics": [
    {
      "fold": 0,
      "n_train": 139,
      "n_test": 139,
      "auc": 0.4935222889234056,
      "log_loss": 3.6581917769426298,
      "brier": 0.36756485338716643,
      "directional_accuracy": 0.381294964028777,
      "baseline_auc": 0.48343350142876246,
      "baseline_log_loss": 1.1542541065640146,
      "baseline_brier": 0.23718158715627236,
      "baseline_directional_accuracy": 0.37410071942446044,
      "best_params": {
        "objective": "multiclass",
        "num_class": 3,
        "metric": "multi_logloss",
        "num_leaves": 31,
        "learning_rate": 0.1,
        "min_child_samples": 5,
        "feature_fraction": 0.9,
        "bagging_fraction": 0.9,
        "bagging_freq": 5,
        "verbose": -1,
        "deterministic": true,
        "seed": 42
      }
    },
    {
      "fold": 1,
      "n_train": 278,
      "n_test": 139,
      "auc": 0.5549862230736307,
      "log_loss": 2.7367983339663837,
      "brier": 0.30679845909807063,
      "directional_accuracy": 0.4748201438848921,
      "baseline_auc": 0.5579506688326282,
      "baseline_log_loss": 0.9865736408904637,
      "baseline_brier": 0.2016114607170801,
      "baseline_directional_accuracy": 0.49640287769784175,
      "best_params": {
        "objective": "multiclass",
        "num_class": 3,
        "metric": "multi_logloss",
        "num_leaves": 31,
        "learning_rate": 0.1,
        "min_child_samples": 5,
        "feature_fraction": 0.9,
        "bagging_fraction": 0.9,
        "bagging_freq": 5,
        "verbose": -1,
        "deterministic": true,
        "seed": 42
      }
    },
    {
      "fold": 2,
      "n_train": 417,
      "n_test": 139,
      "auc": 0.4690385151228525,
      "log_loss": 2.981686813561193,
      "brier": 0.35560056792769473,
      "directional_accuracy": 0.381294964028777,
      "baseline_auc": 0.4707519442459202,
      "baseline_log_loss": 1.0848945880455518,
      "baseline_brier": 0.21834803654532361,
      "baseline_directional_accuracy": 0.4028776978417266,
      "best_params": {
        "objective": "multiclass",
        "num_class": 3,
        "metric": "multi_logloss",
        "num_leaves": 31,
        "learning_rate": 0.1,
        "min_child_samples": 5,
        "feature_fraction": 0.9,
        "bagging_fraction": 0.9,
        "bagging_freq": 5,
        "verbose": -1,
        "deterministic": true,
        "seed": 42
      }
    },
    {
      "fold": 3,
      "n_train": 556,
      "n_test": 139,
      "auc": 0.4794058197929809,
      "log_loss": 3.904674571958088,
      "brier": 0.3782334876855735,
      "directional_accuracy": 0.3381294964028777,
      "baseline_auc": 0.6234755528309629,
      "baseline_log_loss": 1.113558655806037,
      "baseline_brier": 0.22558982043535455,
      "baseline_directional_accuracy": 0.37410071942446044,
      "best_params": {
        "objective": "multiclass",
        "num_class": 3,
        "metric": "multi_logloss",
        "num_leaves": 31,
        "learning_rate": 0.1,
        "min_child_samples": 5,
        "feature_fraction": 0.9,
        "bagging_fraction": 0.9,
        "bagging_freq": 5,
        "verbose": -1,
        "deterministic": true,
        "seed": 42
      }
    },
    {
      "fold": 4,
      "n_train": 695,
      "n_test": 139,
      "auc": 0.5565742262131588,
      "log_loss": 3.2204618294283525,
      "brier": 0.4029249027684905,
      "directional_accuracy": 0.2805755395683453,
      "baseline_auc": 0.6448533932829711,
      "baseline_log_loss": 1.0644802824647606,
      "baseline_brier": 0.2109962848926935,
      "baseline_directional_accuracy": 0.49640287769784175,
      "best_params": {
        "objective": "multiclass",
        "num_class": 3,
        "metric": "multi_logloss",
        "num_leaves": 31,
        "learning_rate": 0.1,
        "min_child_samples": 5,
        "feature_fraction": 0.9,
        "bagging_fraction": 0.9,
        "bagging_freq": 5,
        "verbose": -1,
        "deterministic": true,
        "seed": 42
      }
    }
  ],
  "note": "Per-coin model for sei-network/5m.",
  "directional_call_share": 0.13690476190476192,
  "directional_call_share_n": 168,
  "directional_call_share_source": "holdout",
  "model_kind": "lightgbm",
  "prior_probs": [],
  "has_regression_head": true,
  "regression_head_stats": {
    "n_train_rows": 516,
    "n_holdout_rows": 129,
    "abs_pred_p50_pct": 0.5668047830250469,
    "abs_pred_p95_pct": 0.6142850530857957,
    "abs_pred_max_pct": 0.6142850530857957,
    "mae_pct": 0.3644882276779709,
    "best_iteration": 1
  },
  "gates_alignment": {
    "n": 168,
    "source": "holdout",
    "min_directional_edge": 0.05,
    "min_expected_return_pct": 0.15,
    "aligned_share": 0.8392857142857143,
    "aligned_loud_share": 0.8392857142857143,
    "aligned_quiet_share": 0.0,
    "loud_classifier_quiet_regressor_share": 0.0,
    "quiet_classifier_loud_regressor_share": 0.16071428571428573,
    "dir_edge_p50": 0.1424743546161691,
    "dir_edge_p95": 0.3636363636363637,
    "abs_magnitude_pct_p50": 0.5868878433818735,
    "abs_magnitude_pct_p95": 0.6142850530857957
  }
}