{
  "coin_id": "bonk",
  "timeframe": "2h",
  "version": "20260422T111846Z",
  "feature_names": [
    "ret1",
    "ret5",
    "ret10",
    "momentum",
    "realizedVol",
    "rsi14",
    "macdLine",
    "macdSignal",
    "macdHist",
    "atr14",
    "atrPct",
    "ema9",
    "ema21",
    "emaSpreadPct",
    "distFromEma9Pct",
    "distFromEma21Pct",
    "bbUpper",
    "bbMiddle",
    "bbLower",
    "bbWidth",
    "bbPctB",
    "bbWidthPct",
    "news_etf_flow",
    "news_regulatory_risk",
    "news_exchange_outage",
    "news_macro_shock",
    "news_whale_move",
    "news_exploit_or_hack",
    "news_stablecoin_event",
    "news_narrative_rotation",
    "news_listing_or_delisting",
    "news_protocol_upgrade",
    "news_high_volume_breakout",
    "news_unusual_volatility",
    "coin_idx"
  ],
  "coin_vocab": [
    "bonk"
  ],
  "n_train_rows": 325,
  "n_test_rows": 270,
  "metrics": {
    "auc": 0.5129032571083035,
    "log_loss": 3.641564509682688,
    "brier": 0.37706592040330533,
    "directional_accuracy": 0.3296296296296296
  },
  "baseline_metrics": {
    "auc": 0.5630600994600983,
    "log_loss": 1.1092293622508886,
    "brier": 0.22397183782163163,
    "directional_accuracy": 0.3814814814814815
  },
  "threshold_pct": 0.28,
  "horizon_candles": 1,
  "class_return_means_pct": [
    -0.9103305581170715,
    0.007390771352067709,
    1.093214924641257
  ],
  "fold_metrics": [
    {
      "fold": 0,
      "n_train": 54,
      "n_test": 54,
      "auc": 0.4936042094130329,
      "log_loss": 5.572917531145275,
      "brier": 0.4373720906526903,
      "directional_accuracy": 0.3148148148148148,
      "baseline_auc": 0.5134688241305888,
      "baseline_log_loss": 1.1389897801071924,
      "baseline_brier": 0.230039160864301,
      "baseline_directional_accuracy": 0.3888888888888889,
      "best_params": {
        "objective": "multiclass",
        "num_class": 3,
        "metric": "multi_logloss",
        "num_leaves": 31,
        "learning_rate": 0.1,
        "min_child_samples": 5,
        "feature_fraction": 0.9,
        "bagging_fraction": 0.9,
        "bagging_freq": 5,
        "verbose": -1,
        "deterministic": true,
        "seed": 42
      }
    },
    {
      "fold": 1,
      "n_train": 108,
      "n_test": 54,
      "auc": 0.5188034188034188,
      "log_loss": 3.6939458981632813,
      "brier": 0.35825981581741,
      "directional_accuracy": 0.37037037037037035,
      "baseline_auc": 0.5197649572649573,
      "baseline_log_loss": 1.1010567620778695,
      "baseline_brier": 0.2226497544701184,
      "baseline_directional_accuracy": 0.37037037037037035,
      "best_params": {
        "objective": "multiclass",
        "num_class": 3,
        "metric": "multi_logloss",
        "num_leaves": 31,
        "learning_rate": 0.1,
        "min_child_samples": 5,
        "feature_fraction": 0.9,
        "bagging_fraction": 0.9,
        "bagging_freq": 5,
        "verbose": -1,
        "deterministic": true,
        "seed": 42
      }
    },
    {
      "fold": 2,
      "n_train": 162,
      "n_test": 54,
      "auc": 0.5517857142857142,
      "log_loss": 3.227889623391795,
      "brier": 0.4032757003210669,
      "directional_accuracy": 0.24074074074074073,
      "baseline_auc": 0.624577067669173,
      "baseline_log_loss": 1.0886225197595778,
      "baseline_brier": 0.22035476083155017,
      "baseline_directional_accuracy": 0.3148148148148148,
      "best_params": {
        "objective": "multiclass",
        "num_class": 3,
        "metric": "multi_logloss",
        "num_leaves": 31,
        "learning_rate": 0.1,
        "min_child_samples": 5,
        "feature_fraction": 0.9,
        "bagging_fraction": 0.9,
        "bagging_freq": 5,
        "verbose": -1,
        "deterministic": true,
        "seed": 42
      }
    },
    {
      "fold": 3,
      "n_train": 216,
      "n_test": 54,
      "auc": 0.4767703489925712,
      "log_loss": 3.090408650526442,
      "brier": 0.34129238635916687,
      "directional_accuracy": 0.3888888888888889,
      "baseline_auc": 0.6271324354657688,
      "baseline_log_loss": 1.0437408874949485,
      "baseline_brier": 0.2105443067416585,
      "baseline_directional_accuracy": 0.4074074074074074,
      "best_params": {
        "objective": "multiclass",
        "num_class": 3,
        "metric": "multi_logloss",
        "num_leaves": 31,
        "learning_rate": 0.1,
        "min_child_samples": 5,
        "feature_fraction": 0.9,
        "bagging_fraction": 0.9,
        "bagging_freq": 5,
        "verbose": -1,
        "deterministic": true,
        "seed": 42
      }
    },
    {
      "fold": 4,
      "n_train": 270,
      "n_test": 54,
      "auc": 0.5235525940467801,
      "log_loss": 2.622660845186647,
      "brier": 0.3451296088661926,
      "directional_accuracy": 0.3333333333333333,
      "baseline_auc": 0.5303572127700035,
      "baseline_log_loss": 1.1737368618148556,
      "baseline_brier": 0.23627120620053008,
      "baseline_directional_accuracy": 0.42592592592592593,
      "best_params": {
        "objective": "multiclass",
        "num_class": 3,
        "metric": "multi_logloss",
        "num_leaves": 31,
        "learning_rate": 0.1,
        "min_child_samples": 5,
        "feature_fraction": 0.9,
        "bagging_fraction": 0.9,
        "bagging_freq": 5,
        "verbose": -1,
        "deterministic": true,
        "seed": 42
      }
    }
  ],
  "note": "Per-coin model for bonk/2h.",
  "directional_call_share": 1.0,
  "directional_call_share_n": 65,
  "directional_call_share_source": "holdout",
  "model_kind": "lightgbm",
  "prior_probs": [],
  "has_regression_head": true,
  "regression_head_stats": {
    "n_train_rows": 191,
    "n_holdout_rows": 48,
    "abs_pred_p50_pct": 1.0944386305411231,
    "abs_pred_p95_pct": 1.422774691737436,
    "abs_pred_max_pct": 1.5193191553512901,
    "mae_pct": 0.46769617630202065,
    "best_iteration": 11
  },
  "gates_alignment": {
    "n": 65,
    "source": "holdout",
    "min_directional_edge": 0.05,
    "min_expected_return_pct": 0.15,
    "aligned_share": 0.8461538461538461,
    "aligned_loud_share": 0.8461538461538461,
    "aligned_quiet_share": 0.0,
    "loud_classifier_quiet_regressor_share": 0.0,
    "quiet_classifier_loud_regressor_share": 0.15384615384615385,
    "dir_edge_p50": 0.14956011730205282,
    "dir_edge_p95": 0.5,
    "abs_magnitude_pct_p50": 1.0712975872028192,
    "abs_magnitude_pct_p95": 1.4172341986673027
  }
}