{
  "coin_id": "bonk",
  "timeframe": "1m",
  "version": "20260422T155747Z",
  "feature_names": [
    "ret1",
    "ret5",
    "ret10",
    "momentum",
    "realizedVol",
    "rsi14",
    "macdLine",
    "macdSignal",
    "macdHist",
    "atr14",
    "atrPct",
    "ema9",
    "ema21",
    "emaSpreadPct",
    "distFromEma9Pct",
    "distFromEma21Pct",
    "bbUpper",
    "bbMiddle",
    "bbLower",
    "bbWidth",
    "bbPctB",
    "bbWidthPct",
    "news_etf_flow",
    "news_regulatory_risk",
    "news_exchange_outage",
    "news_macro_shock",
    "news_whale_move",
    "news_exploit_or_hack",
    "news_stablecoin_event",
    "news_narrative_rotation",
    "news_listing_or_delisting",
    "news_protocol_upgrade",
    "news_high_volume_breakout",
    "news_unusual_volatility",
    "coin_idx"
  ],
  "coin_vocab": [
    "bonk"
  ],
  "n_train_rows": 2209,
  "n_test_rows": 1840,
  "metrics": {
    "auc": 0.5521613871636764,
    "log_loss": 3.8091184669148768,
    "brier": 0.34264958591432815,
    "directional_accuracy": 0.4288043478260869
  },
  "baseline_metrics": {
    "auc": 0.5344834280237106,
    "log_loss": 1.1003725034479621,
    "brier": 0.21721224990680277,
    "directional_accuracy": 0.4728260869565217
  },
  "threshold_pct": 0.03,
  "horizon_candles": 1,
  "class_return_means_pct": [
    -0.29452262422555014,
    9.56551216658558e-05,
    0.3700765208922127
  ],
  "fold_metrics": [
    {
      "fold": 0,
      "n_train": 368,
      "n_test": 368,
      "auc": 0.5885495242526501,
      "log_loss": 3.0223477385118884,
      "brier": 0.3059045784796672,
      "directional_accuracy": 0.48097826086956524,
      "baseline_auc": 0.5425077521539368,
      "baseline_log_loss": 1.0430287863656962,
      "baseline_brier": 0.2061960147206248,
      "baseline_directional_accuracy": 0.4782608695652174,
      "best_params": {
        "objective": "multiclass",
        "num_class": 3,
        "metric": "multi_logloss",
        "num_leaves": 63,
        "learning_rate": 0.19628954112495856,
        "min_child_samples": 9,
        "feature_fraction": 0.9,
        "bagging_fraction": 0.9,
        "bagging_freq": 5,
        "verbose": -1,
        "deterministic": true,
        "seed": 42
      }
    },
    {
      "fold": 1,
      "n_train": 736,
      "n_test": 368,
      "auc": 0.5201337397402309,
      "log_loss": 2.8960629294369453,
      "brier": 0.31162369423543224,
      "directional_accuracy": 0.46467391304347827,
      "baseline_auc": 0.5134362359354946,
      "baseline_log_loss": 0.9592477245996321,
      "baseline_brier": 0.19957052345404058,
      "baseline_directional_accuracy": 0.4483695652173913,
      "best_params": {
        "objective": "multiclass",
        "num_class": 3,
        "metric": "multi_logloss",
        "num_leaves": 63,
        "learning_rate": 0.030136405018380042,
        "min_child_samples": 5,
        "feature_fraction": 0.9,
        "bagging_fraction": 0.9,
        "bagging_freq": 5,
        "verbose": -1,
        "deterministic": true,
        "seed": 42
      }
    },
    {
      "fold": 2,
      "n_train": 1104,
      "n_test": 368,
      "auc": 0.5166905009878183,
      "log_loss": 7.346501266645933,
      "brier": 0.5456752864202002,
      "directional_accuracy": 0.1331521739130435,
      "baseline_auc": 0.549857637272788,
      "baseline_log_loss": 1.6574321129115308,
      "baseline_brier": 0.32440997236732266,
      "baseline_directional_accuracy": 0.13858695652173914,
      "best_params": {
        "objective": "multiclass",
        "num_class": 3,
        "metric": "multi_logloss",
        "num_leaves": 31,
        "learning_rate": 0.034257477444422424,
        "min_child_samples": 25,
        "feature_fraction": 0.9,
        "bagging_fraction": 0.9,
        "bagging_freq": 5,
        "verbose": -1,
        "deterministic": true,
        "seed": 42
      }
    },
    {
      "fold": 3,
      "n_train": 1472,
      "n_test": 368,
      "auc": 0.6019311794928054,
      "log_loss": 2.6308732949257374,
      "brier": 0.2608683432051794,
      "directional_accuracy": 0.5543478260869565,
      "baseline_auc": 0.5269657908690326,
      "baseline_log_loss": 0.9004617633303782,
      "baseline_brier": 0.17177854931027406,
      "baseline_directional_accuracy": 0.6820652173913043,
      "best_params": {
        "objective": "multiclass",
        "num_class": 3,
        "metric": "multi_logloss",
        "num_leaves": 31,
        "learning_rate": 0.0989367437937604,
        "min_child_samples": 17,
        "feature_fraction": 0.9,
        "bagging_fraction": 0.9,
        "bagging_freq": 5,
        "verbose": -1,
        "deterministic": true,
        "seed": 42
      }
    },
    {
      "fold": 4,
      "n_train": 1840,
      "n_test": 368,
      "auc": 0.533501991344877,
      "log_loss": 3.1498071050538767,
      "brier": 0.2891760272311619,
      "directional_accuracy": 0.5108695652173914,
      "baseline_auc": 0.539649723887301,
      "baseline_log_loss": 0.941692130032573,
      "baseline_brier": 0.18410618968175194,
      "baseline_directional_accuracy": 0.6168478260869565,
      "best_params": {
        "objective": "multiclass",
        "num_class": 3,
        "metric": "multi_logloss",
        "num_leaves": 31,
        "learning_rate": 0.16347600518608313,
        "min_child_samples": 23,
        "feature_fraction": 0.9,
        "bagging_fraction": 0.9,
        "bagging_freq": 5,
        "verbose": -1,
        "deterministic": true,
        "seed": 42
      }
    }
  ],
  "note": "Per-coin model for bonk/1m.",
  "directional_call_share": 0.004524886877828055,
  "directional_call_share_n": 442,
  "directional_call_share_source": "holdout",
  "model_kind": "lightgbm",
  "prior_probs": [],
  "has_regression_head": true,
  "regression_head_stats": {
    "n_train_rows": 1072,
    "n_holdout_rows": 268,
    "abs_pred_p50_pct": 0.1550870483210635,
    "abs_pred_p95_pct": 0.393129080508941,
    "abs_pred_max_pct": 1.233541518757051,
    "mae_pct": 0.13335474138593373,
    "best_iteration": 43
  },
  "gates_alignment": {
    "n": 442,
    "source": "holdout",
    "min_directional_edge": 0.05,
    "min_expected_return_pct": 0.15,
    "aligned_share": 0.5678733031674208,
    "aligned_loud_share": 0.2850678733031674,
    "aligned_quiet_share": 0.2828054298642534,
    "loud_classifier_quiet_regressor_share": 0.16063348416289594,
    "quiet_classifier_loud_regressor_share": 0.27149321266968324,
    "dir_edge_p50": 0.03464009996602463,
    "dir_edge_p95": 0.11337867832952918,
    "abs_magnitude_pct_p50": 0.1550870483210635,
    "abs_magnitude_pct_p95": 0.28812029776207404
  }
}