{
  "coin_id": "dogwifcoin",
  "timeframe": "1m",
  "version": "20260422T120443Z",
  "feature_names": [
    "ret1",
    "ret5",
    "ret10",
    "momentum",
    "realizedVol",
    "rsi14",
    "macdLine",
    "macdSignal",
    "macdHist",
    "atr14",
    "atrPct",
    "ema9",
    "ema21",
    "emaSpreadPct",
    "distFromEma9Pct",
    "distFromEma21Pct",
    "bbUpper",
    "bbMiddle",
    "bbLower",
    "bbWidth",
    "bbPctB",
    "bbWidthPct",
    "news_etf_flow",
    "news_regulatory_risk",
    "news_exchange_outage",
    "news_macro_shock",
    "news_whale_move",
    "news_exploit_or_hack",
    "news_stablecoin_event",
    "news_narrative_rotation",
    "news_listing_or_delisting",
    "news_protocol_upgrade",
    "news_high_volume_breakout",
    "news_unusual_volatility",
    "coin_idx"
  ],
  "coin_vocab": [
    "dogwifcoin"
  ],
  "n_train_rows": 1595,
  "n_test_rows": 1330,
  "metrics": {
    "auc": 0.5456388382192612,
    "log_loss": 1.9206051185851323,
    "brier": 0.2484527134455467,
    "directional_accuracy": 0.5398496240601504
  },
  "baseline_metrics": {
    "auc": 0.5458626638755848,
    "log_loss": 0.9676862767356033,
    "brier": 0.1827436716848082,
    "directional_accuracy": 0.5789473684210525
  },
  "threshold_pct": 0.03,
  "horizon_candles": 1,
  "class_return_means_pct": [
    -0.4643851048289244,
    1.8117418580127059e-06,
    0.5055046799815922
  ],
  "fold_metrics": [
    {
      "fold": 0,
      "n_train": 265,
      "n_test": 266,
      "auc": 0.49044598340089324,
      "log_loss": 1.7031070261093282,
      "brier": 0.2807925885434017,
      "directional_accuracy": 0.4699248120300752,
      "baseline_auc": 0.5514593936225745,
      "baseline_log_loss": 0.8561139224103129,
      "baseline_brier": 0.18641316432382152,
      "baseline_directional_accuracy": 0.5037593984962406,
      "best_params": {
        "objective": "multiclass",
        "num_class": 3,
        "metric": "multi_logloss",
        "num_leaves": 31,
        "learning_rate": 0.04488170057528786,
        "min_child_samples": 9,
        "feature_fraction": 0.9,
        "bagging_fraction": 0.9,
        "bagging_freq": 5,
        "verbose": -1,
        "deterministic": true,
        "seed": 42
      }
    },
    {
      "fold": 1,
      "n_train": 531,
      "n_test": 266,
      "auc": 0.5601481353841598,
      "log_loss": 4.568001350099863,
      "brier": 0.4200123462007919,
      "directional_accuracy": 0.2894736842105263,
      "baseline_auc": 0.5671015537155125,
      "baseline_log_loss": 1.6147775604196866,
      "baseline_brier": 0.2854814729062498,
      "baseline_directional_accuracy": 0.24060150375939848,
      "best_params": {
        "objective": "multiclass",
        "num_class": 3,
        "metric": "multi_logloss",
        "num_leaves": 15,
        "learning_rate": 0.09230320822645494,
        "min_child_samples": 6,
        "feature_fraction": 0.9,
        "bagging_fraction": 0.9,
        "bagging_freq": 5,
        "verbose": -1,
        "deterministic": true,
        "seed": 42
      }
    },
    {
      "fold": 2,
      "n_train": 797,
      "n_test": 266,
      "auc": 0.5613935491064743,
      "log_loss": 1.3502658220883643,
      "brier": 0.1893699239499106,
      "directional_accuracy": 0.6466165413533834,
      "baseline_auc": 0.49086929435718546,
      "baseline_log_loss": 0.7588179561213053,
      "baseline_brier": 0.14080499548640743,
      "baseline_directional_accuracy": 0.7406015037593985,
      "best_params": {
        "objective": "multiclass",
        "num_class": 3,
        "metric": "multi_logloss",
        "num_leaves": 63,
        "learning_rate": 0.0938393881004349,
        "min_child_samples": 23,
        "feature_fraction": 0.9,
        "bagging_fraction": 0.9,
        "bagging_freq": 5,
        "verbose": -1,
        "deterministic": true,
        "seed": 42
      }
    },
    {
      "fold": 3,
      "n_train": 1063,
      "n_test": 266,
      "auc": 0.5850508371767854,
      "log_loss": 1.006992263172458,
      "brier": 0.186007845217294,
      "directional_accuracy": 0.6127819548872181,
      "baseline_auc": 0.61616470314185,
      "baseline_log_loss": 0.8348991436544441,
      "baseline_brier": 0.1563318894568419,
      "baseline_directional_accuracy": 0.6804511278195489,
      "best_params": {
        "objective": "multiclass",
        "num_class": 3,
        "metric": "multi_logloss",
        "num_leaves": 15,
        "learning_rate": 0.060113218328857784,
        "min_child_samples": 16,
        "feature_fraction": 0.9,
        "bagging_fraction": 0.9,
        "bagging_freq": 5,
        "verbose": -1,
        "deterministic": true,
        "seed": 42
      }
    },
    {
      "fold": 4,
      "n_train": 1329,
      "n_test": 266,
      "auc": 0.5311556860279937,
      "log_loss": 0.9746591314556471,
      "brier": 0.16608086331633523,
      "directional_accuracy": 0.6804511278195489,
      "baseline_auc": 0.5037183745408016,
      "baseline_log_loss": 0.7738228010722671,
      "baseline_brier": 0.1446868362507204,
      "baseline_directional_accuracy": 0.7293233082706767,
      "best_params": {
        "objective": "multiclass",
        "num_class": 3,
        "metric": "multi_logloss",
        "num_leaves": 15,
        "learning_rate": 0.060113218328857784,
        "min_child_samples": 16,
        "feature_fraction": 0.9,
        "bagging_fraction": 0.9,
        "bagging_freq": 5,
        "verbose": -1,
        "deterministic": true,
        "seed": 42
      }
    }
  ],
  "note": "Per-coin model for dogwifcoin/1m.",
  "directional_call_share": 0.006269592476489028,
  "directional_call_share_n": 319,
  "directional_call_share_source": "holdout",
  "model_kind": "lightgbm",
  "prior_probs": [],
  "has_regression_head": true,
  "regression_head_stats": {
    "n_train_rows": 710,
    "n_holdout_rows": 178,
    "abs_pred_p50_pct": 0.12978034548968662,
    "abs_pred_p95_pct": 0.4934167397865705,
    "abs_pred_max_pct": 0.85463348353438,
    "mae_pct": 0.13393219413821367,
    "best_iteration": 53
  },
  "gates_alignment": {
    "n": 319,
    "source": "holdout",
    "min_directional_edge": 0.05,
    "min_expected_return_pct": 0.15,
    "aligned_share": 0.8463949843260188,
    "aligned_loud_share": 0.07836990595611286,
    "aligned_quiet_share": 0.768025078369906,
    "loud_classifier_quiet_regressor_share": 0.10031347962382445,
    "quiet_classifier_loud_regressor_share": 0.05329153605015674,
    "dir_edge_p50": 0.020541498255910534,
    "dir_edge_p95": 0.1195030243583456,
    "abs_magnitude_pct_p50": 0.12978034548968662,
    "abs_magnitude_pct_p95": 0.23945749805598526
  }
}