{
  "coin_id": "dogwifcoin",
  "timeframe": "2h",
  "version": "20260425T095907Z",
  "feature_names": [
    "ret1",
    "ret5",
    "ret10",
    "momentum",
    "realizedVol",
    "rsi14",
    "macdLine",
    "macdSignal",
    "macdHist",
    "atr14",
    "atrPct",
    "ema9",
    "ema21",
    "emaSpreadPct",
    "distFromEma9Pct",
    "distFromEma21Pct",
    "bbUpper",
    "bbMiddle",
    "bbLower",
    "bbWidth",
    "bbPctB",
    "bbWidthPct",
    "funding_rate",
    "open_interest_z",
    "liquidations_1h_usd",
    "bid_ask_spread_bps",
    "btc_lead_ret_5m",
    "eth_lead_ret_5m",
    "btc_liquidations_1h_usd",
    "eth_liquidations_1h_usd",
    "sol_liquidations_1h_usd",
    "session_asia",
    "session_eu",
    "session_us",
    "hour_of_day_sin",
    "hour_of_day_cos",
    "coin_idx"
  ],
  "coin_vocab": [
    "dogwifcoin"
  ],
  "n_train_rows": 4318,
  "n_test_rows": 3595,
  "metrics": {
    "auc": 0.5121604046271375,
    "log_loss": 3.7937337113797893,
    "brier": 0.35124802842589814,
    "directional_accuracy": 0.40778859527121
  },
  "baseline_metrics": {
    "auc": 0.5329633688164088,
    "log_loss": 1.0517635057493533,
    "brier": 0.21346830731934077,
    "directional_accuracy": 0.4255910987482615
  },
  "threshold_pct": 0.5225,
  "horizon_candles": 4,
  "class_return_means_pct": [
    -2.863881660253471,
    0.0060929346893713815,
    3.1165979390128733
  ],
  "fold_metrics": [
    {
      "fold": 0,
      "n_train": 719,
      "n_test": 719,
      "auc": 0.5190665792237972,
      "log_loss": 3.319079713352006,
      "brier": 0.3378756003739432,
      "directional_accuracy": 0.41863699582753827,
      "baseline_auc": 0.5602910487962867,
      "baseline_log_loss": 1.041851029823905,
      "baseline_brier": 0.21140701260796257,
      "baseline_directional_accuracy": 0.4506258692628651,
      "best_params": {
        "objective": "multiclass",
        "num_class": 3,
        "metric": "multi_logloss",
        "num_leaves": 31,
        "learning_rate": 0.06723926039625029,
        "min_child_samples": 13,
        "feature_fraction": 0.9,
        "bagging_fraction": 0.9,
        "bagging_freq": 5,
        "verbose": -1,
        "deterministic": true,
        "seed": 42
      },
      "feature_importance": [
        741.5092217825129,
        577.379279685641,
        617.0419668484536,
        700.0359828840725,
        577.2077305410535,
        399.1218129708319,
        449.53779856664005,
        510.2748850722749,
        793.8885244039395,
        427.45037205642257,
        623.6541285037947,
        444.17173958767853,
        303.95261806029265,
        486.5974901258585,
        423.05065853801653,
        335.6227694742015,
        454.09901193583846,
        418.87389690355667,
        653.0821815817167,
        517.6061506431065,
        468.9591636644763,
        498.07685564173244,
        0.0,
        0.0,
        0.0,
        0.0,
        0.0,
        0.0,
        0.0,
        0.0,
        0.0,
        48.87304564071026,
        43.343162160111206,
        90.10151019072782,
        299.8929717525298,
        279.6892753527236,
        0.0
      ],
      "feature_names": [
        "ret1",
        "ret5",
        "ret10",
        "momentum",
        "realizedVol",
        "rsi14",
        "macdLine",
        "macdSignal",
        "macdHist",
        "atr14",
        "atrPct",
        "ema9",
        "ema21",
        "emaSpreadPct",
        "distFromEma9Pct",
        "distFromEma21Pct",
        "bbUpper",
        "bbMiddle",
        "bbLower",
        "bbWidth",
        "bbPctB",
        "bbWidthPct",
        "funding_rate",
        "open_interest_z",
        "liquidations_1h_usd",
        "bid_ask_spread_bps",
        "btc_lead_ret_5m",
        "eth_lead_ret_5m",
        "btc_liquidations_1h_usd",
        "eth_liquidations_1h_usd",
        "sol_liquidations_1h_usd",
        "session_asia",
        "session_eu",
        "session_us",
        "hour_of_day_sin",
        "hour_of_day_cos",
        "coin_idx"
      ]
    },
    {
      "fold": 1,
      "n_train": 1438,
      "n_test": 719,
      "auc": 0.467208171664281,
      "log_loss": 3.7692477820310066,
      "brier": 0.35150297120832413,
      "directional_accuracy": 0.4144645340751043,
      "baseline_auc": 0.5494857125318698,
      "baseline_log_loss": 1.0358072171664372,
      "baseline_brier": 0.20908259126759118,
      "baseline_directional_accuracy": 0.4756606397774687,
      "best_params": {
        "objective": "multiclass",
        "num_class": 3,
        "metric": "multi_logloss",
        "num_leaves": 63,
        "learning_rate": 0.034531695750407085,
        "min_child_samples": 7,
        "feature_fraction": 0.9,
        "bagging_fraction": 0.9,
        "bagging_freq": 5,
        "verbose": -1,
        "deterministic": true,
        "seed": 42
      },
      "feature_importance": [
        2967.302983864152,
        1847.620348367558,
        2101.304820283066,
        2296.965937453919,
        2652.8326368851594,
        1721.0676232012743,
        1776.530533782495,
        2461.3294145023046,
        2622.896479564868,
        2204.5296903679173,
        2370.3686928464417,
        2213.5890532231,
        1507.3102034636477,
        1432.8673222804339,
        1594.9044011917995,
        1328.5547551587529,
        1899.8719541510754,
        1294.0398653380348,
        1925.1589360506173,
        1994.2836197448169,
        1544.471356234574,
        1873.4170456114823,
        0.0,
        0.0,
        0.0,
        0.0,
        0.0,
        0.0,
        0.0,
        0.0,
        0.0,
        189.920994378459,
        130.24843174300076,
        213.3125339820417,
        1098.4062833035832,
        1127.9242470692388,
        0.0
      ],
      "feature_names": [
        "ret1",
        "ret5",
        "ret10",
        "momentum",
        "realizedVol",
        "rsi14",
        "macdLine",
        "macdSignal",
        "macdHist",
        "atr14",
        "atrPct",
        "ema9",
        "ema21",
        "emaSpreadPct",
        "distFromEma9Pct",
        "distFromEma21Pct",
        "bbUpper",
        "bbMiddle",
        "bbLower",
        "bbWidth",
        "bbPctB",
        "bbWidthPct",
        "funding_rate",
        "open_interest_z",
        "liquidations_1h_usd",
        "bid_ask_spread_bps",
        "btc_lead_ret_5m",
        "eth_lead_ret_5m",
        "btc_liquidations_1h_usd",
        "eth_liquidations_1h_usd",
        "sol_liquidations_1h_usd",
        "session_asia",
        "session_eu",
        "session_us",
        "hour_of_day_sin",
        "hour_of_day_cos",
        "coin_idx"
      ]
    },
    {
      "fold": 2,
      "n_train": 2157,
      "n_test": 719,
      "auc": 0.5351062316753404,
      "log_loss": 5.388947531403616,
      "brier": 0.3742804430161133,
      "directional_accuracy": 0.41585535465924894,
      "baseline_auc": 0.5124940466663697,
      "baseline_log_loss": 1.0560145978409572,
      "baseline_brier": 0.21545028769505967,
      "baseline_directional_accuracy": 0.40751043115438107,
      "best_params": {
        "objective": "multiclass",
        "num_class": 3,
        "metric": "multi_logloss",
        "num_leaves": 63,
        "learning_rate": 0.19947346974038369,
        "min_child_samples": 21,
        "feature_fraction": 0.9,
        "bagging_fraction": 0.9,
        "bagging_freq": 5,
        "verbose": -1,
        "deterministic": true,
        "seed": 42
      },