{
  "coin_id": "celestia",
  "timeframe": "1m",
  "version": "20260425T150121Z",
  "feature_names": [
    "ret1",
    "ret5",
    "ret10",
    "momentum",
    "realizedVol",
    "rsi14",
    "macdLine",
    "macdSignal",
    "macdHist",
    "atr14",
    "atrPct",
    "ema9",
    "ema21",
    "emaSpreadPct",
    "distFromEma9Pct",
    "distFromEma21Pct",
    "bbUpper",
    "bbMiddle",
    "bbLower",
    "bbWidth",
    "bbPctB",
    "bbWidthPct",
    "funding_rate",
    "open_interest_z",
    "liquidations_1h_usd",
    "bid_ask_spread_bps",
    "btc_lead_ret_5m",
    "eth_lead_ret_5m",
    "btc_liquidations_1h_usd",
    "eth_liquidations_1h_usd",
    "sol_liquidations_1h_usd",
    "session_asia",
    "session_eu",
    "session_us",
    "hour_of_day_sin",
    "hour_of_day_cos",
    "coin_idx"
  ],
  "coin_vocab": [
    "celestia"
  ],
  "n_train_rows": 4497,
  "n_test_rows": 3745,
  "metrics": {
    "auc": 0.49584135755052855,
    "log_loss": 1.2438954306797618,
    "brier": 0.18891112308630792,
    "directional_accuracy": 0.6526034712950601
  },
  "baseline_metrics": {
    "auc": 0.49584135755052855,
    "log_loss": 1.2438954306797618,
    "brier": 0.18891112308630792,
    "directional_accuracy": 0.6526034712950601
  },
  "threshold_pct": 0.03,
  "horizon_candles": 1,
  "class_return_means_pct": [
    -0.0936491612945142,
    0.00015852474685990907,
    0.08940436744047281
  ],
  "fold_metrics": [
    {
      "fold": 0,
      "n_train": 749,
      "n_test": 749,
      "auc": 0.5624608034161821,
      "log_loss": 2.425176217734076,
      "brier": 0.20893179966662742,
      "directional_accuracy": 0.6582109479305741,
      "baseline_auc": 0.5095266486509643,
      "baseline_log_loss": 0.8832040651099626,
      "baseline_brier": 0.16569894369815072,
      "baseline_directional_accuracy": 0.6875834445927904,
      "best_params": {
        "objective": "multiclass",
        "num_class": 3,
        "metric": "multi_logloss",
        "num_leaves": 63,
        "learning_rate": 0.03462861450992154,
        "min_child_samples": 15,
        "feature_fraction": 0.9,
        "bagging_fraction": 0.9,
        "bagging_freq": 5,
        "verbose": -1,
        "deterministic": true,
        "seed": 42
      },
      "feature_importance": [
        2779.745118985595,
        1640.4272587859584,
        979.9784831148777,
        1726.6872320825053,
        1040.2742472498996,
        820.2750543458781,
        849.2032433571453,
        820.5810533994949,
        1417.1072482904035,
        1145.1446906368574,
        1170.492968336116,
        683.9602820696414,
        409.92673999226434,
        735.3397511044919,
        1079.212008693603,
        674.9542918248168,
        722.2889640032042,
        432.2780263575885,
        954.5468218357375,
        1139.6092910617815,
        940.4719761344315,
        435.8560293747752,
        0.0,
        0.0,
        0.0,
        0.0,
        0.0,
        0.0,
        0.0,
        0.0,
        0.0,
        0.3291721109108039,
        7.957987493304787,
        0.0,
        998.2295377609328,
        1257.8369172306373,
        0.0
      ],
      "feature_names": [
        "ret1",
        "ret5",
        "ret10",
        "momentum",
        "realizedVol",
        "rsi14",
        "macdLine",
        "macdSignal",
        "macdHist",
        "atr14",
        "atrPct",
        "ema9",
        "ema21",
        "emaSpreadPct",
        "distFromEma9Pct",
        "distFromEma21Pct",
        "bbUpper",
        "bbMiddle",
        "bbLower",
        "bbWidth",
        "bbPctB",
        "bbWidthPct",
        "funding_rate",
        "open_interest_z",
        "liquidations_1h_usd",
        "bid_ask_spread_bps",
        "btc_lead_ret_5m",
        "eth_lead_ret_5m",
        "btc_liquidations_1h_usd",
        "eth_liquidations_1h_usd",
        "sol_liquidations_1h_usd",
        "session_asia",
        "session_eu",
        "session_us",
        "hour_of_day_sin",
        "hour_of_day_cos",
        "coin_idx"
      ]
    },
    {
      "fold": 1,
      "n_train": 1498,
      "n_test": 749,
      "auc": 0.5632842446707809,
      "log_loss": 1.9761591510210348,
      "brier": 0.2774554179277498,
      "directional_accuracy": 0.45660881174899864,
      "baseline_auc": 0.5024472834117856,
      "baseline_log_loss": 2.019259810895922,
      "baseline_brier": 0.28289428281880385,
      "baseline_directional_accuracy": 0.4272363150867824,
      "best_params": {
        "objective": "multiclass",
        "num_class": 3,
        "metric": "multi_logloss",
        "num_leaves": 63,
        "learning_rate": 0.0674563466566672,
        "min_child_samples": 5,
        "feature_fraction": 0.9,
        "bagging_fraction": 0.9,
        "bagging_freq": 5,
        "verbose": -1,
        "deterministic": true,
        "seed": 42
      },
      "feature_importance": [
        2560.423788474092,
        1704.4830660571188,
        1289.480941012554,
        1596.9310851720127,
        1232.294376768212,
        807.4222486266028,
        621.3213296241105,
        963.1963102333432,
        1342.132833939171,
        1213.9586357889257,
        1066.8235176776866,
        641.2351923044384,
        441.0003816003433,
        698.2930237991163,
        1081.4577058140087,
        597.8541815070143,
        590.284893548762,
        416.0835162615282,
        664.5575515942255,
        991.6041336346127,
        1145.6993423021133,
        568.6119657335573,
        46.22609986783209,
        154.9941884184709,
        6.555471388790465,
        77.47611903257621,
        326.825044707065,
        205.04280072813708,
        15.11663129498993,
        55.77773089704351,
        0.028015571733703837,
        41.38881601151661,
        19.876477053524468,
        14.972815919306413,
        1324.9378229854274,
        1117.37602879247,
        0.0
      ],
      "feature_names": [
        "ret1",
        "ret5",
        "ret10",
        "momentum",
        "realizedVol",
        "rsi14",
        "macdLine",
        "macdSignal",
        "macdHist",
        "atr14",
        "atrPct",
        "ema9",
        "ema21",
        "emaSpreadPct",
        "distFromEma9Pct",
        "distFromEma21Pct",
        "bbUpper",
        "bbMiddle",
        "bbLower",
        "bbWidth",
        "bbPctB",
        "bbWidthPct",
        "funding_rate",
        "open_interest_z",
        "liquidations_1h_usd",
        "bid_ask_spread_bps",
        "btc_lead_ret_5m",
        "eth_lead_ret_5m",
        "btc_liquidations_1h_usd",
        "eth_liquidations_1h_usd",
        "sol_liquidations_1h_usd",
        "session_asia",
        "session_eu",
        "session_us",
        "hour_of_day_sin",
        "hour_of_day_cos",
        "coin_idx"
      ]
    },
    {
      "fold": 2,
      "n_train": 2247,
      "n_test": 749,
      "auc": 0.6099591064515997,
      "log_loss": 1.8618086692622924,
      "brier": 0.24773014535514237,
      "directional_accuracy": 0.5487316421895861,
      "baseline_auc": 0.5042766307118605,
      "baseline_log_loss": 1.7258307563822861,
      "baseline_brier": 0.1972108923939042,
      "baseline_directional_accuracy": 0.6288384512683578,
      "best_params": {
        "objective": "multiclass",
        "num_class": 3,
        "metric": "multi_logloss",
        "num_leaves": 63,
        "learning_rate": 0.06378651453357984,
        "min_child_samples": 12,
        "feature_fraction": 0.9,
        "bagging_fraction": 0.9,
        "bagging_freq": 5,
        "verbose": -1,
        "deterministic": true,
        "seed": 42
      },