{
  "coin_id": "floki-inu",
  "timeframe": "1m",
  "version": "20260422T120947Z",
  "feature_names": [
    "ret1",
    "ret5",
    "ret10",
    "momentum",
    "realizedVol",
    "rsi14",
    "macdLine",
    "macdSignal",
    "macdHist",
    "atr14",
    "atrPct",
    "ema9",
    "ema21",
    "emaSpreadPct",
    "distFromEma9Pct",
    "distFromEma21Pct",
    "bbUpper",
    "bbMiddle",
    "bbLower",
    "bbWidth",
    "bbPctB",
    "bbWidthPct",
    "news_etf_flow",
    "news_regulatory_risk",
    "news_exchange_outage",
    "news_macro_shock",
    "news_whale_move",
    "news_exploit_or_hack",
    "news_stablecoin_event",
    "news_narrative_rotation",
    "news_listing_or_delisting",
    "news_protocol_upgrade",
    "news_high_volume_breakout",
    "news_unusual_volatility",
    "coin_idx"
  ],
  "coin_vocab": [
    "floki-inu"
  ],
  "n_train_rows": 1598,
  "n_test_rows": 1330,
  "metrics": {
    "auc": 0.5495182466238807,
    "log_loss": 2.1779492124702324,
    "brier": 0.2590891635715681,
    "directional_accuracy": 0.5045112781954887
  },
  "baseline_metrics": {
    "auc": 0.5291524737411909,
    "log_loss": 1.1405495251085644,
    "brier": 0.194152526819023,
    "directional_accuracy": 0.5766917293233083
  },
  "threshold_pct": 0.03,
  "horizon_candles": 1,
  "class_return_means_pct": [
    -0.4109886364269452,
    0.0003757213718275856,
    0.4372081644215271
  ],
  "fold_metrics": [
    {
      "fold": 0,
      "n_train": 266,
      "n_test": 266,
      "auc": 0.5424233163370281,
      "log_loss": 1.2064512011843658,
      "brier": 0.22612672500056852,
      "directional_accuracy": 0.5112781954887218,
      "baseline_auc": 0.5725554319528494,
      "baseline_log_loss": 0.8071273953691868,
      "baseline_brier": 0.17557464588437996,
      "baseline_directional_accuracy": 0.5601503759398496,
      "best_params": {
        "objective": "multiclass",
        "num_class": 3,
        "metric": "multi_logloss",
        "num_leaves": 63,
        "learning_rate": 0.0938393881004349,
        "min_child_samples": 23,
        "feature_fraction": 0.9,
        "bagging_fraction": 0.9,
        "bagging_freq": 5,
        "verbose": -1,
        "deterministic": true,
        "seed": 42
      }
    },
    {
      "fold": 1,
      "n_train": 532,
      "n_test": 266,
      "auc": 0.40496007646343096,
      "log_loss": 5.41196434675103,
      "brier": 0.40416151028738184,
      "directional_accuracy": 0.3007518796992481,
      "baseline_auc": 0.4236475752039686,
      "baseline_log_loss": 2.2614317837127844,
      "baseline_brier": 0.29913892567836925,
      "baseline_directional_accuracy": 0.31203007518796994,
      "best_params": {
        "objective": "multiclass",
        "num_class": 3,
        "metric": "multi_logloss",
        "num_leaves": 63,
        "learning_rate": 0.0938393881004349,
        "min_child_samples": 23,
        "feature_fraction": 0.9,
        "bagging_fraction": 0.9,
        "bagging_freq": 5,
        "verbose": -1,
        "deterministic": true,
        "seed": 42
      }
    },
    {
      "fold": 2,
      "n_train": 798,
      "n_test": 266,
      "auc": 0.5465429157313693,
      "log_loss": 1.6642847650546788,
      "brier": 0.24894840826574535,
      "directional_accuracy": 0.5263157894736842,
      "baseline_auc": 0.499794219774524,
      "baseline_log_loss": 0.8608461433201944,
      "baseline_brier": 0.1624528218768121,
      "baseline_directional_accuracy": 0.6917293233082706,
      "best_params": {
        "objective": "multiclass",
        "num_class": 3,
        "metric": "multi_logloss",
        "num_leaves": 31,
        "learning_rate": 0.09340308327072934,
        "min_child_samples": 9,
        "feature_fraction": 0.9,
        "bagging_fraction": 0.9,
        "bagging_freq": 5,
        "verbose": -1,
        "deterministic": true,
        "seed": 42
      }
    },
    {
      "fold": 3,
      "n_train": 1064,
      "n_test": 266,
      "auc": 0.6720301153449775,
      "log_loss": 1.4739020635415458,
      "brier": 0.21724484061461433,
      "directional_accuracy": 0.5977443609022557,
      "baseline_auc": 0.623552790773592,
      "baseline_log_loss": 0.8647051035914854,
      "baseline_brier": 0.1577549505841099,
      "baseline_directional_accuracy": 0.6766917293233082,
      "best_params": {
        "objective": "multiclass",
        "num_class": 3,
        "metric": "multi_logloss",
        "num_leaves": 63,
        "learning_rate": 0.0938393881004349,
        "min_child_samples": 23,
        "feature_fraction": 0.9,
        "bagging_fraction": 0.9,
        "bagging_freq": 5,
        "verbose": -1,
        "deterministic": true,
        "seed": 42
      }
    },
    {
      "fold": 4,
      "n_train": 1330,
      "n_test": 266,
      "auc": 0.5816348092425976,
      "log_loss": 1.1331436858195423,
      "brier": 0.19896433368953018,
      "directional_accuracy": 0.5864661654135338,
      "baseline_auc": 0.5262123510010209,
      "baseline_log_loss": 0.9086371995491718,
      "baseline_brier": 0.17584129007144386,
      "baseline_directional_accuracy": 0.6428571428571429,
      "best_params": {
        "objective": "multiclass",
        "num_class": 3,
        "metric": "multi_logloss",
        "num_leaves": 15,
        "learning_rate": 0.060113218328857784,
        "min_child_samples": 16,
        "feature_fraction": 0.9,
        "bagging_fraction": 0.9,
        "bagging_freq": 5,
        "verbose": -1,
        "deterministic": true,
        "seed": 42
      }
    }
  ],
  "note": "Per-coin model for floki-inu/1m.",
  "directional_call_share": 0.0,
  "directional_call_share_n": 320,
  "directional_call_share_source": "holdout",
  "model_kind": "lightgbm",
  "prior_probs": [],
  "has_regression_head": true,
  "regression_head_stats": {
    "n_train_rows": 752,
    "n_holdout_rows": 188,
    "abs_pred_p50_pct": 0.20685847826918166,
    "abs_pred_p95_pct": 0.31995394331653815,
    "abs_pred_max_pct": 1.5285851616970771,
    "mae_pct": 0.1789650207655498,
    "best_iteration": 24
  },
  "gates_alignment": {
    "n": 320,
    "source": "holdout",
    "min_directional_edge": 0.05,
    "min_expected_return_pct": 0.15,
    "aligned_share": 0.975,
    "aligned_loud_share": 0.975,
    "aligned_quiet_share": 0.0,
    "loud_classifier_quiet_regressor_share": 0.0,
    "quiet_classifier_loud_regressor_share": 0.025,
    "dir_edge_p50": 0.12661106899166036,
    "dir_edge_p95": 0.1973171837403666,
    "abs_magnitude_pct_p50": 0.20685847826918166,
    "abs_magnitude_pct_p95": 0.21969000562578822
  }
}