{
  "coin_id": "bonk",
  "timeframe": "1m",
  "version": "20260422T121715Z",
  "feature_names": [
    "ret1",
    "ret5",
    "ret10",
    "momentum",
    "realizedVol",
    "rsi14",
    "macdLine",
    "macdSignal",
    "macdHist",
    "atr14",
    "atrPct",
    "ema9",
    "ema21",
    "emaSpreadPct",
    "distFromEma9Pct",
    "distFromEma21Pct",
    "bbUpper",
    "bbMiddle",
    "bbLower",
    "bbWidth",
    "bbPctB",
    "bbWidthPct",
    "news_etf_flow",
    "news_regulatory_risk",
    "news_exchange_outage",
    "news_macro_shock",
    "news_whale_move",
    "news_exploit_or_hack",
    "news_stablecoin_event",
    "news_narrative_rotation",
    "news_listing_or_delisting",
    "news_protocol_upgrade",
    "news_high_volume_breakout",
    "news_unusual_volatility",
    "coin_idx"
  ],
  "coin_vocab": [
    "bonk"
  ],
  "n_train_rows": 2088,
  "n_test_rows": 1740,
  "metrics": {
    "auc": 0.5403688023273516,
    "log_loss": 2.633795238935403,
    "brier": 0.2940464890942418,
    "directional_accuracy": 0.46436781609195404
  },
  "baseline_metrics": {
    "auc": 0.5443703267176855,
    "log_loss": 1.0621087423281963,
    "brier": 0.20941700684167613,
    "directional_accuracy": 0.5005747126436781
  },
  "threshold_pct": 0.03,
  "horizon_candles": 1,
  "class_return_means_pct": [
    -0.300989498822387,
    0.0002391515114077705,
    0.38523444163767073
  ],
  "fold_metrics": [
    {
      "fold": 0,
      "n_train": 348,
      "n_test": 348,
      "auc": 0.6007708595783385,
      "log_loss": 1.363765614402319,
      "brier": 0.2400547909844438,
      "directional_accuracy": 0.49137931034482757,
      "baseline_auc": 0.563041712593449,
      "baseline_log_loss": 1.0135288466559775,
      "baseline_brier": 0.20100403612506978,
      "baseline_directional_accuracy": 0.5028735632183908,
      "best_params": {
        "objective": "multiclass",
        "num_class": 3,
        "metric": "multi_logloss",
        "num_leaves": 15,
        "learning_rate": 0.060113218328857784,
        "min_child_samples": 16,
        "feature_fraction": 0.9,
        "bagging_fraction": 0.9,
        "bagging_freq": 5,
        "verbose": -1,
        "deterministic": true,
        "seed": 42
      }
    },
    {
      "fold": 1,
      "n_train": 696,
      "n_test": 348,
      "auc": 0.5244609621867774,
      "log_loss": 1.933800098885295,
      "brier": 0.2881199103225425,
      "directional_accuracy": 0.4454022988505747,
      "baseline_auc": 0.51928523285598,
      "baseline_log_loss": 0.9592126166978726,
      "baseline_brier": 0.19966893284110898,
      "baseline_directional_accuracy": 0.4482758620689655,
      "best_params": {
        "objective": "multiclass",
        "num_class": 3,
        "metric": "multi_logloss",
        "num_leaves": 63,
        "learning_rate": 0.0938393881004349,
        "min_child_samples": 23,
        "feature_fraction": 0.9,
        "bagging_fraction": 0.9,
        "bagging_freq": 5,
        "verbose": -1,
        "deterministic": true,
        "seed": 42
      }
    },
    {
      "fold": 2,
      "n_train": 1044,
      "n_test": 348,
      "auc": 0.4314398890672336,
      "log_loss": 6.758708869085454,
      "brier": 0.5075257197579225,
      "directional_accuracy": 0.19827586206896552,
      "baseline_auc": 0.5770967568868252,
      "baseline_log_loss": 1.5450475770386065,
      "baseline_brier": 0.302635734347943,
      "baseline_directional_accuracy": 0.19540229885057472,
      "best_params": {
        "objective": "multiclass",
        "num_class": 3,
        "metric": "multi_logloss",
        "num_leaves": 31,
        "learning_rate": 0.09340308327072934,
        "min_child_samples": 9,
        "feature_fraction": 0.9,
        "bagging_fraction": 0.9,
        "bagging_freq": 5,
        "verbose": -1,
        "deterministic": true,
        "seed": 42
      }
    },
    {
      "fold": 3,
      "n_train": 1392,
      "n_test": 348,
      "auc": 0.5972547264480418,
      "log_loss": 1.2260991348880639,
      "brier": 0.1860031629390312,
      "directional_accuracy": 0.6408045977011494,
      "baseline_auc": 0.4700402310731473,
      "baseline_log_loss": 0.8916900506036711,
      "baseline_brier": 0.17184349916589645,
      "baseline_directional_accuracy": 0.7097701149425287,
      "best_params": {
        "objective": "multiclass",
        "num_class": 3,
        "metric": "multi_logloss",
        "num_leaves": 63,
        "learning_rate": 0.0938393881004349,
        "min_child_samples": 23,
        "feature_fraction": 0.9,
        "bagging_fraction": 0.9,
        "bagging_freq": 5,
        "verbose": -1,
        "deterministic": true,
        "seed": 42
      }
    },
    {
      "fold": 4,
      "n_train": 1740,
      "n_test": 348,
      "auc": 0.547917574356367,
      "log_loss": 1.886602477415886,
      "brier": 0.24852886146726882,
      "directional_accuracy": 0.5459770114942529,
      "baseline_auc": 0.5923877001790259,
      "baseline_log_loss": 0.9010646206448543,
      "baseline_brier": 0.17193283172836235,
      "baseline_directional_accuracy": 0.646551724137931,
      "best_params": {
        "objective": "multiclass",
        "num_class": 3,
        "metric": "multi_logloss",
        "num_leaves": 63,
        "learning_rate": 0.0938393881004349,
        "min_child_samples": 23,
        "feature_fraction": 0.9,
        "bagging_fraction": 0.9,
        "bagging_freq": 5,
        "verbose": -1,
        "deterministic": true,
        "seed": 42
      }
    }
  ],
  "note": "Per-coin model for bonk/1m.",
  "directional_call_share": 0.02631578947368421,
  "directional_call_share_n": 418,
  "directional_call_share_source": "holdout",
  "model_kind": "lightgbm",
  "prior_probs": [],
  "has_regression_head": true,
  "regression_head_stats": {
    "n_train_rows": 1030,
    "n_holdout_rows": 258,
    "abs_pred_p50_pct": 0.2110961044408577,
    "abs_pred_p95_pct": 0.4240654149580016,
    "abs_pred_max_pct": 1.2523675891765977,
    "mae_pct": 0.17192258537501687,
    "best_iteration": 30
  },
  "gates_alignment": {
    "n": 418,
    "source": "holdout",
    "min_directional_edge": 0.05,
    "min_expected_return_pct": 0.15,
    "aligned_share": 0.6507177033492823,
    "aligned_loud_share": 0.6507177033492823,
    "aligned_quiet_share": 0.0,
    "loud_classifier_quiet_regressor_share": 0.0,
    "quiet_classifier_loud_regressor_share": 0.3492822966507177,
    "dir_edge_p50": 0.07986460825660605,
    "dir_edge_p95": 0.21211004115851717,
    "abs_magnitude_pct_p50": 0.21415227821713745,
    "abs_magnitude_pct_p95": 0.3618326925126342
  }
}