{
  "coin_id": "injective-protocol",
  "timeframe": "1h",
  "version": "20260422T094934Z",
  "feature_names": [
    "ret1",
    "ret5",
    "ret10",
    "momentum",
    "realizedVol",
    "rsi14",
    "macdLine",
    "macdSignal",
    "macdHist",
    "atr14",
    "atrPct",
    "ema9",
    "ema21",
    "emaSpreadPct",
    "distFromEma9Pct",
    "distFromEma21Pct",
    "bbUpper",
    "bbMiddle",
    "bbLower",
    "bbWidth",
    "bbPctB",
    "bbWidthPct",
    "news_etf_flow",
    "news_regulatory_risk",
    "news_exchange_outage",
    "news_macro_shock",
    "news_whale_move",
    "news_exploit_or_hack",
    "news_stablecoin_event",
    "news_narrative_rotation",
    "news_listing_or_delisting",
    "news_protocol_upgrade",
    "news_high_volume_breakout",
    "news_unusual_volatility",
    "coin_idx"
  ],
  "coin_vocab": [
    "injective-protocol"
  ],
  "n_train_rows": 685,
  "n_test_rows": 570,
  "metrics": {
    "auc": 0.5030180064004616,
    "log_loss": 2.9822617252164996,
    "brier": 0.3665757715217266,
    "directional_accuracy": 0.3263157894736842
  },
  "baseline_metrics": {
    "auc": 0.5178820561263164,
    "log_loss": 1.1609046788686552,
    "brier": 0.23475015136667757,
    "directional_accuracy": 0.32105263157894737
  },
  "threshold_pct": 0.2,
  "horizon_candles": 1,
  "class_return_means_pct": [
    -0.6100311966249914,
    0.0032044262027848876,
    0.6528876908459315
  ],
  "fold_metrics": [
    {
      "fold": 0,
      "n_train": 114,
      "n_test": 114,
      "auc": 0.53334011667345,
      "log_loss": 2.952228543321951,
      "brier": 0.3648435525885734,
      "directional_accuracy": 0.32456140350877194,
      "baseline_auc": 0.5122778456111788,
      "baseline_log_loss": 1.2285429211214747,
      "baseline_brier": 0.2493019155346262,
      "baseline_directional_accuracy": 0.2807017543859649,
      "best_params": {
        "objective": "multiclass",
        "num_class": 3,
        "metric": "multi_logloss",
        "num_leaves": 31,
        "learning_rate": 0.1,
        "min_child_samples": 5,
        "feature_fraction": 0.9,
        "bagging_fraction": 0.9,
        "bagging_freq": 5,
        "verbose": -1,
        "deterministic": true,
        "seed": 42
      }
    },
    {
      "fold": 1,
      "n_train": 228,
      "n_test": 114,
      "auc": 0.5271333604666938,
      "log_loss": 3.7448412346498103,
      "brier": 0.3824464751296528,
      "directional_accuracy": 0.3508771929824561,
      "baseline_auc": 0.5074871116537784,
      "baseline_log_loss": 1.1943478866198993,
      "baseline_brier": 0.23893533708672265,
      "baseline_directional_accuracy": 0.3508771929824561,
      "best_params": {
        "objective": "multiclass",
        "num_class": 3,
        "metric": "multi_logloss",
        "num_leaves": 31,
        "learning_rate": 0.1,
        "min_child_samples": 5,
        "feature_fraction": 0.9,
        "bagging_fraction": 0.9,
        "bagging_freq": 5,
        "verbose": -1,
        "deterministic": true,
        "seed": 42
      }
    },
    {
      "fold": 2,
      "n_train": 342,
      "n_test": 114,
      "auc": 0.4857843137254902,
      "log_loss": 2.79443470324242,
      "brier": 0.3620907543997107,
      "directional_accuracy": 0.3333333333333333,
      "baseline_auc": 0.5702305246422893,
      "baseline_log_loss": 1.0877528975636928,
      "baseline_brier": 0.21944937468042566,
      "baseline_directional_accuracy": 0.38596491228070173,
      "best_params": {
        "objective": "multiclass",
        "num_class": 3,
        "metric": "multi_logloss",
        "num_leaves": 31,
        "learning_rate": 0.1,
        "min_child_samples": 5,
        "feature_fraction": 0.9,
        "bagging_fraction": 0.9,
        "bagging_freq": 5,
        "verbose": -1,
        "deterministic": true,
        "seed": 42
      }
    },
    {
      "fold": 3,
      "n_train": 456,
      "n_test": 114,
      "auc": 0.5000092413891696,
      "log_loss": 2.9431896407949587,
      "brier": 0.36625568685776894,
      "directional_accuracy": 0.30701754385964913,
      "baseline_auc": 0.49428129417376726,
      "baseline_log_loss": 1.1861363442812312,
      "baseline_brier": 0.24120926479898905,
      "baseline_directional_accuracy": 0.2543859649122807,
      "best_params": {
        "objective": "multiclass",
        "num_class": 3,
        "metric": "multi_logloss",
        "num_leaves": 31,
        "learning_rate": 0.1,
        "min_child_samples": 5,
        "feature_fraction": 0.9,
        "bagging_fraction": 0.9,
        "bagging_freq": 5,
        "verbose": -1,
        "deterministic": true,
        "seed": 42
      }
    },
    {
      "fold": 4,
      "n_train": 570,
      "n_test": 114,
      "auc": 0.46882299974750435,
      "log_loss": 2.4766145040733587,
      "brier": 0.3572423886329273,
      "directional_accuracy": 0.3157894736842105,
      "baseline_auc": 0.5051335045505688,
      "baseline_log_loss": 1.1077433447569782,
      "baseline_brier": 0.22485486473262414,
      "baseline_directional_accuracy": 0.3333333333333333,
      "best_params": {
        "objective": "multiclass",
        "num_class": 3,
        "metric": "multi_logloss",
        "num_leaves": 31,
        "learning_rate": 0.1,
        "min_child_samples": 5,
        "feature_fraction": 0.9,
        "bagging_fraction": 0.9,
        "bagging_freq": 5,
        "verbose": -1,
        "deterministic": true,
        "seed": 42
      }
    }
  ],
  "note": "Per-coin model for injective-protocol/1h.",
  "directional_call_share": 1.0,
  "directional_call_share_n": 137,
  "directional_call_share_source": "holdout",
  "model_kind": "lightgbm",
  "prior_probs": [],
  "has_regression_head": true,
  "regression_head_stats": {
    "n_train_rows": 376,
    "n_holdout_rows": 94,
    "abs_pred_p50_pct": 0.621627754413823,
    "abs_pred_p95_pct": 0.6637057741103258,
    "abs_pred_max_pct": 0.6694291925826605,
    "mae_pct": 0.29568567987239075,
    "best_iteration": 1
  },
  "gates_alignment": {
    "n": 137,
    "source": "holdout",
    "min_directional_edge": 0.05,
    "min_expected_return_pct": 0.15,
    "aligned_share": 0.583941605839416,
    "aligned_loud_share": 0.583941605839416,
    "aligned_quiet_share": 0.0,
    "loud_classifier_quiet_regressor_share": 0.0,
    "quiet_classifier_loud_regressor_share": 0.41605839416058393,
    "dir_edge_p50": 0.07473210299151656,
    "dir_edge_p95": 0.19303674842445856,
    "abs_magnitude_pct_p50": 0.6270384007840292,
    "abs_magnitude_pct_p95": 0.6637057741103258
  }
}