{
  "coin_id": "worldcoin-wld",
  "timeframe": "1h",
  "version": "20260429T142546Z",
  "feature_names": [
    "ret1",
    "ret5",
    "ret10",
    "momentum",
    "realizedVol",
    "rsi14",
    "macdLine",
    "macdSignal",
    "macdHist",
    "atr14",
    "atrPct",
    "ema9",
    "ema21",
    "emaSpreadPct",
    "distFromEma9Pct",
    "distFromEma21Pct",
    "bbUpper",
    "bbMiddle",
    "bbLower",
    "bbWidth",
    "bbPctB",
    "bbWidthPct",
    "volZScore60",
    "funding_rate",
    "open_interest_z",
    "liquidations_1h_usd",
    "bid_ask_spread_bps",
    "btc_lead_ret_5m",
    "eth_lead_ret_5m",
    "btc_liquidations_1h_usd",
    "eth_liquidations_1h_usd",
    "sol_liquidations_1h_usd",
    "session_asia",
    "session_eu",
    "session_us",
    "hour_of_day_sin",
    "hour_of_day_cos",
    "coin_idx"
  ],
  "coin_vocab": [
    "worldcoin-wld"
  ],
  "n_train_rows": 8573,
  "n_test_rows": 7145,
  "metrics": {
    "auc": 0.5118998939829692,
    "log_loss": 2.7271387830096154,
    "brier": 0.3379419079946911,
    "directional_accuracy": 0.3690692792162351
  },
  "baseline_metrics": {
    "auc": 0.5523437577951607,
    "log_loss": 1.0743641932013988,
    "brier": 0.21740417221698505,
    "directional_accuracy": 0.40181945416375087
  },
  "threshold_pct": 0.4275,
  "horizon_candles": 4,
  "class_return_means_pct": [
    -1.8708802914549187,
    -0.0075092170372022485,
    2.0180821817421344
  ],
  "fold_metrics": [
    {
      "fold": 0,
      "n_train": 1428,
      "n_test": 1429,
      "auc": 0.4941485557984568,
      "log_loss": 1.8826463251172052,
      "brier": 0.31419994533181134,
      "directional_accuracy": 0.3477956613016095,
      "baseline_auc": 0.5525003353027689,
      "baseline_log_loss": 1.0718944104399746,
      "baseline_brier": 0.21680024727609312,
      "baseline_directional_accuracy": 0.4093771868439468,
      "best_params": {
        "objective": "multiclass",
        "num_class": 3,
        "metric": "multi_logloss",
        "num_leaves": 31,
        "learning_rate": 0.09340308327072934,
        "min_child_samples": 9,
        "feature_fraction": 0.9,
        "bagging_fraction": 0.9,
        "bagging_freq": 5,
        "verbose": -1,
        "deterministic": true,
        "seed": 42
      },
      "feature_importance": [
        1564.3385695368052,
        1433.7749339286238,
        1649.2495000381023,
        1647.1927209217101,
        1955.7455779816955,
        1270.976574005559,
        1314.2426804602146,
        1678.3547405507416,
        1529.3711705487221,
        1595.5322818867862,
        1886.2989187370986,
        1076.419093966484,
        597.4246680159122,
        1408.1080832313746,
        1497.064456017688,
        1395.091194767505,
        1228.8885873164982,
        613.382248075679,
        1370.7562321834266,
        1500.181361567229,
        1407.704422460869,
        1601.25686115399,
        1643.723717983812,
        0.0,
        0.0,
        0.0,
        0.0,
        0.0,
        0.0,
        0.0,
        0.0,
        0.0,
        69.33348076045513,
        52.41922667995095,
        58.201071839779615,
        1240.9307903423905,
        1024.030862685293,
        0.0
      ],
      "feature_names": [
        "ret1",
        "ret5",
        "ret10",
        "momentum",
        "realizedVol",
        "rsi14",
        "macdLine",
        "macdSignal",
        "macdHist",
        "atr14",
        "atrPct",
        "ema9",
        "ema21",
        "emaSpreadPct",
        "distFromEma9Pct",
        "distFromEma21Pct",
        "bbUpper",
        "bbMiddle",
        "bbLower",
        "bbWidth",
        "bbPctB",
        "bbWidthPct",
        "volZScore60",
        "funding_rate",
        "open_interest_z",
        "liquidations_1h_usd",
        "bid_ask_spread_bps",
        "btc_lead_ret_5m",
        "eth_lead_ret_5m",
        "btc_liquidations_1h_usd",
        "eth_liquidations_1h_usd",
        "sol_liquidations_1h_usd",
        "session_asia",
        "session_eu",
        "session_us",
        "hour_of_day_sin",
        "hour_of_day_cos",
        "coin_idx"
      ]
    },
    {
      "fold": 1,
      "n_train": 2857,
      "n_test": 1429,
      "auc": 0.5509308510599594,
      "log_loss": 2.900027130307907,
      "brier": 0.31897214818841574,
      "directional_accuracy": 0.4464660601819454,
      "baseline_auc": 0.5577563623879608,
      "baseline_log_loss": 1.063292722160207,
      "baseline_brier": 0.2148874686911079,
      "baseline_directional_accuracy": 0.44156752974107766,
      "best_params": {
        "objective": "multiclass",
        "num_class": 3,
        "metric": "multi_logloss",
        "num_leaves": 63,
        "learning_rate": 0.06817494728835527,
        "min_child_samples": 25,
        "feature_fraction": 0.9,
        "bagging_fraction": 0.9,
        "bagging_freq": 5,
        "verbose": -1,
        "deterministic": true,
        "seed": 42
      },
      "feature_importance": [
        2080.8875051895284,
        1816.9424087019693,
        2138.4065075369363,
        2256.080672348038,
        2744.3419397580906,
        1696.128424723795,
        1852.7034060520036,
        2103.057682752467,
        2238.1912341904053,
        2156.9644146232604,
        2441.4528296415824,
        1578.9243974236033,
        1217.6898787490136,
        1731.6596115979755,
        1854.201304222809,
        1399.069543059546,
        2048.533562520558,
        1065.9618839807554,
        1855.6872722812159,
        2186.040826810786,
        1921.328960602327,
        2151.845621117543,
        1983.1744595762962,
        0.0,
        0.0,
        0.0,
        0.0,
        0.0,
        0.0,
        0.0,
        0.0,
        0.0,
        154.63840979685483,
        76.2053713979094,
        114.03695878243707,
        1454.0486118511162,
        1530.6811103988366,
        0.0
      ],
      "feature_names": [
        "ret1",
        "ret5",
        "ret10",
        "momentum",
        "realizedVol",
        "rsi14",
        "macdLine",
        "macdSignal",
        "macdHist",
        "atr14",
        "atrPct",
        "ema9",
        "ema21",
        "emaSpreadPct",
        "distFromEma9Pct",
        "distFromEma21Pct",
        "bbUpper",
        "bbMiddle",
        "bbLower",
        "bbWidth",
        "bbPctB",
        "bbWidthPct",
        "volZScore60",
        "funding_rate",
        "open_interest_z",
        "liquidations_1h_usd",
        "bid_ask_spread_bps",
        "btc_lead_ret_5m",
        "eth_lead_ret_5m",
        "btc_liquidations_1h_usd",
        "eth_liquidations_1h_usd",
        "sol_liquidations_1h_usd",
        "session_asia",
        "session_eu",
        "session_us",
        "hour_of_day_sin",
        "hour_of_day_cos",
        "coin_idx"
      ]
    },
    {
      "fold": 2,
      "n_train": 4286,
      "n_test": 1429,
      "auc": 0.501763096909485,
      "log_loss": 3.324083151999677,
      "brier": 0.3688088781096335,
      "directional_accuracy": 0.3617914625612316,
      "baseline_auc": 0.5631830403630782,
      "baseline_log_loss": 1.0790518003929925,
      "baseline_brier": 0.21880898968563814,
      "baseline_directional_accuracy": 0.384184744576627,
      "best_params": {
        "objective": "multiclass",
        "num_class": 3,
        "metric": "multi_logloss",
        "num_leaves": 15,
        "learning_rate": 0.19205761990258666,
        "min_child_samples": 30,
        "feature_fraction": 0.9,
        "bagging_fraction": 0.9,
        "bagging_freq": 5,
        "verbose": -1,
        "deterministic": true,
        "seed": 42
      },