{
  "coin_id": "render-token",
  "timeframe": "5m",
  "version": "20260422T092426Z",
  "feature_names": [
    "ret1",
    "ret5",
    "ret10",
    "momentum",
    "realizedVol",
    "rsi14",
    "macdLine",
    "macdSignal",
    "macdHist",
    "atr14",
    "atrPct",
    "ema9",
    "ema21",
    "emaSpreadPct",
    "distFromEma9Pct",
    "distFromEma21Pct",
    "bbUpper",
    "bbMiddle",
    "bbLower",
    "bbWidth",
    "bbPctB",
    "bbWidthPct",
    "news_etf_flow",
    "news_regulatory_risk",
    "news_exchange_outage",
    "news_macro_shock",
    "news_whale_move",
    "news_exploit_or_hack",
    "news_stablecoin_event",
    "news_narrative_rotation",
    "news_listing_or_delisting",
    "news_protocol_upgrade",
    "news_high_volume_breakout",
    "news_unusual_volatility",
    "coin_idx"
  ],
  "coin_vocab": [
    "render-token"
  ],
  "n_train_rows": 833,
  "n_test_rows": 695,
  "metrics": {
    "auc": 0.47742795502203983,
    "log_loss": 2.1272415735596226,
    "brier": 0.3064786414440361,
    "directional_accuracy": 0.3971223021582734
  },
  "baseline_metrics": {
    "auc": 0.5050525677704586,
    "log_loss": 1.0562915196950406,
    "brier": 0.21360063153870343,
    "directional_accuracy": 0.4057553956834532
  },
  "threshold_pct": 0.1,
  "horizon_candles": 1,
  "class_return_means_pct": [
    -0.6686816740921531,
    0.0014040072437520677,
    0.6795735267690215
  ],
  "fold_metrics": [
    {
      "fold": 0,
      "n_train": 138,
      "n_test": 139,
      "auc": 0.5310341126902344,
      "log_loss": 1.592938544507236,
      "brier": 0.2729287823119495,
      "directional_accuracy": 0.43884892086330934,
      "baseline_auc": 0.4112060660987023,
      "baseline_log_loss": 1.0279607105457775,
      "baseline_brier": 0.2089147511850676,
      "baseline_directional_accuracy": 0.4244604316546763,
      "best_params": {
        "objective": "multiclass",
        "num_class": 3,
        "metric": "multi_logloss",
        "num_leaves": 31,
        "learning_rate": 0.04488170057528786,
        "min_child_samples": 9,
        "feature_fraction": 0.9,
        "bagging_fraction": 0.9,
        "bagging_freq": 5,
        "verbose": -1,
        "deterministic": true,
        "seed": 42
      }
    },
    {
      "fold": 1,
      "n_train": 277,
      "n_test": 139,
      "auc": 0.49180246576135916,
      "log_loss": 2.9805159022960046,
      "brier": 0.34902729735056,
      "directional_accuracy": 0.38848920863309355,
      "baseline_auc": 0.5085941627359248,
      "baseline_log_loss": 1.0930475102013568,
      "baseline_brier": 0.2231528993254649,
      "baseline_directional_accuracy": 0.4028776978417266,
      "best_params": {
        "objective": "multiclass",
        "num_class": 3,
        "metric": "multi_logloss",
        "num_leaves": 15,
        "learning_rate": 0.09230320822645494,
        "min_child_samples": 6,
        "feature_fraction": 0.9,
        "bagging_fraction": 0.9,
        "bagging_freq": 5,
        "verbose": -1,
        "deterministic": true,
        "seed": 42
      }
    },
    {
      "fold": 2,
      "n_train": 416,
      "n_test": 139,
      "auc": 0.47474062448759863,
      "log_loss": 1.6775844887294389,
      "brier": 0.2826713143273228,
      "directional_accuracy": 0.39568345323741005,
      "baseline_auc": 0.5484764245941676,
      "baseline_log_loss": 0.9679833262029265,
      "baseline_brier": 0.1982672371491426,
      "baseline_directional_accuracy": 0.4460431654676259,
      "best_params": {
        "objective": "multiclass",
        "num_class": 3,
        "metric": "multi_logloss",
        "num_leaves": 63,
        "learning_rate": 0.0938393881004349,
        "min_child_samples": 23,
        "feature_fraction": 0.9,
        "bagging_fraction": 0.9,
        "bagging_freq": 5,
        "verbose": -1,
        "deterministic": true,
        "seed": 42
      }
    },
    {
      "fold": 3,
      "n_train": 555,
      "n_test": 139,
      "auc": 0.4229371970350986,
      "log_loss": 2.9036681969800786,
      "brier": 0.3541983980024372,
      "directional_accuracy": 0.35251798561151076,
      "baseline_auc": 0.535557527101806,
      "baseline_log_loss": 1.1446180353898359,
      "baseline_brier": 0.22869132449967908,
      "baseline_directional_accuracy": 0.3237410071942446,
      "best_params": {
        "objective": "multiclass",
        "num_class": 3,
        "metric": "multi_logloss",
        "num_leaves": 63,
        "learning_rate": 0.0938393881004349,
        "min_child_samples": 23,
        "feature_fraction": 0.9,
        "bagging_fraction": 0.9,
        "bagging_freq": 5,
        "verbose": -1,
        "deterministic": true,
        "seed": 42
      }
    },
    {
      "fold": 4,
      "n_train": 694,
      "n_test": 139,
      "auc": 0.46662537513590824,
      "log_loss": 1.4815007352853555,
      "brier": 0.273567415227911,
      "directional_accuracy": 0.41007194244604317,
      "baseline_auc": 0.5214286583216926,
      "baseline_log_loss": 1.047848016135307,
      "baseline_brier": 0.20897694553416288,
      "baseline_directional_accuracy": 0.4316546762589928,
      "best_params": {
        "objective": "multiclass",
        "num_class": 3,
        "metric": "multi_logloss",
        "num_leaves": 15,
        "learning_rate": 0.09230320822645494,
        "min_child_samples": 6,
        "feature_fraction": 0.9,
        "bagging_fraction": 0.9,
        "bagging_freq": 5,
        "verbose": -1,
        "deterministic": true,
        "seed": 42
      }
    }
  ],
  "note": "Per-coin model for render-token/5m.",
  "directional_call_share": 0.023952095808383235,
  "directional_call_share_n": 167,
  "directional_call_share_source": "holdout",
  "model_kind": "lightgbm",
  "prior_probs": [],
  "has_regression_head": true,
  "regression_head_stats": {
    "n_train_rows": 522,
    "n_holdout_rows": 131,
    "abs_pred_p50_pct": 0.7529912154052099,
    "abs_pred_p95_pct": 0.7980732307737652,
    "abs_pred_max_pct": 0.8072369900819671,
    "mae_pct": 0.47672744500447267,
    "best_iteration": 1
  }
}