{
  "coin_id": "sei-network",
  "timeframe": "5m",
  "version": "20260422T113905Z",
  "feature_names": [
    "ret1",
    "ret5",
    "ret10",
    "momentum",
    "realizedVol",
    "rsi14",
    "macdLine",
    "macdSignal",
    "macdHist",
    "atr14",
    "atrPct",
    "ema9",
    "ema21",
    "emaSpreadPct",
    "distFromEma9Pct",
    "distFromEma21Pct",
    "bbUpper",
    "bbMiddle",
    "bbLower",
    "bbWidth",
    "bbPctB",
    "bbWidthPct",
    "news_etf_flow",
    "news_regulatory_risk",
    "news_exchange_outage",
    "news_macro_shock",
    "news_whale_move",
    "news_exploit_or_hack",
    "news_stablecoin_event",
    "news_narrative_rotation",
    "news_listing_or_delisting",
    "news_protocol_upgrade",
    "news_high_volume_breakout",
    "news_unusual_volatility",
    "coin_idx"
  ],
  "coin_vocab": [
    "sei-network"
  ],
  "n_train_rows": 858,
  "n_test_rows": 715,
  "metrics": {
    "auc": 0.5123758492472473,
    "log_loss": 2.987828383475319,
    "brier": 0.32850720496763597,
    "directional_accuracy": 0.44475524475524486
  },
  "baseline_metrics": {
    "auc": 0.5260066044032182,
    "log_loss": 1.0036120025197601,
    "brier": 0.2050613949299937,
    "directional_accuracy": 0.43916083916083914
  },
  "threshold_pct": 0.04,
  "horizon_candles": 1,
  "class_return_means_pct": [
    -0.4435027106874701,
    -0.0019147322954461779,
    0.4958196094314372
  ],
  "fold_metrics": [
    {
      "fold": 0,
      "n_train": 143,
      "n_test": 143,
      "auc": 0.5558277835575338,
      "log_loss": 2.351312694593342,
      "brier": 0.2943132361357779,
      "directional_accuracy": 0.5104895104895105,
      "baseline_auc": 0.5234599049759713,
      "baseline_log_loss": 0.9774656417149262,
      "baseline_brier": 0.20424465932156913,
      "baseline_directional_accuracy": 0.43356643356643354,
      "best_params": {
        "objective": "multiclass",
        "num_class": 3,
        "metric": "multi_logloss",
        "num_leaves": 31,
        "learning_rate": 0.1,
        "min_child_samples": 5,
        "feature_fraction": 0.9,
        "bagging_fraction": 0.9,
        "bagging_freq": 5,
        "verbose": -1,
        "deterministic": true,
        "seed": 42
      }
    },
    {
      "fold": 1,
      "n_train": 286,
      "n_test": 143,
      "auc": 0.5203855409668451,
      "log_loss": 3.0719443136191216,
      "brier": 0.3244712553629987,
      "directional_accuracy": 0.46853146853146854,
      "baseline_auc": 0.5170563327029799,
      "baseline_log_loss": 0.9210265652896077,
      "baseline_brier": 0.19357005998170437,
      "baseline_directional_accuracy": 0.46153846153846156,
      "best_params": {
        "objective": "multiclass",
        "num_class": 3,
        "metric": "multi_logloss",
        "num_leaves": 31,
        "learning_rate": 0.1,
        "min_child_samples": 5,
        "feature_fraction": 0.9,
        "bagging_fraction": 0.9,
        "bagging_freq": 5,
        "verbose": -1,
        "deterministic": true,
        "seed": 42
      }
    },
    {
      "fold": 2,
      "n_train": 429,
      "n_test": 143,
      "auc": 0.5047600644925702,
      "log_loss": 2.435068620448554,
      "brier": 0.3039319469240765,
      "directional_accuracy": 0.4825174825174825,
      "baseline_auc": 0.5467735887919042,
      "baseline_log_loss": 0.8357164260640391,
      "baseline_brier": 0.1798335428641978,
      "baseline_directional_accuracy": 0.5244755244755245,
      "best_params": {
        "objective": "multiclass",
        "num_class": 3,
        "metric": "multi_logloss",
        "num_leaves": 31,
        "learning_rate": 0.1,
        "min_child_samples": 5,
        "feature_fraction": 0.9,
        "bagging_fraction": 0.9,
        "bagging_freq": 5,
        "verbose": -1,
        "deterministic": true,
        "seed": 42
      }
    },
    {
      "fold": 3,
      "n_train": 572,
      "n_test": 143,
      "auc": 0.47357726224630375,
      "log_loss": 3.6875899416914266,
      "brier": 0.34924975353384663,
      "directional_accuracy": 0.3916083916083916,
      "baseline_auc": 0.4886512131179632,
      "baseline_log_loss": 1.1874597085979326,
      "baseline_brier": 0.2285353170919895,
      "baseline_directional_accuracy": 0.36363636363636365,
      "best_params": {
        "objective": "multiclass",
        "num_class": 3,
        "metric": "multi_logloss",
        "num_leaves": 31,
        "learning_rate": 0.1,
        "min_child_samples": 5,
        "feature_fraction": 0.9,
        "bagging_fraction": 0.9,
        "bagging_freq": 5,
        "verbose": -1,
        "deterministic": true,
        "seed": 42
      }
    },
    {
      "fold": 4,
      "n_train": 715,
      "n_test": 143,
      "auc": 0.5073285949729834,
      "log_loss": 3.393226347024151,
      "brier": 0.3705698328814802,
      "directional_accuracy": 0.3706293706293706,
      "baseline_auc": 0.5540919824272725,
      "baseline_log_loss": 1.0963916709322938,
      "baseline_brier": 0.21912339539050776,
      "baseline_directional_accuracy": 0.4125874125874126,
      "best_params": {
        "objective": "multiclass",
        "num_class": 3,
        "metric": "multi_logloss",
        "num_leaves": 31,
        "learning_rate": 0.1,
        "min_child_samples": 5,
        "feature_fraction": 0.9,
        "bagging_fraction": 0.9,
        "bagging_freq": 5,
        "verbose": -1,
        "deterministic": true,
        "seed": 42
      }
    }
  ],
  "note": "Per-coin model for sei-network/5m.",
  "directional_call_share": 0.9593023255813954,
  "directional_call_share_n": 172,
  "directional_call_share_source": "holdout",
  "model_kind": "lightgbm",
  "prior_probs": [],
  "has_regression_head": true,
  "regression_head_stats": {
    "n_train_rows": 605,
    "n_holdout_rows": 152,
    "abs_pred_p50_pct": 0.5512681229424871,
    "abs_pred_p95_pct": 0.5608114088959889,
    "abs_pred_max_pct": 0.5608114088959889,
    "mae_pct": 0.4146782674937287,
    "best_iteration": 1
  },
  "gates_alignment": {
    "n": 172,
    "source": "holdout",
    "min_directional_edge": 0.05,
    "min_expected_return_pct": 0.15,
    "aligned_share": 0.6453488372093024,
    "aligned_loud_share": 0.6453488372093024,
    "aligned_quiet_share": 0.0,
    "loud_classifier_quiet_regressor_share": 0.0,
    "quiet_classifier_loud_regressor_share": 0.3546511627906977,
    "dir_edge_p50": 0.09015025041736224,
    "dir_edge_p95": 0.265381471389645,
    "abs_magnitude_pct_p50": 0.5512681229424871,
    "abs_magnitude_pct_p95": 0.5608114088959889
  }
}