{
  "coin_id": "floki-inu",
  "timeframe": "1m",
  "version": "20260422T190151Z",
  "feature_names": [
    "ret1",
    "ret5",
    "ret10",
    "momentum",
    "realizedVol",
    "rsi14",
    "macdLine",
    "macdSignal",
    "macdHist",
    "atr14",
    "atrPct",
    "ema9",
    "ema21",
    "emaSpreadPct",
    "distFromEma9Pct",
    "distFromEma21Pct",
    "bbUpper",
    "bbMiddle",
    "bbLower",
    "bbWidth",
    "bbPctB",
    "bbWidthPct",
    "news_etf_flow",
    "news_regulatory_risk",
    "news_exchange_outage",
    "news_macro_shock",
    "news_whale_move",
    "news_exploit_or_hack",
    "news_stablecoin_event",
    "news_narrative_rotation",
    "news_listing_or_delisting",
    "news_protocol_upgrade",
    "news_high_volume_breakout",
    "news_unusual_volatility",
    "coin_idx"
  ],
  "coin_vocab": [
    "floki-inu"
  ],
  "n_train_rows": 1906,
  "n_test_rows": 1585,
  "metrics": {
    "auc": 0.5524341517893505,
    "log_loss": 4.478905835623123,
    "brier": 0.3472294822064912,
    "directional_accuracy": 0.42271293375394314
  },
  "baseline_metrics": {
    "auc": 0.5279578921137772,
    "log_loss": 1.2852494086820538,
    "brier": 0.21863244573434262,
    "directional_accuracy": 0.5110410094637224
  },
  "threshold_pct": 0.03,
  "horizon_candles": 1,
  "class_return_means_pct": [
    -0.38150394026752993,
    0.00020789811170639184,
    0.3940904495943893
  ],
  "fold_metrics": [
    {
      "fold": 0,
      "n_train": 317,
      "n_test": 317,
      "auc": 0.471910031619217,
      "log_loss": 1.8896875210871766,
      "brier": 0.28048334565696015,
      "directional_accuracy": 0.4952681388012618,
      "baseline_auc": 0.5402529934586588,
      "baseline_log_loss": 0.8257672331832716,
      "baseline_brier": 0.18417349017638132,
      "baseline_directional_accuracy": 0.5078864353312302,
      "best_params": {
        "objective": "multiclass",
        "num_class": 3,
        "metric": "multi_logloss",
        "num_leaves": 15,
        "learning_rate": 0.07703254663165619,
        "min_child_samples": 28,
        "feature_fraction": 0.9,
        "bagging_fraction": 0.9,
        "bagging_freq": 5,
        "verbose": -1,
        "deterministic": true,
        "seed": 42
      }
    },
    {
      "fold": 1,
      "n_train": 634,
      "n_test": 317,
      "auc": 0.4378541786016424,
      "log_loss": 11.147411338498449,
      "brier": 0.5640509632502568,
      "directional_accuracy": 0.14826498422712933,
      "baseline_auc": 0.48013338858146204,
      "baseline_log_loss": 2.833747572170781,
      "baseline_brier": 0.377892491886729,
      "baseline_directional_accuracy": 0.14826498422712933,
      "best_params": {
        "objective": "multiclass",
        "num_class": 3,
        "metric": "multi_logloss",
        "num_leaves": 15,
        "learning_rate": 0.15130633187498893,
        "min_child_samples": 5,
        "feature_fraction": 0.9,
        "bagging_fraction": 0.9,
        "bagging_freq": 5,
        "verbose": -1,
        "deterministic": true,
        "seed": 42
      }
    },
    {
      "fold": 2,
      "n_train": 951,
      "n_test": 317,
      "auc": 0.6637921523425316,
      "log_loss": 2.309830108097062,
      "brier": 0.21330019726401953,
      "directional_accuracy": 0.6435331230283912,
      "baseline_auc": 0.5454073173291225,
      "baseline_log_loss": 0.8186744896494098,
      "baseline_brier": 0.15575887465255292,
      "baseline_directional_accuracy": 0.7066246056782335,
      "best_params": {
        "objective": "multiclass",
        "num_class": 3,
        "metric": "multi_logloss",
        "num_leaves": 31,
        "learning_rate": 0.13104860814028438,
        "min_child_samples": 20,
        "feature_fraction": 0.9,
        "bagging_fraction": 0.9,
        "bagging_freq": 5,
        "verbose": -1,
        "deterministic": true,
        "seed": 42
      }
    },
    {
      "fold": 3,
      "n_train": 1268,
      "n_test": 317,
      "auc": 0.5746787368957058,
      "log_loss": 4.0033113084093745,
      "brier": 0.38523627804169297,
      "directional_accuracy": 0.334384858044164,
      "baseline_auc": 0.5505698832466025,
      "baseline_log_loss": 0.9526786803416771,
      "baseline_brier": 0.17720288465512668,
      "baseline_directional_accuracy": 0.6340694006309149,
      "best_params": {
        "objective": "multiclass",
        "num_class": 3,
        "metric": "multi_logloss",
        "num_leaves": 63,
        "learning_rate": 0.07295924631513932,
        "min_child_samples": 29,
        "feature_fraction": 0.9,
        "bagging_fraction": 0.9,
        "bagging_freq": 5,
        "verbose": -1,
        "deterministic": true,
        "seed": 42
      }
    },
    {
      "fold": 4,
      "n_train": 1585,
      "n_test": 317,
      "auc": 0.6139356594876563,
      "log_loss": 3.0442889020235513,
      "brier": 0.29307662681952634,
      "directional_accuracy": 0.4921135646687697,
      "baseline_auc": 0.5234258779530402,
      "baseline_log_loss": 0.9953790680651294,
      "baseline_brier": 0.1981344873009233,
      "baseline_directional_accuracy": 0.5583596214511041,
      "best_params": {
        "objective": "multiclass",
        "num_class": 3,
        "metric": "multi_logloss",
        "num_leaves": 15,
        "learning_rate": 0.19624354889055298,
        "min_child_samples": 29,
        "feature_fraction": 0.9,
        "bagging_fraction": 0.9,
        "bagging_freq": 5,
        "verbose": -1,
        "deterministic": true,
        "seed": 42
      }
    }
  ],
  "note": "Per-coin model for floki-inu/1m.",
  "directional_call_share": 0.04450261780104712,
  "directional_call_share_n": 382,
  "directional_call_share_source": "holdout",
  "model_kind": "lightgbm",
  "prior_probs": [],
  "has_regression_head": true,
  "regression_head_stats": {
    "n_train_rows": 849,
    "n_holdout_rows": 213,
    "abs_pred_p50_pct": 0.11609463089564372,
    "abs_pred_p95_pct": 0.16816028761967228,
    "abs_pred_max_pct": 0.5747743327039342,
    "mae_pct": 0.08204863428088044,
    "best_iteration": 58
  },
  "gates_alignment": {
    "n": 382,
    "source": "holdout",
    "min_directional_edge": 0.05,
    "min_expected_return_pct": 0.15,
    "aligned_share": 0.42670157068062825,
    "aligned_loud_share": 0.041884816753926704,
    "aligned_quiet_share": 0.38481675392670156,
    "loud_classifier_quiet_regressor_share": 0.5261780104712042,
    "quiet_classifier_loud_regressor_share": 0.04712041884816754,
    "dir_edge_p50": 0.08714344495502253,
    "dir_edge_p95": 0.20818049692020207,
    "abs_magnitude_pct_p50": 0.11609463089564372,
    "abs_magnitude_pct_p95": 0.1820687967809646
  },
  "specialist_kind": null,
  "regime_subset": [],
  "feature_schema_hash": "726b9f4d8d8b",
  "training_window": {
    "start": "2026-03-25T05:00:00+00:00",
    "end": "2026-04-22T18:50:00+00:00"
  }
}