{
  "coin_id": "injective-protocol",
  "timeframe": "2h",
  "version": "20260422T102705Z",
  "feature_names": [
    "ret1",
    "ret5",
    "ret10",
    "momentum",
    "realizedVol",
    "rsi14",
    "macdLine",
    "macdSignal",
    "macdHist",
    "atr14",
    "atrPct",
    "ema9",
    "ema21",
    "emaSpreadPct",
    "distFromEma9Pct",
    "distFromEma21Pct",
    "bbUpper",
    "bbMiddle",
    "bbLower",
    "bbWidth",
    "bbPctB",
    "bbWidthPct",
    "news_etf_flow",
    "news_regulatory_risk",
    "news_exchange_outage",
    "news_macro_shock",
    "news_whale_move",
    "news_exploit_or_hack",
    "news_stablecoin_event",
    "news_narrative_rotation",
    "news_listing_or_delisting",
    "news_protocol_upgrade",
    "news_high_volume_breakout",
    "news_unusual_volatility",
    "coin_idx"
  ],
  "coin_vocab": [
    "injective-protocol"
  ],
  "n_train_rows": 326,
  "n_test_rows": 270,
  "metrics": {
    "auc": 0.4863740041426835,
    "log_loss": 3.557600073378796,
    "brier": 0.39196217042056375,
    "directional_accuracy": 0.30740740740740746
  },
  "baseline_metrics": {
    "auc": 0.5160306434486743,
    "log_loss": 1.1989171477291996,
    "brier": 0.24011432914109818,
    "directional_accuracy": 0.33333333333333337
  },
  "threshold_pct": 0.28,
  "horizon_candles": 1,
  "class_return_means_pct": [
    -0.8741194453503666,
    0.013752259024262959,
    0.9751830115576245
  ],
  "fold_metrics": [
    {
      "fold": 0,
      "n_train": 54,
      "n_test": 54,
      "auc": 0.5147295546074356,
      "log_loss": 4.38074512551183,
      "brier": 0.4025457969032337,
      "directional_accuracy": 0.35185185185185186,
      "baseline_auc": 0.5065831889189303,
      "baseline_log_loss": 1.2418451159785542,
      "baseline_brier": 0.2394844641894113,
      "baseline_directional_accuracy": 0.3888888888888889,
      "best_params": {
        "objective": "multiclass",
        "num_class": 3,
        "metric": "multi_logloss",
        "num_leaves": 31,
        "learning_rate": 0.1,
        "min_child_samples": 5,
        "feature_fraction": 0.9,
        "bagging_fraction": 0.9,
        "bagging_freq": 5,
        "verbose": -1,
        "deterministic": true,
        "seed": 42
      }
    },
    {
      "fold": 1,
      "n_train": 108,
      "n_test": 54,
      "auc": 0.5453686400538825,
      "log_loss": 3.7133641811461047,
      "brier": 0.3638624910657539,
      "directional_accuracy": 0.4074074074074074,
      "baseline_auc": 0.5237310434420858,
      "baseline_log_loss": 1.1445844223145125,
      "baseline_brier": 0.23370630105497925,
      "baseline_directional_accuracy": 0.3333333333333333,
      "best_params": {
        "objective": "multiclass",
        "num_class": 3,
        "metric": "multi_logloss",
        "num_leaves": 31,
        "learning_rate": 0.1,
        "min_child_samples": 5,
        "feature_fraction": 0.9,
        "bagging_fraction": 0.9,
        "bagging_freq": 5,
        "verbose": -1,
        "deterministic": true,
        "seed": 42
      }
    },
    {
      "fold": 2,
      "n_train": 162,
      "n_test": 54,
      "auc": 0.4443764473074818,
      "log_loss": 4.371747334462655,
      "brier": 0.43472693143574065,
      "directional_accuracy": 0.2777777777777778,
      "baseline_auc": 0.5751021711366539,
      "baseline_log_loss": 1.148390181952946,
      "baseline_brier": 0.23435971024379268,
      "baseline_directional_accuracy": 0.3333333333333333,
      "best_params": {
        "objective": "multiclass",
        "num_class": 3,
        "metric": "multi_logloss",
        "num_leaves": 31,
        "learning_rate": 0.1,
        "min_child_samples": 5,
        "feature_fraction": 0.9,
        "bagging_fraction": 0.9,
        "bagging_freq": 5,
        "verbose": -1,
        "deterministic": true,
        "seed": 42
      }
    },
    {
      "fold": 3,
      "n_train": 216,
      "n_test": 54,
      "auc": 0.5075355098457913,
      "log_loss": 2.6868134242682764,
      "brier": 0.3785722204961533,
      "directional_accuracy": 0.2777777777777778,
      "baseline_auc": 0.453103527552732,
      "baseline_log_loss": 1.356447213750113,
      "baseline_brier": 0.27024425005055464,
      "baseline_directional_accuracy": 0.25925925925925924,
      "best_params": {
        "objective": "multiclass",
        "num_class": 3,
        "metric": "multi_logloss",
        "num_leaves": 31,
        "learning_rate": 0.1,
        "min_child_samples": 5,
        "feature_fraction": 0.9,
        "bagging_fraction": 0.9,
        "bagging_freq": 5,
        "verbose": -1,
        "deterministic": true,
        "seed": 42
      }
    },
    {
      "fold": 4,
      "n_train": 270,
      "n_test": 54,
      "auc": 0.4198598688988266,
      "log_loss": 2.6353303015051126,
      "brier": 0.3801034122019374,
      "directional_accuracy": 0.2222222222222222,
      "baseline_auc": 0.5216332861929698,
      "baseline_log_loss": 1.1033188046498716,
      "baseline_brier": 0.22277692016675313,
      "baseline_directional_accuracy": 0.35185185185185186,
      "best_params": {
        "objective": "multiclass",
        "num_class": 3,
        "metric": "multi_logloss",
        "num_leaves": 31,
        "learning_rate": 0.1,
        "min_child_samples": 5,
        "feature_fraction": 0.9,
        "bagging_fraction": 0.9,
        "bagging_freq": 5,
        "verbose": -1,
        "deterministic": true,
        "seed": 42
      }
    }
  ],
  "note": "Per-coin model for injective-protocol/2h.",
  "directional_call_share": 1.0,
  "directional_call_share_n": 66,
  "directional_call_share_source": "holdout",
  "model_kind": "lightgbm",
  "prior_probs": [],
  "has_regression_head": true,
  "regression_head_stats": {
    "n_train_rows": 171,
    "n_holdout_rows": 43,
    "abs_pred_p50_pct": 0.9612322951811882,
    "abs_pred_p95_pct": 1.1267075061435325,
    "abs_pred_max_pct": 1.1654807455630767,
    "mae_pct": 0.38882656490155987,
    "best_iteration": 5
  },
  "gates_alignment": {
    "n": 66,
    "source": "holdout",
    "min_directional_edge": 0.05,
    "min_expected_return_pct": 0.15,
    "aligned_share": 0.06060606060606061,
    "aligned_loud_share": 0.06060606060606061,
    "aligned_quiet_share": 0.0,
    "loud_classifier_quiet_regressor_share": 0.0,
    "quiet_classifier_loud_regressor_share": 0.9393939393939394,
    "dir_edge_p50": 0.005971699337920355,
    "dir_edge_p95": 0.40041365538227464,
    "abs_magnitude_pct_p50": 0.9340057392495624,
    "abs_magnitude_pct_p95": 1.1250004813141312
  }
}