{
  "coin_id": "worldcoin-wld",
  "timeframe": "1h",
  "version": "20260422T111809Z",
  "feature_names": [
    "ret1",
    "ret5",
    "ret10",
    "momentum",
    "realizedVol",
    "rsi14",
    "macdLine",
    "macdSignal",
    "macdHist",
    "atr14",
    "atrPct",
    "ema9",
    "ema21",
    "emaSpreadPct",
    "distFromEma9Pct",
    "distFromEma21Pct",
    "bbUpper",
    "bbMiddle",
    "bbLower",
    "bbWidth",
    "bbPctB",
    "bbWidthPct",
    "news_etf_flow",
    "news_regulatory_risk",
    "news_exchange_outage",
    "news_macro_shock",
    "news_whale_move",
    "news_exploit_or_hack",
    "news_stablecoin_event",
    "news_narrative_rotation",
    "news_listing_or_delisting",
    "news_protocol_upgrade",
    "news_high_volume_breakout",
    "news_unusual_volatility",
    "coin_idx"
  ],
  "coin_vocab": [
    "worldcoin-wld"
  ],
  "n_train_rows": 685,
  "n_test_rows": 570,
  "metrics": {
    "auc": 0.5345559263792475,
    "log_loss": 3.2733920585384744,
    "brier": 0.3420200909142955,
    "directional_accuracy": 0.4175438596491228
  },
  "baseline_metrics": {
    "auc": 0.5195300318412992,
    "log_loss": 1.0503086860486555,
    "brier": 0.21294866998541337,
    "directional_accuracy": 0.39473684210526316
  },
  "threshold_pct": 0.2,
  "horizon_candles": 1,
  "class_return_means_pct": [
    -0.8764335004898473,
    0.004264289703939687,
    0.8830196148107996
  ],
  "fold_metrics": [
    {
      "fold": 0,
      "n_train": 114,
      "n_test": 114,
      "auc": 0.6363187640329176,
      "log_loss": 2.274904178742894,
      "brier": 0.2638987410920839,
      "directional_accuracy": 0.543859649122807,
      "baseline_auc": 0.4291892220732972,
      "baseline_log_loss": 1.0013592515023648,
      "baseline_brier": 0.20406415725450744,
      "baseline_directional_accuracy": 0.3684210526315789,
      "best_params": {
        "objective": "multiclass",
        "num_class": 3,
        "metric": "multi_logloss",
        "num_leaves": 31,
        "learning_rate": 0.1,
        "min_child_samples": 5,
        "feature_fraction": 0.9,
        "bagging_fraction": 0.9,
        "bagging_freq": 5,
        "verbose": -1,
        "deterministic": true,
        "seed": 42
      }
    },
    {
      "fold": 1,
      "n_train": 228,
      "n_test": 114,
      "auc": 0.4800617180341067,
      "log_loss": 5.108564037090004,
      "brier": 0.40955095370579286,
      "directional_accuracy": 0.35964912280701755,
      "baseline_auc": 0.46079532239089477,
      "baseline_log_loss": 1.1241571983277903,
      "baseline_brier": 0.22635784074533097,
      "baseline_directional_accuracy": 0.3333333333333333,
      "best_params": {
        "objective": "multiclass",
        "num_class": 3,
        "metric": "multi_logloss",
        "num_leaves": 31,
        "learning_rate": 0.1,
        "min_child_samples": 5,
        "feature_fraction": 0.9,
        "bagging_fraction": 0.9,
        "bagging_freq": 5,
        "verbose": -1,
        "deterministic": true,
        "seed": 42
      }
    },
    {
      "fold": 2,
      "n_train": 342,
      "n_test": 114,
      "auc": 0.5951888658282919,
      "log_loss": 3.195831764071964,
      "brier": 0.317811241976895,
      "directional_accuracy": 0.4473684210526316,
      "baseline_auc": 0.5948693105174329,
      "baseline_log_loss": 1.052762050055466,
      "baseline_brier": 0.21378226444877638,
      "baseline_directional_accuracy": 0.40350877192982454,
      "best_params": {
        "objective": "multiclass",
        "num_class": 3,
        "metric": "multi_logloss",
        "num_leaves": 31,
        "learning_rate": 0.1,
        "min_child_samples": 5,
        "feature_fraction": 0.9,
        "bagging_fraction": 0.9,
        "bagging_freq": 5,
        "verbose": -1,
        "deterministic": true,
        "seed": 42
      }
    },
    {
      "fold": 3,
      "n_train": 456,
      "n_test": 114,
      "auc": 0.47681092379971934,
      "log_loss": 2.983016570724847,
      "brier": 0.37186129330813444,
      "directional_accuracy": 0.3508771929824561,
      "baseline_auc": 0.5066445495577149,
      "baseline_log_loss": 1.0024865922093762,
      "baseline_brier": 0.20398783244437443,
      "baseline_directional_accuracy": 0.42105263157894735,
      "best_params": {
        "objective": "multiclass",
        "num_class": 3,
        "metric": "multi_logloss",
        "num_leaves": 31,
        "learning_rate": 0.1,
        "min_child_samples": 5,
        "feature_fraction": 0.9,
        "bagging_fraction": 0.9,
        "bagging_freq": 5,
        "verbose": -1,
        "deterministic": true,
        "seed": 42
      }
    },
    {
      "fold": 4,
      "n_train": 570,
      "n_test": 114,
      "auc": 0.484399360201202,
      "log_loss": 2.8046437420626624,
      "brier": 0.34697822448857146,
      "directional_accuracy": 0.38596491228070173,
      "baseline_auc": 0.6061517546671564,
      "baseline_log_loss": 1.07077833814828,
      "baseline_brier": 0.21655125503407757,
      "baseline_directional_accuracy": 0.4473684210526316,
      "best_params": {
        "objective": "multiclass",
        "num_class": 3,
        "metric": "multi_logloss",
        "num_leaves": 31,
        "learning_rate": 0.1,
        "min_child_samples": 5,
        "feature_fraction": 0.9,
        "bagging_fraction": 0.9,
        "bagging_freq": 5,
        "verbose": -1,
        "deterministic": true,
        "seed": 42
      }
    }
  ],
  "note": "Per-coin model for worldcoin-wld/1h.",
  "directional_call_share": 0.9343065693430657,
  "directional_call_share_n": 137,
  "directional_call_share_source": "holdout",
  "model_kind": "lightgbm",
  "prior_probs": [],
  "has_regression_head": true,
  "regression_head_stats": {
    "n_train_rows": 440,
    "n_holdout_rows": 111,
    "abs_pred_p50_pct": 0.8758179142555677,
    "abs_pred_p95_pct": 0.9529470677289998,
    "abs_pred_max_pct": 0.9654195512447392,
    "mae_pct": 0.5080863695050566,
    "best_iteration": 1
  },
  "gates_alignment": {
    "n": 137,
    "source": "holdout",
    "min_directional_edge": 0.05,
    "min_expected_return_pct": 0.15,
    "aligned_share": 0.8832116788321168,
    "aligned_loud_share": 0.8832116788321168,
    "aligned_quiet_share": 0.0,
    "loud_classifier_quiet_regressor_share": 0.0,
    "quiet_classifier_loud_regressor_share": 0.11678832116788321,
    "dir_edge_p50": 0.161677271304892,
    "dir_edge_p95": 0.30784123910939015,
    "abs_magnitude_pct_p50": 0.8788759293542666,
    "abs_magnitude_pct_p95": 0.9529470677289998
  }
}