{
  "coin_id": "pepe",
  "timeframe": "2h",
  "version": "20260422T145218Z",
  "feature_names": [
    "ret1",
    "ret5",
    "ret10",
    "momentum",
    "realizedVol",
    "rsi14",
    "macdLine",
    "macdSignal",
    "macdHist",
    "atr14",
    "atrPct",
    "ema9",
    "ema21",
    "emaSpreadPct",
    "distFromEma9Pct",
    "distFromEma21Pct",
    "bbUpper",
    "bbMiddle",
    "bbLower",
    "bbWidth",
    "bbPctB",
    "bbWidthPct",
    "news_etf_flow",
    "news_regulatory_risk",
    "news_exchange_outage",
    "news_macro_shock",
    "news_whale_move",
    "news_exploit_or_hack",
    "news_stablecoin_event",
    "news_narrative_rotation",
    "news_listing_or_delisting",
    "news_protocol_upgrade",
    "news_high_volume_breakout",
    "news_unusual_volatility",
    "coin_idx"
  ],
  "coin_vocab": [
    "pepe"
  ],
  "n_train_rows": 326,
  "n_test_rows": 270,
  "metrics": {
    "auc": 0.5181198803208908,
    "log_loss": 3.705754140164798,
    "brier": 0.3627896565406512,
    "directional_accuracy": 0.37777777777777777
  },
  "baseline_metrics": {
    "auc": 0.5381231809725667,
    "log_loss": 1.1802665160887909,
    "brier": 0.23723193194791253,
    "directional_accuracy": 0.3481481481481481
  },
  "threshold_pct": 0.28,
  "horizon_candles": 1,
  "class_return_means_pct": [
    -0.9244515602436592,
    0.017989128994520535,
    1.1457904218042654
  ],
  "fold_metrics": [
    {
      "fold": 0,
      "n_train": 54,
      "n_test": 54,
      "auc": 0.4577810573506413,
      "log_loss": 4.256430393459671,
      "brier": 0.37318255452996857,
      "directional_accuracy": 0.3148148148148148,
      "baseline_auc": 0.503422522002149,
      "baseline_log_loss": 1.4093993703867822,
      "baseline_brier": 0.28294439710103125,
      "baseline_directional_accuracy": 0.24074074074074073,
      "best_params": {
        "objective": "multiclass",
        "num_class": 3,
        "metric": "multi_logloss",
        "num_leaves": 31,
        "learning_rate": 0.1,
        "min_child_samples": 5,
        "feature_fraction": 0.9,
        "bagging_fraction": 0.9,
        "bagging_freq": 5,
        "verbose": -1,
        "deterministic": true,
        "seed": 42
      }
    },
    {
      "fold": 1,
      "n_train": 108,
      "n_test": 54,
      "auc": 0.5216051052856608,
      "log_loss": 4.2174913974442525,
      "brier": 0.3980536107645682,
      "directional_accuracy": 0.35185185185185186,
      "baseline_auc": 0.5972835163807385,
      "baseline_log_loss": 1.1567095857728742,
      "baseline_brier": 0.23014713944696866,
      "baseline_directional_accuracy": 0.37037037037037035,
      "best_params": {
        "objective": "multiclass",
        "num_class": 3,
        "metric": "multi_logloss",
        "num_leaves": 31,
        "learning_rate": 0.1,
        "min_child_samples": 5,
        "feature_fraction": 0.9,
        "bagging_fraction": 0.9,
        "bagging_freq": 5,
        "verbose": -1,
        "deterministic": true,
        "seed": 42
      }
    },
    {
      "fold": 2,
      "n_train": 162,
      "n_test": 54,
      "auc": 0.5326207078655059,
      "log_loss": 2.9063852899926785,
      "brier": 0.32836685251394676,
      "directional_accuracy": 0.4074074074074074,
      "baseline_auc": 0.5639002000538108,
      "baseline_log_loss": 1.0589885089751594,
      "baseline_brier": 0.21342025048124605,
      "baseline_directional_accuracy": 0.42592592592592593,
      "best_params": {
        "objective": "multiclass",
        "num_class": 3,
        "metric": "multi_logloss",
        "num_leaves": 31,
        "learning_rate": 0.1,
        "min_child_samples": 5,
        "feature_fraction": 0.9,
        "bagging_fraction": 0.9,
        "bagging_freq": 5,
        "verbose": -1,
        "deterministic": true,
        "seed": 42
      }
    },
    {
      "fold": 3,
      "n_train": 216,
      "n_test": 54,
      "auc": 0.5676478249373517,
      "log_loss": 3.2501839651693496,
      "brier": 0.35743050639607254,
      "directional_accuracy": 0.3888888888888889,
      "baseline_auc": 0.5371445623036782,
      "baseline_log_loss": 1.178357776116068,
      "baseline_brier": 0.23636538538835014,
      "baseline_directional_accuracy": 0.3333333333333333,
      "best_params": {
        "objective": "multiclass",
        "num_class": 3,
        "metric": "multi_logloss",
        "num_leaves": 31,
        "learning_rate": 0.1,
        "min_child_samples": 5,
        "feature_fraction": 0.9,
        "bagging_fraction": 0.9,
        "bagging_freq": 5,
        "verbose": -1,
        "deterministic": true,
        "seed": 42
      }
    },
    {
      "fold": 4,
      "n_train": 270,
      "n_test": 54,
      "auc": 0.5109447061652944,
      "log_loss": 3.898279654758038,
      "brier": 0.3569147584987,
      "directional_accuracy": 0.42592592592592593,
      "baseline_auc": 0.48886510412245704,
      "baseline_log_loss": 1.097877339193071,
      "baseline_brier": 0.22328248732196657,
      "baseline_directional_accuracy": 0.37037037037037035,
      "best_params": {
        "objective": "multiclass",
        "num_class": 3,
        "metric": "multi_logloss",
        "num_leaves": 31,
        "learning_rate": 0.1,
        "min_child_samples": 5,
        "feature_fraction": 0.9,
        "bagging_fraction": 0.9,
        "bagging_freq": 5,
        "verbose": -1,
        "deterministic": true,
        "seed": 42
      }
    }
  ],
  "note": "Per-coin model for pepe/2h.",
  "directional_call_share": 0.9696969696969697,
  "directional_call_share_n": 66,
  "directional_call_share_source": "holdout",
  "model_kind": "lightgbm",
  "prior_probs": [],
  "has_regression_head": true,
  "regression_head_stats": {
    "n_train_rows": 192,
    "n_holdout_rows": 48,
    "abs_pred_p50_pct": 1.0293250255759747,
    "abs_pred_p95_pct": 1.2956290249709663,
    "abs_pred_max_pct": 1.3387429455398685,
    "mae_pct": 0.45388882113337886,
    "best_iteration": 4
  },
  "gates_alignment": {
    "n": 66,
    "source": "holdout",
    "min_directional_edge": 0.05,
    "min_expected_return_pct": 0.15,
    "aligned_share": 0.5454545454545454,
    "aligned_loud_share": 0.5454545454545454,
    "aligned_quiet_share": 0.0,
    "loud_classifier_quiet_regressor_share": 0.0,
    "quiet_classifier_loud_regressor_share": 0.45454545454545453,
    "dir_edge_p50": 0.07352941176470584,
    "dir_edge_p95": 0.7868852459016394,
    "abs_magnitude_pct_p50": 1.0245707343639956,
    "abs_magnitude_pct_p95": 1.2961234728076185
  }
}