{
  "coin_id": "celestia",
  "timeframe": "1m",
  "version": "20260422T112929Z",
  "feature_names": [
    "ret1",
    "ret5",
    "ret10",
    "momentum",
    "realizedVol",
    "rsi14",
    "macdLine",
    "macdSignal",
    "macdHist",
    "atr14",
    "atrPct",
    "ema9",
    "ema21",
    "emaSpreadPct",
    "distFromEma9Pct",
    "distFromEma21Pct",
    "bbUpper",
    "bbMiddle",
    "bbLower",
    "bbWidth",
    "bbPctB",
    "bbWidthPct",
    "news_etf_flow",
    "news_regulatory_risk",
    "news_exchange_outage",
    "news_macro_shock",
    "news_whale_move",
    "news_exploit_or_hack",
    "news_stablecoin_event",
    "news_narrative_rotation",
    "news_listing_or_delisting",
    "news_protocol_upgrade",
    "news_high_volume_breakout",
    "news_unusual_volatility",
    "coin_idx"
  ],
  "coin_vocab": [
    "celestia"
  ],
  "n_train_rows": 1562,
  "n_test_rows": 1300,
  "metrics": {
    "auc": 0.533072012543274,
    "log_loss": 1.9060055742007904,
    "brier": 0.2513708284575516,
    "directional_accuracy": 0.5061538461538462
  },
  "baseline_metrics": {
    "auc": 0.5217923562636455,
    "log_loss": 1.0185258443357117,
    "brier": 0.1909139728140536,
    "directional_accuracy": 0.5523076923076924
  },
  "threshold_pct": 0.03,
  "horizon_candles": 1,
  "class_return_means_pct": [
    -0.4455868667041046,
    0.0008883090537555554,
    0.49418217529857994
  ],
  "fold_metrics": [
    {
      "fold": 0,
      "n_train": 260,
      "n_test": 260,
      "auc": 0.5587627629154609,
      "log_loss": 1.5632635587685788,
      "brier": 0.2656788278028101,
      "directional_accuracy": 0.48846153846153845,
      "baseline_auc": 0.48904963328772455,
      "baseline_log_loss": 0.8489646937700597,
      "baseline_brier": 0.18247228265502477,
      "baseline_directional_accuracy": 0.4846153846153846,
      "best_params": {
        "objective": "multiclass",
        "num_class": 3,
        "metric": "multi_logloss",
        "num_leaves": 63,
        "learning_rate": 0.06807764614983679,
        "min_child_samples": 12,
        "feature_fraction": 0.9,
        "bagging_fraction": 0.9,
        "bagging_freq": 5,
        "verbose": -1,
        "deterministic": true,
        "seed": 42
      }
    },
    {
      "fold": 1,
      "n_train": 520,
      "n_test": 260,
      "auc": 0.3729280895544537,
      "log_loss": 3.5684894389016284,
      "brier": 0.33632603495696095,
      "directional_accuracy": 0.31153846153846154,
      "baseline_auc": 0.5121665877129616,
      "baseline_log_loss": 1.6404886254422133,
      "baseline_brier": 0.27518984695874377,
      "baseline_directional_accuracy": 0.3076923076923077,
      "best_params": {
        "objective": "multiclass",
        "num_class": 3,
        "metric": "multi_logloss",
        "num_leaves": 15,
        "learning_rate": 0.060113218328857784,
        "min_child_samples": 16,
        "feature_fraction": 0.9,
        "bagging_fraction": 0.9,
        "bagging_freq": 5,
        "verbose": -1,
        "deterministic": true,
        "seed": 42
      }
    },
    {
      "fold": 2,
      "n_train": 780,
      "n_test": 260,
      "auc": 0.4970864663364664,
      "log_loss": 1.6127730189675757,
      "brier": 0.2394930215805359,
      "directional_accuracy": 0.5307692307692308,
      "baseline_auc": 0.4619088894088894,
      "baseline_log_loss": 1.0003383130965897,
      "baseline_brier": 0.19591651952567654,
      "baseline_directional_accuracy": 0.5538461538461539,
      "best_params": {
        "objective": "multiclass",
        "num_class": 3,
        "metric": "multi_logloss",
        "num_leaves": 63,
        "learning_rate": 0.0938393881004349,
        "min_child_samples": 23,
        "feature_fraction": 0.9,
        "bagging_fraction": 0.9,
        "bagging_freq": 5,
        "verbose": -1,
        "deterministic": true,
        "seed": 42
      }
    },
    {
      "fold": 3,
      "n_train": 1040,
      "n_test": 260,
      "auc": 0.6231499768642781,
      "log_loss": 1.433442409481958,
      "brier": 0.2173782951512804,
      "directional_accuracy": 0.5846153846153846,
      "baseline_auc": 0.6155404921313922,
      "baseline_log_loss": 0.7937841817174153,
      "baseline_brier": 0.14840957306775746,
      "baseline_directional_accuracy": 0.7076923076923077,
      "best_params": {
        "objective": "multiclass",
        "num_class": 3,
        "metric": "multi_logloss",
        "num_leaves": 63,
        "learning_rate": 0.0938393881004349,
        "min_child_samples": 23,
        "feature_fraction": 0.9,
        "bagging_fraction": 0.9,
        "bagging_freq": 5,
        "verbose": -1,
        "deterministic": true,
        "seed": 42
      }
    },
    {
      "fold": 4,
      "n_train": 1300,
      "n_test": 260,
      "auc": 0.6134327670457103,
      "log_loss": 1.3520594448842118,
      "brier": 0.19797796279617064,
      "directional_accuracy": 0.6153846153846154,
      "baseline_auc": 0.5302961787772601,
      "baseline_log_loss": 0.8090534076522815,
      "baseline_brier": 0.1525816418630655,
      "baseline_directional_accuracy": 0.7076923076923077,
      "best_params": {
        "objective": "multiclass",
        "num_class": 3,
        "metric": "multi_logloss",
        "num_leaves": 63,
        "learning_rate": 0.0938393881004349,
        "min_child_samples": 23,
        "feature_fraction": 0.9,
        "bagging_fraction": 0.9,
        "bagging_freq": 5,
        "verbose": -1,
        "deterministic": true,
        "seed": 42
      }
    }
  ],
  "note": "Per-coin model for celestia/1m.",
  "directional_call_share": 0.025559105431309903,
  "directional_call_share_n": 313,
  "directional_call_share_source": "holdout",
  "model_kind": "lightgbm",
  "prior_probs": [],
  "has_regression_head": true,
  "regression_head_stats": {
    "n_train_rows": 719,
    "n_holdout_rows": 180,
    "abs_pred_p50_pct": 0.12170072410375095,
    "abs_pred_p95_pct": 0.39534681560888457,
    "abs_pred_max_pct": 0.5490711908245063,
    "mae_pct": 0.12129862916826066,
    "best_iteration": 56
  },
  "gates_alignment": {
    "n": 313,
    "source": "holdout",
    "min_directional_edge": 0.05,
    "min_expected_return_pct": 0.15,
    "aligned_share": 0.5143769968051118,
    "aligned_loud_share": 0.18849840255591055,
    "aligned_quiet_share": 0.3258785942492013,
    "loud_classifier_quiet_regressor_share": 0.21725239616613418,
    "quiet_classifier_loud_regressor_share": 0.268370607028754,
    "dir_edge_p50": 0.04968092738147897,
    "dir_edge_p95": 0.16363636363636364,
    "abs_magnitude_pct_p50": 0.1405692375383789,
    "abs_magnitude_pct_p95": 0.39472999252868407
  }
}