{
  "coin_id": "injective-protocol",
  "timeframe": "2h",
  "version": "20260425T100116Z",
  "feature_names": [
    "ret1",
    "ret5",
    "ret10",
    "momentum",
    "realizedVol",
    "rsi14",
    "macdLine",
    "macdSignal",
    "macdHist",
    "atr14",
    "atrPct",
    "ema9",
    "ema21",
    "emaSpreadPct",
    "distFromEma9Pct",
    "distFromEma21Pct",
    "bbUpper",
    "bbMiddle",
    "bbLower",
    "bbWidth",
    "bbPctB",
    "bbWidthPct",
    "funding_rate",
    "open_interest_z",
    "liquidations_1h_usd",
    "bid_ask_spread_bps",
    "btc_lead_ret_5m",
    "eth_lead_ret_5m",
    "btc_liquidations_1h_usd",
    "eth_liquidations_1h_usd",
    "sol_liquidations_1h_usd",
    "session_asia",
    "session_eu",
    "session_us",
    "hour_of_day_sin",
    "hour_of_day_cos",
    "coin_idx"
  ],
  "coin_vocab": [
    "injective-protocol"
  ],
  "n_train_rows": 4318,
  "n_test_rows": 3595,
  "metrics": {
    "auc": 0.5121022364792946,
    "log_loss": 3.5484112457815664,
    "brier": 0.3488829827128715,
    "directional_accuracy": 0.3905424200278164
  },
  "baseline_metrics": {
    "auc": 0.5168911235518299,
    "log_loss": 1.074548470423499,
    "brier": 0.2173352622772335,
    "directional_accuracy": 0.4025034770514604
  },
  "threshold_pct": 0.5225,
  "horizon_candles": 4,
  "class_return_means_pct": [
    -2.5274434658897826,
    -0.009278667438373134,
    2.5704464668461013
  ],
  "fold_metrics": [
    {
      "fold": 0,
      "n_train": 719,
      "n_test": 719,
      "auc": 0.4807426311636416,
      "log_loss": 4.843718315012922,
      "brier": 0.37150007316689,
      "directional_accuracy": 0.4047287899860918,
      "baseline_auc": 0.5249018340237266,
      "baseline_log_loss": 1.0517656138037426,
      "baseline_brier": 0.21309685305482814,
      "baseline_directional_accuracy": 0.4228094575799722,
      "best_params": {
        "objective": "multiclass",
        "num_class": 3,
        "metric": "multi_logloss",
        "num_leaves": 31,
        "learning_rate": 0.13895026877790628,
        "min_child_samples": 21,
        "feature_fraction": 0.9,
        "bagging_fraction": 0.9,
        "bagging_freq": 5,
        "verbose": -1,
        "deterministic": true,
        "seed": 42
      },
      "feature_importance": [
        277.992773707469,
        229.74626651756813,
        296.3825751151365,
        306.8959863826615,
        445.950380905603,
        178.976196247238,
        195.82441176139855,
        246.34299595919697,
        471.71830383746334,
        287.1516453029023,
        335.7944167117155,
        211.62796001711155,
        179.2223394878711,
        195.72916077176617,
        203.99388146899727,
        153.03095944192074,
        297.2018761093899,
        251.65148560188825,
        385.21960080720766,
        197.71129760349493,
        201.82735970463847,
        279.0091752354682,
        0.0,
        0.0,
        0.0,
        0.0,
        0.0,
        0.0,
        0.0,
        0.0,
        0.0,
        9.67986338538262,
        9.152794342805729,
        19.479221625476384,
        129.30126097401535,
        190.81003591747313,
        0.0
      ],
      "feature_names": [
        "ret1",
        "ret5",
        "ret10",
        "momentum",
        "realizedVol",
        "rsi14",
        "macdLine",
        "macdSignal",
        "macdHist",
        "atr14",
        "atrPct",
        "ema9",
        "ema21",
        "emaSpreadPct",
        "distFromEma9Pct",
        "distFromEma21Pct",
        "bbUpper",
        "bbMiddle",
        "bbLower",
        "bbWidth",
        "bbPctB",
        "bbWidthPct",
        "funding_rate",
        "open_interest_z",
        "liquidations_1h_usd",
        "bid_ask_spread_bps",
        "btc_lead_ret_5m",
        "eth_lead_ret_5m",
        "btc_liquidations_1h_usd",
        "eth_liquidations_1h_usd",
        "sol_liquidations_1h_usd",
        "session_asia",
        "session_eu",
        "session_us",
        "hour_of_day_sin",
        "hour_of_day_cos",
        "coin_idx"
      ]
    },
    {
      "fold": 1,
      "n_train": 1438,
      "n_test": 719,
      "auc": 0.5069798797435598,
      "log_loss": 3.7633796649883453,
      "brier": 0.36269343452483316,
      "directional_accuracy": 0.3769123783031989,
      "baseline_auc": 0.5147008096488915,
      "baseline_log_loss": 1.090088133209586,
      "baseline_brier": 0.2203818062213934,
      "baseline_directional_accuracy": 0.40751043115438107,
      "best_params": {
        "objective": "multiclass",
        "num_class": 3,
        "metric": "multi_logloss",
        "num_leaves": 15,
        "learning_rate": 0.10081375890238338,
        "min_child_samples": 11,
        "feature_fraction": 0.9,
        "bagging_fraction": 0.9,
        "bagging_freq": 5,
        "verbose": -1,
        "deterministic": true,
        "seed": 42
      },
      "feature_importance": [
        1037.1787983071117,
        736.5694091465266,
        763.4353247749677,
        836.7768174681987,
        1237.5866934788646,
        563.854789351637,
        690.216371412389,
        947.4516563494981,
        988.5234111142927,
        708.9843631387339,
        829.4707842839416,
        615.0587612951058,
        535.9694737584505,
        594.9632045527105,
        659.7809575212013,
        566.1467817044759,
        652.3039503269829,
        504.4032768768375,
        710.5661544798058,
        874.6778107931023,
        639.7071282681136,
        581.0018400013505,
        0.0,
        0.0,
        0.0,
        0.0,
        0.0,
        0.0,
        0.0,
        0.0,
        0.0,
        22.87042447546264,
        16.275670344068203,
        41.392187462653965,
        235.93037752527744,
        281.2984938622976,
        0.0
      ],
      "feature_names": [
        "ret1",
        "ret5",
        "ret10",
        "momentum",
        "realizedVol",
        "rsi14",
        "macdLine",
        "macdSignal",
        "macdHist",
        "atr14",
        "atrPct",
        "ema9",
        "ema21",
        "emaSpreadPct",
        "distFromEma9Pct",
        "distFromEma21Pct",
        "bbUpper",
        "bbMiddle",
        "bbLower",
        "bbWidth",
        "bbPctB",
        "bbWidthPct",
        "funding_rate",
        "open_interest_z",
        "liquidations_1h_usd",
        "bid_ask_spread_bps",
        "btc_lead_ret_5m",
        "eth_lead_ret_5m",
        "btc_liquidations_1h_usd",
        "eth_liquidations_1h_usd",
        "sol_liquidations_1h_usd",
        "session_asia",
        "session_eu",
        "session_us",
        "hour_of_day_sin",
        "hour_of_day_cos",
        "coin_idx"
      ]
    },
    {
      "fold": 2,
      "n_train": 2157,
      "n_test": 719,
      "auc": 0.5531954621124328,
      "log_loss": 4.476098226135016,
      "brier": 0.35970923918289205,
      "directional_accuracy": 0.4102920723226704,
      "baseline_auc": 0.512849163828156,
      "baseline_log_loss": 1.0744105016158598,
      "baseline_brier": 0.21791116818675701,
      "baseline_directional_accuracy": 0.3796940194714882,
      "best_params": {
        "objective": "multiclass",
        "num_class": 3,
        "metric": "multi_logloss",
        "num_leaves": 63,
        "learning_rate": 0.1590082601644348,
        "min_child_samples": 18,
        "feature_fraction": 0.9,
        "bagging_fraction": 0.9,
        "bagging_freq": 5,
        "verbose": -1,
        "deterministic": true,
        "seed": 42
      },