{
  "coin_id": "sei-network",
  "timeframe": "5m",
  "version": "20260422T144239Z",
  "feature_names": [
    "ret1",
    "ret5",
    "ret10",
    "momentum",
    "realizedVol",
    "rsi14",
    "macdLine",
    "macdSignal",
    "macdHist",
    "atr14",
    "atrPct",
    "ema9",
    "ema21",
    "emaSpreadPct",
    "distFromEma9Pct",
    "distFromEma21Pct",
    "bbUpper",
    "bbMiddle",
    "bbLower",
    "bbWidth",
    "bbPctB",
    "bbWidthPct",
    "news_etf_flow",
    "news_regulatory_risk",
    "news_exchange_outage",
    "news_macro_shock",
    "news_whale_move",
    "news_exploit_or_hack",
    "news_stablecoin_event",
    "news_narrative_rotation",
    "news_listing_or_delisting",
    "news_protocol_upgrade",
    "news_high_volume_breakout",
    "news_unusual_volatility",
    "coin_idx"
  ],
  "coin_vocab": [
    "sei-network"
  ],
  "n_train_rows": 874,
  "n_test_rows": 725,
  "metrics": {
    "auc": 0.5171068631994576,
    "log_loss": 2.7218717898997156,
    "brier": 0.3133341774752888,
    "directional_accuracy": 0.456551724137931
  },
  "baseline_metrics": {
    "auc": 0.5192091250594311,
    "log_loss": 1.010203064237771,
    "brier": 0.2056543059854234,
    "directional_accuracy": 0.4289655172413793
  },
  "threshold_pct": 0.04,
  "horizon_candles": 1,
  "class_return_means_pct": [
    -0.44075219267634735,
    -0.0024218931855901657,
    0.48778180372155516
  ],
  "fold_metrics": [
    {
      "fold": 0,
      "n_train": 145,
      "n_test": 145,
      "auc": 0.5635214321401958,
      "log_loss": 2.4332510182592957,
      "brier": 0.2990830967526415,
      "directional_accuracy": 0.503448275862069,
      "baseline_auc": 0.5001797930649807,
      "baseline_log_loss": 0.9876700556010317,
      "baseline_brier": 0.20635848122062894,
      "baseline_directional_accuracy": 0.41379310344827586,
      "best_params": {
        "objective": "multiclass",
        "num_class": 3,
        "metric": "multi_logloss",
        "num_leaves": 31,
        "learning_rate": 0.1,
        "min_child_samples": 5,
        "feature_fraction": 0.9,
        "bagging_fraction": 0.9,
        "bagging_freq": 5,
        "verbose": -1,
        "deterministic": true,
        "seed": 42
      }
    },
    {
      "fold": 1,
      "n_train": 290,
      "n_test": 145,
      "auc": 0.5067734767367243,
      "log_loss": 2.5554725031778407,
      "brier": 0.29624569749165625,
      "directional_accuracy": 0.46206896551724136,
      "baseline_auc": 0.4877486121349581,
      "baseline_log_loss": 0.9149022604126822,
      "baseline_brier": 0.1913534394623496,
      "baseline_directional_accuracy": 0.4896551724137931,
      "best_params": {
        "objective": "multiclass",
        "num_class": 3,
        "metric": "multi_logloss",
        "num_leaves": 31,
        "learning_rate": 0.1,
        "min_child_samples": 5,
        "feature_fraction": 0.9,
        "bagging_fraction": 0.9,
        "bagging_freq": 5,
        "verbose": -1,
        "deterministic": true,
        "seed": 42
      }
    },
    {
      "fold": 2,
      "n_train": 435,
      "n_test": 145,
      "auc": 0.49595977909203864,
      "log_loss": 2.2550004687740723,
      "brier": 0.283367847949695,
      "directional_accuracy": 0.503448275862069,
      "baseline_auc": 0.5732778842529122,
      "baseline_log_loss": 0.8419643840128717,
      "baseline_brier": 0.1804285972845907,
      "baseline_directional_accuracy": 0.5172413793103449,
      "best_params": {
        "objective": "multiclass",
        "num_class": 3,
        "metric": "multi_logloss",
        "num_leaves": 31,
        "learning_rate": 0.1,
        "min_child_samples": 5,
        "feature_fraction": 0.9,
        "bagging_fraction": 0.9,
        "bagging_freq": 5,
        "verbose": -1,
        "deterministic": true,
        "seed": 42
      }
    },
    {
      "fold": 3,
      "n_train": 580,
      "n_test": 145,
      "auc": 0.515327074972127,
      "log_loss": 3.4394624083762015,
      "brier": 0.3290697646996428,
      "directional_accuracy": 0.4482758620689655,
      "baseline_auc": 0.49658179708330225,
      "baseline_log_loss": 1.2181554387555922,
      "baseline_brier": 0.23249662614454603,
      "baseline_directional_accuracy": 0.3448275862068966,
      "best_params": {
        "objective": "multiclass",
        "num_class": 3,
        "metric": "multi_logloss",
        "num_leaves": 31,
        "learning_rate": 0.1,
        "min_child_samples": 5,
        "feature_fraction": 0.9,
        "bagging_fraction": 0.9,
        "bagging_freq": 5,
        "verbose": -1,
        "deterministic": true,
        "seed": 42
      }
    },
    {
      "fold": 4,
      "n_train": 725,
      "n_test": 145,
      "auc": 0.5039525530562025,
      "log_loss": 2.926172550911168,
      "brier": 0.3589044804828085,
      "directional_accuracy": 0.36551724137931035,
      "baseline_auc": 0.538257538761002,
      "baseline_log_loss": 1.0883231824066775,
      "baseline_brier": 0.21763438581500175,
      "baseline_directional_accuracy": 0.3793103448275862,
      "best_params": {
        "objective": "multiclass",
        "num_class": 3,
        "metric": "multi_logloss",
        "num_leaves": 31,
        "learning_rate": 0.1,
        "min_child_samples": 5,
        "feature_fraction": 0.9,
        "bagging_fraction": 0.9,
        "bagging_freq": 5,
        "verbose": -1,
        "deterministic": true,
        "seed": 42
      }
    }
  ],
  "note": "Per-coin model for sei-network/5m.",
  "directional_call_share": 1.0,
  "directional_call_share_n": 175,
  "directional_call_share_source": "holdout",
  "model_kind": "lightgbm",
  "prior_probs": [],
  "has_regression_head": true,
  "regression_head_stats": {
    "n_train_rows": 616,
    "n_holdout_rows": 154,
    "abs_pred_p50_pct": 0.37972662178039646,
    "abs_pred_p95_pct": 0.8221125095898225,
    "abs_pred_max_pct": 0.9078719787532623,
    "mae_pct": 0.36015711256396704,
    "best_iteration": 20
  },
  "gates_alignment": {
    "n": 175,
    "source": "holdout",
    "min_directional_edge": 0.05,
    "min_expected_return_pct": 0.15,
    "aligned_share": 0.9314285714285714,
    "aligned_loud_share": 0.9314285714285714,
    "aligned_quiet_share": 0.0,
    "loud_classifier_quiet_regressor_share": 0.0,
    "quiet_classifier_loud_regressor_share": 0.06857142857142857,
    "dir_edge_p50": 0.08098301968942001,
    "dir_edge_p95": 0.5011135857461024,
    "abs_magnitude_pct_p50": 0.38643419586792216,
    "abs_magnitude_pct_p95": 0.8218397255536614
  }
}