{
  "coin_id": "worldcoin-wld",
  "timeframe": "1m",
  "version": "20260422T065841Z",
  "feature_names": [
    "ret1",
    "ret5",
    "ret10",
    "momentum",
    "realizedVol",
    "rsi14",
    "macdLine",
    "macdSignal",
    "macdHist",
    "atr14",
    "atrPct",
    "ema9",
    "ema21",
    "emaSpreadPct",
    "distFromEma9Pct",
    "distFromEma21Pct",
    "bbUpper",
    "bbMiddle",
    "bbLower",
    "bbWidth",
    "bbPctB",
    "bbWidthPct",
    "news_etf_flow",
    "news_regulatory_risk",
    "news_exchange_outage",
    "news_macro_shock",
    "news_whale_move",
    "news_exploit_or_hack",
    "news_stablecoin_event",
    "news_narrative_rotation",
    "news_listing_or_delisting",
    "news_protocol_upgrade",
    "news_high_volume_breakout",
    "news_unusual_volatility",
    "coin_idx"
  ],
  "coin_vocab": [
    "worldcoin-wld"
  ],
  "n_train_rows": 583,
  "n_test_rows": 485,
  "metrics": {
    "auc": 0.6308145910110043,
    "log_loss": 2.4200267730859713,
    "brier": 0.26115982990494524,
    "directional_accuracy": 0.5505154639175258
  },
  "baseline_metrics": {
    "auc": 0.5174936122396876,
    "log_loss": 0.8131941952880066,
    "brier": 0.15230385609974856,
    "directional_accuracy": 0.7154639175257732
  },
  "threshold_pct": 0.03,
  "horizon_candles": 1,
  "class_return_means_pct": [
    -0.09061714367031608,
    -0.0003162083254520562,
    0.09924354203839116
  ],
  "fold_metrics": [
    {
      "fold": 0,
      "n_train": 97,
      "n_test": 97,
      "auc": 0.6780871193896919,
      "log_loss": 4.3050511461946455,
      "brier": 0.3689598205648645,
      "directional_accuracy": 0.41237113402061853,
      "baseline_auc": 0.573895011420532,
      "baseline_log_loss": 0.8697700846616925,
      "baseline_brier": 0.16531368628079793,
      "baseline_directional_accuracy": 0.6804123711340206,
      "best_params": {
        "objective": "multiclass",
        "num_class": 3,
        "metric": "multi_logloss",
        "num_leaves": 15,
        "learning_rate": 0.09230320822645494,
        "min_child_samples": 6,
        "feature_fraction": 0.9,
        "bagging_fraction": 0.9,
        "bagging_freq": 5,
        "verbose": -1,
        "deterministic": true,
        "seed": 42
      }
    },
    {
      "fold": 1,
      "n_train": 194,
      "n_test": 97,
      "auc": 0.6008141933629811,
      "log_loss": 1.9851638299676253,
      "brier": 0.31762483624976,
      "directional_accuracy": 0.41237113402061853,
      "baseline_auc": 0.5089159805304099,
      "baseline_log_loss": 0.7236080263345191,
      "baseline_brier": 0.1314062751755514,
      "baseline_directional_accuracy": 0.7835051546391752,
      "best_params": {
        "objective": "multiclass",
        "num_class": 3,
        "metric": "multi_logloss",
        "num_leaves": 31,
        "learning_rate": 0.04488170057528786,
        "min_child_samples": 9,
        "feature_fraction": 0.9,
        "bagging_fraction": 0.9,
        "bagging_freq": 5,
        "verbose": -1,
        "deterministic": true,
        "seed": 42
      }
    },
    {
      "fold": 2,
      "n_train": 291,
      "n_test": 97,
      "auc": 0.6132553178966681,
      "log_loss": 2.1014742826654156,
      "brier": 0.20417831094305347,
      "directional_accuracy": 0.6288659793814433,
      "baseline_auc": 0.47665057243116316,
      "baseline_log_loss": 0.8038868191444039,
      "baseline_brier": 0.14803401115371115,
      "baseline_directional_accuracy": 0.7216494845360825,
      "best_params": {
        "objective": "multiclass",
        "num_class": 3,
        "metric": "multi_logloss",
        "num_leaves": 15,
        "learning_rate": 0.09230320822645494,
        "min_child_samples": 6,
        "feature_fraction": 0.9,
        "bagging_fraction": 0.9,
        "bagging_freq": 5,
        "verbose": -1,
        "deterministic": true,
        "seed": 42
      }
    },
    {
      "fold": 3,
      "n_train": 388,
      "n_test": 97,
      "auc": 0.6093584058959646,
      "log_loss": 1.578676271016706,
      "brier": 0.19029150359039596,
      "directional_accuracy": 0.6804123711340206,
      "baseline_auc": 0.5141837651422941,
      "baseline_log_loss": 0.7735200686425732,
      "baseline_brier": 0.1444274716131049,
      "baseline_directional_accuracy": 0.7319587628865979,
      "best_params": {
        "objective": "multiclass",
        "num_class": 3,
        "metric": "multi_logloss",
        "num_leaves": 15,
        "learning_rate": 0.09230320822645494,
        "min_child_samples": 6,
        "feature_fraction": 0.9,
        "bagging_fraction": 0.9,
        "bagging_freq": 5,
        "verbose": -1,
        "deterministic": true,
        "seed": 42
      }
    },
    {
      "fold": 4,
      "n_train": 485,
      "n_test": 97,
      "auc": 0.6525579185097158,
      "log_loss": 2.1297683355854633,
      "brier": 0.2247446781766522,
      "directional_accuracy": 0.6185567010309279,
      "baseline_auc": 0.5138227316740389,
      "baseline_log_loss": 0.8951859776568444,
      "baseline_brier": 0.17233783627557753,
      "baseline_directional_accuracy": 0.6597938144329897,
      "best_params": {
        "objective": "multiclass",
        "num_class": 3,
        "metric": "multi_logloss",
        "num_leaves": 31,
        "learning_rate": 0.09340308327072934,
        "min_child_samples": 9,
        "feature_fraction": 0.9,
        "bagging_fraction": 0.9,
        "bagging_freq": 5,
        "verbose": -1,
        "deterministic": true,
        "seed": 42
      }
    }
  ],
  "note": "Per-coin model for worldcoin-wld/1m.",
  "directional_call_share": 0.08547008547008547,
  "directional_call_share_n": 117,
  "directional_call_share_source": "holdout",
  "model_kind": "lightgbm",
  "prior_probs": []
}