{
  "coin_id": "worldcoin-wld",
  "timeframe": "1m",
  "version": "20260422T101619Z",
  "feature_names": [
    "ret1",
    "ret5",
    "ret10",
    "momentum",
    "realizedVol",
    "rsi14",
    "macdLine",
    "macdSignal",
    "macdHist",
    "atr14",
    "atrPct",
    "ema9",
    "ema21",
    "emaSpreadPct",
    "distFromEma9Pct",
    "distFromEma21Pct",
    "bbUpper",
    "bbMiddle",
    "bbLower",
    "bbWidth",
    "bbPctB",
    "bbWidthPct",
    "news_etf_flow",
    "news_regulatory_risk",
    "news_exchange_outage",
    "news_macro_shock",
    "news_whale_move",
    "news_exploit_or_hack",
    "news_stablecoin_event",
    "news_narrative_rotation",
    "news_listing_or_delisting",
    "news_protocol_upgrade",
    "news_high_volume_breakout",
    "news_unusual_volatility",
    "coin_idx"
  ],
  "coin_vocab": [
    "worldcoin-wld"
  ],
  "n_train_rows": 1486,
  "n_test_rows": 1235,
  "metrics": {
    "auc": 0.5560306382698527,
    "log_loss": 2.4219909024740565,
    "brier": 0.29347331981790653,
    "directional_accuracy": 0.47287449392712555
  },
  "baseline_metrics": {
    "auc": 0.4926253155619721,
    "log_loss": 1.1117466940191085,
    "brier": 0.18636738530112618,
    "directional_accuracy": 0.5635627530364372
  },
  "threshold_pct": 0.03,
  "horizon_candles": 1,
  "class_return_means_pct": [
    -0.5840077675301871,
    -0.0005263665711562272,
    0.5555051508675598
  ],
  "fold_metrics": [
    {
      "fold": 0,
      "n_train": 247,
      "n_test": 247,
      "auc": 0.4908806345570147,
      "log_loss": 2.453644541734871,
      "brier": 0.28889665183623736,
      "directional_accuracy": 0.4979757085020243,
      "baseline_auc": 0.5330333679014437,
      "baseline_log_loss": 0.7695371388373416,
      "baseline_brier": 0.17041422962105066,
      "baseline_directional_accuracy": 0.5101214574898786,
      "best_params": {
        "objective": "multiclass",
        "num_class": 3,
        "metric": "multi_logloss",
        "num_leaves": 31,
        "learning_rate": 0.1,
        "min_child_samples": 5,
        "feature_fraction": 0.9,
        "bagging_fraction": 0.9,
        "bagging_freq": 5,
        "verbose": -1,
        "deterministic": true,
        "seed": 42
      }
    },
    {
      "fold": 1,
      "n_train": 494,
      "n_test": 247,
      "auc": 0.4929734721555641,
      "log_loss": 3.660696817537153,
      "brier": 0.3368935448095713,
      "directional_accuracy": 0.39271255060728744,
      "baseline_auc": 0.36530895201566277,
      "baseline_log_loss": 2.153622536002607,
      "baseline_brier": 0.2529265817101645,
      "baseline_directional_accuracy": 0.3765182186234818,
      "best_params": {
        "objective": "multiclass",
        "num_class": 3,
        "metric": "multi_logloss",
        "num_leaves": 31,
        "learning_rate": 0.1,
        "min_child_samples": 5,
        "feature_fraction": 0.9,
        "bagging_fraction": 0.9,
        "bagging_freq": 5,
        "verbose": -1,
        "deterministic": true,
        "seed": 42
      }
    },
    {
      "fold": 2,
      "n_train": 741,
      "n_test": 247,
      "auc": 0.6080029285811773,
      "log_loss": 2.5412247012012026,
      "brier": 0.38318384975078024,
      "directional_accuracy": 0.30364372469635625,
      "baseline_auc": 0.48641452514948,
      "baseline_log_loss": 0.9136172030384222,
      "baseline_brier": 0.1782241896643655,
      "baseline_directional_accuracy": 0.6072874493927125,
      "best_params": {
        "objective": "multiclass",
        "num_class": 3,
        "metric": "multi_logloss",
        "num_leaves": 31,
        "learning_rate": 0.1,
        "min_child_samples": 5,
        "feature_fraction": 0.9,
        "bagging_fraction": 0.9,
        "bagging_freq": 5,
        "verbose": -1,
        "deterministic": true,
        "seed": 42
      }
    },
    {
      "fold": 3,
      "n_train": 988,
      "n_test": 247,
      "auc": 0.5704059452609168,
      "log_loss": 1.7263690690660416,
      "brier": 0.23925763982126083,
      "directional_accuracy": 0.5546558704453441,
      "baseline_auc": 0.5284996557626561,
      "baseline_log_loss": 0.8208996854284221,
      "baseline_brier": 0.15531617625890007,
      "baseline_directional_accuracy": 0.7004048582995951,
      "best_params": {
        "objective": "multiclass",
        "num_class": 3,
        "metric": "multi_logloss",
        "num_leaves": 31,
        "learning_rate": 0.1,
        "min_child_samples": 5,
        "feature_fraction": 0.9,
        "bagging_fraction": 0.9,
        "bagging_freq": 5,
        "verbose": -1,
        "deterministic": true,
        "seed": 42
      }
    },
    {
      "fold": 4,
      "n_train": 1235,
      "n_test": 247,
      "auc": 0.6178902107945908,
      "log_loss": 1.7280193828310135,
      "brier": 0.21913491287168294,
      "directional_accuracy": 0.6153846153846154,
      "baseline_auc": 0.5498700769806179,
      "baseline_log_loss": 0.9010569067887496,
      "baseline_brier": 0.17495574925115018,
      "baseline_directional_accuracy": 0.6234817813765182,
      "best_params": {
        "objective": "multiclass",
        "num_class": 3,
        "metric": "multi_logloss",
        "num_leaves": 31,
        "learning_rate": 0.1,
        "min_child_samples": 5,
        "feature_fraction": 0.9,
        "bagging_fraction": 0.9,
        "bagging_freq": 5,
        "verbose": -1,
        "deterministic": true,
        "seed": 42
      }
    }
  ],
  "note": "Per-coin model for worldcoin-wld/1m.",
  "directional_call_share": 0.020134228187919462,
  "directional_call_share_n": 298,
  "directional_call_share_source": "holdout",
  "model_kind": "lightgbm",
  "prior_probs": [],
  "has_regression_head": true,
  "regression_head_stats": {
    "n_train_rows": 725,
    "n_holdout_rows": 182,
    "abs_pred_p50_pct": 0.11298887083414427,
    "abs_pred_p95_pct": 0.29876104347530913,
    "abs_pred_max_pct": 0.7305462696731426,
    "mae_pct": 0.09166985839407983,
    "best_iteration": 66
  },
  "gates_alignment": {
    "n": 298,
    "source": "holdout",
    "min_directional_edge": 0.05,
    "min_expected_return_pct": 0.15,
    "aligned_share": 0.43288590604026844,
    "aligned_loud_share": 0.15100671140939598,
    "aligned_quiet_share": 0.28187919463087246,
    "loud_classifier_quiet_regressor_share": 0.43288590604026844,
    "quiet_classifier_loud_regressor_share": 0.1342281879194631,
    "dir_edge_p50": 0.05730966281425001,
    "dir_edge_p95": 0.17315776949313877,
    "abs_magnitude_pct_p50": 0.1394762262457204,
    "abs_magnitude_pct_p95": 0.43024843496122755
  }
}