{
  "coin_id": "injective-protocol",
  "timeframe": "5m",
  "version": "20260422T091009Z",
  "feature_names": [
    "ret1",
    "ret5",
    "ret10",
    "momentum",
    "realizedVol",
    "rsi14",
    "macdLine",
    "macdSignal",
    "macdHist",
    "atr14",
    "atrPct",
    "ema9",
    "ema21",
    "emaSpreadPct",
    "distFromEma9Pct",
    "distFromEma21Pct",
    "bbUpper",
    "bbMiddle",
    "bbLower",
    "bbWidth",
    "bbPctB",
    "bbWidthPct",
    "news_etf_flow",
    "news_regulatory_risk",
    "news_exchange_outage",
    "news_macro_shock",
    "news_whale_move",
    "news_exploit_or_hack",
    "news_stablecoin_event",
    "news_narrative_rotation",
    "news_listing_or_delisting",
    "news_protocol_upgrade",
    "news_high_volume_breakout",
    "news_unusual_volatility",
    "coin_idx"
  ],
  "coin_vocab": [
    "injective-protocol"
  ],
  "n_train_rows": 830,
  "n_test_rows": 690,
  "metrics": {
    "auc": 0.520879106161223,
    "log_loss": 2.05242944710882,
    "brier": 0.29368965930162894,
    "directional_accuracy": 0.41739130434782606
  },
  "baseline_metrics": {
    "auc": 0.5098752848231901,
    "log_loss": 1.0624090172865943,
    "brier": 0.2142510880752817,
    "directional_accuracy": 0.4391304347826087
  },
  "threshold_pct": 0.1,
  "horizon_candles": 1,
  "class_return_means_pct": [
    -0.510466525301349,
    -0.008795078402799288,
    0.5156979727327439
  ],
  "fold_metrics": [
    {
      "fold": 0,
      "n_train": 138,
      "n_test": 138,
      "auc": 0.6067630224364309,
      "log_loss": 2.982910922765535,
      "brier": 0.3077766524702858,
      "directional_accuracy": 0.4492753623188406,
      "baseline_auc": 0.5179777505854662,
      "baseline_log_loss": 1.0489799270054008,
      "baseline_brier": 0.21250181751414718,
      "baseline_directional_accuracy": 0.4492753623188406,
      "best_params": {
        "objective": "multiclass",
        "num_class": 3,
        "metric": "multi_logloss",
        "num_leaves": 15,
        "learning_rate": 0.09230320822645494,
        "min_child_samples": 6,
        "feature_fraction": 0.9,
        "bagging_fraction": 0.9,
        "bagging_freq": 5,
        "verbose": -1,
        "deterministic": true,
        "seed": 42
      }
    },
    {
      "fold": 1,
      "n_train": 276,
      "n_test": 138,
      "auc": 0.5051810724080257,
      "log_loss": 1.6516850901353124,
      "brier": 0.28148416624799305,
      "directional_accuracy": 0.41304347826086957,
      "baseline_auc": 0.49283198159119124,
      "baseline_log_loss": 1.0665741618807918,
      "baseline_brier": 0.21456458429062722,
      "baseline_directional_accuracy": 0.4492753623188406,
      "best_params": {
        "objective": "multiclass",
        "num_class": 3,
        "metric": "multi_logloss",
        "num_leaves": 15,
        "learning_rate": 0.060113218328857784,
        "min_child_samples": 16,
        "feature_fraction": 0.9,
        "bagging_fraction": 0.9,
        "bagging_freq": 5,
        "verbose": -1,
        "deterministic": true,
        "seed": 42
      }
    },
    {
      "fold": 2,
      "n_train": 414,
      "n_test": 138,
      "auc": 0.5346230902517451,
      "log_loss": 2.0155956928159515,
      "brier": 0.306407397686363,
      "directional_accuracy": 0.39855072463768115,
      "baseline_auc": 0.5001063615829698,
      "baseline_log_loss": 1.055491857956497,
      "baseline_brier": 0.21289808309262603,
      "baseline_directional_accuracy": 0.42028985507246375,
      "best_params": {
        "objective": "multiclass",
        "num_class": 3,
        "metric": "multi_logloss",
        "num_leaves": 15,
        "learning_rate": 0.09230320822645494,
        "min_child_samples": 6,
        "feature_fraction": 0.9,
        "bagging_fraction": 0.9,
        "bagging_freq": 5,
        "verbose": -1,
        "deterministic": true,
        "seed": 42
      }
    },
    {
      "fold": 3,
      "n_train": 552,
      "n_test": 138,
      "auc": 0.4354138573918931,
      "log_loss": 1.7994785745317414,
      "brier": 0.2925470184760943,
      "directional_accuracy": 0.34782608695652173,
      "baseline_auc": 0.5347593744414647,
      "baseline_log_loss": 1.1147036267906967,
      "baseline_brier": 0.226235723724704,
      "baseline_directional_accuracy": 0.34057971014492755,
      "best_params": {
        "objective": "multiclass",
        "num_class": 3,
        "metric": "multi_logloss",
        "num_leaves": 15,
        "learning_rate": 0.060113218328857784,
        "min_child_samples": 16,
        "feature_fraction": 0.9,
        "bagging_fraction": 0.9,
        "bagging_freq": 5,
        "verbose": -1,
        "deterministic": true,
        "seed": 42
      }
    },
    {
      "fold": 4,
      "n_train": 690,
      "n_test": 138,
      "auc": 0.5224144883180207,
      "log_loss": 1.8124769552955577,
      "brier": 0.2802330616274084,
      "directional_accuracy": 0.4782608695652174,
      "baseline_auc": 0.5037009559148583,
      "baseline_log_loss": 1.0262955127995852,
      "baseline_brier": 0.20505523175430415,
      "baseline_directional_accuracy": 0.5362318840579711,
      "best_params": {
        "objective": "multiclass",
        "num_class": 3,
        "metric": "multi_logloss",
        "num_leaves": 15,
        "learning_rate": 0.09230320822645494,
        "min_child_samples": 6,
        "feature_fraction": 0.9,
        "bagging_fraction": 0.9,
        "bagging_freq": 5,
        "verbose": -1,
        "deterministic": true,
        "seed": 42
      }
    }
  ],
  "note": "Per-coin model for injective-protocol/5m.",
  "directional_call_share": 0.04819277108433735,
  "directional_call_share_n": 166,
  "directional_call_share_source": "holdout",
  "model_kind": "lightgbm",
  "prior_probs": []
}