{
  "coin_id": "pepe",
  "timeframe": "1m",
  "version": "20260422T111024Z",
  "feature_names": [
    "ret1",
    "ret5",
    "ret10",
    "momentum",
    "realizedVol",
    "rsi14",
    "macdLine",
    "macdSignal",
    "macdHist",
    "atr14",
    "atrPct",
    "ema9",
    "ema21",
    "emaSpreadPct",
    "distFromEma9Pct",
    "distFromEma21Pct",
    "bbUpper",
    "bbMiddle",
    "bbLower",
    "bbWidth",
    "bbPctB",
    "bbWidthPct",
    "news_etf_flow",
    "news_regulatory_risk",
    "news_exchange_outage",
    "news_macro_shock",
    "news_whale_move",
    "news_exploit_or_hack",
    "news_stablecoin_event",
    "news_narrative_rotation",
    "news_listing_or_delisting",
    "news_protocol_upgrade",
    "news_high_volume_breakout",
    "news_unusual_volatility",
    "coin_idx"
  ],
  "coin_vocab": [
    "pepe"
  ],
  "n_train_rows": 2060,
  "n_test_rows": 1715,
  "metrics": {
    "auc": 0.5131647053602073,
    "log_loss": 2.940873918872861,
    "brier": 0.3349396830365587,
    "directional_accuracy": 0.3889212827988338
  },
  "baseline_metrics": {
    "auc": 0.5530005624377363,
    "log_loss": 1.0316174783164147,
    "brier": 0.2050286845631296,
    "directional_accuracy": 0.49329446064139937
  },
  "threshold_pct": 0.03,
  "horizon_candles": 1,
  "class_return_means_pct": [
    -0.32032198250752225,
    0.0005537099545773213,
    0.37362003977058583
  ],
  "fold_metrics": [
    {
      "fold": 0,
      "n_train": 343,
      "n_test": 343,
      "auc": 0.5720620898247084,
      "log_loss": 2.65680812490217,
      "brier": 0.31113189448960016,
      "directional_accuracy": 0.45481049562682213,
      "baseline_auc": 0.564449559113769,
      "baseline_log_loss": 1.0170453485407676,
      "baseline_brier": 0.20257195371951817,
      "baseline_directional_accuracy": 0.46647230320699706,
      "best_params": {
        "objective": "multiclass",
        "num_class": 3,
        "metric": "multi_logloss",
        "num_leaves": 31,
        "learning_rate": 0.1,
        "min_child_samples": 5,
        "feature_fraction": 0.9,
        "bagging_fraction": 0.9,
        "bagging_freq": 5,
        "verbose": -1,
        "deterministic": true,
        "seed": 42
      }
    },
    {
      "fold": 1,
      "n_train": 686,
      "n_test": 343,
      "auc": 0.5585965690543668,
      "log_loss": 2.5818151909874967,
      "brier": 0.3233120112407906,
      "directional_accuracy": 0.42857142857142855,
      "baseline_auc": 0.5694902810120757,
      "baseline_log_loss": 0.9738690534040171,
      "baseline_brier": 0.20099968381269925,
      "baseline_directional_accuracy": 0.4606413994169096,
      "best_params": {
        "objective": "multiclass",
        "num_class": 3,
        "metric": "multi_logloss",
        "num_leaves": 31,
        "learning_rate": 0.1,
        "min_child_samples": 5,
        "feature_fraction": 0.9,
        "bagging_fraction": 0.9,
        "bagging_freq": 5,
        "verbose": -1,
        "deterministic": true,
        "seed": 42
      }
    },
    {
      "fold": 2,
      "n_train": 1029,
      "n_test": 343,
      "auc": 0.3981490244412396,
      "log_loss": 5.809110407124853,
      "brier": 0.43549548326483206,
      "directional_accuracy": 0.2886297376093295,
      "baseline_auc": 0.6386386083269485,
      "baseline_log_loss": 1.3009993978512049,
      "baseline_brier": 0.25851933946832717,
      "baseline_directional_accuracy": 0.27988338192419826,
      "best_params": {
        "objective": "multiclass",
        "num_class": 3,
        "metric": "multi_logloss",
        "num_leaves": 31,
        "learning_rate": 0.1,
        "min_child_samples": 5,
        "feature_fraction": 0.9,
        "bagging_fraction": 0.9,
        "bagging_freq": 5,
        "verbose": -1,
        "deterministic": true,
        "seed": 42
      }
    },
    {
      "fold": 3,
      "n_train": 1372,
      "n_test": 343,
      "auc": 0.4827130705180615,
      "log_loss": 1.9824194432575892,
      "brier": 0.3061594066084854,
      "directional_accuracy": 0.3935860058309038,
      "baseline_auc": 0.4466866687468019,
      "baseline_log_loss": 0.9270097700926382,
      "baseline_brier": 0.18047244497247375,
      "baseline_directional_accuracy": 0.6530612244897959,
      "best_params": {
        "objective": "multiclass",
        "num_class": 3,
        "metric": "multi_logloss",
        "num_leaves": 31,
        "learning_rate": 0.1,
        "min_child_samples": 5,
        "feature_fraction": 0.9,
        "bagging_fraction": 0.9,
        "bagging_freq": 5,
        "verbose": -1,
        "deterministic": true,
        "seed": 42
      }
    },
    {
      "fold": 4,
      "n_train": 1715,
      "n_test": 343,
      "auc": 0.5543027729626606,
      "log_loss": 1.6742164280921963,
      "brier": 0.29859961957908526,
      "directional_accuracy": 0.37900874635568516,
      "baseline_auc": 0.5457376949890861,
      "baseline_log_loss": 0.9391638216934455,
      "baseline_brier": 0.1825800008426297,
      "baseline_directional_accuracy": 0.6064139941690962,
      "best_params": {
        "objective": "multiclass",
        "num_class": 3,
        "metric": "multi_logloss",
        "num_leaves": 31,
        "learning_rate": 0.1,
        "min_child_samples": 5,
        "feature_fraction": 0.9,
        "bagging_fraction": 0.9,
        "bagging_freq": 5,
        "verbose": -1,
        "deterministic": true,
        "seed": 42
      }
    }
  ],
  "note": "Per-coin model for pepe/1m.",
  "directional_call_share": 0.03155339805825243,
  "directional_call_share_n": 412,
  "directional_call_share_source": "holdout",
  "model_kind": "lightgbm",
  "prior_probs": [],
  "has_regression_head": true,
  "regression_head_stats": {
    "n_train_rows": 1061,
    "n_holdout_rows": 266,
    "abs_pred_p50_pct": 0.1761868290973841,
    "abs_pred_p95_pct": 0.46591268249042206,
    "abs_pred_max_pct": 1.329730648981246,
    "mae_pct": 0.17614897808328261,
    "best_iteration": 61
  },
  "gates_alignment": {
    "n": 412,
    "source": "holdout",
    "min_directional_edge": 0.05,
    "min_expected_return_pct": 0.15,
    "aligned_share": 0.6966019417475728,
    "aligned_loud_share": 0.6844660194174758,
    "aligned_quiet_share": 0.012135922330097087,
    "loud_classifier_quiet_regressor_share": 0.09223300970873786,
    "quiet_classifier_loud_regressor_share": 0.2111650485436893,
    "dir_edge_p50": 0.0806137724550898,
    "dir_edge_p95": 0.1883492775258852,
    "abs_magnitude_pct_p50": 0.18996472559413408,
    "abs_magnitude_pct_p95": 0.4846346445613453
  }
}