{
  "coin_id": "worldcoin-wld",
  "timeframe": "1m",
  "version": "20260422T113434Z",
  "feature_names": [
    "ret1",
    "ret5",
    "ret10",
    "momentum",
    "realizedVol",
    "rsi14",
    "macdLine",
    "macdSignal",
    "macdHist",
    "atr14",
    "atrPct",
    "ema9",
    "ema21",
    "emaSpreadPct",
    "distFromEma9Pct",
    "distFromEma21Pct",
    "bbUpper",
    "bbMiddle",
    "bbLower",
    "bbWidth",
    "bbPctB",
    "bbWidthPct",
    "news_etf_flow",
    "news_regulatory_risk",
    "news_exchange_outage",
    "news_macro_shock",
    "news_whale_move",
    "news_exploit_or_hack",
    "news_stablecoin_event",
    "news_narrative_rotation",
    "news_listing_or_delisting",
    "news_protocol_upgrade",
    "news_high_volume_breakout",
    "news_unusual_volatility",
    "coin_idx"
  ],
  "coin_vocab": [
    "worldcoin-wld"
  ],
  "n_train_rows": 1562,
  "n_test_rows": 1300,
  "metrics": {
    "auc": 0.5519321001975235,
    "log_loss": 2.240817011276575,
    "brier": 0.25998895470482375,
    "directional_accuracy": 0.5061538461538462
  },
  "baseline_metrics": {
    "auc": 0.4909023230958714,
    "log_loss": 1.1491081463510542,
    "brier": 0.18732281071341203,
    "directional_accuracy": 0.5746153846153846
  },
  "threshold_pct": 0.03,
  "horizon_candles": 1,
  "class_return_means_pct": [
    -0.570816286421835,
    -0.0002958432685815176,
    0.5428910024180101
  ],
  "fold_metrics": [
    {
      "fold": 0,
      "n_train": 260,
      "n_test": 260,
      "auc": 0.4702099116161616,
      "log_loss": 1.3405541056973058,
      "brier": 0.25054703333310185,
      "directional_accuracy": 0.5076923076923077,
      "baseline_auc": 0.49395320391414144,
      "baseline_log_loss": 0.7765211749203655,
      "baseline_brier": 0.1731064777042374,
      "baseline_directional_accuracy": 0.46153846153846156,
      "best_params": {
        "objective": "multiclass",
        "num_class": 3,
        "metric": "multi_logloss",
        "num_leaves": 63,
        "learning_rate": 0.0938393881004349,
        "min_child_samples": 23,
        "feature_fraction": 0.9,
        "bagging_fraction": 0.9,
        "bagging_freq": 5,
        "verbose": -1,
        "deterministic": true,
        "seed": 42
      }
    },
    {
      "fold": 1,
      "n_train": 520,
      "n_test": 260,
      "auc": 0.5124855275443511,
      "log_loss": 4.759720806715935,
      "brier": 0.338989968552782,
      "directional_accuracy": 0.36538461538461536,
      "baseline_auc": 0.42034173669467795,
      "baseline_log_loss": 2.4070689670136125,
      "baseline_brier": 0.27409548276327905,
      "baseline_directional_accuracy": 0.3576923076923077,
      "best_params": {
        "objective": "multiclass",
        "num_class": 3,
        "metric": "multi_logloss",
        "num_leaves": 15,
        "learning_rate": 0.09230320822645494,
        "min_child_samples": 6,
        "feature_fraction": 0.9,
        "bagging_fraction": 0.9,
        "bagging_freq": 5,
        "verbose": -1,
        "deterministic": true,
        "seed": 42
      }
    },
    {
      "fold": 2,
      "n_train": 780,
      "n_test": 260,
      "auc": 0.5612017617258046,
      "log_loss": 1.370107319546602,
      "brier": 0.26652272235418606,
      "directional_accuracy": 0.4346153846153846,
      "baseline_auc": 0.4626975521536208,
      "baseline_log_loss": 0.8236936622022543,
      "baseline_brier": 0.1552837979646213,
      "baseline_directional_accuracy": 0.7384615384615385,
      "best_params": {
        "objective": "multiclass",
        "num_class": 3,
        "metric": "multi_logloss",
        "num_leaves": 31,
        "learning_rate": 0.04488170057528786,
        "min_child_samples": 9,
        "feature_fraction": 0.9,
        "bagging_fraction": 0.9,
        "bagging_freq": 5,
        "verbose": -1,
        "deterministic": true,
        "seed": 42
      }
    },
    {
      "fold": 3,
      "n_train": 1040,
      "n_test": 260,
      "auc": 0.597898795024202,
      "log_loss": 1.5893606076319342,
      "brier": 0.23412645043723748,
      "directional_accuracy": 0.5538461538461539,
      "baseline_auc": 0.5579047140404195,
      "baseline_log_loss": 0.863820448427911,
      "baseline_brier": 0.16515382629900044,
      "baseline_directional_accuracy": 0.6538461538461539,
      "best_params": {
        "objective": "multiclass",
        "num_class": 3,
        "metric": "multi_logloss",
        "num_leaves": 63,
        "learning_rate": 0.0938393881004349,
        "min_child_samples": 23,
        "feature_fraction": 0.9,
        "bagging_fraction": 0.9,
        "bagging_freq": 5,
        "verbose": -1,
        "deterministic": true,
        "seed": 42
      }
    },
    {
      "fold": 4,
      "n_train": 1300,
      "n_test": 260,
      "auc": 0.6178645050770983,
      "log_loss": 2.1443422167910984,
      "brier": 0.20975859884681144,
      "directional_accuracy": 0.6692307692307692,
      "baseline_auc": 0.5196144086764973,
      "baseline_log_loss": 0.8744364791911269,
      "baseline_brier": 0.16897446883592193,
      "baseline_directional_accuracy": 0.6615384615384615,
      "best_params": {
        "objective": "multiclass",
        "num_class": 3,
        "metric": "multi_logloss",
        "num_leaves": 63,
        "learning_rate": 0.0938393881004349,
        "min_child_samples": 23,
        "feature_fraction": 0.9,
        "bagging_fraction": 0.9,
        "bagging_freq": 5,
        "verbose": -1,
        "deterministic": true,
        "seed": 42
      }
    }
  ],
  "note": "Per-coin model for worldcoin-wld/1m.",
  "directional_call_share": 0.022364217252396165,
  "directional_call_share_n": 313,
  "directional_call_share_source": "holdout",
  "model_kind": "lightgbm",
  "prior_probs": [],
  "has_regression_head": true,
  "regression_head_stats": {
    "n_train_rows": 744,
    "n_holdout_rows": 186,
    "abs_pred_p50_pct": 0.12288757787569894,
    "abs_pred_p95_pct": 0.24235912834583698,
    "abs_pred_max_pct": 0.6178020664234087,
    "mae_pct": 0.08900566459931904,
    "best_iteration": 54
  },
  "gates_alignment": {
    "n": 313,
    "source": "holdout",
    "min_directional_edge": 0.05,
    "min_expected_return_pct": 0.15,
    "aligned_share": 0.3865814696485623,
    "aligned_loud_share": 0.0670926517571885,
    "aligned_quiet_share": 0.3194888178913738,
    "loud_classifier_quiet_regressor_share": 0.5846645367412141,
    "quiet_classifier_loud_regressor_share": 0.02875399361022364,
    "dir_edge_p50": 0.08080808080808081,
    "dir_edge_p95": 0.22961986451374164,
    "abs_magnitude_pct_p50": 0.12288757787569894,
    "abs_magnitude_pct_p95": 0.2900820576465222
  }
}