{
  "coin_id": "bonk",
  "timeframe": "5m",
  "version": "20260422T122404Z",
  "feature_names": [
    "ret1",
    "ret5",
    "ret10",
    "momentum",
    "realizedVol",
    "rsi14",
    "macdLine",
    "macdSignal",
    "macdHist",
    "atr14",
    "atrPct",
    "ema9",
    "ema21",
    "emaSpreadPct",
    "distFromEma9Pct",
    "distFromEma21Pct",
    "bbUpper",
    "bbMiddle",
    "bbLower",
    "bbWidth",
    "bbPctB",
    "bbWidthPct",
    "news_etf_flow",
    "news_regulatory_risk",
    "news_exchange_outage",
    "news_macro_shock",
    "news_whale_move",
    "news_exploit_or_hack",
    "news_stablecoin_event",
    "news_narrative_rotation",
    "news_listing_or_delisting",
    "news_protocol_upgrade",
    "news_high_volume_breakout",
    "news_unusual_volatility",
    "coin_idx"
  ],
  "coin_vocab": [
    "bonk"
  ],
  "n_train_rows": 908,
  "n_test_rows": 755,
  "metrics": {
    "auc": 0.47538659877472955,
    "log_loss": 1.8004401531567347,
    "brier": 0.29342171810026463,
    "directional_accuracy": 0.42119205298013246
  },
  "baseline_metrics": {
    "auc": 0.5169226316552232,
    "log_loss": 0.9977855324992955,
    "brier": 0.20379689665496342,
    "directional_accuracy": 0.46092715231788084
  },
  "threshold_pct": 0.04,
  "horizon_candles": 1,
  "class_return_means_pct": [
    -0.4340307564019191,
    -0.0008123660839127107,
    0.5186047136538816
  ],
  "fold_metrics": [
    {
      "fold": 0,
      "n_train": 151,
      "n_test": 151,
      "auc": 0.5201258942222204,
      "log_loss": 1.8132608755211987,
      "brier": 0.2990268784757144,
      "directional_accuracy": 0.41721854304635764,
      "baseline_auc": 0.530047012339585,
      "baseline_log_loss": 0.9479038511053783,
      "baseline_brier": 0.19367679679184727,
      "baseline_directional_accuracy": 0.5033112582781457,
      "best_params": {
        "objective": "multiclass",
        "num_class": 3,
        "metric": "multi_logloss",
        "num_leaves": 63,
        "learning_rate": 0.06807764614983679,
        "min_child_samples": 12,
        "feature_fraction": 0.9,
        "bagging_fraction": 0.9,
        "bagging_freq": 5,
        "verbose": -1,
        "deterministic": true,
        "seed": 42
      }
    },
    {
      "fold": 1,
      "n_train": 302,
      "n_test": 151,
      "auc": 0.48355662799853927,
      "log_loss": 1.6352517250986185,
      "brier": 0.2619100622048566,
      "directional_accuracy": 0.4768211920529801,
      "baseline_auc": 0.5826397672214919,
      "baseline_log_loss": 0.9539744074149055,
      "baseline_brier": 0.18795949041741422,
      "baseline_directional_accuracy": 0.5231788079470199,
      "best_params": {
        "objective": "multiclass",
        "num_class": 3,
        "metric": "multi_logloss",
        "num_leaves": 31,
        "learning_rate": 0.04488170057528786,
        "min_child_samples": 9,
        "feature_fraction": 0.9,
        "bagging_fraction": 0.9,
        "bagging_freq": 5,
        "verbose": -1,
        "deterministic": true,
        "seed": 42
      }
    },
    {
      "fold": 2,
      "n_train": 453,
      "n_test": 151,
      "auc": 0.5335245978796757,
      "log_loss": 1.322418755614372,
      "brier": 0.23212815692393388,
      "directional_accuracy": 0.5165562913907285,
      "baseline_auc": 0.5606560961424353,
      "baseline_log_loss": 0.8524757054108328,
      "baseline_brier": 0.18314249108396088,
      "baseline_directional_accuracy": 0.5165562913907285,
      "best_params": {
        "objective": "multiclass",
        "num_class": 3,
        "metric": "multi_logloss",
        "num_leaves": 63,
        "learning_rate": 0.06807764614983679,
        "min_child_samples": 12,
        "feature_fraction": 0.9,
        "bagging_fraction": 0.9,
        "bagging_freq": 5,
        "verbose": -1,
        "deterministic": true,
        "seed": 42
      }
    },
    {
      "fold": 3,
      "n_train": 604,
      "n_test": 151,
      "auc": 0.39153957063544476,
      "log_loss": 1.924361103590357,
      "brier": 0.31325602552315807,
      "directional_accuracy": 0.40397350993377484,
      "baseline_auc": 0.45847715994122146,
      "baseline_log_loss": 1.0677668798411954,
      "baseline_brier": 0.21889297398576027,
      "baseline_directional_accuracy": 0.39072847682119205,
      "best_params": {
        "objective": "multiclass",
        "num_class": 3,
        "metric": "multi_logloss",
        "num_leaves": 31,
        "learning_rate": 0.04488170057528786,
        "min_child_samples": 9,
        "feature_fraction": 0.9,
        "bagging_fraction": 0.9,
        "bagging_freq": 5,
        "verbose": -1,
        "deterministic": true,
        "seed": 42
      }
    },
    {
      "fold": 4,
      "n_train": 755,
      "n_test": 151,
      "auc": 0.44818630313776775,
      "log_loss": 2.3069083059591264,
      "brier": 0.36078746737366035,
      "directional_accuracy": 0.2913907284768212,
      "baseline_auc": 0.45279312263138266,
      "baseline_log_loss": 1.1668068187241651,
      "baseline_brier": 0.2353127309958347,
      "baseline_directional_accuracy": 0.3708609271523179,
      "best_params": {
        "objective": "multiclass",
        "num_class": 3,
        "metric": "multi_logloss",
        "num_leaves": 15,
        "learning_rate": 0.09230320822645494,
        "min_child_samples": 6,
        "feature_fraction": 0.9,
        "bagging_fraction": 0.9,
        "bagging_freq": 5,
        "verbose": -1,
        "deterministic": true,
        "seed": 42
      }
    }
  ],
  "note": "Per-coin model for bonk/5m.",
  "directional_call_share": 0.978021978021978,
  "directional_call_share_n": 182,
  "directional_call_share_source": "holdout",
  "model_kind": "lightgbm",
  "prior_probs": [],
  "has_regression_head": true,
  "regression_head_stats": {
    "n_train_rows": 638,
    "n_holdout_rows": 160,
    "abs_pred_p50_pct": 0.4657109466941576,
    "abs_pred_p95_pct": 0.6686845161729745,
    "abs_pred_max_pct": 0.7155789535765602,
    "mae_pct": 0.34190923606011386,
    "best_iteration": 10
  },
  "gates_alignment": {
    "n": 182,
    "source": "holdout",
    "min_directional_edge": 0.05,
    "min_expected_return_pct": 0.15,
    "aligned_share": 0.6263736263736264,
    "aligned_loud_share": 0.6263736263736264,
    "aligned_quiet_share": 0.0,
    "loud_classifier_quiet_regressor_share": 0.0,
    "quiet_classifier_loud_regressor_share": 0.37362637362637363,
    "dir_edge_p50": 0.07526695025609864,
    "dir_edge_p95": 0.24495677233429397,
    "abs_magnitude_pct_p50": 0.4516846356949238,
    "abs_magnitude_pct_p95": 0.6830476990592482
  }
}