{
  "coin_id": "celestia",
  "timeframe": "2h",
  "version": "20260422T111856Z",
  "feature_names": [
    "ret1",
    "ret5",
    "ret10",
    "momentum",
    "realizedVol",
    "rsi14",
    "macdLine",
    "macdSignal",
    "macdHist",
    "atr14",
    "atrPct",
    "ema9",
    "ema21",
    "emaSpreadPct",
    "distFromEma9Pct",
    "distFromEma21Pct",
    "bbUpper",
    "bbMiddle",
    "bbLower",
    "bbWidth",
    "bbPctB",
    "bbWidthPct",
    "news_etf_flow",
    "news_regulatory_risk",
    "news_exchange_outage",
    "news_macro_shock",
    "news_whale_move",
    "news_exploit_or_hack",
    "news_stablecoin_event",
    "news_narrative_rotation",
    "news_listing_or_delisting",
    "news_protocol_upgrade",
    "news_high_volume_breakout",
    "news_unusual_volatility",
    "coin_idx"
  ],
  "coin_vocab": [
    "celestia"
  ],
  "n_train_rows": 325,
  "n_test_rows": 270,
  "metrics": {
    "auc": 0.5206416171745227,
    "log_loss": 3.874805996836121,
    "brier": 0.3833294261093675,
    "directional_accuracy": 0.337037037037037
  },
  "baseline_metrics": {
    "auc": 0.5438616017683677,
    "log_loss": 1.1094666935133313,
    "brier": 0.22380197319941067,
    "directional_accuracy": 0.40740740740740733
  },
  "threshold_pct": 0.28,
  "horizon_candles": 1,
  "class_return_means_pct": [
    -0.9351083050686713,
    0.007158651314746037,
    1.1989943974065012
  ],
  "fold_metrics": [
    {
      "fold": 0,
      "n_train": 54,
      "n_test": 54,
      "auc": 0.5056319776714514,
      "log_loss": 4.9075820598218804,
      "brier": 0.42944833682620676,
      "directional_accuracy": 0.3148148148148148,
      "baseline_auc": 0.5655402711323764,
      "baseline_log_loss": 1.1352031919843082,
      "baseline_brier": 0.2262108480627748,
      "baseline_directional_accuracy": 0.46296296296296297,
      "best_params": {
        "objective": "multiclass",
        "num_class": 3,
        "metric": "multi_logloss",
        "num_leaves": 31,
        "learning_rate": 0.1,
        "min_child_samples": 5,
        "feature_fraction": 0.9,
        "bagging_fraction": 0.9,
        "bagging_freq": 5,
        "verbose": -1,
        "deterministic": true,
        "seed": 42
      }
    },
    {
      "fold": 1,
      "n_train": 108,
      "n_test": 54,
      "auc": 0.5875035036756743,
      "log_loss": 2.8936700401319935,
      "brier": 0.30856478365816925,
      "directional_accuracy": 0.42592592592592593,
      "baseline_auc": 0.5838858789129687,
      "baseline_log_loss": 1.0847615281519436,
      "baseline_brier": 0.21958437646680493,
      "baseline_directional_accuracy": 0.4444444444444444,
      "best_params": {
        "objective": "multiclass",
        "num_class": 3,
        "metric": "multi_logloss",
        "num_leaves": 31,
        "learning_rate": 0.1,
        "min_child_samples": 5,
        "feature_fraction": 0.9,
        "bagging_fraction": 0.9,
        "bagging_freq": 5,
        "verbose": -1,
        "deterministic": true,
        "seed": 42
      }
    },
    {
      "fold": 2,
      "n_train": 162,
      "n_test": 54,
      "auc": 0.47313264399272104,
      "log_loss": 4.372988455116847,
      "brier": 0.3918195502243853,
      "directional_accuracy": 0.35185185185185186,
      "baseline_auc": 0.5184651356345836,
      "baseline_log_loss": 1.095449941451745,
      "baseline_brier": 0.2202156449665146,
      "baseline_directional_accuracy": 0.37037037037037035,
      "best_params": {
        "objective": "multiclass",
        "num_class": 3,
        "metric": "multi_logloss",
        "num_leaves": 31,
        "learning_rate": 0.1,
        "min_child_samples": 5,
        "feature_fraction": 0.9,
        "bagging_fraction": 0.9,
        "bagging_freq": 5,
        "verbose": -1,
        "deterministic": true,
        "seed": 42
      }
    },
    {
      "fold": 3,
      "n_train": 216,
      "n_test": 54,
      "auc": 0.5819262038774234,
      "log_loss": 3.5243644941207672,
      "brier": 0.37564375456032834,
      "directional_accuracy": 0.3148148148148148,
      "baseline_auc": 0.44936567497543106,
      "baseline_log_loss": 1.1619760720233154,
      "baseline_brier": 0.23692267778411946,
      "baseline_directional_accuracy": 0.3333333333333333,
      "best_params": {
        "objective": "multiclass",
        "num_class": 3,
        "metric": "multi_logloss",
        "num_leaves": 31,
        "learning_rate": 0.1,
        "min_child_samples": 5,
        "feature_fraction": 0.9,
        "bagging_fraction": 0.9,
        "bagging_freq": 5,
        "verbose": -1,
        "deterministic": true,
        "seed": 42
      }
    },
    {
      "fold": 4,
      "n_train": 270,
      "n_test": 54,
      "auc": 0.45501375665534355,
      "log_loss": 3.6754249349891164,
      "brier": 0.4111707052777476,
      "directional_accuracy": 0.2777777777777778,
      "baseline_auc": 0.6020510481864791,
      "baseline_log_loss": 1.0699427339553444,
      "baseline_brier": 0.21607631871683952,
      "baseline_directional_accuracy": 0.42592592592592593,
      "best_params": {
        "objective": "multiclass",
        "num_class": 3,
        "metric": "multi_logloss",
        "num_leaves": 31,
        "learning_rate": 0.1,
        "min_child_samples": 5,
        "feature_fraction": 0.9,
        "bagging_fraction": 0.9,
        "bagging_freq": 5,
        "verbose": -1,
        "deterministic": true,
        "seed": 42
      }
    }
  ],
  "note": "Per-coin model for celestia/2h.",
  "directional_call_share": 1.0,
  "directional_call_share_n": 65,
  "directional_call_share_source": "holdout",
  "model_kind": "lightgbm",
  "prior_probs": [],
  "has_regression_head": true,
  "regression_head_stats": {
    "n_train_rows": 188,
    "n_holdout_rows": 48,
    "abs_pred_p50_pct": 1.1477643275283804,
    "abs_pred_p95_pct": 1.7176714409076772,
    "abs_pred_max_pct": 1.8429223003249675,
    "mae_pct": 0.6100353590865389,
    "best_iteration": 15
  },
  "gates_alignment": {
    "n": 65,
    "source": "holdout",
    "min_directional_edge": 0.05,
    "min_expected_return_pct": 0.15,
    "aligned_share": 0.9538461538461539,
    "aligned_loud_share": 0.9538461538461539,
    "aligned_quiet_share": 0.0,
    "loud_classifier_quiet_regressor_share": 0.0,
    "quiet_classifier_loud_regressor_share": 0.046153846153846156,
    "dir_edge_p50": 0.14006246519623283,
    "dir_edge_p95": 0.4728860149560734,
    "abs_magnitude_pct_p50": 1.1535028791978794,
    "abs_magnitude_pct_p95": 1.7993947457392576
  }
}