{
  "coin_id": "injective-protocol",
  "timeframe": "1m",
  "version": "20260422T093712Z",
  "feature_names": [
    "ret1",
    "ret5",
    "ret10",
    "momentum",
    "realizedVol",
    "rsi14",
    "macdLine",
    "macdSignal",
    "macdHist",
    "atr14",
    "atrPct",
    "ema9",
    "ema21",
    "emaSpreadPct",
    "distFromEma9Pct",
    "distFromEma21Pct",
    "bbUpper",
    "bbMiddle",
    "bbLower",
    "bbWidth",
    "bbPctB",
    "bbWidthPct",
    "news_etf_flow",
    "news_regulatory_risk",
    "news_exchange_outage",
    "news_macro_shock",
    "news_whale_move",
    "news_exploit_or_hack",
    "news_stablecoin_event",
    "news_narrative_rotation",
    "news_listing_or_delisting",
    "news_protocol_upgrade",
    "news_high_volume_breakout",
    "news_unusual_volatility",
    "coin_idx"
  ],
  "coin_vocab": [
    "injective-protocol"
  ],
  "n_train_rows": 1452,
  "n_test_rows": 1210,
  "metrics": {
    "auc": 0.55239410855362,
    "log_loss": 2.2224654369587875,
    "brier": 0.27655859955086737,
    "directional_accuracy": 0.4884297520661157
  },
  "baseline_metrics": {
    "auc": 0.5668478572874405,
    "log_loss": 0.9220913149475752,
    "brier": 0.17744933637734392,
    "directional_accuracy": 0.6
  },
  "threshold_pct": 0.03,
  "horizon_candles": 1,
  "class_return_means_pct": [
    -0.37632112102253706,
    0.0007483559868406113,
    0.41065501724597075
  ],
  "fold_metrics": [
    {
      "fold": 0,
      "n_train": 242,
      "n_test": 242,
      "auc": 0.5268781176426739,
      "log_loss": 2.0558247693251808,
      "brier": 0.26056555090877237,
      "directional_accuracy": 0.5454545454545454,
      "baseline_auc": 0.5829919024979794,
      "baseline_log_loss": 0.8362972313532473,
      "baseline_brier": 0.1807924669901372,
      "baseline_directional_accuracy": 0.512396694214876,
      "best_params": {
        "objective": "multiclass",
        "num_class": 3,
        "metric": "multi_logloss",
        "num_leaves": 15,
        "learning_rate": 0.09230320822645494,
        "min_child_samples": 6,
        "feature_fraction": 0.9,
        "bagging_fraction": 0.9,
        "bagging_freq": 5,
        "verbose": -1,
        "deterministic": true,
        "seed": 42
      }
    },
    {
      "fold": 1,
      "n_train": 484,
      "n_test": 242,
      "auc": 0.4486806616705396,
      "log_loss": 4.333208531936427,
      "brier": 0.39553281705956606,
      "directional_accuracy": 0.3181818181818182,
      "baseline_auc": 0.6122145680400031,
      "baseline_log_loss": 1.3584369416571491,
      "baseline_brier": 0.25114609683988126,
      "baseline_directional_accuracy": 0.34710743801652894,
      "best_params": {
        "objective": "multiclass",
        "num_class": 3,
        "metric": "multi_logloss",
        "num_leaves": 31,
        "learning_rate": 0.1,
        "min_child_samples": 5,
        "feature_fraction": 0.9,
        "bagging_fraction": 0.9,
        "bagging_freq": 5,
        "verbose": -1,
        "deterministic": true,
        "seed": 42
      }
    },
    {
      "fold": 2,
      "n_train": 726,
      "n_test": 242,
      "auc": 0.5399483175114707,
      "log_loss": 1.8486537143511528,
      "brier": 0.3139373037270403,
      "directional_accuracy": 0.34297520661157027,
      "baseline_auc": 0.5079282147320258,
      "baseline_log_loss": 0.8035714818325806,
      "baseline_brier": 0.1513512718094289,
      "baseline_directional_accuracy": 0.743801652892562,
      "best_params": {
        "objective": "multiclass",
        "num_class": 3,
        "metric": "multi_logloss",
        "num_leaves": 31,
        "learning_rate": 0.1,
        "min_child_samples": 5,
        "feature_fraction": 0.9,
        "bagging_fraction": 0.9,
        "bagging_freq": 5,
        "verbose": -1,
        "deterministic": true,
        "seed": 42
      }
    },
    {
      "fold": 3,
      "n_train": 968,
      "n_test": 242,
      "auc": 0.6054415104269782,
      "log_loss": 1.5373894050538284,
      "brier": 0.22140796392903125,
      "directional_accuracy": 0.5991735537190083,
      "baseline_auc": 0.5462099613709883,
      "baseline_log_loss": 0.7956931329298162,
      "baseline_brier": 0.15072690705791628,
      "baseline_directional_accuracy": 0.7107438016528925,
      "best_params": {
        "objective": "multiclass",
        "num_class": 3,
        "metric": "multi_logloss",
        "num_leaves": 31,
        "learning_rate": 0.1,
        "min_child_samples": 5,
        "feature_fraction": 0.9,
        "bagging_fraction": 0.9,
        "bagging_freq": 5,
        "verbose": -1,
        "deterministic": true,
        "seed": 42
      }
    },
    {
      "fold": 4,
      "n_train": 1210,
      "n_test": 242,
      "auc": 0.6410219355164376,
      "log_loss": 1.3372507641273497,
      "brier": 0.19134936212992695,
      "directional_accuracy": 0.6363636363636364,
      "baseline_auc": 0.5848946397962056,
      "baseline_log_loss": 0.8164577869650823,
      "baseline_brier": 0.15322993918935604,
      "baseline_directional_accuracy": 0.6859504132231405,
      "best_params": {
        "objective": "multiclass",
        "num_class": 3,
        "metric": "multi_logloss",
        "num_leaves": 31,
        "learning_rate": 0.1,
        "min_child_samples": 5,
        "feature_fraction": 0.9,
        "bagging_fraction": 0.9,
        "bagging_freq": 5,
        "verbose": -1,
        "deterministic": true,
        "seed": 42
      }
    }
  ],
  "note": "Per-coin model for injective-protocol/1m.",
  "directional_call_share": 0.03436426116838488,
  "directional_call_share_n": 291,
  "directional_call_share_source": "holdout",
  "model_kind": "lightgbm",
  "prior_probs": [],
  "has_regression_head": true,
  "regression_head_stats": {
    "n_train_rows": 672,
    "n_holdout_rows": 169,
    "abs_pred_p50_pct": 0.09277806708888359,
    "abs_pred_p95_pct": 0.5180610556299,
    "abs_pred_max_pct": 0.8995574824900674,
    "mae_pct": 0.10290767600527688,
    "best_iteration": 192
  }
}