{
  "coin_id": "jupiter-exchange-solana",
  "timeframe": "2h",
  "version": "20260422T172316Z",
  "feature_names": [
    "ret1",
    "ret5",
    "ret10",
    "momentum",
    "realizedVol",
    "rsi14",
    "macdLine",
    "macdSignal",
    "macdHist",
    "atr14",
    "atrPct",
    "ema9",
    "ema21",
    "emaSpreadPct",
    "distFromEma9Pct",
    "distFromEma21Pct",
    "bbUpper",
    "bbMiddle",
    "bbLower",
    "bbWidth",
    "bbPctB",
    "bbWidthPct",
    "news_etf_flow",
    "news_regulatory_risk",
    "news_exchange_outage",
    "news_macro_shock",
    "news_whale_move",
    "news_exploit_or_hack",
    "news_stablecoin_event",
    "news_narrative_rotation",
    "news_listing_or_delisting",
    "news_protocol_upgrade",
    "news_high_volume_breakout",
    "news_unusual_volatility",
    "coin_idx"
  ],
  "coin_vocab": [
    "jupiter-exchange-solana"
  ],
  "n_train_rows": 325,
  "n_test_rows": 270,
  "metrics": {
    "auc": 0.4831470564477744,
    "log_loss": 3.522591993453959,
    "brier": 0.3685050081431251,
    "directional_accuracy": 0.31481481481481477
  },
  "baseline_metrics": {
    "auc": 0.4976325262033733,
    "log_loss": 1.105253814383176,
    "brier": 0.22345030980462913,
    "directional_accuracy": 0.37407407407407406
  },
  "threshold_pct": 0.28,
  "horizon_candles": 1,
  "class_return_means_pct": [
    -0.9715153765594358,
    0.03405563837229956,
    0.9589274330489179
  ],
  "fold_metrics": [
    {
      "fold": 0,
      "n_train": 54,
      "n_test": 54,
      "auc": 0.46116692346170113,
      "log_loss": 3.47604979194583,
      "brier": 0.3969133369604924,
      "directional_accuracy": 0.2777777777777778,
      "baseline_auc": 0.4991727239396573,
      "baseline_log_loss": 1.1339751225675334,
      "baseline_brier": 0.22911766567447414,
      "baseline_directional_accuracy": 0.37037037037037035,
      "best_params": {
        "objective": "multiclass",
        "num_class": 3,
        "metric": "multi_logloss",
        "num_leaves": 63,
        "learning_rate": 0.053923354646107216,
        "min_child_samples": 5,
        "feature_fraction": 0.9,
        "bagging_fraction": 0.9,
        "bagging_freq": 5,
        "verbose": -1,
        "deterministic": true,
        "seed": 42
      }
    },
    {
      "fold": 1,
      "n_train": 108,
      "n_test": 54,
      "auc": 0.4255133067585175,
      "log_loss": 1.5347446355833114,
      "brier": 0.3085171313677873,
      "directional_accuracy": 0.24074074074074073,
      "baseline_auc": 0.45267622616014314,
      "baseline_log_loss": 1.1473682416155515,
      "baseline_brier": 0.23318594847939234,
      "baseline_directional_accuracy": 0.25925925925925924,
      "best_params": {
        "objective": "multiclass",
        "num_class": 3,
        "metric": "multi_logloss",
        "num_leaves": 31,
        "learning_rate": 0.030105299309792593,
        "min_child_samples": 28,
        "feature_fraction": 0.9,
        "bagging_fraction": 0.9,
        "bagging_freq": 5,
        "verbose": -1,
        "deterministic": true,
        "seed": 42
      }
    },
    {
      "fold": 2,
      "n_train": 162,
      "n_test": 54,
      "auc": 0.45871457374499974,
      "log_loss": 2.8129493200889493,
      "brier": 0.35509711178193476,
      "directional_accuracy": 0.3148148148148148,
      "baseline_auc": 0.45605533960503536,
      "baseline_log_loss": 1.0903297089582888,
      "baseline_brier": 0.21931642681326327,
      "baseline_directional_accuracy": 0.42592592592592593,
      "best_params": {
        "objective": "multiclass",
        "num_class": 3,
        "metric": "multi_logloss",
        "num_leaves": 15,
        "learning_rate": 0.1458466167088754,
        "min_child_samples": 5,
        "feature_fraction": 0.9,
        "bagging_fraction": 0.9,
        "bagging_freq": 5,
        "verbose": -1,
        "deterministic": true,
        "seed": 42
      }
    },
    {
      "fold": 3,
      "n_train": 216,
      "n_test": 54,
      "auc": 0.5758310847817021,
      "log_loss": 5.753889279119641,
      "brier": 0.4245539626916586,
      "directional_accuracy": 0.3148148148148148,
      "baseline_auc": 0.5052991704226272,
      "baseline_log_loss": 1.087239093927798,
      "baseline_brier": 0.21966541118690605,
      "baseline_directional_accuracy": 0.4444444444444444,
      "best_params": {
        "objective": "multiclass",
        "num_class": 3,
        "metric": "multi_logloss",
        "num_leaves": 31,
        "learning_rate": 0.09340308327072934,
        "min_child_samples": 9,
        "feature_fraction": 0.9,
        "bagging_fraction": 0.9,
        "bagging_freq": 5,
        "verbose": -1,
        "deterministic": true,
        "seed": 42
      }
    },
    {
      "fold": 4,
      "n_train": 270,
      "n_test": 54,
      "auc": 0.4945093934919516,
      "log_loss": 4.035326940532064,
      "brier": 0.3574434979137524,
      "directional_accuracy": 0.42592592592592593,
      "baseline_auc": 0.5749591708894034,
      "baseline_log_loss": 1.0673569048467084,
      "baseline_brier": 0.21596609686910975,
      "baseline_directional_accuracy": 0.37037037037037035,
      "best_params": {
        "objective": "multiclass",
        "num_class": 3,
        "metric": "multi_logloss",
        "num_leaves": 15,
        "learning_rate": 0.09230320822645494,
        "min_child_samples": 6,
        "feature_fraction": 0.9,
        "bagging_fraction": 0.9,
        "bagging_freq": 5,
        "verbose": -1,
        "deterministic": true,
        "seed": 42
      }
    }
  ],
  "note": "Per-coin model for jupiter-exchange-solana/2h.",
  "directional_call_share": 1.0,
  "directional_call_share_n": 65,
  "directional_call_share_source": "holdout",
  "model_kind": "lightgbm",
  "prior_probs": [],
  "has_regression_head": true,
  "regression_head_stats": {
    "n_train_rows": 201,
    "n_holdout_rows": 51,
    "abs_pred_p50_pct": 0.951956480993825,
    "abs_pred_p95_pct": 0.9734578666065635,
    "abs_pred_max_pct": 1.0040876833531096,
    "mae_pct": 0.4170641863843695,
    "best_iteration": 1
  },
  "gates_alignment": {
    "n": 65,
    "source": "holdout",
    "min_directional_edge": 0.05,
    "min_expected_return_pct": 0.15,
    "aligned_share": 0.6,
    "aligned_loud_share": 0.6,
    "aligned_quiet_share": 0.0,
    "loud_classifier_quiet_regressor_share": 0.0,
    "quiet_classifier_loud_regressor_share": 0.4,
    "dir_edge_p50": 0.08014440433212994,
    "dir_edge_p95": 0.20000000000000007,
    "abs_magnitude_pct_p50": 0.9435735341156856,
    "abs_magnitude_pct_p95": 0.9734578666065635
  }
}