{
  "prior_probs": [
    0.07692307692307693,
    0.3076923076923077,
    0.6153846153846154
  ],
  "class_return_means_pct": [
    -1.5,
    1.096330389366588,
    3.4947008742780272
  ]
}