{
  "coin_id": "bonk",
  "timeframe": "5m",
  "version": "20260429T083323Z",
  "feature_names": [
    "ret1",
    "ret5",
    "ret10",
    "momentum",
    "realizedVol",
    "rsi14",
    "macdLine",
    "macdSignal",
    "macdHist",
    "atr14",
    "atrPct",
    "ema9",
    "ema21",
    "emaSpreadPct",
    "distFromEma9Pct",
    "distFromEma21Pct",
    "bbUpper",
    "bbMiddle",
    "bbLower",
    "bbWidth",
    "bbPctB",
    "bbWidthPct",
    "volZScore60",
    "funding_rate",
    "open_interest_z",
    "liquidations_1h_usd",
    "bid_ask_spread_bps",
    "btc_lead_ret_5m",
    "eth_lead_ret_5m",
    "btc_liquidations_1h_usd",
    "eth_liquidations_1h_usd",
    "sol_liquidations_1h_usd",
    "session_asia",
    "session_eu",
    "session_us",
    "hour_of_day_sin",
    "hour_of_day_cos",
    "coin_idx"
  ],
  "coin_vocab": [
    "bonk"
  ],
  "n_train_rows": 91918,
  "n_test_rows": 76595,
  "metrics": {
    "auc": 0.649786758686473,
    "log_loss": 0.8312930156095119,
    "brier": 0.15836438980339468,
    "directional_accuracy": 0.6633983941510542
  },
  "baseline_metrics": {
    "auc": 0.649786758686473,
    "log_loss": 0.8312930156095119,
    "brier": 0.15836438980339468,
    "directional_accuracy": 0.6633983941510542
  },
  "threshold_pct": 0.22,
  "horizon_candles": 1,
  "class_return_means_pct": [
    -0.4495973458478098,
    -0.001809102721091655,
    0.47120579642013943
  ],
  "fold_metrics": [
    {
      "fold": 0,
      "n_train": 15319,
      "n_test": 15319,
      "auc": 0.6080132170642963,
      "log_loss": 0.9867668962198691,
      "brier": 0.1952982248452403,
      "directional_accuracy": 0.5382205104771852,
      "baseline_auc": 0.6295894003944285,
      "baseline_log_loss": 0.897345388692681,
      "baseline_brier": 0.1738533040141783,
      "baseline_directional_accuracy": 0.6221685488608917,
      "best_params": {
        "objective": "multiclass",
        "num_class": 3,
        "metric": "multi_logloss",
        "num_leaves": 15,
        "learning_rate": 0.034158253349586096,
        "min_child_samples": 27,
        "feature_fraction": 0.9,
        "bagging_fraction": 0.9,
        "bagging_freq": 5,
        "verbose": -1,
        "deterministic": true,
        "seed": 42
      },
      "feature_importance": [
        6339.984399676323,
        5871.00945430994,
        6338.300221383572,
        7519.361944794655,
        7576.136192083359,
        5548.418961405754,
        4677.885353028774,
        5589.9182133078575,
        6288.883069932461,
        6110.9161749482155,
        18866.84508383274,
        2970.444400012493,
        1987.6002942919731,
        4753.184740066528,
        5801.3885261416435,
        4930.057075977325,
        2382.325388789177,
        1773.4983576536179,
        2868.7567040920258,
        6080.754258453846,
        5619.814192831516,
        5936.298715651035,
        7404.671736240387,
        0.0,
        0.0,
        0.0,
        0.0,
        0.0,
        0.0,
        0.0,
        0.0,
        0.0,
        239.09585344791412,
        59.25899922847748,
        298.66227626800537,
        7798.971695721149,
        7358.271047711372,
        0.0
      ],
      "feature_names": [
        "ret1",
        "ret5",
        "ret10",
        "momentum",
        "realizedVol",
        "rsi14",
        "macdLine",
        "macdSignal",
        "macdHist",
        "atr14",
        "atrPct",
        "ema9",
        "ema21",
        "emaSpreadPct",
        "distFromEma9Pct",
        "distFromEma21Pct",
        "bbUpper",
        "bbMiddle",
        "bbLower",
        "bbWidth",
        "bbPctB",
        "bbWidthPct",
        "volZScore60",
        "funding_rate",
        "open_interest_z",
        "liquidations_1h_usd",
        "bid_ask_spread_bps",
        "btc_lead_ret_5m",
        "eth_lead_ret_5m",
        "btc_liquidations_1h_usd",
        "eth_liquidations_1h_usd",
        "sol_liquidations_1h_usd",
        "session_asia",
        "session_eu",
        "session_us",
        "hour_of_day_sin",
        "hour_of_day_cos",
        "coin_idx"
      ]
    },
    {
      "fold": 1,
      "n_train": 30638,
      "n_test": 15319,
      "auc": 0.6010746155073808,
      "log_loss": 0.9829692864463719,
      "brier": 0.19298967669313163,
      "directional_accuracy": 0.5393955219009073,
      "baseline_auc": 0.6447541640104623,
      "baseline_log_loss": 0.899854956675139,
      "baseline_brier": 0.17421047472950846,
      "baseline_directional_accuracy": 0.6136823552451205,
      "best_params": {
        "objective": "multiclass",
        "num_class": 3,
        "metric": "multi_logloss",
        "num_leaves": 63,
        "learning_rate": 0.045558333203326445,
        "min_child_samples": 5,
        "feature_fraction": 0.9,
        "bagging_fraction": 0.9,
        "bagging_freq": 5,
        "verbose": -1,
        "deterministic": true,
        "seed": 42
      },
      "feature_importance": [
        24128.62084966898,
        22340.24788931012,
        22407.665614008904,
        25311.95182171464,
        26399.475347936153,
        18423.57653105259,
        16108.760128080845,
        18245.4635245502,
        22727.857604146004,
        20709.138549387455,
        44316.06971037388,
        13604.761197179556,
        5365.461092501879,
        16666.18127027154,
        20648.104463487864,
        15187.927637249231,
        6545.1333129405975,
        3652.6124904751778,
        6702.638446629047,
        21071.231158316135,
        20172.109596073627,
        20167.768511265516,
        28190.011680841446,
        0.0,
        0.0,
        0.0,
        0.0,
        0.0,
        0.0,
        0.0,
        0.0,
        0.0,
        934.3882558941841,
        352.32642447948456,
        991.5749871730804,
        24713.767524689436,
        25222.880025833845,
        0.0
      ],
      "feature_names": [
        "ret1",
        "ret5",
        "ret10",
        "momentum",
        "realizedVol",
        "rsi14",
        "macdLine",
        "macdSignal",
        "macdHist",
        "atr14",
        "atrPct",
        "ema9",
        "ema21",
        "emaSpreadPct",
        "distFromEma9Pct",
        "distFromEma21Pct",
        "bbUpper",
        "bbMiddle",
        "bbLower",
        "bbWidth",
        "bbPctB",
        "bbWidthPct",
        "volZScore60",
        "funding_rate",
        "open_interest_z",
        "liquidations_1h_usd",
        "bid_ask_spread_bps",
        "btc_lead_ret_5m",
        "eth_lead_ret_5m",
        "btc_liquidations_1h_usd",
        "eth_liquidations_1h_usd",
        "sol_liquidations_1h_usd",
        "session_asia",
        "session_eu",
        "session_us",
        "hour_of_day_sin",
        "hour_of_day_cos",
        "coin_idx"
      ]
    },
    {
      "fold": 2,
      "n_train": 45957,
      "n_test": 15319,
      "auc": 0.6258979615853227,
      "log_loss": 0.9139761504475361,
      "brier": 0.17729523467487515,
      "directional_accuracy": 0.6004308375220314,
      "baseline_auc": 0.6596090003332709,
      "baseline_log_loss": 0.8447994443454273,
      "baseline_brier": 0.1615604764393461,
      "baseline_directional_accuracy": 0.651021607154514,
      "best_params": {
        "objective": "multiclass",
        "num_class": 3,
        "metric": "multi_logloss",
        "num_leaves": 15,
        "learning_rate": 0.056278669748585135,
        "min_child_samples": 17,
        "feature_fraction": 0.9,
        "bagging_fraction": 0.9,
        "bagging_freq": 5,
        "verbose": -1,
        "deterministic": true,
        "seed": 42
      },