{
  "coin_id": "worldcoin-wld",
  "timeframe": "2h",
  "version": "20260425T100521Z",
  "feature_names": [
    "ret1",
    "ret5",
    "ret10",
    "momentum",
    "realizedVol",
    "rsi14",
    "macdLine",
    "macdSignal",
    "macdHist",
    "atr14",
    "atrPct",
    "ema9",
    "ema21",
    "emaSpreadPct",
    "distFromEma9Pct",
    "distFromEma21Pct",
    "bbUpper",
    "bbMiddle",
    "bbLower",
    "bbWidth",
    "bbPctB",
    "bbWidthPct",
    "funding_rate",
    "open_interest_z",
    "liquidations_1h_usd",
    "bid_ask_spread_bps",
    "btc_lead_ret_5m",
    "eth_lead_ret_5m",
    "btc_liquidations_1h_usd",
    "eth_liquidations_1h_usd",
    "sol_liquidations_1h_usd",
    "session_asia",
    "session_eu",
    "session_us",
    "hour_of_day_sin",
    "hour_of_day_cos",
    "coin_idx"
  ],
  "coin_vocab": [
    "worldcoin-wld"
  ],
  "n_train_rows": 4318,
  "n_test_rows": 3595,
  "metrics": {
    "auc": 0.5149901946521352,
    "log_loss": 2.9933017014074492,
    "brier": 0.34611727905477885,
    "directional_accuracy": 0.3924895688456189
  },
  "baseline_metrics": {
    "auc": 0.537489077054072,
    "log_loss": 1.0665273793632024,
    "brier": 0.21666382682087043,
    "directional_accuracy": 0.4094575799721836
  },
  "threshold_pct": 0.5225,
  "horizon_candles": 4,
  "class_return_means_pct": [
    -2.6288412922097595,
    -0.007127830508798554,
    2.842872046737546
  ],
  "fold_metrics": [
    {
      "fold": 0,
      "n_train": 719,
      "n_test": 719,
      "auc": 0.49658898744128227,
      "log_loss": 3.20809866234215,
      "brier": 0.34931454091414155,
      "directional_accuracy": 0.3894297635605007,
      "baseline_auc": 0.5222313802408082,
      "baseline_log_loss": 1.0605740866430866,
      "baseline_brier": 0.21598588622044781,
      "baseline_directional_accuracy": 0.43115438108484005,
      "best_params": {
        "objective": "multiclass",
        "num_class": 3,
        "metric": "multi_logloss",
        "num_leaves": 31,
        "learning_rate": 0.04488170057528786,
        "min_child_samples": 9,
        "feature_fraction": 0.9,
        "bagging_fraction": 0.9,
        "bagging_freq": 5,
        "verbose": -1,
        "deterministic": true,
        "seed": 42
      },
      "feature_importance": [
        1069.0229963122229,
        839.1397787046096,
        846.9626822982536,
        771.7905959597439,
        1143.541520791201,
        977.9591502004737,
        672.1158503565848,
        600.8822003027049,
        873.2064850781044,
        936.2162335324958,
        1045.0259396505621,
        564.2400887290064,
        557.3821735858437,
        689.3236863846851,
        776.1203589281486,
        469.6879055509687,
        661.4998178061419,
        849.9544600548423,
        856.8889710024405,
        613.3973810733714,
        549.9923862710933,
        685.7571922385464,
        0.0,
        0.0,
        0.0,
        0.0,
        0.0,
        0.0,
        0.0,
        0.0,
        0.0,
        56.91383351708828,
        37.11977349056076,
        50.69889697145845,
        454.19338092451744,
        331.5939464505436,
        0.0
      ],
      "feature_names": [
        "ret1",
        "ret5",
        "ret10",
        "momentum",
        "realizedVol",
        "rsi14",
        "macdLine",
        "macdSignal",
        "macdHist",
        "atr14",
        "atrPct",
        "ema9",
        "ema21",
        "emaSpreadPct",
        "distFromEma9Pct",
        "distFromEma21Pct",
        "bbUpper",
        "bbMiddle",
        "bbLower",
        "bbWidth",
        "bbPctB",
        "bbWidthPct",
        "funding_rate",
        "open_interest_z",
        "liquidations_1h_usd",
        "bid_ask_spread_bps",
        "btc_lead_ret_5m",
        "eth_lead_ret_5m",
        "btc_liquidations_1h_usd",
        "eth_liquidations_1h_usd",
        "sol_liquidations_1h_usd",
        "session_asia",
        "session_eu",
        "session_us",
        "hour_of_day_sin",
        "hour_of_day_cos",
        "coin_idx"
      ]
    },
    {
      "fold": 1,
      "n_train": 1438,
      "n_test": 719,
      "auc": 0.5446282255983707,
      "log_loss": 3.9065363549447527,
      "brier": 0.34090708675418185,
      "directional_accuracy": 0.4325452016689847,
      "baseline_auc": 0.5718678397060316,
      "baseline_log_loss": 1.0557181615900981,
      "baseline_brier": 0.21490713853392227,
      "baseline_directional_accuracy": 0.44645340751043117,
      "best_params": {
        "objective": "multiclass",
        "num_class": 3,
        "metric": "multi_logloss",
        "num_leaves": 63,
        "learning_rate": 0.08793287044956902,
        "min_child_samples": 5,
        "feature_fraction": 0.9,
        "bagging_fraction": 0.9,
        "bagging_freq": 5,
        "verbose": -1,
        "deterministic": true,
        "seed": 42
      },
      "feature_importance": [
        978.4139487317291,
        656.1122828468001,
        870.9052152319061,
        763.8540270143903,
        1314.52878926387,
        725.3217562986788,
        881.454475790164,
        969.5895743026244,
        941.2627537415517,
        866.4100877046517,
        1004.0205094642174,
        792.5231542241556,
        667.4824888380801,
        745.9532464085476,
        790.1330376064627,
        482.7047207415162,
        600.0931780219894,
        534.2216228217162,
        960.3976976977178,
        749.384192763984,
        696.3994622785754,
        614.4720126854629,
        0.0,
        0.0,
        0.0,
        0.0,
        0.0,
        0.0,
        0.0,
        0.0,
        0.0,
        35.561980081649835,
        48.35563815024716,
        33.420913504593955,
        512.6951417562009,
        418.2343593929081,
        0.0
      ],
      "feature_names": [
        "ret1",
        "ret5",
        "ret10",
        "momentum",
        "realizedVol",
        "rsi14",
        "macdLine",
        "macdSignal",
        "macdHist",
        "atr14",
        "atrPct",
        "ema9",
        "ema21",
        "emaSpreadPct",
        "distFromEma9Pct",
        "distFromEma21Pct",
        "bbUpper",
        "bbMiddle",
        "bbLower",
        "bbWidth",
        "bbPctB",
        "bbWidthPct",
        "funding_rate",
        "open_interest_z",
        "liquidations_1h_usd",
        "bid_ask_spread_bps",
        "btc_lead_ret_5m",
        "eth_lead_ret_5m",
        "btc_liquidations_1h_usd",
        "eth_liquidations_1h_usd",
        "sol_liquidations_1h_usd",
        "session_asia",
        "session_eu",
        "session_us",
        "hour_of_day_sin",
        "hour_of_day_cos",
        "coin_idx"
      ]
    },
    {
      "fold": 2,
      "n_train": 2157,
      "n_test": 719,
      "auc": 0.5144343120717324,
      "log_loss": 2.484506594770111,
      "brier": 0.3528850955436475,
      "directional_accuracy": 0.3810848400556328,
      "baseline_auc": 0.5345513768501342,
      "baseline_log_loss": 1.0768242843187592,
      "baseline_brier": 0.2190655319933633,
      "baseline_directional_accuracy": 0.38803894297635605,
      "best_params": {
        "objective": "multiclass",
        "num_class": 3,
        "metric": "multi_logloss",
        "num_leaves": 15,
        "learning_rate": 0.06467181207008,
        "min_child_samples": 28,
        "feature_fraction": 0.9,
        "bagging_fraction": 0.9,
        "bagging_freq": 5,
        "verbose": -1,
        "deterministic": true,
        "seed": 42
      },