{
  "coin_id": "jupiter-exchange-solana",
  "timeframe": "6h",
  "version": "20260422T114608Z",
  "feature_names": [
    "ret1",
    "ret5",
    "ret10",
    "momentum",
    "realizedVol",
    "rsi14",
    "macdLine",
    "macdSignal",
    "macdHist",
    "atr14",
    "atrPct",
    "ema9",
    "ema21",
    "emaSpreadPct",
    "distFromEma9Pct",
    "distFromEma21Pct",
    "bbUpper",
    "bbMiddle",
    "bbLower",
    "bbWidth",
    "bbPctB",
    "bbWidthPct",
    "news_etf_flow",
    "news_regulatory_risk",
    "news_exchange_outage",
    "news_macro_shock",
    "news_whale_move",
    "news_exploit_or_hack",
    "news_stablecoin_event",
    "news_narrative_rotation",
    "news_listing_or_delisting",
    "news_protocol_upgrade",
    "news_high_volume_breakout",
    "news_unusual_volatility",
    "coin_idx"
  ],
  "coin_vocab": [
    "jupiter-exchange-solana"
  ],
  "n_train_rows": 85,
  "n_test_rows": 34,
  "metrics": {
    "auc": 0.6258056758056758,
    "log_loss": 3.1843984652357986,
    "brier": 0.33276253270513867,
    "directional_accuracy": 0.47058823529411764
  },
  "baseline_metrics": {
    "auc": 0.6116642616642617,
    "log_loss": 1.7379218913474046,
    "brier": 0.284946389711696,
    "directional_accuracy": 0.38235294117647056
  },
  "threshold_pct": 0.45,
  "horizon_candles": 1,
  "class_return_means_pct": [
    -1.6349339416405861,
    0.08481904673957354,
    1.7625461765336585
  ],
  "fold_metrics": [
    {
      "fold": 0,
      "n_train": 50,
      "n_test": 17,
      "auc": 0.5650793650793651,
      "log_loss": 4.548870722019532,
      "brier": 0.41023984125443075,
      "directional_accuracy": 0.35294117647058826,
      "baseline_auc": 0.6484126984126984,
      "baseline_log_loss": 1.2233596917165133,
      "baseline_brier": 0.250126327469169,
      "baseline_directional_accuracy": 0.35294117647058826,
      "best_params": {
        "objective": "multiclass",
        "num_class": 3,
        "metric": "multi_logloss",
        "num_leaves": 31,
        "learning_rate": 0.1,
        "min_child_samples": 5,
        "feature_fraction": 0.9,
        "bagging_fraction": 0.9,
        "bagging_freq": 5,
        "verbose": -1,
        "deterministic": true,
        "seed": 42
      }
    },
    {
      "fold": 1,
      "n_train": 67,
      "n_test": 17,
      "auc": 0.6865319865319867,
      "log_loss": 1.819926208452065,
      "brier": 0.2552852241558466,
      "directional_accuracy": 0.5882352941176471,
      "baseline_auc": 0.5749158249158249,
      "baseline_log_loss": 2.252484090978296,
      "baseline_brier": 0.319766451954223,
      "baseline_directional_accuracy": 0.4117647058823529,
      "best_params": {
        "objective": "multiclass",
        "num_class": 3,
        "metric": "multi_logloss",
        "num_leaves": 31,
        "learning_rate": 0.1,
        "min_child_samples": 5,
        "feature_fraction": 0.9,
        "bagging_fraction": 0.9,
        "bagging_freq": 5,
        "verbose": -1,
        "deterministic": true,
        "seed": 42
      }
    }
  ],
  "note": "Per-coin model for jupiter-exchange-solana/6h.",
  "directional_call_share": 1.0,
  "directional_call_share_n": 17,
  "directional_call_share_source": "holdout",
  "model_kind": "lightgbm",
  "prior_probs": [],
  "has_regression_head": true,
  "regression_head_stats": {
    "n_train_rows": 56,
    "n_holdout_rows": 14,
    "abs_pred_p50_pct": 1.3612211840422384,
    "abs_pred_p95_pct": 1.4900633798346723,
    "abs_pred_max_pct": 1.5429882205197853,
    "mae_pct": 0.8012091481175974,
    "best_iteration": 10
  },
  "gates_alignment": {
    "n": 17,
    "source": "holdout",
    "min_directional_edge": 0.05,
    "min_expected_return_pct": 0.15,
    "aligned_share": 1.0,
    "aligned_loud_share": 1.0,
    "aligned_quiet_share": 0.0,
    "loud_classifier_quiet_regressor_share": 0.0,
    "quiet_classifier_loud_regressor_share": 0.0,
    "dir_edge_p50": 0.3076923076923077,
    "dir_edge_p95": 0.911111111111111,
    "abs_magnitude_pct_p50": 1.3612211840422384,
    "abs_magnitude_pct_p95": 1.884598937813991
  }
}