{
  "coin_id": "bonk",
  "timeframe": "1m",
  "version": "20260422T204418Z",
  "feature_names": [
    "ret1",
    "ret5",
    "ret10",
    "momentum",
    "realizedVol",
    "rsi14",
    "macdLine",
    "macdSignal",
    "macdHist",
    "atr14",
    "atrPct",
    "ema9",
    "ema21",
    "emaSpreadPct",
    "distFromEma9Pct",
    "distFromEma21Pct",
    "bbUpper",
    "bbMiddle",
    "bbLower",
    "bbWidth",
    "bbPctB",
    "bbWidthPct",
    "news_etf_flow",
    "news_regulatory_risk",
    "news_exchange_outage",
    "news_macro_shock",
    "news_whale_move",
    "news_exploit_or_hack",
    "news_stablecoin_event",
    "news_narrative_rotation",
    "news_listing_or_delisting",
    "news_protocol_upgrade",
    "news_high_volume_breakout",
    "news_unusual_volatility",
    "coin_idx"
  ],
  "coin_vocab": [
    "bonk"
  ],
  "n_train_rows": 2451,
  "n_test_rows": 2040,
  "metrics": {
    "auc": 0.5369055378887377,
    "log_loss": 2.9561479948455336,
    "brier": 0.29191192529652543,
    "directional_accuracy": 0.48725490196078436
  },
  "baseline_metrics": {
    "auc": 0.549413864262087,
    "log_loss": 0.9977017827582773,
    "brier": 0.19750268904206963,
    "directional_accuracy": 0.5573529411764706
  },
  "threshold_pct": 0.03,
  "horizon_candles": 1,
  "class_return_means_pct": [
    -0.2822923935782128,
    2.348697796617754e-05,
    0.3505954494427542
  ],
  "fold_metrics": [
    {
      "fold": 0,
      "n_train": 408,
      "n_test": 408,
      "auc": 0.5689432508145958,
      "log_loss": 2.761586027419781,
      "brier": 0.3124353661388455,
      "directional_accuracy": 0.44607843137254904,
      "baseline_auc": 0.5642673634818022,
      "baseline_log_loss": 1.0228035620101572,
      "baseline_brier": 0.20489903769517895,
      "baseline_directional_accuracy": 0.4681372549019608,
      "best_params": {
        "objective": "multiclass",
        "num_class": 3,
        "metric": "multi_logloss",
        "num_leaves": 31,
        "learning_rate": 0.04302175211686621,
        "min_child_samples": 20,
        "feature_fraction": 0.9,
        "bagging_fraction": 0.9,
        "bagging_freq": 5,
        "verbose": -1,
        "deterministic": true,
        "seed": 42
      }
    },
    {
      "fold": 1,
      "n_train": 816,
      "n_test": 408,
      "auc": 0.41544584320495814,
      "log_loss": 5.671248315691273,
      "brier": 0.3900016154285428,
      "directional_accuracy": 0.3799019607843137,
      "baseline_auc": 0.5920966392734001,
      "baseline_log_loss": 1.1431706715367849,
      "baseline_brier": 0.23082016623745916,
      "baseline_directional_accuracy": 0.37745098039215685,
      "best_params": {
        "objective": "multiclass",
        "num_class": 3,
        "metric": "multi_logloss",
        "num_leaves": 63,
        "learning_rate": 0.1771648612175078,
        "min_child_samples": 16,
        "feature_fraction": 0.9,
        "bagging_fraction": 0.9,
        "bagging_freq": 5,
        "verbose": -1,
        "deterministic": true,
        "seed": 42
      }
    },
    {
      "fold": 2,
      "n_train": 1224,
      "n_test": 408,
      "auc": 0.5556048358046454,
      "log_loss": 1.4822540008484633,
      "brier": 0.25526574001753904,
      "directional_accuracy": 0.4950980392156863,
      "baseline_auc": 0.45601653172448425,
      "baseline_log_loss": 0.9398195070126539,
      "baseline_brier": 0.18463206814877728,
      "baseline_directional_accuracy": 0.7181372549019608,
      "best_params": {
        "objective": "multiclass",
        "num_class": 3,
        "metric": "multi_logloss",
        "num_leaves": 31,
        "learning_rate": 0.030407215664897895,
        "min_child_samples": 28,
        "feature_fraction": 0.9,
        "bagging_fraction": 0.9,
        "bagging_freq": 5,
        "verbose": -1,
        "deterministic": true,
        "seed": 42
      }
    },
    {
      "fold": 3,
      "n_train": 1632,
      "n_test": 408,
      "auc": 0.5416907800314824,
      "log_loss": 3.4218622018711677,
      "brier": 0.276492303213463,
      "directional_accuracy": 0.5490196078431373,
      "baseline_auc": 0.5885798078675867,
      "baseline_log_loss": 0.9276903982129847,
      "baseline_brier": 0.17840169820107885,
      "baseline_directional_accuracy": 0.625,
      "best_params": {
        "objective": "multiclass",
        "num_class": 3,
        "metric": "multi_logloss",
        "num_leaves": 63,
        "learning_rate": 0.1616480908949161,
        "min_child_samples": 27,
        "feature_fraction": 0.9,
        "bagging_fraction": 0.9,
        "bagging_freq": 5,
        "verbose": -1,
        "deterministic": true,
        "seed": 42
      }
    },
    {
      "fold": 4,
      "n_train": 2040,
      "n_test": 408,
      "auc": 0.6028429795880065,
      "log_loss": 1.4437894283969823,
      "brier": 0.2253646016842367,
      "directional_accuracy": 0.5661764705882353,
      "baseline_auc": 0.5461089789631624,
      "baseline_log_loss": 0.9550247750188058,
      "baseline_brier": 0.18876047492785397,
      "baseline_directional_accuracy": 0.5980392156862745,
      "best_params": {
        "objective": "multiclass",
        "num_class": 3,
        "metric": "multi_logloss",
        "num_leaves": 15,
        "learning_rate": 0.08426212946802603,
        "min_child_samples": 24,
        "feature_fraction": 0.9,
        "bagging_fraction": 0.9,
        "bagging_freq": 5,
        "verbose": -1,
        "deterministic": true,
        "seed": 42
      }
    }
  ],
  "note": "Per-coin model for bonk/1m.",
  "directional_call_share": 0.004073319755600814,
  "directional_call_share_n": 491,
  "directional_call_share_source": "holdout",
  "model_kind": "lightgbm",
  "prior_probs": [],
  "has_regression_head": true,
  "regression_head_stats": {
    "n_train_rows": 1142,
    "n_holdout_rows": 286,
    "abs_pred_p50_pct": 0.12480309512548991,
    "abs_pred_p95_pct": 0.4004970636711288,
    "abs_pred_max_pct": 1.6417948886434803,
    "mae_pct": 0.10409802909682903,
    "best_iteration": 45
  },
  "gates_alignment": {
    "n": 491,
    "source": "holdout",
    "min_directional_edge": 0.05,
    "min_expected_return_pct": 0.15,
    "aligned_share": 0.5315682281059063,
    "aligned_loud_share": 0.0814663951120163,
    "aligned_quiet_share": 0.45010183299389,
    "loud_classifier_quiet_regressor_share": 0.42362525458248473,
    "quiet_classifier_loud_regressor_share": 0.04480651731160896,
    "dir_edge_p50": 0.06180105944673335,
    "dir_edge_p95": 0.18211477288033007,
    "abs_magnitude_pct_p50": 0.12480309512548991,
    "abs_magnitude_pct_p95": 0.16018784141450504
  },
  "specialist_kind": null,
  "regime_subset": [],
  "feature_schema_hash": "726b9f4d8d8b",
  "training_window": {
    "start": "2026-03-24T14:01:00+00:00",
    "end": "2026-04-22T20:40:00+00:00"
  }
}