{
  "coin_id": "render-token",
  "timeframe": "1m",
  "version": "20260422T080128Z",
  "feature_names": [
    "ret1",
    "ret5",
    "ret10",
    "momentum",
    "realizedVol",
    "rsi14",
    "macdLine",
    "macdSignal",
    "macdHist",
    "atr14",
    "atrPct",
    "ema9",
    "ema21",
    "emaSpreadPct",
    "distFromEma9Pct",
    "distFromEma21Pct",
    "bbUpper",
    "bbMiddle",
    "bbLower",
    "bbWidth",
    "bbPctB",
    "bbWidthPct",
    "news_etf_flow",
    "news_regulatory_risk",
    "news_exchange_outage",
    "news_macro_shock",
    "news_whale_move",
    "news_exploit_or_hack",
    "news_stablecoin_event",
    "news_narrative_rotation",
    "news_listing_or_delisting",
    "news_protocol_upgrade",
    "news_high_volume_breakout",
    "news_unusual_volatility",
    "coin_idx"
  ],
  "coin_vocab": [
    "render-token"
  ],
  "n_train_rows": 645,
  "n_test_rows": 535,
  "metrics": {
    "auc": 0.5550862138166583,
    "log_loss": 1.663669678792288,
    "brier": 0.20843976478763943,
    "directional_accuracy": 0.6168224299065421
  },
  "baseline_metrics": {
    "auc": 0.4890540149107999,
    "log_loss": 0.7818065753334539,
    "brier": 0.14535501032423587,
    "directional_accuracy": 0.7233644859813084
  },
  "threshold_pct": 0.03,
  "horizon_candles": 1,
  "class_return_means_pct": [
    -0.09310704025440465,
    -2.667142718038966e-05,
    0.1269049400485074
  ],
  "fold_metrics": [
    {
      "fold": 0,
      "n_train": 107,
      "n_test": 107,
      "auc": 0.48896218150048926,
      "log_loss": 1.5972817789070155,
      "brier": 0.2346230658615106,
      "directional_accuracy": 0.5607476635514018,
      "baseline_auc": 0.5370994428622676,
      "baseline_log_loss": 0.7500817351676557,
      "baseline_brier": 0.1395988770713693,
      "baseline_directional_accuracy": 0.7383177570093458,
      "best_params": {
        "objective": "multiclass",
        "num_class": 3,
        "metric": "multi_logloss",
        "num_leaves": 63,
        "learning_rate": 0.06807764614983679,
        "min_child_samples": 12,
        "feature_fraction": 0.9,
        "bagging_fraction": 0.9,
        "bagging_freq": 5,
        "verbose": -1,
        "deterministic": true,
        "seed": 42
      }
    },
    {
      "fold": 1,
      "n_train": 214,
      "n_test": 107,
      "auc": 0.6189207329878775,
      "log_loss": 1.2693483782304857,
      "brier": 0.17344299710965608,
      "directional_accuracy": 0.7009345794392523,
      "baseline_auc": 0.45401978552879063,
      "baseline_log_loss": 0.6652078825535815,
      "baseline_brier": 0.11633769633142055,
      "baseline_directional_accuracy": 0.8037383177570093,
      "best_params": {
        "objective": "multiclass",
        "num_class": 3,
        "metric": "multi_logloss",
        "num_leaves": 31,
        "learning_rate": 0.09340308327072934,
        "min_child_samples": 9,
        "feature_fraction": 0.9,
        "bagging_fraction": 0.9,
        "bagging_freq": 5,
        "verbose": -1,
        "deterministic": true,
        "seed": 42
      }
    },
    {
      "fold": 2,
      "n_train": 321,
      "n_test": 107,
      "auc": 0.5902996382870549,
      "log_loss": 1.5587413086364883,
      "brier": 0.20034228763878928,
      "directional_accuracy": 0.6448598130841121,
      "baseline_auc": 0.4826382686782929,
      "baseline_log_loss": 0.8492762353730254,
      "baseline_brier": 0.15747040939089527,
      "baseline_directional_accuracy": 0.7009345794392523,
      "best_params": {
        "objective": "multiclass",
        "num_class": 3,
        "metric": "multi_logloss",
        "num_leaves": 63,
        "learning_rate": 0.0938393881004349,
        "min_child_samples": 23,
        "feature_fraction": 0.9,
        "bagging_fraction": 0.9,
        "bagging_freq": 5,
        "verbose": -1,
        "deterministic": true,
        "seed": 42
      }
    },
    {
      "fold": 3,
      "n_train": 428,
      "n_test": 107,
      "auc": 0.5086027822947125,
      "log_loss": 2.7422827755793584,
      "brier": 0.2568660326407797,
      "directional_accuracy": 0.5420560747663551,
      "baseline_auc": 0.5498794781472759,
      "baseline_log_loss": 0.8508166565857445,
      "baseline_brier": 0.1630409774649519,
      "baseline_directional_accuracy": 0.6822429906542056,
      "best_params": {
        "objective": "multiclass",
        "num_class": 3,
        "metric": "multi_logloss",
        "num_leaves": 31,
        "learning_rate": 0.09340308327072934,
        "min_child_samples": 9,
        "feature_fraction": 0.9,
        "bagging_fraction": 0.9,
        "bagging_freq": 5,
        "verbose": -1,
        "deterministic": true,
        "seed": 42
      }
    },
    {
      "fold": 4,
      "n_train": 535,
      "n_test": 107,
      "auc": 0.5686457340131575,
      "log_loss": 1.1506941526080927,
      "brier": 0.1769244406874615,
      "directional_accuracy": 0.6355140186915887,
      "baseline_auc": 0.42163309933737253,
      "baseline_log_loss": 0.7936503669872621,
      "baseline_brier": 0.15032709136254233,
      "baseline_directional_accuracy": 0.6915887850467289,
      "best_params": {
        "objective": "multiclass",
        "num_class": 3,
        "metric": "multi_logloss",
        "num_leaves": 63,
        "learning_rate": 0.0938393881004349,
        "min_child_samples": 23,
        "feature_fraction": 0.9,
        "bagging_fraction": 0.9,
        "bagging_freq": 5,
        "verbose": -1,
        "deterministic": true,
        "seed": 42
      }
    }
  ],
  "note": "Per-coin model for render-token/1m.",
  "directional_call_share": 0.0,
  "directional_call_share_n": 129,
  "directional_call_share_source": "holdout",
  "model_kind": "lightgbm",
  "prior_probs": []
}