{
  "coin_id": "injective-protocol",
  "timeframe": "2h",
  "version": "20260422T152811Z",
  "feature_names": [
    "ret1",
    "ret5",
    "ret10",
    "momentum",
    "realizedVol",
    "rsi14",
    "macdLine",
    "macdSignal",
    "macdHist",
    "atr14",
    "atrPct",
    "ema9",
    "ema21",
    "emaSpreadPct",
    "distFromEma9Pct",
    "distFromEma21Pct",
    "bbUpper",
    "bbMiddle",
    "bbLower",
    "bbWidth",
    "bbPctB",
    "bbWidthPct",
    "news_etf_flow",
    "news_regulatory_risk",
    "news_exchange_outage",
    "news_macro_shock",
    "news_whale_move",
    "news_exploit_or_hack",
    "news_stablecoin_event",
    "news_narrative_rotation",
    "news_listing_or_delisting",
    "news_protocol_upgrade",
    "news_high_volume_breakout",
    "news_unusual_volatility",
    "coin_idx"
  ],
  "coin_vocab": [
    "injective-protocol"
  ],
  "n_train_rows": 325,
  "n_test_rows": 270,
  "metrics": {
    "auc": 0.5230706056589212,
    "log_loss": 3.6538155899485156,
    "brier": 0.381450591488797,
    "directional_accuracy": 0.3333333333333333
  },
  "baseline_metrics": {
    "auc": 0.5150010117745578,
    "log_loss": 1.2727836421709533,
    "brier": 0.24845861083371096,
    "directional_accuracy": 0.32592592592592595
  },
  "threshold_pct": 0.28,
  "horizon_candles": 1,
  "class_return_means_pct": [
    -0.8671883996426439,
    0.012678677117910691,
    0.9851033069700637
  ],
  "fold_metrics": [
    {
      "fold": 0,
      "n_train": 54,
      "n_test": 54,
      "auc": 0.48559503561008555,
      "log_loss": 5.410984798348182,
      "brier": 0.43450328103115005,
      "directional_accuracy": 0.2777777777777778,
      "baseline_auc": 0.48787927289174277,
      "baseline_log_loss": 1.5856562129209977,
      "baseline_brier": 0.2820427349792946,
      "baseline_directional_accuracy": 0.3333333333333333,
      "best_params": {
        "objective": "multiclass",
        "num_class": 3,
        "metric": "multi_logloss",
        "num_leaves": 31,
        "learning_rate": 0.1,
        "min_child_samples": 5,
        "feature_fraction": 0.9,
        "bagging_fraction": 0.9,
        "bagging_freq": 5,
        "verbose": -1,
        "deterministic": true,
        "seed": 42
      }
    },
    {
      "fold": 1,
      "n_train": 108,
      "n_test": 54,
      "auc": 0.6490843440619843,
      "log_loss": 2.419422999422495,
      "brier": 0.3203806663054447,
      "directional_accuracy": 0.42592592592592593,
      "baseline_auc": 0.5457941872286557,
      "baseline_log_loss": 1.1135648288899371,
      "baseline_brier": 0.22723230327219315,
      "baseline_directional_accuracy": 0.3333333333333333,
      "best_params": {
        "objective": "multiclass",
        "num_class": 3,
        "metric": "multi_logloss",
        "num_leaves": 31,
        "learning_rate": 0.1,
        "min_child_samples": 5,
        "feature_fraction": 0.9,
        "bagging_fraction": 0.9,
        "bagging_freq": 5,
        "verbose": -1,
        "deterministic": true,
        "seed": 42
      }
    },
    {
      "fold": 2,
      "n_train": 162,
      "n_test": 54,
      "auc": 0.48025756810239567,
      "log_loss": 4.539688070690325,
      "brier": 0.4136848899169984,
      "directional_accuracy": 0.3333333333333333,
      "baseline_auc": 0.5760891471236299,
      "baseline_log_loss": 1.1615738544257876,
      "baseline_brier": 0.2370597447274495,
      "baseline_directional_accuracy": 0.35185185185185186,
      "best_params": {
        "objective": "multiclass",
        "num_class": 3,
        "metric": "multi_logloss",
        "num_leaves": 31,
        "learning_rate": 0.1,
        "min_child_samples": 5,
        "feature_fraction": 0.9,
        "bagging_fraction": 0.9,
        "bagging_freq": 5,
        "verbose": -1,
        "deterministic": true,
        "seed": 42
      }
    },
    {
      "fold": 3,
      "n_train": 216,
      "n_test": 54,
      "auc": 0.5979525648643297,
      "log_loss": 2.9902700337912114,
      "brier": 0.3487961422868988,
      "directional_accuracy": 0.3888888888888889,
      "baseline_auc": 0.47356902356902353,
      "baseline_log_loss": 1.3512977413545082,
      "baseline_brier": 0.26413966246847154,
      "baseline_directional_accuracy": 0.2962962962962963,
      "best_params": {
        "objective": "multiclass",
        "num_class": 3,
        "metric": "multi_logloss",
        "num_leaves": 31,
        "learning_rate": 0.1,
        "min_child_samples": 5,
        "feature_fraction": 0.9,
        "bagging_fraction": 0.9,
        "bagging_freq": 5,
        "verbose": -1,
        "deterministic": true,
        "seed": 42
      }
    },
    {
      "fold": 4,
      "n_train": 270,
      "n_test": 54,
      "auc": 0.4024635156558101,
      "log_loss": 2.908712047490365,
      "brier": 0.3898879779034931,
      "directional_accuracy": 0.24074074074074073,
      "baseline_auc": 0.491673428059737,
      "baseline_log_loss": 1.1518255732635356,
      "baseline_brier": 0.231818608721146,
      "baseline_directional_accuracy": 0.3148148148148148,
      "best_params": {
        "objective": "multiclass",
        "num_class": 3,
        "metric": "multi_logloss",
        "num_leaves": 31,
        "learning_rate": 0.1,
        "min_child_samples": 5,
        "feature_fraction": 0.9,
        "bagging_fraction": 0.9,
        "bagging_freq": 5,
        "verbose": -1,
        "deterministic": true,
        "seed": 42
      }
    }
  ],
  "note": "Per-coin model for injective-protocol/2h.",
  "directional_call_share": 1.0,
  "directional_call_share_n": 65,
  "directional_call_share_source": "holdout",
  "model_kind": "lightgbm",
  "prior_probs": [],
  "has_regression_head": true,
  "regression_head_stats": {
    "n_train_rows": 171,
    "n_holdout_rows": 43,
    "abs_pred_p50_pct": 0.9216389005969076,
    "abs_pred_p95_pct": 1.2826505905566665,
    "abs_pred_max_pct": 1.3943680121964068,
    "mae_pct": 0.38985263507868884,
    "best_iteration": 8
  },
  "gates_alignment": {
    "n": 65,
    "source": "holdout",
    "min_directional_edge": 0.05,
    "min_expected_return_pct": 0.15,
    "aligned_share": 0.06153846153846154,
    "aligned_loud_share": 0.06153846153846154,
    "aligned_quiet_share": 0.0,
    "loud_classifier_quiet_regressor_share": 0.0,
    "quiet_classifier_loud_regressor_share": 0.9384615384615385,
    "dir_edge_p50": 0.015147184909974243,
    "dir_edge_p95": 0.44215383733483504,
    "abs_magnitude_pct_p50": 0.911253374362047,
    "abs_magnitude_pct_p95": 1.270034642537117
  }
}