{
  "coin_id": "render-token",
  "timeframe": "5m",
  "version": "20260422T113848Z",
  "feature_names": [
    "ret1",
    "ret5",
    "ret10",
    "momentum",
    "realizedVol",
    "rsi14",
    "macdLine",
    "macdSignal",
    "macdHist",
    "atr14",
    "atrPct",
    "ema9",
    "ema21",
    "emaSpreadPct",
    "distFromEma9Pct",
    "distFromEma21Pct",
    "bbUpper",
    "bbMiddle",
    "bbLower",
    "bbWidth",
    "bbPctB",
    "bbWidthPct",
    "news_etf_flow",
    "news_regulatory_risk",
    "news_exchange_outage",
    "news_macro_shock",
    "news_whale_move",
    "news_exploit_or_hack",
    "news_stablecoin_event",
    "news_narrative_rotation",
    "news_listing_or_delisting",
    "news_protocol_upgrade",
    "news_high_volume_breakout",
    "news_unusual_volatility",
    "coin_idx"
  ],
  "coin_vocab": [
    "render-token"
  ],
  "n_train_rows": 858,
  "n_test_rows": 715,
  "metrics": {
    "auc": 0.4993119169544375,
    "log_loss": 2.5669801649617203,
    "brier": 0.31649418292659987,
    "directional_accuracy": 0.441958041958042
  },
  "baseline_metrics": {
    "auc": 0.5062603715228786,
    "log_loss": 1.0011216290382052,
    "brier": 0.2040703706042879,
    "directional_accuracy": 0.41818181818181815
  },
  "threshold_pct": 0.04,
  "horizon_candles": 1,
  "class_return_means_pct": [
    -0.5691900931286149,
    -0.002274375112425634,
    0.5744515207312483
  ],
  "fold_metrics": [
    {
      "fold": 0,
      "n_train": 143,
      "n_test": 143,
      "auc": 0.529972006758488,
      "log_loss": 1.8082623075978712,
      "brier": 0.2600972457278933,
      "directional_accuracy": 0.5104895104895105,
      "baseline_auc": 0.4828013786928038,
      "baseline_log_loss": 0.9090413653605269,
      "baseline_brier": 0.18445835964783322,
      "baseline_directional_accuracy": 0.44755244755244755,
      "best_params": {
        "objective": "multiclass",
        "num_class": 3,
        "metric": "multi_logloss",
        "num_leaves": 31,
        "learning_rate": 0.1,
        "min_child_samples": 5,
        "feature_fraction": 0.9,
        "bagging_fraction": 0.9,
        "bagging_freq": 5,
        "verbose": -1,
        "deterministic": true,
        "seed": 42
      }
    },
    {
      "fold": 1,
      "n_train": 286,
      "n_test": 143,
      "auc": 0.43529976113604746,
      "log_loss": 2.6770608389709416,
      "brier": 0.3409877922309377,
      "directional_accuracy": 0.4125874125874126,
      "baseline_auc": 0.550277055936163,
      "baseline_log_loss": 0.9570967214457993,
      "baseline_brier": 0.20389862627030622,
      "baseline_directional_accuracy": 0.43356643356643354,
      "best_params": {
        "objective": "multiclass",
        "num_class": 3,
        "metric": "multi_logloss",
        "num_leaves": 31,
        "learning_rate": 0.1,
        "min_child_samples": 5,
        "feature_fraction": 0.9,
        "bagging_fraction": 0.9,
        "bagging_freq": 5,
        "verbose": -1,
        "deterministic": true,
        "seed": 42
      }
    },
    {
      "fold": 2,
      "n_train": 429,
      "n_test": 143,
      "auc": 0.5140219611251259,
      "log_loss": 2.0969078117255853,
      "brier": 0.2879319338275248,
      "directional_accuracy": 0.5104895104895105,
      "baseline_auc": 0.5036200277153048,
      "baseline_log_loss": 0.8065043139172122,
      "baseline_brier": 0.17982492924320068,
      "baseline_directional_accuracy": 0.4405594405594406,
      "best_params": {
        "objective": "multiclass",
        "num_class": 3,
        "metric": "multi_logloss",
        "num_leaves": 31,
        "learning_rate": 0.1,
        "min_child_samples": 5,
        "feature_fraction": 0.9,
        "bagging_fraction": 0.9,
        "bagging_freq": 5,
        "verbose": -1,
        "deterministic": true,
        "seed": 42
      }
    },
    {
      "fold": 3,
      "n_train": 572,
      "n_test": 143,
      "auc": 0.5080339581791352,
      "log_loss": 3.1375861989161966,
      "brier": 0.34128651256641246,
      "directional_accuracy": 0.3986013986013986,
      "baseline_auc": 0.49838343645836325,
      "baseline_log_loss": 1.146004409351218,
      "baseline_brier": 0.21420646612392555,
      "baseline_directional_accuracy": 0.45454545454545453,
      "best_params": {
        "objective": "multiclass",
        "num_class": 3,
        "metric": "multi_logloss",
        "num_leaves": 31,
        "learning_rate": 0.1,
        "min_child_samples": 5,
        "feature_fraction": 0.9,
        "bagging_fraction": 0.9,
        "bagging_freq": 5,
        "verbose": -1,
        "deterministic": true,
        "seed": 42
      }
    },
    {
      "fold": 4,
      "n_train": 715,
      "n_test": 143,
      "auc": 0.5092318975733908,
      "log_loss": 3.115083667598005,
      "brier": 0.3521674302802312,
      "directional_accuracy": 0.3776223776223776,
      "baseline_auc": 0.496219958811758,
      "baseline_log_loss": 1.1869613351162687,
      "baseline_brier": 0.23796347173617374,
      "baseline_directional_accuracy": 0.3146853146853147,
      "best_params": {
        "objective": "multiclass",
        "num_class": 3,
        "metric": "multi_logloss",
        "num_leaves": 31,
        "learning_rate": 0.1,
        "min_child_samples": 5,
        "feature_fraction": 0.9,
        "bagging_fraction": 0.9,
        "bagging_freq": 5,
        "verbose": -1,
        "deterministic": true,
        "seed": 42
      }
    }
  ],
  "note": "Per-coin model for render-token/5m.",
  "directional_call_share": 1.0,
  "directional_call_share_n": 172,
  "directional_call_share_source": "holdout",
  "model_kind": "lightgbm",
  "prior_probs": [],
  "has_regression_head": true,
  "regression_head_stats": {
    "n_train_rows": 626,
    "n_holdout_rows": 157,
    "abs_pred_p50_pct": 0.6823051879976413,
    "abs_pred_p95_pct": 0.6823051879976413,
    "abs_pred_max_pct": 0.7237922126445145,
    "mae_pct": 0.5261215150709554,
    "best_iteration": 1
  },
  "gates_alignment": {
    "n": 172,
    "source": "holdout",
    "min_directional_edge": 0.05,
    "min_expected_return_pct": 0.15,
    "aligned_share": 0.7906976744186046,
    "aligned_loud_share": 0.7906976744186046,
    "aligned_quiet_share": 0.0,
    "loud_classifier_quiet_regressor_share": 0.0,
    "quiet_classifier_loud_regressor_share": 0.20930232558139536,
    "dir_edge_p50": 0.0924684759792172,
    "dir_edge_p95": 0.2984822934232715,
    "abs_magnitude_pct_p50": 0.6823051879976413,
    "abs_magnitude_pct_p95": 0.6823051879976413
  }
}