{
  "coin_id": "jupiter-exchange-solana",
  "timeframe": "2h",
  "version": "20260429T152834Z",
  "feature_names": [
    "ret1",
    "ret5",
    "ret10",
    "momentum",
    "realizedVol",
    "rsi14",
    "macdLine",
    "macdSignal",
    "macdHist",
    "atr14",
    "atrPct",
    "ema9",
    "ema21",
    "emaSpreadPct",
    "distFromEma9Pct",
    "distFromEma21Pct",
    "bbUpper",
    "bbMiddle",
    "bbLower",
    "bbWidth",
    "bbPctB",
    "bbWidthPct",
    "volZScore60",
    "funding_rate",
    "open_interest_z",
    "liquidations_1h_usd",
    "bid_ask_spread_bps",
    "btc_lead_ret_5m",
    "eth_lead_ret_5m",
    "btc_liquidations_1h_usd",
    "eth_liquidations_1h_usd",
    "sol_liquidations_1h_usd",
    "session_asia",
    "session_eu",
    "session_us",
    "hour_of_day_sin",
    "hour_of_day_cos",
    "coin_idx"
  ],
  "coin_vocab": [
    "jupiter-exchange-solana"
  ],
  "n_train_rows": 4267,
  "n_test_rows": 3555,
  "metrics": {
    "auc": 0.5197902307495438,
    "log_loss": 2.203592751629946,
    "brier": 0.315113735737164,
    "directional_accuracy": 0.40450070323488047
  },
  "baseline_metrics": {
    "auc": 0.5341450022923163,
    "log_loss": 1.080043937439641,
    "brier": 0.21930478193530495,
    "directional_accuracy": 0.4151898734177215
  },
  "threshold_pct": 0.5225,
  "horizon_candles": 4,
  "class_return_means_pct": [
    -2.5865355439193225,
    0.007751314242312143,
    2.4965320885796065
  ],
  "fold_metrics": [
    {
      "fold": 0,
      "n_train": 711,
      "n_test": 711,
      "auc": 0.48596320730674614,
      "log_loss": 2.7891328504715176,
      "brier": 0.3283659096834579,
      "directional_accuracy": 0.4078762306610408,
      "baseline_auc": 0.5564046994716966,
      "baseline_log_loss": 1.0128125397497034,
      "baseline_brier": 0.20347930090016172,
      "baseline_directional_accuracy": 0.4781997187060478,
      "best_params": {
        "objective": "multiclass",
        "num_class": 3,
        "metric": "multi_logloss",
        "num_leaves": 31,
        "learning_rate": 0.09340308327072934,
        "min_child_samples": 9,
        "feature_fraction": 0.9,
        "bagging_fraction": 0.9,
        "bagging_freq": 5,
        "verbose": -1,
        "deterministic": true,
        "seed": 42
      },
      "feature_importance": [
        1045.9261648640677,
        914.3705523135723,
        728.0335455770546,
        743.6287558860204,
        1040.2998792809376,
        397.0428904975415,
        551.3928834405087,
        832.2705322430702,
        1028.2405206752592,
        758.9347980941529,
        798.536628458125,
        548.5769918520527,
        646.731189797807,
        490.2974646726798,
        828.790590710938,
        566.7820706765342,
        878.5492893663759,
        638.9944577699061,
        1115.7187620963668,
        587.54958132311,
        761.2280890883121,
        463.48310859457706,
        985.9898776884074,
        0.0,
        0.0,
        0.0,
        0.0,
        0.0,
        0.0,
        0.0,
        0.0,
        0.0,
        145.84722770028748,
        57.67262547579594,
        55.50851077993866,
        488.04316561378073,
        384.2423074763501,
        0.0
      ],
      "feature_names": [
        "ret1",
        "ret5",
        "ret10",
        "momentum",
        "realizedVol",
        "rsi14",
        "macdLine",
        "macdSignal",
        "macdHist",
        "atr14",
        "atrPct",
        "ema9",
        "ema21",
        "emaSpreadPct",
        "distFromEma9Pct",
        "distFromEma21Pct",
        "bbUpper",
        "bbMiddle",
        "bbLower",
        "bbWidth",
        "bbPctB",
        "bbWidthPct",
        "volZScore60",
        "funding_rate",
        "open_interest_z",
        "liquidations_1h_usd",
        "bid_ask_spread_bps",
        "btc_lead_ret_5m",
        "eth_lead_ret_5m",
        "btc_liquidations_1h_usd",
        "eth_liquidations_1h_usd",
        "sol_liquidations_1h_usd",
        "session_asia",
        "session_eu",
        "session_us",
        "hour_of_day_sin",
        "hour_of_day_cos",
        "coin_idx"
      ]
    },
    {
      "fold": 1,
      "n_train": 1422,
      "n_test": 711,
      "auc": 0.5750781891192576,
      "log_loss": 1.8564148519399355,
      "brier": 0.2844827109486056,
      "directional_accuracy": 0.44163150492264414,
      "baseline_auc": 0.5259658680800191,
      "baseline_log_loss": 1.092528476314754,
      "baseline_brier": 0.22170635084325976,
      "baseline_directional_accuracy": 0.43037974683544306,
      "best_params": {
        "objective": "multiclass",
        "num_class": 3,
        "metric": "multi_logloss",
        "num_leaves": 31,
        "learning_rate": 0.09340308327072934,
        "min_child_samples": 9,
        "feature_fraction": 0.9,
        "bagging_fraction": 0.9,
        "bagging_freq": 5,
        "verbose": -1,
        "deterministic": true,
        "seed": 42
      },
      "feature_importance": [
        1873.1238645333797,
        1718.9264501500875,
        1781.7233948353678,
        1692.6139846593142,
        2293.9058405626565,
        1070.9300590809435,
        1161.6455831117928,
        1912.6071424689144,
        2017.3373787477612,
        1520.4493016917259,
        1771.9196599759161,
        1094.132355477661,
        1014.5428403075784,
        1283.7802871540189,
        1324.8823655936867,
        1313.0776397660375,
        1625.4640717636794,
        891.0396150071174,
        1752.7679449766874,
        1526.7718035578728,
        1404.5058824680746,
        1398.8852044902742,
        2055.3264571651816,
        0.0,
        0.0,
        0.0,
        0.0,
        0.0,
        0.0,
        0.0,
        0.0,
        0.0,
        202.30111914128065,
        137.34893506020308,
        91.6975843347609,
        698.6828572545201,
        529.0372236128896,
        0.0
      ],
      "feature_names": [
        "ret1",
        "ret5",
        "ret10",
        "momentum",
        "realizedVol",
        "rsi14",
        "macdLine",
        "macdSignal",
        "macdHist",
        "atr14",
        "atrPct",
        "ema9",
        "ema21",
        "emaSpreadPct",
        "distFromEma9Pct",
        "distFromEma21Pct",
        "bbUpper",
        "bbMiddle",
        "bbLower",
        "bbWidth",
        "bbPctB",
        "bbWidthPct",
        "volZScore60",
        "funding_rate",
        "open_interest_z",
        "liquidations_1h_usd",
        "bid_ask_spread_bps",
        "btc_lead_ret_5m",
        "eth_lead_ret_5m",
        "btc_liquidations_1h_usd",
        "eth_liquidations_1h_usd",
        "sol_liquidations_1h_usd",
        "session_asia",
        "session_eu",
        "session_us",
        "hour_of_day_sin",
        "hour_of_day_cos",
        "coin_idx"
      ]
    },
    {
      "fold": 2,
      "n_train": 2133,
      "n_test": 711,
      "auc": 0.5338702274957313,
      "log_loss": 2.4847077548743846,
      "brier": 0.3410501077821957,
      "directional_accuracy": 0.3755274261603376,
      "baseline_auc": 0.5347103584022613,
      "baseline_log_loss": 1.178934312503848,
      "baseline_brier": 0.2437344270003394,
      "baseline_directional_accuracy": 0.3488045007032349,
      "best_params": {
        "objective": "multiclass",
        "num_class": 3,
        "metric": "multi_logloss",
        "num_leaves": 63,
        "learning_rate": 0.030333007049605884,
        "min_child_samples": 24,
        "feature_fraction": 0.9,
        "bagging_fraction": 0.9,
        "bagging_freq": 5,
        "verbose": -1,
        "deterministic": true,
        "seed": 42
      },