{
  "coin_id": "render-token",
  "timeframe": "1m",
  "version": "20260422T090512Z",
  "feature_names": [
    "ret1",
    "ret5",
    "ret10",
    "momentum",
    "realizedVol",
    "rsi14",
    "macdLine",
    "macdSignal",
    "macdHist",
    "atr14",
    "atrPct",
    "ema9",
    "ema21",
    "emaSpreadPct",
    "distFromEma9Pct",
    "distFromEma21Pct",
    "bbUpper",
    "bbMiddle",
    "bbLower",
    "bbWidth",
    "bbPctB",
    "bbWidthPct",
    "news_etf_flow",
    "news_regulatory_risk",
    "news_exchange_outage",
    "news_macro_shock",
    "news_whale_move",
    "news_exploit_or_hack",
    "news_stablecoin_event",
    "news_narrative_rotation",
    "news_listing_or_delisting",
    "news_protocol_upgrade",
    "news_high_volume_breakout",
    "news_unusual_volatility",
    "coin_idx"
  ],
  "coin_vocab": [
    "render-token"
  ],
  "n_train_rows": 1416,
  "n_test_rows": 1180,
  "metrics": {
    "auc": 0.5351652700581008,
    "log_loss": 1.5950494826288728,
    "brier": 0.22999506598789932,
    "directional_accuracy": 0.5516949152542373
  },
  "baseline_metrics": {
    "auc": 0.5397277548156936,
    "log_loss": 0.8909407950020507,
    "brier": 0.1708950069781775,
    "directional_accuracy": 0.6177966101694915
  },
  "threshold_pct": 0.03,
  "horizon_candles": 1,
  "class_return_means_pct": [
    -0.5358870435335115,
    0.0003215415921249253,
    0.539249082021058
  ],
  "fold_metrics": [
    {
      "fold": 0,
      "n_train": 236,
      "n_test": 236,
      "auc": 0.5262033239801425,
      "log_loss": 1.3650792346797171,
      "brier": 0.24708198198229012,
      "directional_accuracy": 0.4788135593220339,
      "baseline_auc": 0.5306233062330623,
      "baseline_log_loss": 0.8608464191712455,
      "baseline_brier": 0.18469361699340273,
      "baseline_directional_accuracy": 0.4915254237288136,
      "best_params": {
        "objective": "multiclass",
        "num_class": 3,
        "metric": "multi_logloss",
        "num_leaves": 63,
        "learning_rate": 0.0938393881004349,
        "min_child_samples": 23,
        "feature_fraction": 0.9,
        "bagging_fraction": 0.9,
        "bagging_freq": 5,
        "verbose": -1,
        "deterministic": true,
        "seed": 42
      }
    },
    {
      "fold": 1,
      "n_train": 472,
      "n_test": 236,
      "auc": 0.5691002206394993,
      "log_loss": 2.045064409654844,
      "brier": 0.30825522324480903,
      "directional_accuracy": 0.3898305084745763,
      "baseline_auc": 0.5538956702032592,
      "baseline_log_loss": 1.2258486850892565,
      "baseline_brier": 0.22879209255173363,
      "baseline_directional_accuracy": 0.4194915254237288,
      "best_params": {
        "objective": "multiclass",
        "num_class": 3,
        "metric": "multi_logloss",
        "num_leaves": 31,
        "learning_rate": 0.04488170057528786,
        "min_child_samples": 9,
        "feature_fraction": 0.9,
        "bagging_fraction": 0.9,
        "bagging_freq": 5,
        "verbose": -1,
        "deterministic": true,
        "seed": 42
      }
    },
    {
      "fold": 2,
      "n_train": 708,
      "n_test": 236,
      "auc": 0.49629951241979536,
      "log_loss": 1.9350924388186128,
      "brier": 0.219607453445305,
      "directional_accuracy": 0.6059322033898306,
      "baseline_auc": 0.5226787529381869,
      "baseline_log_loss": 0.8057459349382039,
      "baseline_brier": 0.1507448598532647,
      "baseline_directional_accuracy": 0.7372881355932204,
      "best_params": {
        "objective": "multiclass",
        "num_class": 3,
        "metric": "multi_logloss",
        "num_leaves": 63,
        "learning_rate": 0.0938393881004349,
        "min_child_samples": 23,
        "feature_fraction": 0.9,
        "bagging_fraction": 0.9,
        "bagging_freq": 5,
        "verbose": -1,
        "deterministic": true,
        "seed": 42
      }
    },
    {
      "fold": 3,
      "n_train": 944,
      "n_test": 236,
      "auc": 0.5108673895415261,
      "log_loss": 1.6022145126346792,
      "brier": 0.19014995954511119,
      "directional_accuracy": 0.6652542372881356,
      "baseline_auc": 0.49547705821885807,
      "baseline_log_loss": 0.7660938506965539,
      "baseline_brier": 0.14186038971470885,
      "baseline_directional_accuracy": 0.7372881355932204,
      "best_params": {
        "objective": "multiclass",
        "num_class": 3,
        "metric": "multi_logloss",
        "num_leaves": 63,
        "learning_rate": 0.06807764614983679,
        "min_child_samples": 12,
        "feature_fraction": 0.9,
        "bagging_fraction": 0.9,
        "bagging_freq": 5,
        "verbose": -1,
        "deterministic": true,
        "seed": 42
      }
    },
    {
      "fold": 4,
      "n_train": 1180,
      "n_test": 236,
      "auc": 0.5733559037095407,
      "log_loss": 1.0277968173565122,
      "brier": 0.18488071172198128,
      "directional_accuracy": 0.6186440677966102,
      "baseline_auc": 0.5959639864851013,
      "baseline_log_loss": 0.7961690851149934,
      "baseline_brier": 0.14838407577777754,
      "baseline_directional_accuracy": 0.7033898305084746,
      "best_params": {
        "objective": "multiclass",
        "num_class": 3,
        "metric": "multi_logloss",
        "num_leaves": 15,
        "learning_rate": 0.09230320822645494,
        "min_child_samples": 6,
        "feature_fraction": 0.9,
        "bagging_fraction": 0.9,
        "bagging_freq": 5,
        "verbose": -1,
        "deterministic": true,
        "seed": 42
      }
    }
  ],
  "note": "Per-coin model for render-token/1m.",
  "directional_call_share": 0.017605633802816902,
  "directional_call_share_n": 284,
  "directional_call_share_source": "holdout",
  "model_kind": "lightgbm",
  "prior_probs": []
}