{
  "coin_id": "celestia",
  "timeframe": "1m",
  "version": "20260422T075628Z",
  "feature_names": [
    "ret1",
    "ret5",
    "ret10",
    "momentum",
    "realizedVol",
    "rsi14",
    "macdLine",
    "macdSignal",
    "macdHist",
    "atr14",
    "atrPct",
    "ema9",
    "ema21",
    "emaSpreadPct",
    "distFromEma9Pct",
    "distFromEma21Pct",
    "bbUpper",
    "bbMiddle",
    "bbLower",
    "bbWidth",
    "bbPctB",
    "bbWidthPct",
    "news_etf_flow",
    "news_regulatory_risk",
    "news_exchange_outage",
    "news_macro_shock",
    "news_whale_move",
    "news_exploit_or_hack",
    "news_stablecoin_event",
    "news_narrative_rotation",
    "news_listing_or_delisting",
    "news_protocol_upgrade",
    "news_high_volume_breakout",
    "news_unusual_volatility",
    "coin_idx"
  ],
  "coin_vocab": [
    "celestia"
  ],
  "n_train_rows": 644,
  "n_test_rows": 535,
  "metrics": {
    "auc": 0.5541009267679657,
    "log_loss": 1.8140063121580077,
    "brier": 0.24079285175251938,
    "directional_accuracy": 0.5476635514018691
  },
  "baseline_metrics": {
    "auc": 0.5236235724000347,
    "log_loss": 0.8043784405974101,
    "brier": 0.15142427211742873,
    "directional_accuracy": 0.6934579439252335
  },
  "threshold_pct": 0.03,
  "horizon_candles": 1,
  "class_return_means_pct": [
    -0.09358240106011603,
    0.0009593105762755573,
    0.10900918723283387
  ],
  "fold_metrics": [
    {
      "fold": 0,
      "n_train": 107,
      "n_test": 107,
      "auc": 0.44819157450736397,
      "log_loss": 3.1844918082353586,
      "brier": 0.2991819397130424,
      "directional_accuracy": 0.5046728971962616,
      "baseline_auc": 0.4648779096147517,
      "baseline_log_loss": 1.0037804579017413,
      "baseline_brier": 0.19823908545407828,
      "baseline_directional_accuracy": 0.5233644859813084,
      "best_params": {
        "objective": "multiclass",
        "num_class": 3,
        "metric": "multi_logloss",
        "num_leaves": 15,
        "learning_rate": 0.09230320822645494,
        "min_child_samples": 6,
        "feature_fraction": 0.9,
        "bagging_fraction": 0.9,
        "bagging_freq": 5,
        "verbose": -1,
        "deterministic": true,
        "seed": 42
      }
    },
    {
      "fold": 1,
      "n_train": 214,
      "n_test": 107,
      "auc": 0.5666420372422823,
      "log_loss": 1.7348112211062092,
      "brier": 0.32112198216322224,
      "directional_accuracy": 0.35514018691588783,
      "baseline_auc": 0.4662366239540596,
      "baseline_log_loss": 0.7700418325032383,
      "baseline_brier": 0.1427059948514114,
      "baseline_directional_accuracy": 0.7383177570093458,
      "best_params": {
        "objective": "multiclass",
        "num_class": 3,
        "metric": "multi_logloss",
        "num_leaves": 63,
        "learning_rate": 0.0938393881004349,
        "min_child_samples": 23,
        "feature_fraction": 0.9,
        "bagging_fraction": 0.9,
        "bagging_freq": 5,
        "verbose": -1,
        "deterministic": true,
        "seed": 42
      }
    },
    {
      "fold": 2,
      "n_train": 321,
      "n_test": 107,
      "auc": 0.6192181378678002,
      "log_loss": 1.2011919147764931,
      "brier": 0.160457290712569,
      "directional_accuracy": 0.7102803738317757,
      "baseline_auc": 0.6199646340156467,
      "baseline_log_loss": 0.6647910168774323,
      "baseline_brier": 0.11802480097190338,
      "baseline_directional_accuracy": 0.8037383177570093,
      "best_params": {
        "objective": "multiclass",
        "num_class": 3,
        "metric": "multi_logloss",
        "num_leaves": 63,
        "learning_rate": 0.06807764614983679,
        "min_child_samples": 12,
        "feature_fraction": 0.9,
        "bagging_fraction": 0.9,
        "bagging_freq": 5,
        "verbose": -1,
        "deterministic": true,
        "seed": 42
      }
    },
    {
      "fold": 3,
      "n_train": 428,
      "n_test": 107,
      "auc": 0.6071591938527422,
      "log_loss": 1.21786380661203,
      "brier": 0.1829279418484866,
      "directional_accuracy": 0.6542056074766355,
      "baseline_auc": 0.5328462308301019,
      "baseline_log_loss": 0.7852197844711817,
      "baseline_brier": 0.14863798997411082,
      "baseline_directional_accuracy": 0.719626168224299,
      "best_params": {
        "objective": "multiclass",
        "num_class": 3,
        "metric": "multi_logloss",
        "num_leaves": 31,
        "learning_rate": 0.04488170057528786,
        "min_child_samples": 9,
        "feature_fraction": 0.9,
        "bagging_fraction": 0.9,
        "bagging_freq": 5,
        "verbose": -1,
        "deterministic": true,
        "seed": 42
      }
    },
    {
      "fold": 4,
      "n_train": 535,
      "n_test": 107,
      "auc": 0.5292936903696398,
      "log_loss": 1.731672810059947,
      "brier": 0.24027510432527666,
      "directional_accuracy": 0.514018691588785,
      "baseline_auc": 0.5341924635856132,
      "baseline_log_loss": 0.7980591112334565,
      "baseline_brier": 0.14951348933563982,
      "baseline_directional_accuracy": 0.6822429906542056,
      "best_params": {
        "objective": "multiclass",
        "num_class": 3,
        "metric": "multi_logloss",
        "num_leaves": 15,
        "learning_rate": 0.09230320822645494,
        "min_child_samples": 6,
        "feature_fraction": 0.9,
        "bagging_fraction": 0.9,
        "bagging_freq": 5,
        "verbose": -1,
        "deterministic": true,
        "seed": 42
      }
    }
  ],
  "note": "Per-coin model for celestia/1m.",
  "directional_call_share": 0.0,
  "directional_call_share_n": 129,
  "directional_call_share_source": "holdout",
  "model_kind": "lightgbm",
  "prior_probs": []
}