{
  "coin_id": "floki-inu",
  "timeframe": "1m",
  "version": "20260422T091647Z",
  "feature_names": [
    "ret1",
    "ret5",
    "ret10",
    "momentum",
    "realizedVol",
    "rsi14",
    "macdLine",
    "macdSignal",
    "macdHist",
    "atr14",
    "atrPct",
    "ema9",
    "ema21",
    "emaSpreadPct",
    "distFromEma9Pct",
    "distFromEma21Pct",
    "bbUpper",
    "bbMiddle",
    "bbLower",
    "bbWidth",
    "bbPctB",
    "bbWidthPct",
    "news_etf_flow",
    "news_regulatory_risk",
    "news_exchange_outage",
    "news_macro_shock",
    "news_whale_move",
    "news_exploit_or_hack",
    "news_stablecoin_event",
    "news_narrative_rotation",
    "news_listing_or_delisting",
    "news_protocol_upgrade",
    "news_high_volume_breakout",
    "news_unusual_volatility",
    "coin_idx"
  ],
  "coin_vocab": [
    "floki-inu"
  ],
  "n_train_rows": 1428,
  "n_test_rows": 1190,
  "metrics": {
    "auc": 0.5398403363414529,
    "log_loss": 1.9722208783513153,
    "brier": 0.2679638950477208,
    "directional_accuracy": 0.4756302521008403
  },
  "baseline_metrics": {
    "auc": 0.49796499277386824,
    "log_loss": 1.1427905098187643,
    "brier": 0.20407614818458036,
    "directional_accuracy": 0.534453781512605
  },
  "threshold_pct": 0.03,
  "horizon_candles": 1,
  "class_return_means_pct": [
    -0.4233265654067487,
    0.0004588515528836776,
    0.47308915838173227
  ],
  "fold_metrics": [
    {
      "fold": 0,
      "n_train": 238,
      "n_test": 238,
      "auc": 0.5734983327979647,
      "log_loss": 1.0854810333738858,
      "brier": 0.22020203994115228,
      "directional_accuracy": 0.4789915966386555,
      "baseline_auc": 0.5476550333545434,
      "baseline_log_loss": 0.8498562769717394,
      "baseline_brier": 0.18013177186586327,
      "baseline_directional_accuracy": 0.5546218487394958,
      "best_params": {
        "objective": "multiclass",
        "num_class": 3,
        "metric": "multi_logloss",
        "num_leaves": 31,
        "learning_rate": 0.04488170057528786,
        "min_child_samples": 9,
        "feature_fraction": 0.9,
        "bagging_fraction": 0.9,
        "bagging_freq": 5,
        "verbose": -1,
        "deterministic": true,
        "seed": 42
      }
    },
    {
      "fold": 1,
      "n_train": 476,
      "n_test": 238,
      "auc": 0.42433316090825474,
      "log_loss": 3.232087381286815,
      "brier": 0.32718441054625186,
      "directional_accuracy": 0.42016806722689076,
      "baseline_auc": 0.370822487464999,
      "baseline_log_loss": 1.5751813358933993,
      "baseline_brier": 0.24560182854611043,
      "baseline_directional_accuracy": 0.3907563025210084,
      "best_params": {
        "objective": "multiclass",
        "num_class": 3,
        "metric": "multi_logloss",
        "num_leaves": 63,
        "learning_rate": 0.06807764614983679,
        "min_child_samples": 12,
        "feature_fraction": 0.9,
        "bagging_fraction": 0.9,
        "bagging_freq": 5,
        "verbose": -1,
        "deterministic": true,
        "seed": 42
      }
    },
    {
      "fold": 2,
      "n_train": 714,
      "n_test": 238,
      "auc": 0.5153109146437712,
      "log_loss": 2.0357464433962433,
      "brier": 0.2846250862343556,
      "directional_accuracy": 0.42857142857142855,
      "baseline_auc": 0.5323182763181984,
      "baseline_log_loss": 1.5388590302702225,
      "baseline_brier": 0.26900343723123626,
      "baseline_directional_accuracy": 0.35294117647058826,
      "best_params": {
        "objective": "multiclass",
        "num_class": 3,
        "metric": "multi_logloss",
        "num_leaves": 31,
        "learning_rate": 0.04488170057528786,
        "min_child_samples": 9,
        "feature_fraction": 0.9,
        "bagging_fraction": 0.9,
        "bagging_freq": 5,
        "verbose": -1,
        "deterministic": true,
        "seed": 42
      }
    },
    {
      "fold": 3,
      "n_train": 952,
      "n_test": 238,
      "auc": 0.606723399647766,
      "log_loss": 1.4256258333835437,
      "brier": 0.20159101469786303,
      "directional_accuracy": 0.6386554621848739,
      "baseline_auc": 0.45529519550583375,
      "baseline_log_loss": 0.7882360278684685,
      "baseline_brier": 0.1473618911881174,
      "baseline_directional_accuracy": 0.7521008403361344,
      "best_params": {
        "objective": "multiclass",
        "num_class": 3,
        "metric": "multi_logloss",
        "num_leaves": 63,
        "learning_rate": 0.0938393881004349,
        "min_child_samples": 23,
        "feature_fraction": 0.9,
        "bagging_fraction": 0.9,
        "bagging_freq": 5,
        "verbose": -1,
        "deterministic": true,
        "seed": 42
      }
    },
    {
      "fold": 4,
      "n_train": 1190,
      "n_test": 238,
      "auc": 0.5793358737095076,
      "log_loss": 2.08216370031609,
      "brier": 0.3062169238189811,
      "directional_accuracy": 0.4117647058823529,
      "baseline_auc": 0.5837339712257666,
      "baseline_log_loss": 0.9618198780899925,
      "baseline_brier": 0.17828181209157437,
      "baseline_directional_accuracy": 0.6218487394957983,
      "best_params": {
        "objective": "multiclass",
        "num_class": 3,
        "metric": "multi_logloss",
        "num_leaves": 63,
        "learning_rate": 0.0938393881004349,
        "min_child_samples": 23,
        "feature_fraction": 0.9,
        "bagging_fraction": 0.9,
        "bagging_freq": 5,
        "verbose": -1,
        "deterministic": true,
        "seed": 42
      }
    }
  ],
  "note": "Per-coin model for floki-inu/1m.",
  "directional_call_share": 0.05244755244755245,
  "directional_call_share_n": 286,
  "directional_call_share_source": "holdout",
  "model_kind": "lightgbm",
  "prior_probs": [],
  "has_regression_head": true,
  "regression_head_stats": {
    "n_train_rows": 701,
    "n_holdout_rows": 176,
    "abs_pred_p50_pct": 0.17141039157409882,
    "abs_pred_p95_pct": 0.3334302038127139,
    "abs_pred_max_pct": 1.1472061857569062,
    "mae_pct": 0.15812795933570784,
    "best_iteration": 36
  }
}