{
  "coin_id": "sei-network",
  "timeframe": "1m",
  "version": "20260422T122119Z",
  "feature_names": [
    "ret1",
    "ret5",
    "ret10",
    "momentum",
    "realizedVol",
    "rsi14",
    "macdLine",
    "macdSignal",
    "macdHist",
    "atr14",
    "atrPct",
    "ema9",
    "ema21",
    "emaSpreadPct",
    "distFromEma9Pct",
    "distFromEma21Pct",
    "bbUpper",
    "bbMiddle",
    "bbLower",
    "bbWidth",
    "bbPctB",
    "bbWidthPct",
    "news_etf_flow",
    "news_regulatory_risk",
    "news_exchange_outage",
    "news_macro_shock",
    "news_whale_move",
    "news_exploit_or_hack",
    "news_stablecoin_event",
    "news_narrative_rotation",
    "news_listing_or_delisting",
    "news_protocol_upgrade",
    "news_high_volume_breakout",
    "news_unusual_volatility",
    "coin_idx"
  ],
  "coin_vocab": [
    "sei-network"
  ],
  "n_train_rows": 1609,
  "n_test_rows": 1340,
  "metrics": {
    "auc": 0.5884588422833775,
    "log_loss": 1.8230652725654288,
    "brier": 0.25099536573717873,
    "directional_accuracy": 0.5283582089552239
  },
  "baseline_metrics": {
    "auc": 0.542332608709609,
    "log_loss": 1.048325972768796,
    "brier": 0.1945894256154737,
    "directional_accuracy": 0.5634328358208955
  },
  "threshold_pct": 0.03,
  "horizon_candles": 1,
  "class_return_means_pct": [
    -0.37489640915210576,
    0.0011405668416412215,
    0.4140092223451843
  ],
  "fold_metrics": [
    {
      "fold": 0,
      "n_train": 268,
      "n_test": 268,
      "auc": 0.5352924396237815,
      "log_loss": 1.810571850996564,
      "brier": 0.25339687616041084,
      "directional_accuracy": 0.5186567164179104,
      "baseline_auc": 0.5189566603284433,
      "baseline_log_loss": 0.8520123286701916,
      "baseline_brier": 0.18228846200854512,
      "baseline_directional_accuracy": 0.5111940298507462,
      "best_params": {
        "objective": "multiclass",
        "num_class": 3,
        "metric": "multi_logloss",
        "num_leaves": 15,
        "learning_rate": 0.09230320822645494,
        "min_child_samples": 6,
        "feature_fraction": 0.9,
        "bagging_fraction": 0.9,
        "bagging_freq": 5,
        "verbose": -1,
        "deterministic": true,
        "seed": 42
      }
    },
    {
      "fold": 1,
      "n_train": 536,
      "n_test": 268,
      "auc": 0.5532641012017269,
      "log_loss": 3.8567682673862587,
      "brier": 0.4148024909910683,
      "directional_accuracy": 0.2835820895522388,
      "baseline_auc": 0.5692060673323249,
      "baseline_log_loss": 1.7686681072958566,
      "baseline_brier": 0.29775559491295067,
      "baseline_directional_accuracy": 0.27238805970149255,
      "best_params": {
        "objective": "multiclass",
        "num_class": 3,
        "metric": "multi_logloss",
        "num_leaves": 31,
        "learning_rate": 0.04488170057528786,
        "min_child_samples": 9,
        "feature_fraction": 0.9,
        "bagging_fraction": 0.9,
        "bagging_freq": 5,
        "verbose": -1,
        "deterministic": true,
        "seed": 42
      }
    },
    {
      "fold": 2,
      "n_train": 804,
      "n_test": 268,
      "auc": 0.5770813667279951,
      "log_loss": 0.8461808660395053,
      "brier": 0.1607739009477052,
      "directional_accuracy": 0.667910447761194,
      "baseline_auc": 0.46158110815077635,
      "baseline_log_loss": 0.7002559994496319,
      "baseline_brier": 0.12791726310097584,
      "baseline_directional_accuracy": 0.7873134328358209,
      "best_params": {
        "objective": "multiclass",
        "num_class": 3,
        "metric": "multi_logloss",
        "num_leaves": 15,
        "learning_rate": 0.060113218328857784,
        "min_child_samples": 16,
        "feature_fraction": 0.9,
        "bagging_fraction": 0.9,
        "bagging_freq": 5,
        "verbose": -1,
        "deterministic": true,
        "seed": 42
      }
    },
    {
      "fold": 3,
      "n_train": 1072,
      "n_test": 268,
      "auc": 0.6635844006920782,
      "log_loss": 1.107106231768639,
      "brier": 0.192426878836113,
      "directional_accuracy": 0.6231343283582089,
      "baseline_auc": 0.6298275759707329,
      "baseline_log_loss": 0.9686958827853241,
      "baseline_brier": 0.1761403370319409,
      "baseline_directional_accuracy": 0.6380597014925373,
      "best_params": {
        "objective": "multiclass",
        "num_class": 3,
        "metric": "multi_logloss",
        "num_leaves": 15,
        "learning_rate": 0.060113218328857784,
        "min_child_samples": 16,
        "feature_fraction": 0.9,
        "bagging_fraction": 0.9,
        "bagging_freq": 5,
        "verbose": -1,
        "deterministic": true,
        "seed": 42
      }
    },
    {
      "fold": 4,
      "n_train": 1340,
      "n_test": 268,
      "auc": 0.6130719031713056,
      "log_loss": 1.4946991466361765,
      "brier": 0.23357668175059612,
      "directional_accuracy": 0.5485074626865671,
      "baseline_auc": 0.5320916317657675,
      "baseline_log_loss": 0.9519975456429745,
      "baseline_brier": 0.18884547102295612,
      "baseline_directional_accuracy": 0.6082089552238806,
      "best_params": {
        "objective": "multiclass",
        "num_class": 3,
        "metric": "multi_logloss",
        "num_leaves": 63,
        "learning_rate": 0.0938393881004349,
        "min_child_samples": 23,
        "feature_fraction": 0.9,
        "bagging_fraction": 0.9,
        "bagging_freq": 5,
        "verbose": -1,
        "deterministic": true,
        "seed": 42
      }
    }
  ],
  "note": "Per-coin model for sei-network/1m.",
  "directional_call_share": 0.062111801242236024,
  "directional_call_share_n": 322,
  "directional_call_share_source": "holdout",
  "model_kind": "lightgbm",
  "prior_probs": [],
  "has_regression_head": true,
  "regression_head_stats": {
    "n_train_rows": 731,
    "n_holdout_rows": 183,
    "abs_pred_p50_pct": 0.21615453390180808,
    "abs_pred_p95_pct": 0.6342609079089413,
    "abs_pred_max_pct": 0.8370417266881095,
    "mae_pct": 0.20969152855752957,
    "best_iteration": 20
  },
  "gates_alignment": {
    "n": 322,
    "source": "holdout",
    "min_directional_edge": 0.05,
    "min_expected_return_pct": 0.15,
    "aligned_share": 0.8509316770186336,
    "aligned_loud_share": 0.8509316770186336,
    "aligned_quiet_share": 0.0,
    "loud_classifier_quiet_regressor_share": 0.0,
    "quiet_classifier_loud_regressor_share": 0.14906832298136646,
    "dir_edge_p50": 0.12016294950848744,
    "dir_edge_p95": 0.2906544224407621,
    "abs_magnitude_pct_p50": 0.21615453390180808,
    "abs_magnitude_pct_p95": 0.21615453390180808
  }
}