{
  "coin_id": "dogwifcoin",
  "timeframe": "1d",
  "version": "20260425T103353Z",
  "feature_names": [
    "ret1",
    "ret5",
    "ret10",
    "momentum",
    "realizedVol",
    "rsi14",
    "macdLine",
    "macdSignal",
    "macdHist",
    "atr14",
    "atrPct",
    "ema9",
    "ema21",
    "emaSpreadPct",
    "distFromEma9Pct",
    "distFromEma21Pct",
    "bbUpper",
    "bbMiddle",
    "bbLower",
    "bbWidth",
    "bbPctB",
    "bbWidthPct",
    "funding_rate",
    "open_interest_z",
    "liquidations_1h_usd",
    "bid_ask_spread_bps",
    "btc_lead_ret_5m",
    "eth_lead_ret_5m",
    "btc_liquidations_1h_usd",
    "eth_liquidations_1h_usd",
    "sol_liquidations_1h_usd",
    "session_asia",
    "session_eu",
    "session_us",
    "hour_of_day_sin",
    "hour_of_day_cos",
    "coin_idx"
  ],
  "coin_vocab": [
    "dogwifcoin"
  ],
  "n_train_rows": 706,
  "n_test_rows": 585,
  "metrics": {
    "auc": 0.5175236721164674,
    "log_loss": 4.0203309664183315,
    "brier": 0.3663221393833882,
    "directional_accuracy": 0.3606837606837606
  },
  "baseline_metrics": {
    "auc": 0.507564540488784,
    "log_loss": 1.1646536943069534,
    "brier": 0.23428495386917741,
    "directional_accuracy": 0.3487179487179487
  },
  "threshold_pct": 1.4249999999999998,
  "horizon_candles": 1,
  "class_return_means_pct": [
    -5.935149141936506,
    -0.06512270062344043,
    6.68173638875889
  ],
  "fold_metrics": [
    {
      "fold": 0,
      "n_train": 117,
      "n_test": 117,
      "auc": 0.503961927082842,
      "log_loss": 4.482408161112075,
      "brier": 0.37360490370738164,
      "directional_accuracy": 0.358974358974359,
      "baseline_auc": 0.5061378255005705,
      "baseline_log_loss": 1.2447359117654364,
      "baseline_brier": 0.23753022599384968,
      "baseline_directional_accuracy": 0.38461538461538464,
      "best_params": {
        "objective": "multiclass",
        "num_class": 3,
        "metric": "multi_logloss",
        "num_leaves": 15,
        "learning_rate": 0.10986688873050877,
        "min_child_samples": 16,
        "feature_fraction": 0.9,
        "bagging_fraction": 0.9,
        "bagging_freq": 5,
        "verbose": -1,
        "deterministic": true,
        "seed": 42
      },
      "feature_importance": [
        126.25203043658759,
        94.37562422010919,
        41.57650282371933,
        72.26640565016262,
        76.37473015921296,
        63.780435541346364,
        36.41470071991696,
        50.0656292804127,
        90.17550449357441,
        80.3470024434135,
        103.60932757086391,
        43.151556888410994,
        31.729754015258898,
        43.7016131743583,
        50.1218169609251,
        41.04546936133469,
        39.6070566173829,
        15.350449487682058,
        74.13334781145548,
        94.79009107290635,
        24.225676669059048,
        81.38464988782263,
        0.0,
        0.0,
        0.0,
        0.0,
        0.0,
        0.0,
        0.0,
        0.0,
        0.0,
        0.0,
        0.0,
        0.0,
        0.0,
        0.0,
        0.0
      ],
      "feature_names": [
        "ret1",
        "ret5",
        "ret10",
        "momentum",
        "realizedVol",
        "rsi14",
        "macdLine",
        "macdSignal",
        "macdHist",
        "atr14",
        "atrPct",
        "ema9",
        "ema21",
        "emaSpreadPct",
        "distFromEma9Pct",
        "distFromEma21Pct",
        "bbUpper",
        "bbMiddle",
        "bbLower",
        "bbWidth",
        "bbPctB",
        "bbWidthPct",
        "funding_rate",
        "open_interest_z",
        "liquidations_1h_usd",
        "bid_ask_spread_bps",
        "btc_lead_ret_5m",
        "eth_lead_ret_5m",
        "btc_liquidations_1h_usd",
        "eth_liquidations_1h_usd",
        "sol_liquidations_1h_usd",
        "session_asia",
        "session_eu",
        "session_us",
        "hour_of_day_sin",
        "hour_of_day_cos",
        "coin_idx"
      ]
    },
    {
      "fold": 1,
      "n_train": 234,
      "n_test": 117,
      "auc": 0.5256063173953367,
      "log_loss": 4.985208704924471,
      "brier": 0.3926500835880657,
      "directional_accuracy": 0.3418803418803419,
      "baseline_auc": 0.5387294094046138,
      "baseline_log_loss": 1.226606026244195,
      "baseline_brier": 0.2601679855141053,
      "baseline_directional_accuracy": 0.3333333333333333,
      "best_params": {
        "objective": "multiclass",
        "num_class": 3,
        "metric": "multi_logloss",
        "num_leaves": 15,
        "learning_rate": 0.10986688873050877,
        "min_child_samples": 16,
        "feature_fraction": 0.9,
        "bagging_fraction": 0.9,
        "bagging_freq": 5,
        "verbose": -1,
        "deterministic": true,
        "seed": 42
      },
      "feature_importance": [
        232.6145630510406,
        167.5043210667546,
        99.47729565566357,
        128.17585410682477,
        162.46667338957863,
        96.93156604802455,
        92.87909107032374,
        81.2249027249142,
        112.17211539530452,
        136.87532011231764,
        102.05939793919707,
        110.58374971642708,
        76.47011693206291,
        96.35012568970477,
        127.90757309540784,
        72.87118780239621,
        207.36904209907306,
        69.02421693991829,
        116.08078617024121,
        167.68568868461278,
        81.47181722857853,
        125.38017513511681,
        0.0,
        0.0,
        0.0,
        0.0,
        0.0,
        0.0,
        0.0,
        0.0,
        0.0,
        0.0,
        0.0,
        0.0,
        0.0,
        0.0,
        0.0
      ],
      "feature_names": [
        "ret1",
        "ret5",
        "ret10",
        "momentum",
        "realizedVol",
        "rsi14",
        "macdLine",
        "macdSignal",
        "macdHist",
        "atr14",
        "atrPct",
        "ema9",
        "ema21",
        "emaSpreadPct",
        "distFromEma9Pct",
        "distFromEma21Pct",
        "bbUpper",
        "bbMiddle",
        "bbLower",
        "bbWidth",
        "bbPctB",
        "bbWidthPct",
        "funding_rate",
        "open_interest_z",
        "liquidations_1h_usd",
        "bid_ask_spread_bps",
        "btc_lead_ret_5m",
        "eth_lead_ret_5m",
        "btc_liquidations_1h_usd",
        "eth_liquidations_1h_usd",
        "sol_liquidations_1h_usd",
        "session_asia",
        "session_eu",
        "session_us",
        "hour_of_day_sin",
        "hour_of_day_cos",
        "coin_idx"
      ]
    },
    {
      "fold": 2,
      "n_train": 351,
      "n_test": 117,
      "auc": 0.5193550215127625,
      "log_loss": 4.3898540890048094,
      "brier": 0.3640484781580433,
      "directional_accuracy": 0.37606837606837606,
      "baseline_auc": 0.5051787847795618,
      "baseline_log_loss": 1.0884528117315282,
      "baseline_brier": 0.2196229126306987,
      "baseline_directional_accuracy": 0.3504273504273504,
      "best_params": {
        "objective": "multiclass",
        "num_class": 3,
        "metric": "multi_logloss",
        "num_leaves": 63,
        "learning_rate": 0.14677934153849878,
        "min_child_samples": 23,
        "feature_fraction": 0.9,
        "bagging_fraction": 0.9,
        "bagging_freq": 5,
        "verbose": -1,
        "deterministic": true,
        "seed": 42
      },