{
  "coin_id": "floki-inu",
  "timeframe": "1h",
  "version": "20260422T085247Z",
  "feature_names": [
    "ret1",
    "ret5",
    "ret10",
    "momentum",
    "realizedVol",
    "rsi14",
    "macdLine",
    "macdSignal",
    "macdHist",
    "atr14",
    "atrPct",
    "ema9",
    "ema21",
    "emaSpreadPct",
    "distFromEma9Pct",
    "distFromEma21Pct",
    "bbUpper",
    "bbMiddle",
    "bbLower",
    "bbWidth",
    "bbPctB",
    "bbWidthPct",
    "news_etf_flow",
    "news_regulatory_risk",
    "news_exchange_outage",
    "news_macro_shock",
    "news_whale_move",
    "news_exploit_or_hack",
    "news_stablecoin_event",
    "news_narrative_rotation",
    "news_listing_or_delisting",
    "news_protocol_upgrade",
    "news_high_volume_breakout",
    "news_unusual_volatility",
    "coin_idx"
  ],
  "coin_vocab": [
    "floki-inu"
  ],
  "n_train_rows": 685,
  "n_test_rows": 570,
  "metrics": {
    "auc": 0.49223410792085476,
    "log_loss": 1.7681606284907558,
    "brier": 0.31152549291153153,
    "directional_accuracy": 0.34385964912280703
  },
  "baseline_metrics": {
    "auc": 0.5492530482469271,
    "log_loss": 1.0861254787861456,
    "brier": 0.21964611954962643,
    "directional_accuracy": 0.42105263157894735
  },
  "threshold_pct": 0.2,
  "horizon_candles": 1,
  "class_return_means_pct": [
    -0.642271719473704,
    -5.09131088128169e-05,
    0.7795829724472809
  ],
  "fold_metrics": [
    {
      "fold": 0,
      "n_train": 114,
      "n_test": 114,
      "auc": 0.4545295777972873,
      "log_loss": 1.7731393404327813,
      "brier": 0.33551207308995706,
      "directional_accuracy": 0.2807017543859649,
      "baseline_auc": 0.5707345481575244,
      "baseline_log_loss": 1.0794858194795058,
      "baseline_brier": 0.2171318414897796,
      "baseline_directional_accuracy": 0.4473684210526316,
      "best_params": {
        "objective": "multiclass",
        "num_class": 3,
        "metric": "multi_logloss",
        "num_leaves": 63,
        "learning_rate": 0.0938393881004349,
        "min_child_samples": 23,
        "feature_fraction": 0.9,
        "bagging_fraction": 0.9,
        "bagging_freq": 5,
        "verbose": -1,
        "deterministic": true,
        "seed": 42
      }
    },
    {
      "fold": 1,
      "n_train": 228,
      "n_test": 114,
      "auc": 0.5261774216837508,
      "log_loss": 1.6035119294072695,
      "brier": 0.29002664905620706,
      "directional_accuracy": 0.37719298245614036,
      "baseline_auc": 0.5544230835370075,
      "baseline_log_loss": 1.1165709845126859,
      "baseline_brier": 0.226306836494324,
      "baseline_directional_accuracy": 0.38596491228070173,
      "best_params": {
        "objective": "multiclass",
        "num_class": 3,
        "metric": "multi_logloss",
        "num_leaves": 63,
        "learning_rate": 0.0938393881004349,
        "min_child_samples": 23,
        "feature_fraction": 0.9,
        "bagging_fraction": 0.9,
        "bagging_freq": 5,
        "verbose": -1,
        "deterministic": true,
        "seed": 42
      }
    },
    {
      "fold": 2,
      "n_train": 342,
      "n_test": 114,
      "auc": 0.48373516805440403,
      "log_loss": 1.88022352828763,
      "brier": 0.3248127304832443,
      "directional_accuracy": 0.35964912280701755,
      "baseline_auc": 0.5327056486988523,
      "baseline_log_loss": 1.1059162174331956,
      "baseline_brier": 0.22350656951618242,
      "baseline_directional_accuracy": 0.37719298245614036,
      "best_params": {
        "objective": "multiclass",
        "num_class": 3,
        "metric": "multi_logloss",
        "num_leaves": 63,
        "learning_rate": 0.06807764614983679,
        "min_child_samples": 12,
        "feature_fraction": 0.9,
        "bagging_fraction": 0.9,
        "bagging_freq": 5,
        "verbose": -1,
        "deterministic": true,
        "seed": 42
      }
    },
    {
      "fold": 3,
      "n_train": 456,
      "n_test": 114,
      "auc": 0.5071057291533497,
      "log_loss": 1.788399150992686,
      "brier": 0.30117554919051576,
      "directional_accuracy": 0.3684210526315789,
      "baseline_auc": 0.5726535716913272,
      "baseline_log_loss": 1.0368250730948656,
      "baseline_brier": 0.2086303767192065,
      "baseline_directional_accuracy": 0.5,
      "best_params": {
        "objective": "multiclass",
        "num_class": 3,
        "metric": "multi_logloss",
        "num_leaves": 63,
        "learning_rate": 0.0938393881004349,
        "min_child_samples": 23,
        "feature_fraction": 0.9,
        "bagging_fraction": 0.9,
        "bagging_freq": 5,
        "verbose": -1,
        "deterministic": true,
        "seed": 42
      }
    },
    {
      "fold": 4,
      "n_train": 570,
      "n_test": 114,
      "auc": 0.4896226429154818,
      "log_loss": 1.7955291933334123,
      "brier": 0.3061004627377334,
      "directional_accuracy": 0.3333333333333333,
      "baseline_auc": 0.5157483891499237,
      "baseline_log_loss": 1.091829299410476,
      "baseline_brier": 0.2226549735286397,
      "baseline_directional_accuracy": 0.39473684210526316,
      "best_params": {
        "objective": "multiclass",
        "num_class": 3,
        "metric": "multi_logloss",
        "num_leaves": 63,
        "learning_rate": 0.06807764614983679,
        "min_child_samples": 12,
        "feature_fraction": 0.9,
        "bagging_fraction": 0.9,
        "bagging_freq": 5,
        "verbose": -1,
        "deterministic": true,
        "seed": 42
      }
    }
  ],
  "note": "Per-coin model for floki-inu/1h.",
  "directional_call_share": 1.0,
  "directional_call_share_n": 137,
  "directional_call_share_source": "holdout",
  "model_kind": "lightgbm",
  "prior_probs": []
}