{
  "coin_id": "injective-protocol",
  "timeframe": "1d",
  "version": "20260425T103444Z",
  "feature_names": [
    "ret1",
    "ret5",
    "ret10",
    "momentum",
    "realizedVol",
    "rsi14",
    "macdLine",
    "macdSignal",
    "macdHist",
    "atr14",
    "atrPct",
    "ema9",
    "ema21",
    "emaSpreadPct",
    "distFromEma9Pct",
    "distFromEma21Pct",
    "bbUpper",
    "bbMiddle",
    "bbLower",
    "bbWidth",
    "bbPctB",
    "bbWidthPct",
    "funding_rate",
    "open_interest_z",
    "liquidations_1h_usd",
    "bid_ask_spread_bps",
    "btc_lead_ret_5m",
    "eth_lead_ret_5m",
    "btc_liquidations_1h_usd",
    "eth_liquidations_1h_usd",
    "sol_liquidations_1h_usd",
    "session_asia",
    "session_eu",
    "session_us",
    "hour_of_day_sin",
    "hour_of_day_cos",
    "coin_idx"
  ],
  "coin_vocab": [
    "injective-protocol"
  ],
  "n_train_rows": 843,
  "n_test_rows": 700,
  "metrics": {
    "auc": 0.5123025109618562,
    "log_loss": 3.3325345181931887,
    "brier": 0.3663328909707103,
    "directional_accuracy": 0.3485714285714286
  },
  "baseline_metrics": {
    "auc": 0.5202280228029348,
    "log_loss": 1.2504843707151216,
    "brier": 0.24554359691427793,
    "directional_accuracy": 0.3642857142857143
  },
  "threshold_pct": 1.4249999999999998,
  "horizon_candles": 1,
  "class_return_means_pct": [
    -4.983285724659445,
    0.024180808044517346,
    5.383149262103853
  ],
  "fold_metrics": [
    {
      "fold": 0,
      "n_train": 140,
      "n_test": 140,
      "auc": 0.549841385263713,
      "log_loss": 3.411328264317202,
      "brier": 0.3595808609737978,
      "directional_accuracy": 0.37857142857142856,
      "baseline_auc": 0.5379867409987201,
      "baseline_log_loss": 1.6120164761943512,
      "baseline_brier": 0.2888803439528114,
      "baseline_directional_accuracy": 0.4142857142857143,
      "best_params": {
        "objective": "multiclass",
        "num_class": 3,
        "metric": "multi_logloss",
        "num_leaves": 15,
        "learning_rate": 0.048181194650265116,
        "min_child_samples": 5,
        "feature_fraction": 0.9,
        "bagging_fraction": 0.9,
        "bagging_freq": 5,
        "verbose": -1,
        "deterministic": true,
        "seed": 42
      },
      "feature_importance": [
        350.26127496823295,
        191.5903283701116,
        265.40341553334144,
        297.0737431728195,
        105.97374101206456,
        155.32879145257283,
        76.37826569931337,
        173.71609790396542,
        168.81640170943655,
        114.63653519614671,
        132.7160895813412,
        132.26270119134279,
        49.68210319755235,
        40.52002142909032,
        129.8304360305702,
        247.71050494247217,
        78.80013939956784,
        38.86453777357656,
        222.69073756645653,
        177.45807457989915,
        139.48957227941165,
        108.88695774455664,
        0.0,
        0.0,
        0.0,
        0.0,
        0.0,
        0.0,
        0.0,
        0.0,
        0.0,
        0.0,
        0.0,
        0.0,
        0.0,
        0.0,
        0.0
      ],
      "feature_names": [
        "ret1",
        "ret5",
        "ret10",
        "momentum",
        "realizedVol",
        "rsi14",
        "macdLine",
        "macdSignal",
        "macdHist",
        "atr14",
        "atrPct",
        "ema9",
        "ema21",
        "emaSpreadPct",
        "distFromEma9Pct",
        "distFromEma21Pct",
        "bbUpper",
        "bbMiddle",
        "bbLower",
        "bbWidth",
        "bbPctB",
        "bbWidthPct",
        "funding_rate",
        "open_interest_z",
        "liquidations_1h_usd",
        "bid_ask_spread_bps",
        "btc_lead_ret_5m",
        "eth_lead_ret_5m",
        "btc_liquidations_1h_usd",
        "eth_liquidations_1h_usd",
        "sol_liquidations_1h_usd",
        "session_asia",
        "session_eu",
        "session_us",
        "hour_of_day_sin",
        "hour_of_day_cos",
        "coin_idx"
      ]
    },
    {
      "fold": 1,
      "n_train": 280,
      "n_test": 140,
      "auc": 0.5321922139751086,
      "log_loss": 3.4684930564602334,
      "brier": 0.37992829261503713,
      "directional_accuracy": 0.35,
      "baseline_auc": 0.4778447152871495,
      "baseline_log_loss": 1.213323616012614,
      "baseline_brier": 0.24501061215810685,
      "baseline_directional_accuracy": 0.35714285714285715,
      "best_params": {
        "objective": "multiclass",
        "num_class": 3,
        "metric": "multi_logloss",
        "num_leaves": 63,
        "learning_rate": 0.07426874044359194,
        "min_child_samples": 27,
        "feature_fraction": 0.9,
        "bagging_fraction": 0.9,
        "bagging_freq": 5,
        "verbose": -1,
        "deterministic": true,
        "seed": 42
      },
      "feature_importance": [
        442.18969613226363,
        245.50511577993166,
        254.7964513662737,
        407.4578088603448,
        276.59162923612166,
        210.80123823799659,
        143.01896205585217,
        224.00897976127453,
        238.8379223247175,
        187.4025725555257,
        193.18952115764841,
        137.71693788690027,
        97.92983518540859,
        249.89737715711817,
        153.02081491996069,
        166.41366217066388,
        129.87277167919092,
        75.50738103722688,
        208.26557595370105,
        337.04424371779896,
        136.22623146604747,
        252.62088469217997,
        0.0,
        0.0,
        0.0,
        0.0,
        0.0,
        0.0,
        0.0,
        0.0,
        0.0,
        0.0,
        0.0,
        0.0,
        0.0,
        0.0,
        0.0
      ],
      "feature_names": [
        "ret1",
        "ret5",
        "ret10",
        "momentum",
        "realizedVol",
        "rsi14",
        "macdLine",
        "macdSignal",
        "macdHist",
        "atr14",
        "atrPct",
        "ema9",
        "ema21",
        "emaSpreadPct",
        "distFromEma9Pct",
        "distFromEma21Pct",
        "bbUpper",
        "bbMiddle",
        "bbLower",
        "bbWidth",
        "bbPctB",
        "bbWidthPct",
        "funding_rate",
        "open_interest_z",
        "liquidations_1h_usd",
        "bid_ask_spread_bps",
        "btc_lead_ret_5m",
        "eth_lead_ret_5m",
        "btc_liquidations_1h_usd",
        "eth_liquidations_1h_usd",
        "sol_liquidations_1h_usd",
        "session_asia",
        "session_eu",
        "session_us",
        "hour_of_day_sin",
        "hour_of_day_cos",
        "coin_idx"
      ]
    },
    {
      "fold": 2,
      "n_train": 420,
      "n_test": 140,
      "auc": 0.5171135913521387,
      "log_loss": 4.765869356289288,
      "brier": 0.396725515966186,
      "directional_accuracy": 0.34285714285714286,
      "baseline_auc": 0.5037701811912075,
      "baseline_log_loss": 1.180862458838139,
      "baseline_brier": 0.23876438053473734,
      "baseline_directional_accuracy": 0.34285714285714286,
      "best_params": {
        "objective": "multiclass",
        "num_class": 3,
        "metric": "multi_logloss",
        "num_leaves": 31,
        "learning_rate": 0.19983761130224184,
        "min_child_samples": 14,
        "feature_fraction": 0.9,
        "bagging_fraction": 0.9,
        "bagging_freq": 5,
        "verbose": -1,
        "deterministic": true,
        "seed": 42
      },