{
  "coin_id": "pepe",
  "timeframe": "1h",
  "version": "20260422T105259Z",
  "feature_names": [
    "ret1",
    "ret5",
    "ret10",
    "momentum",
    "realizedVol",
    "rsi14",
    "macdLine",
    "macdSignal",
    "macdHist",
    "atr14",
    "atrPct",
    "ema9",
    "ema21",
    "emaSpreadPct",
    "distFromEma9Pct",
    "distFromEma21Pct",
    "bbUpper",
    "bbMiddle",
    "bbLower",
    "bbWidth",
    "bbPctB",
    "bbWidthPct",
    "news_etf_flow",
    "news_regulatory_risk",
    "news_exchange_outage",
    "news_macro_shock",
    "news_whale_move",
    "news_exploit_or_hack",
    "news_stablecoin_event",
    "news_narrative_rotation",
    "news_listing_or_delisting",
    "news_protocol_upgrade",
    "news_high_volume_breakout",
    "news_unusual_volatility",
    "coin_idx"
  ],
  "coin_vocab": [
    "pepe"
  ],
  "n_train_rows": 685,
  "n_test_rows": 570,
  "metrics": {
    "auc": 0.5097886099004117,
    "log_loss": 3.603044936100569,
    "brier": 0.3774719842212527,
    "directional_accuracy": 0.34385964912280703
  },
  "baseline_metrics": {
    "auc": 0.5120587694850466,
    "log_loss": 1.107734492234705,
    "brier": 0.22439082717493902,
    "directional_accuracy": 0.3280701754385965
  },
  "threshold_pct": 0.2,
  "horizon_candles": 1,
  "class_return_means_pct": [
    -0.6885548231689306,
    -0.004392560059930638,
    0.7851595779688787
  ],
  "fold_metrics": [
    {
      "fold": 0,
      "n_train": 114,
      "n_test": 114,
      "auc": 0.49315981893501276,
      "log_loss": 3.899526717984457,
      "brier": 0.3945520380277187,
      "directional_accuracy": 0.30701754385964913,
      "baseline_auc": 0.47081860502403133,
      "baseline_log_loss": 1.1521569426344187,
      "baseline_brier": 0.23368469113565135,
      "baseline_directional_accuracy": 0.24561403508771928,
      "best_params": {
        "objective": "multiclass",
        "num_class": 3,
        "metric": "multi_logloss",
        "num_leaves": 31,
        "learning_rate": 0.1,
        "min_child_samples": 5,
        "feature_fraction": 0.9,
        "bagging_fraction": 0.9,
        "bagging_freq": 5,
        "verbose": -1,
        "deterministic": true,
        "seed": 42
      }
    },
    {
      "fold": 1,
      "n_train": 228,
      "n_test": 114,
      "auc": 0.5082748332748334,
      "log_loss": 3.404909779677948,
      "brier": 0.376132974208979,
      "directional_accuracy": 0.3333333333333333,
      "baseline_auc": 0.5785685035685036,
      "baseline_log_loss": 1.0941819480398771,
      "baseline_brier": 0.22096095859901785,
      "baseline_directional_accuracy": 0.39473684210526316,
      "best_params": {
        "objective": "multiclass",
        "num_class": 3,
        "metric": "multi_logloss",
        "num_leaves": 31,
        "learning_rate": 0.1,
        "min_child_samples": 5,
        "feature_fraction": 0.9,
        "bagging_fraction": 0.9,
        "bagging_freq": 5,
        "verbose": -1,
        "deterministic": true,
        "seed": 42
      }
    },
    {
      "fold": 2,
      "n_train": 342,
      "n_test": 114,
      "auc": 0.49467710997442454,
      "log_loss": 3.108299411767589,
      "brier": 0.3856690523567097,
      "directional_accuracy": 0.30701754385964913,
      "baseline_auc": 0.46857416879795394,
      "baseline_log_loss": 1.116039935850058,
      "baseline_brier": 0.22637869540206376,
      "baseline_directional_accuracy": 0.30701754385964913,
      "best_params": {
        "objective": "multiclass",
        "num_class": 3,
        "metric": "multi_logloss",
        "num_leaves": 31,
        "learning_rate": 0.1,
        "min_child_samples": 5,
        "feature_fraction": 0.9,
        "bagging_fraction": 0.9,
        "bagging_freq": 5,
        "verbose": -1,
        "deterministic": true,
        "seed": 42
      }
    },
    {
      "fold": 3,
      "n_train": 456,
      "n_test": 114,
      "auc": 0.5438766557372695,
      "log_loss": 4.3740215882169,
      "brier": 0.3717182247831922,
      "directional_accuracy": 0.38596491228070173,
      "baseline_auc": 0.5462436105338919,
      "baseline_log_loss": 1.087593360164555,
      "baseline_brier": 0.22041506497885122,
      "baseline_directional_accuracy": 0.35964912280701755,
      "best_params": {
        "objective": "multiclass",
        "num_class": 3,
        "metric": "multi_logloss",
        "num_leaves": 31,
        "learning_rate": 0.1,
        "min_child_samples": 5,
        "feature_fraction": 0.9,
        "bagging_fraction": 0.9,
        "bagging_freq": 5,
        "verbose": -1,
        "deterministic": true,
        "seed": 42
      }
    },
    {
      "fold": 4,
      "n_train": 570,
      "n_test": 114,
      "auc": 0.5089546315805186,
      "log_loss": 3.228467182855952,
      "brier": 0.359287631729664,
      "directional_accuracy": 0.38596491228070173,
      "baseline_auc": 0.49608895950085213,
      "baseline_log_loss": 1.0887002744846166,
      "baseline_brier": 0.22051472575911113,
      "baseline_directional_accuracy": 0.3333333333333333,
      "best_params": {
        "objective": "multiclass",
        "num_class": 3,
        "metric": "multi_logloss",
        "num_leaves": 31,
        "learning_rate": 0.1,
        "min_child_samples": 5,
        "feature_fraction": 0.9,
        "bagging_fraction": 0.9,
        "bagging_freq": 5,
        "verbose": -1,
        "deterministic": true,
        "seed": 42
      }
    }
  ],
  "note": "Per-coin model for pepe/1h.",
  "directional_call_share": 1.0,
  "directional_call_share_n": 137,
  "directional_call_share_source": "holdout",
  "model_kind": "lightgbm",
  "prior_probs": [],
  "has_regression_head": true,
  "regression_head_stats": {
    "n_train_rows": 395,
    "n_holdout_rows": 99,
    "abs_pred_p50_pct": 0.7305200135859251,
    "abs_pred_p95_pct": 0.8956721262652663,
    "abs_pred_max_pct": 0.9034641268123177,
    "mae_pct": 0.3176750683411695,
    "best_iteration": 2
  },
  "gates_alignment": {
    "n": 137,
    "source": "holdout",
    "min_directional_edge": 0.05,
    "min_expected_return_pct": 0.15,
    "aligned_share": 0.8321167883211679,
    "aligned_loud_share": 0.8321167883211679,
    "aligned_quiet_share": 0.0,
    "loud_classifier_quiet_regressor_share": 0.0,
    "quiet_classifier_loud_regressor_share": 0.1678832116788321,
    "dir_edge_p50": 0.0720158701156326,
    "dir_edge_p95": 0.14809521865174963,
    "abs_magnitude_pct_p50": 0.7305200135859251,
    "abs_magnitude_pct_p95": 0.8956721262652663
  }
}