{
  "coin_id": "injective-protocol",
  "timeframe": "1d",
  "version": "20260429T170305Z",
  "feature_names": [
    "ret1",
    "ret5",
    "ret10",
    "momentum",
    "realizedVol",
    "rsi14",
    "macdLine",
    "macdSignal",
    "macdHist",
    "atr14",
    "atrPct",
    "ema9",
    "ema21",
    "emaSpreadPct",
    "distFromEma9Pct",
    "distFromEma21Pct",
    "bbUpper",
    "bbMiddle",
    "bbLower",
    "bbWidth",
    "bbPctB",
    "bbWidthPct",
    "volZScore60",
    "funding_rate",
    "open_interest_z",
    "liquidations_1h_usd",
    "bid_ask_spread_bps",
    "btc_lead_ret_5m",
    "eth_lead_ret_5m",
    "btc_liquidations_1h_usd",
    "eth_liquidations_1h_usd",
    "sol_liquidations_1h_usd",
    "session_asia",
    "session_eu",
    "session_us",
    "hour_of_day_sin",
    "hour_of_day_cos",
    "coin_idx"
  ],
  "coin_vocab": [
    "injective-protocol"
  ],
  "n_train_rows": 847,
  "n_test_rows": 705,
  "metrics": {
    "auc": 0.5133863174298622,
    "log_loss": 3.1581495217618167,
    "brier": 0.3642158330881989,
    "directional_accuracy": 0.34042553191489355
  },
  "baseline_metrics": {
    "auc": 0.5157632664648313,
    "log_loss": 1.2415205382063284,
    "brier": 0.24294087961979924,
    "directional_accuracy": 0.37446808510638296
  },
  "threshold_pct": 1.4249999999999998,
  "horizon_candles": 1,
  "class_return_means_pct": [
    -4.977127274533739,
    0.0263240789241132,
    5.379888852315998
  ],
  "fold_metrics": [
    {
      "fold": 0,
      "n_train": 141,
      "n_test": 141,
      "auc": 0.5334200065035247,
      "log_loss": 2.9018390423399496,
      "brier": 0.33510022272433315,
      "directional_accuracy": 0.3971631205673759,
      "baseline_auc": 0.5443265788594125,
      "baseline_log_loss": 1.5521817318609983,
      "baseline_brier": 0.273685215657642,
      "baseline_directional_accuracy": 0.46099290780141844,
      "best_params": {
        "objective": "multiclass",
        "num_class": 3,
        "metric": "multi_logloss",
        "num_leaves": 31,
        "learning_rate": 0.09340308327072934,
        "min_child_samples": 9,
        "feature_fraction": 0.9,
        "bagging_fraction": 0.9,
        "bagging_freq": 5,
        "verbose": -1,
        "deterministic": true,
        "seed": 42
      },
      "feature_importance": [
        203.21880224114284,
        248.1507907914929,
        233.80977939115837,
        299.97404078254476,
        97.87529049674049,
        234.55427889619023,
        109.41312253265642,
        215.5319750951603,
        202.96869038464502,
        91.37440283468459,
        119.48218116723001,
        82.44532260810956,
        139.03713650256395,
        64.64705455489457,
        106.48612866876647,
        125.63809976691846,
        73.62219908181578,
        38.00240069522988,
        210.4027488399297,
        239.6022426057607,
        151.32359600369819,
        136.17001662473194,
        276.0461882674135,
        0.0,
        0.0,
        0.0,
        0.0,
        0.0,
        0.0,
        0.0,
        0.0,
        0.0,
        0.0,
        0.0,
        0.0,
        0.0,
        0.0,
        0.0
      ],
      "feature_names": [
        "ret1",
        "ret5",
        "ret10",
        "momentum",
        "realizedVol",
        "rsi14",
        "macdLine",
        "macdSignal",
        "macdHist",
        "atr14",
        "atrPct",
        "ema9",
        "ema21",
        "emaSpreadPct",
        "distFromEma9Pct",
        "distFromEma21Pct",
        "bbUpper",
        "bbMiddle",
        "bbLower",
        "bbWidth",
        "bbPctB",
        "bbWidthPct",
        "volZScore60",
        "funding_rate",
        "open_interest_z",
        "liquidations_1h_usd",
        "bid_ask_spread_bps",
        "btc_lead_ret_5m",
        "eth_lead_ret_5m",
        "btc_liquidations_1h_usd",
        "eth_liquidations_1h_usd",
        "sol_liquidations_1h_usd",
        "session_asia",
        "session_eu",
        "session_us",
        "hour_of_day_sin",
        "hour_of_day_cos",
        "coin_idx"
      ]
    },
    {
      "fold": 1,
      "n_train": 282,
      "n_test": 141,
      "auc": 0.5208339410398907,
      "log_loss": 3.5509835490624253,
      "brier": 0.400271016656318,
      "directional_accuracy": 0.2978723404255319,
      "baseline_auc": 0.49494413290751965,
      "baseline_log_loss": 1.1994671326831081,
      "baseline_brier": 0.24226176917924036,
      "baseline_directional_accuracy": 0.3546099290780142,
      "best_params": {
        "objective": "multiclass",
        "num_class": 3,
        "metric": "multi_logloss",
        "num_leaves": 31,
        "learning_rate": 0.09340308327072934,
        "min_child_samples": 9,
        "feature_fraction": 0.9,
        "bagging_fraction": 0.9,
        "bagging_freq": 5,
        "verbose": -1,
        "deterministic": true,
        "seed": 42
      },
      "feature_importance": [
        487.14180952188326,
        370.278347944346,
        284.9532158440852,
        565.074603866844,
        369.2128204042965,
        347.85516904517135,
        200.44081822763837,
        332.5416781442764,
        372.2771062690131,
        318.996426267302,
        255.72798438064638,
        250.7168233661796,
        108.30191028420813,
        395.7743639544351,
        174.43165707818116,
        225.01763309148373,
        149.1614060695283,
        165.93315616529435,
        219.4885825078236,
        466.7518355482739,
        162.324717143405,
        366.66481074737385,
        371.1235677399236,
        0.0,
        0.0,
        0.0,
        0.0,
        0.0,
        0.0,
        0.0,
        0.0,
        0.0,
        0.0,
        0.0,
        0.0,
        0.0,
        0.0,
        0.0
      ],
      "feature_names": [
        "ret1",
        "ret5",
        "ret10",
        "momentum",
        "realizedVol",
        "rsi14",
        "macdLine",
        "macdSignal",
        "macdHist",
        "atr14",
        "atrPct",
        "ema9",
        "ema21",
        "emaSpreadPct",
        "distFromEma9Pct",
        "distFromEma21Pct",
        "bbUpper",
        "bbMiddle",
        "bbLower",
        "bbWidth",
        "bbPctB",
        "bbWidthPct",
        "volZScore60",
        "funding_rate",
        "open_interest_z",
        "liquidations_1h_usd",
        "bid_ask_spread_bps",
        "btc_lead_ret_5m",
        "eth_lead_ret_5m",
        "btc_liquidations_1h_usd",
        "eth_liquidations_1h_usd",
        "sol_liquidations_1h_usd",
        "session_asia",
        "session_eu",
        "session_us",
        "hour_of_day_sin",
        "hour_of_day_cos",
        "coin_idx"
      ]
    },
    {
      "fold": 2,
      "n_train": 423,
      "n_test": 141,
      "auc": 0.5427900181161414,
      "log_loss": 3.2561958876747172,
      "brier": 0.3462470589170989,
      "directional_accuracy": 0.36879432624113473,
      "baseline_auc": 0.4918096257955051,
      "baseline_log_loss": 1.193885989599137,
      "baseline_brier": 0.24060948261339207,
      "baseline_directional_accuracy": 0.3475177304964539,
      "best_params": {
        "objective": "multiclass",
        "num_class": 3,
        "metric": "multi_logloss",
        "num_leaves": 31,
        "learning_rate": 0.09340308327072934,
        "min_child_samples": 9,
        "feature_fraction": 0.9,
        "bagging_fraction": 0.9,
        "bagging_freq": 5,
        "verbose": -1,
        "deterministic": true,
        "seed": 42
      },