{
  "coin_id": "pepe",
  "timeframe": "1m",
  "version": "20260422T161541Z",
  "feature_names": [
    "ret1",
    "ret5",
    "ret10",
    "momentum",
    "realizedVol",
    "rsi14",
    "macdLine",
    "macdSignal",
    "macdHist",
    "atr14",
    "atrPct",
    "ema9",
    "ema21",
    "emaSpreadPct",
    "distFromEma9Pct",
    "distFromEma21Pct",
    "bbUpper",
    "bbMiddle",
    "bbLower",
    "bbWidth",
    "bbPctB",
    "bbWidthPct",
    "news_etf_flow",
    "news_regulatory_risk",
    "news_exchange_outage",
    "news_macro_shock",
    "news_whale_move",
    "news_exploit_or_hack",
    "news_stablecoin_event",
    "news_narrative_rotation",
    "news_listing_or_delisting",
    "news_protocol_upgrade",
    "news_high_volume_breakout",
    "news_unusual_volatility",
    "coin_idx"
  ],
  "coin_vocab": [
    "pepe"
  ],
  "n_train_rows": 2248,
  "n_test_rows": 1870,
  "metrics": {
    "auc": 0.5068590151069776,
    "log_loss": 4.6231049196900695,
    "brier": 0.35978082783951165,
    "directional_accuracy": 0.39839572192513373
  },
  "baseline_metrics": {
    "auc": 0.5504468531913659,
    "log_loss": 1.0824908078604822,
    "brier": 0.21383117026066595,
    "directional_accuracy": 0.4577540106951871
  },
  "threshold_pct": 0.03,
  "horizon_candles": 1,
  "class_return_means_pct": [
    -0.3068874033314732,
    0.0003524296607468606,
    0.3549121111720876
  ],
  "fold_metrics": [
    {
      "fold": 0,
      "n_train": 374,
      "n_test": 374,
      "auc": 0.5867972516890148,
      "log_loss": 3.479679363126496,
      "brier": 0.3193988767607636,
      "directional_accuracy": 0.45989304812834225,
      "baseline_auc": 0.5682545111937256,
      "baseline_log_loss": 1.0772482257910183,
      "baseline_brier": 0.20757079960358615,
      "baseline_directional_accuracy": 0.4572192513368984,
      "best_params": {
        "objective": "multiclass",
        "num_class": 3,
        "metric": "multi_logloss",
        "num_leaves": 31,
        "learning_rate": 0.10558305166672585,
        "min_child_samples": 15,
        "feature_fraction": 0.9,
        "bagging_fraction": 0.9,
        "bagging_freq": 5,
        "verbose": -1,
        "deterministic": true,
        "seed": 42
      }
    },
    {
      "fold": 1,
      "n_train": 748,
      "n_test": 374,
      "auc": 0.4893749113444077,
      "log_loss": 3.167286605234989,
      "brier": 0.3662482653571488,
      "directional_accuracy": 0.3582887700534759,
      "baseline_auc": 0.5333726703744653,
      "baseline_log_loss": 0.9499674459285676,
      "baseline_brier": 0.19724123883880043,
      "baseline_directional_accuracy": 0.446524064171123,
      "best_params": {
        "objective": "multiclass",
        "num_class": 3,
        "metric": "multi_logloss",
        "num_leaves": 15,
        "learning_rate": 0.060113218328857784,
        "min_child_samples": 16,
        "feature_fraction": 0.9,
        "bagging_fraction": 0.9,
        "bagging_freq": 5,
        "verbose": -1,
        "deterministic": true,
        "seed": 42
      }
    },
    {
      "fold": 2,
      "n_train": 1122,
      "n_test": 374,
      "auc": 0.43296666824284813,
      "log_loss": 9.841921422962514,
      "brier": 0.5324030136454571,
      "directional_accuracy": 0.1711229946524064,
      "baseline_auc": 0.6115439784533979,
      "baseline_log_loss": 1.4928921670993054,
      "baseline_brier": 0.29397404254317877,
      "baseline_directional_accuracy": 0.15775401069518716,
      "best_params": {
        "objective": "multiclass",
        "num_class": 3,
        "metric": "multi_logloss",
        "num_leaves": 31,
        "learning_rate": 0.04927894014997412,
        "min_child_samples": 9,
        "feature_fraction": 0.9,
        "bagging_fraction": 0.9,
        "bagging_freq": 5,
        "verbose": -1,
        "deterministic": true,
        "seed": 42
      }
    },
    {
      "fold": 3,
      "n_train": 1496,
      "n_test": 374,
      "auc": 0.5328727154277391,
      "log_loss": 3.2821374250059296,
      "brier": 0.2748357427252469,
      "directional_accuracy": 0.5267379679144385,
      "baseline_auc": 0.5057165198088752,
      "baseline_log_loss": 0.9446600911939005,
      "baseline_brier": 0.18408305158947788,
      "baseline_directional_accuracy": 0.6256684491978609,
      "best_params": {
        "objective": "multiclass",
        "num_class": 3,
        "metric": "multi_logloss",
        "num_leaves": 31,
        "learning_rate": 0.1402981572532037,
        "min_child_samples": 26,
        "feature_fraction": 0.9,
        "bagging_fraction": 0.9,
        "bagging_freq": 5,
        "verbose": -1,
        "deterministic": true,
        "seed": 42
      }
    },
    {
      "fold": 4,
      "n_train": 1870,
      "n_test": 374,
      "auc": 0.4922835288308782,
      "log_loss": 3.3444997821204203,
      "brier": 0.3060182407089416,
      "directional_accuracy": 0.47593582887700536,
      "baseline_auc": 0.5333465861263657,
      "baseline_log_loss": 0.9476861092896198,
      "baseline_brier": 0.1862867187282865,
      "baseline_directional_accuracy": 0.6016042780748663,
      "best_params": {
        "objective": "multiclass",
        "num_class": 3,
        "metric": "multi_logloss",
        "num_leaves": 31,
        "learning_rate": 0.15998773437619063,
        "min_child_samples": 16,
        "feature_fraction": 0.9,
        "bagging_fraction": 0.9,
        "bagging_freq": 5,
        "verbose": -1,
        "deterministic": true,
        "seed": 42
      }
    }
  ],
  "note": "Per-coin model for pepe/1m.",
  "directional_call_share": 0.0044444444444444444,
  "directional_call_share_n": 450,
  "directional_call_share_source": "holdout",
  "model_kind": "lightgbm",
  "prior_probs": [],
  "has_regression_head": true,
  "regression_head_stats": {
    "n_train_rows": 1126,
    "n_holdout_rows": 282,
    "abs_pred_p50_pct": 0.17252059129224234,
    "abs_pred_p95_pct": 0.37573703701544925,
    "abs_pred_max_pct": 1.0678240839021738,
    "mae_pct": 0.14266036825943926,
    "best_iteration": 28
  },
  "gates_alignment": {
    "n": 450,
    "source": "holdout",
    "min_directional_edge": 0.05,
    "min_expected_return_pct": 0.15,
    "aligned_share": 0.35777777777777775,
    "aligned_loud_share": 0.35777777777777775,
    "aligned_quiet_share": 0.0,
    "loud_classifier_quiet_regressor_share": 0.0,
    "quiet_classifier_loud_regressor_share": 0.6422222222222222,
    "dir_edge_p50": 0.022313227355501425,
    "dir_edge_p95": 0.20707656371615282,
    "abs_magnitude_pct_p50": 0.17252059129224234,
    "abs_magnitude_pct_p95": 0.23324363282475394
  }
}