{
  "coin_id": "dogwifcoin",
  "timeframe": "1m",
  "version": "20260422T084336Z",
  "feature_names": [
    "ret1",
    "ret5",
    "ret10",
    "momentum",
    "realizedVol",
    "rsi14",
    "macdLine",
    "macdSignal",
    "macdHist",
    "atr14",
    "atrPct",
    "ema9",
    "ema21",
    "emaSpreadPct",
    "distFromEma9Pct",
    "distFromEma21Pct",
    "bbUpper",
    "bbMiddle",
    "bbLower",
    "bbWidth",
    "bbPctB",
    "bbWidthPct",
    "news_etf_flow",
    "news_regulatory_risk",
    "news_exchange_outage",
    "news_macro_shock",
    "news_whale_move",
    "news_exploit_or_hack",
    "news_stablecoin_event",
    "news_narrative_rotation",
    "news_listing_or_delisting",
    "news_protocol_upgrade",
    "news_high_volume_breakout",
    "news_unusual_volatility",
    "coin_idx"
  ],
  "coin_vocab": [
    "dogwifcoin"
  ],
  "n_train_rows": 690,
  "n_test_rows": 575,
  "metrics": {
    "auc": 0.5568524616134891,
    "log_loss": 1.2997502232062135,
    "brier": 0.18878480031394063,
    "directional_accuracy": 0.6521739130434783
  },
  "baseline_metrics": {
    "auc": 0.502923144347037,
    "log_loss": 0.77404393892701,
    "brier": 0.14147144316707258,
    "directional_accuracy": 0.7408695652173913
  },
  "threshold_pct": 0.03,
  "horizon_candles": 1,
  "class_return_means_pct": [
    -0.09059213204333488,
    -3.5045987465822904e-05,
    0.10201381147362305
  ],
  "fold_metrics": [
    {
      "fold": 0,
      "n_train": 115,
      "n_test": 115,
      "auc": 0.5672991911343687,
      "log_loss": 1.1549922608164505,
      "brier": 0.20136749584526095,
      "directional_accuracy": 0.5739130434782609,
      "baseline_auc": 0.5218008486548575,
      "baseline_log_loss": 0.7440897197069989,
      "baseline_brier": 0.1308294833522481,
      "baseline_directional_accuracy": 0.7652173913043478,
      "best_params": {
        "objective": "multiclass",
        "num_class": 3,
        "metric": "multi_logloss",
        "num_leaves": 31,
        "learning_rate": 0.04488170057528786,
        "min_child_samples": 9,
        "feature_fraction": 0.9,
        "bagging_fraction": 0.9,
        "bagging_freq": 5,
        "verbose": -1,
        "deterministic": true,
        "seed": 42
      }
    },
    {
      "fold": 1,
      "n_train": 230,
      "n_test": 115,
      "auc": 0.5206417640649247,
      "log_loss": 1.3846095168544237,
      "brier": 0.20979052395799183,
      "directional_accuracy": 0.6260869565217392,
      "baseline_auc": 0.47779490226939597,
      "baseline_log_loss": 0.8032080300804272,
      "baseline_brier": 0.1497346517085817,
      "baseline_directional_accuracy": 0.7217391304347827,
      "best_params": {
        "objective": "multiclass",
        "num_class": 3,
        "metric": "multi_logloss",
        "num_leaves": 63,
        "learning_rate": 0.0938393881004349,
        "min_child_samples": 23,
        "feature_fraction": 0.9,
        "bagging_fraction": 0.9,
        "bagging_freq": 5,
        "verbose": -1,
        "deterministic": true,
        "seed": 42
      }
    },
    {
      "fold": 2,
      "n_train": 345,
      "n_test": 115,
      "auc": 0.4711159347637701,
      "log_loss": 1.2744988816527798,
      "brier": 0.16025737560012823,
      "directional_accuracy": 0.7304347826086957,
      "baseline_auc": 0.4432052574646246,
      "baseline_log_loss": 0.7386989711748791,
      "baseline_brier": 0.13137498132658731,
      "baseline_directional_accuracy": 0.7652173913043478,
      "best_params": {
        "objective": "multiclass",
        "num_class": 3,
        "metric": "multi_logloss",
        "num_leaves": 31,
        "learning_rate": 0.04488170057528786,
        "min_child_samples": 9,
        "feature_fraction": 0.9,
        "bagging_fraction": 0.9,
        "bagging_freq": 5,
        "verbose": -1,
        "deterministic": true,
        "seed": 42
      }
    },
    {
      "fold": 3,
      "n_train": 460,
      "n_test": 115,
      "auc": 0.6595154200484458,
      "log_loss": 1.6188491200440505,
      "brier": 0.23103515517463813,
      "directional_accuracy": 0.6086956521739131,
      "baseline_auc": 0.5600357047661565,
      "baseline_log_loss": 0.9822685036519262,
      "baseline_brier": 0.19184955232699194,
      "baseline_directional_accuracy": 0.6173913043478261,
      "best_params": {
        "objective": "multiclass",
        "num_class": 3,
        "metric": "multi_logloss",
        "num_leaves": 15,
        "learning_rate": 0.060113218328857784,
        "min_child_samples": 16,
        "feature_fraction": 0.9,
        "bagging_fraction": 0.9,
        "bagging_freq": 5,
        "verbose": -1,
        "deterministic": true,
        "seed": 42
      }
    },
    {
      "fold": 4,
      "n_train": 575,
      "n_test": 115,
      "auc": 0.5656899980559366,
      "log_loss": 1.0658013366633632,
      "brier": 0.14147345099168396,
      "directional_accuracy": 0.7217391304347827,
      "baseline_auc": 0.5117790085801506,
      "baseline_log_loss": 0.6019544700208178,
      "baseline_brier": 0.10356854712095391,
      "baseline_directional_accuracy": 0.8347826086956521,
      "best_params": {
        "objective": "multiclass",
        "num_class": 3,
        "metric": "multi_logloss",
        "num_leaves": 15,
        "learning_rate": 0.09230320822645494,
        "min_child_samples": 6,
        "feature_fraction": 0.9,
        "bagging_fraction": 0.9,
        "bagging_freq": 5,
        "verbose": -1,
        "deterministic": true,
        "seed": 42
      }
    }
  ],
  "note": "Per-coin model for dogwifcoin/1m.",
  "directional_call_share": 0.021739130434782608,
  "directional_call_share_n": 138,
  "directional_call_share_source": "holdout",
  "model_kind": "lightgbm",
  "prior_probs": []
}