{
  "coin_id": "worldcoin-wld",
  "timeframe": "1m",
  "version": "20260422T111117Z",
  "feature_names": [
    "ret1",
    "ret5",
    "ret10",
    "momentum",
    "realizedVol",
    "rsi14",
    "macdLine",
    "macdSignal",
    "macdHist",
    "atr14",
    "atrPct",
    "ema9",
    "ema21",
    "emaSpreadPct",
    "distFromEma9Pct",
    "distFromEma21Pct",
    "bbUpper",
    "bbMiddle",
    "bbLower",
    "bbWidth",
    "bbPctB",
    "bbWidthPct",
    "news_etf_flow",
    "news_regulatory_risk",
    "news_exchange_outage",
    "news_macro_shock",
    "news_whale_move",
    "news_exploit_or_hack",
    "news_stablecoin_event",
    "news_narrative_rotation",
    "news_listing_or_delisting",
    "news_protocol_upgrade",
    "news_high_volume_breakout",
    "news_unusual_volatility",
    "coin_idx"
  ],
  "coin_vocab": [
    "worldcoin-wld"
  ],
  "n_train_rows": 1541,
  "n_test_rows": 1285,
  "metrics": {
    "auc": 0.5451698117254854,
    "log_loss": 2.478521481943936,
    "brier": 0.2833760058825773,
    "directional_accuracy": 0.4933852140077821
  },
  "baseline_metrics": {
    "auc": 0.4973470881258234,
    "log_loss": 1.1207948002248433,
    "brier": 0.18464402488900566,
    "directional_accuracy": 0.5813229571984436
  },
  "threshold_pct": 0.03,
  "horizon_candles": 1,
  "class_return_means_pct": [
    -0.5762823212742489,
    -0.0003504793522925242,
    0.5471097354975176
  ],
  "fold_metrics": [
    {
      "fold": 0,
      "n_train": 256,
      "n_test": 257,
      "auc": 0.48386326586553424,
      "log_loss": 2.399363156780814,
      "brier": 0.2866789457341468,
      "directional_accuracy": 0.5019455252918288,
      "baseline_auc": 0.49997212126776663,
      "baseline_log_loss": 0.7768086352951953,
      "baseline_brier": 0.17304737778458654,
      "baseline_directional_accuracy": 0.4708171206225681,
      "best_params": {
        "objective": "multiclass",
        "num_class": 3,
        "metric": "multi_logloss",
        "num_leaves": 31,
        "learning_rate": 0.1,
        "min_child_samples": 5,
        "feature_fraction": 0.9,
        "bagging_fraction": 0.9,
        "bagging_freq": 5,
        "verbose": -1,
        "deterministic": true,
        "seed": 42
      }
    },
    {
      "fold": 1,
      "n_train": 513,
      "n_test": 257,
      "auc": 0.5056282848925271,
      "log_loss": 4.469001017703529,
      "brier": 0.35393740180773614,
      "directional_accuracy": 0.3852140077821012,
      "baseline_auc": 0.4202652898514989,
      "baseline_log_loss": 2.292703338252203,
      "baseline_brier": 0.266475442876233,
      "baseline_directional_accuracy": 0.36964980544747084,
      "best_params": {
        "objective": "multiclass",
        "num_class": 3,
        "metric": "multi_logloss",
        "num_leaves": 31,
        "learning_rate": 0.1,
        "min_child_samples": 5,
        "feature_fraction": 0.9,
        "bagging_fraction": 0.9,
        "bagging_freq": 5,
        "verbose": -1,
        "deterministic": true,
        "seed": 42
      }
    },
    {
      "fold": 2,
      "n_train": 770,
      "n_test": 257,
      "auc": 0.5167799148510354,
      "log_loss": 2.324980303916165,
      "brier": 0.34368310534484436,
      "directional_accuracy": 0.3540856031128405,
      "baseline_auc": 0.47713228391719126,
      "baseline_log_loss": 0.8157354060718692,
      "baseline_brier": 0.1537980348266552,
      "baseline_directional_accuracy": 0.7431906614785992,
      "best_params": {
        "objective": "multiclass",
        "num_class": 3,
        "metric": "multi_logloss",
        "num_leaves": 31,
        "learning_rate": 0.1,
        "min_child_samples": 5,
        "feature_fraction": 0.9,
        "bagging_fraction": 0.9,
        "bagging_freq": 5,
        "verbose": -1,
        "deterministic": true,
        "seed": 42
      }
    },
    {
      "fold": 3,
      "n_train": 1027,
      "n_test": 257,
      "auc": 0.5718062649787424,
      "log_loss": 1.7664853361330681,
      "brier": 0.2473975893790367,
      "directional_accuracy": 0.5408560311284046,
      "baseline_auc": 0.5691206430999577,
      "baseline_log_loss": 0.8717865791098551,
      "baseline_brier": 0.1672328117421973,
      "baseline_directional_accuracy": 0.6498054474708171,
      "best_params": {
        "objective": "multiclass",
        "num_class": 3,
        "metric": "multi_logloss",
        "num_leaves": 31,
        "learning_rate": 0.1,
        "min_child_samples": 5,
        "feature_fraction": 0.9,
        "bagging_fraction": 0.9,
        "bagging_freq": 5,
        "verbose": -1,
        "deterministic": true,
        "seed": 42
      }
    },
    {
      "fold": 4,
      "n_train": 1284,
      "n_test": 257,
      "auc": 0.6477713280395879,
      "log_loss": 1.4327775951861044,
      "brier": 0.1851829871471222,
      "directional_accuracy": 0.6848249027237354,
      "baseline_auc": 0.5202451024927027,
      "baseline_log_loss": 0.846940042395094,
      "baseline_brier": 0.16266645721535636,
      "baseline_directional_accuracy": 0.6731517509727627,
      "best_params": {
        "objective": "multiclass",
        "num_class": 3,
        "metric": "multi_logloss",
        "num_leaves": 31,
        "learning_rate": 0.1,
        "min_child_samples": 5,
        "feature_fraction": 0.9,
        "bagging_fraction": 0.9,
        "bagging_freq": 5,
        "verbose": -1,
        "deterministic": true,
        "seed": 42
      }
    }
  ],
  "note": "Per-coin model for worldcoin-wld/1m.",
  "directional_call_share": 0.003236245954692557,
  "directional_call_share_n": 309,
  "directional_call_share_source": "holdout",
  "model_kind": "lightgbm",
  "prior_probs": [],
  "has_regression_head": true,
  "regression_head_stats": {
    "n_train_rows": 736,
    "n_holdout_rows": 185,
    "abs_pred_p50_pct": 0.1334498459550859,
    "abs_pred_p95_pct": 0.21828926542533758,
    "abs_pred_max_pct": 0.7150656211934,
    "mae_pct": 0.09405297288784599,
    "best_iteration": 53
  },
  "gates_alignment": {
    "n": 309,
    "source": "holdout",
    "min_directional_edge": 0.05,
    "min_expected_return_pct": 0.15,
    "aligned_share": 0.4045307443365696,
    "aligned_loud_share": 0.10032362459546926,
    "aligned_quiet_share": 0.3042071197411003,
    "loud_classifier_quiet_regressor_share": 0.5566343042071198,
    "quiet_classifier_loud_regressor_share": 0.038834951456310676,
    "dir_edge_p50": 0.06743535988819008,
    "dir_edge_p95": 0.19557688295430833,
    "abs_magnitude_pct_p50": 0.1334498459550859,
    "abs_magnitude_pct_p95": 0.2516775515854411
  }
}