{
  "coin_id": "dogwifcoin",
  "timeframe": "1m",
  "version": "20260422T173615Z",
  "feature_names": [
    "ret1",
    "ret5",
    "ret10",
    "momentum",
    "realizedVol",
    "rsi14",
    "macdLine",
    "macdSignal",
    "macdHist",
    "atr14",
    "atrPct",
    "ema9",
    "ema21",
    "emaSpreadPct",
    "distFromEma9Pct",
    "distFromEma21Pct",
    "bbUpper",
    "bbMiddle",
    "bbLower",
    "bbWidth",
    "bbPctB",
    "bbWidthPct",
    "news_etf_flow",
    "news_regulatory_risk",
    "news_exchange_outage",
    "news_macro_shock",
    "news_whale_move",
    "news_exploit_or_hack",
    "news_stablecoin_event",
    "news_narrative_rotation",
    "news_listing_or_delisting",
    "news_protocol_upgrade",
    "news_high_volume_breakout",
    "news_unusual_volatility",
    "coin_idx"
  ],
  "coin_vocab": [
    "dogwifcoin"
  ],
  "n_train_rows": 1824,
  "n_test_rows": 1520,
  "metrics": {
    "auc": 0.5169583849343494,
    "log_loss": 3.8978664699629184,
    "brier": 0.3069352122089442,
    "directional_accuracy": 0.4927631578947368
  },
  "baseline_metrics": {
    "auc": 0.5107092568831253,
    "log_loss": 1.1040333387462622,
    "brier": 0.20233412287726,
    "directional_accuracy": 0.5480263157894736
  },
  "threshold_pct": 0.03,
  "horizon_candles": 1,
  "class_return_means_pct": [
    -0.43525530348364594,
    4.227276516611892e-05,
    0.4711692211992061
  ],
  "fold_metrics": [
    {
      "fold": 0,
      "n_train": 304,
      "n_test": 304,
      "auc": 0.4339923258758563,
      "log_loss": 2.5755719437721147,
      "brier": 0.3032806975111879,
      "directional_accuracy": 0.45394736842105265,
      "baseline_auc": 0.4640773872439023,
      "baseline_log_loss": 0.8181661400390177,
      "baseline_brier": 0.1807820927763917,
      "baseline_directional_accuracy": 0.5164473684210527,
      "best_params": {
        "objective": "multiclass",
        "num_class": 3,
        "metric": "multi_logloss",
        "num_leaves": 15,
        "learning_rate": 0.033853120559100634,
        "min_child_samples": 7,
        "feature_fraction": 0.9,
        "bagging_fraction": 0.9,
        "bagging_freq": 5,
        "verbose": -1,
        "deterministic": true,
        "seed": 42
      }
    },
    {
      "fold": 1,
      "n_train": 608,
      "n_test": 304,
      "auc": 0.49741002525860223,
      "log_loss": 9.271337911971766,
      "brier": 0.5491821010411715,
      "directional_accuracy": 0.15789473684210525,
      "baseline_auc": 0.5250141046602002,
      "baseline_log_loss": 2.213511357647421,
      "baseline_brier": 0.3607463562425611,
      "baseline_directional_accuracy": 0.14144736842105263,
      "best_params": {
        "objective": "multiclass",
        "num_class": 3,
        "metric": "multi_logloss",
        "num_leaves": 15,
        "learning_rate": 0.0856661971837743,
        "min_child_samples": 7,
        "feature_fraction": 0.9,
        "bagging_fraction": 0.9,
        "bagging_freq": 5,
        "verbose": -1,
        "deterministic": true,
        "seed": 42
      }
    },
    {
      "fold": 2,
      "n_train": 912,
      "n_test": 304,
      "auc": 0.5311186281748966,
      "log_loss": 2.572811548479814,
      "brier": 0.22314084068624632,
      "directional_accuracy": 0.6348684210526315,
      "baseline_auc": 0.4869026895607355,
      "baseline_log_loss": 0.8174584584687219,
      "baseline_brier": 0.153867959347702,
      "baseline_directional_accuracy": 0.7105263157894737,
      "best_params": {
        "objective": "multiclass",
        "num_class": 3,
        "metric": "multi_logloss",
        "num_leaves": 15,
        "learning_rate": 0.09230320822645494,
        "min_child_samples": 6,
        "feature_fraction": 0.9,
        "bagging_fraction": 0.9,
        "bagging_freq": 5,
        "verbose": -1,
        "deterministic": true,
        "seed": 42
      }
    },
    {
      "fold": 3,
      "n_train": 1216,
      "n_test": 304,
      "auc": 0.5970851722660822,
      "log_loss": 1.9162673884666546,
      "brier": 0.22400052163380382,
      "directional_accuracy": 0.5921052631578947,
      "baseline_auc": 0.5770325385205389,
      "baseline_log_loss": 0.8236161379745915,
      "baseline_brier": 0.15434075492739416,
      "baseline_directional_accuracy": 0.6875,
      "best_params": {
        "objective": "multiclass",
        "num_class": 3,
        "metric": "multi_logloss",
        "num_leaves": 31,
        "learning_rate": 0.041135006444428995,
        "min_child_samples": 17,
        "feature_fraction": 0.9,
        "bagging_fraction": 0.9,
        "bagging_freq": 5,
        "verbose": -1,
        "deterministic": true,
        "seed": 42
      }
    },
    {
      "fold": 4,
      "n_train": 1520,
      "n_test": 304,
      "auc": 0.5251857730963101,
      "log_loss": 3.1533435571242414,
      "brier": 0.23507190017231136,
      "directional_accuracy": 0.625,
      "baseline_auc": 0.5005195644302493,
      "baseline_log_loss": 0.8474145996015593,
      "baseline_brier": 0.16193345109225088,
      "baseline_directional_accuracy": 0.6842105263157895,
      "best_params": {
        "objective": "multiclass",
        "num_class": 3,
        "metric": "multi_logloss",
        "num_leaves": 31,
        "learning_rate": 0.19950648955046943,
        "min_child_samples": 25,
        "feature_fraction": 0.9,
        "bagging_fraction": 0.9,
        "bagging_freq": 5,
        "verbose": -1,
        "deterministic": true,
        "seed": 42
      }
    }
  ],
  "note": "Per-coin model for dogwifcoin/1m.",
  "directional_call_share": 0.00821917808219178,
  "directional_call_share_n": 365,
  "directional_call_share_source": "holdout",
  "model_kind": "lightgbm",
  "prior_probs": [],
  "has_regression_head": true,
  "regression_head_stats": {
    "n_train_rows": 770,
    "n_holdout_rows": 193,
    "abs_pred_p50_pct": 0.09968794904655734,
    "abs_pred_p95_pct": 0.5889358284245373,
    "abs_pred_max_pct": 1.1034309259752741,
    "mae_pct": 0.11546385235985886,
    "best_iteration": 75
  },
  "gates_alignment": {
    "n": 365,
    "source": "holdout",
    "min_directional_edge": 0.05,
    "min_expected_return_pct": 0.15,
    "aligned_share": 0.7780821917808219,
    "aligned_loud_share": 0.0410958904109589,
    "aligned_quiet_share": 0.736986301369863,
    "loud_classifier_quiet_regressor_share": 0.15342465753424658,
    "quiet_classifier_loud_regressor_share": 0.0684931506849315,
    "dir_edge_p50": 0.034106816422654396,
    "dir_edge_p95": 0.2041884816753927,
    "abs_magnitude_pct_p50": 0.10122150374502488,
    "abs_magnitude_pct_p95": 0.19927811349645916
  }
}