{
  "coin_id": "render-token",
  "timeframe": "1m",
  "version": "20260422T111041Z",
  "feature_names": [
    "ret1",
    "ret5",
    "ret10",
    "momentum",
    "realizedVol",
    "rsi14",
    "macdLine",
    "macdSignal",
    "macdHist",
    "atr14",
    "atrPct",
    "ema9",
    "ema21",
    "emaSpreadPct",
    "distFromEma9Pct",
    "distFromEma21Pct",
    "bbUpper",
    "bbMiddle",
    "bbLower",
    "bbWidth",
    "bbPctB",
    "bbWidthPct",
    "news_etf_flow",
    "news_regulatory_risk",
    "news_exchange_outage",
    "news_macro_shock",
    "news_whale_move",
    "news_exploit_or_hack",
    "news_stablecoin_event",
    "news_narrative_rotation",
    "news_listing_or_delisting",
    "news_protocol_upgrade",
    "news_high_volume_breakout",
    "news_unusual_volatility",
    "coin_idx"
  ],
  "coin_vocab": [
    "render-token"
  ],
  "n_train_rows": 1541,
  "n_test_rows": 1285,
  "metrics": {
    "auc": 0.5326882770336696,
    "log_loss": 2.1943685956857575,
    "brier": 0.2636990034771127,
    "directional_accuracy": 0.5237354085603113
  },
  "baseline_metrics": {
    "auc": 0.5566460633719765,
    "log_loss": 0.9512812127965262,
    "brier": 0.17820831705931023,
    "directional_accuracy": 0.6038910505836576
  },
  "threshold_pct": 0.03,
  "horizon_candles": 1,
  "class_return_means_pct": [
    -0.5243357273523076,
    0.00034436201814238584,
    0.5121081955571369
  ],
  "fold_metrics": [
    {
      "fold": 0,
      "n_train": 256,
      "n_test": 257,
      "auc": 0.5239183167802098,
      "log_loss": 2.1258265960454015,
      "brier": 0.29051742231959893,
      "directional_accuracy": 0.48249027237354086,
      "baseline_auc": 0.5495425714722603,
      "baseline_log_loss": 0.8702323388106734,
      "baseline_brier": 0.18742754925356256,
      "baseline_directional_accuracy": 0.48638132295719844,
      "best_params": {
        "objective": "multiclass",
        "num_class": 3,
        "metric": "multi_logloss",
        "num_leaves": 31,
        "learning_rate": 0.1,
        "min_child_samples": 5,
        "feature_fraction": 0.9,
        "bagging_fraction": 0.9,
        "bagging_freq": 5,
        "verbose": -1,
        "deterministic": true,
        "seed": 42
      }
    },
    {
      "fold": 1,
      "n_train": 513,
      "n_test": 257,
      "auc": 0.5714257382075465,
      "log_loss": 4.308341751090157,
      "brier": 0.39779932498001597,
      "directional_accuracy": 0.29571984435797666,
      "baseline_auc": 0.5907552532371326,
      "baseline_log_loss": 1.6032283183903144,
      "baseline_brier": 0.27952192321987157,
      "baseline_directional_accuracy": 0.33073929961089493,
      "best_params": {
        "objective": "multiclass",
        "num_class": 3,
        "metric": "multi_logloss",
        "num_leaves": 31,
        "learning_rate": 0.1,
        "min_child_samples": 5,
        "feature_fraction": 0.9,
        "bagging_fraction": 0.9,
        "bagging_freq": 5,
        "verbose": -1,
        "deterministic": true,
        "seed": 42
      }
    },
    {
      "fold": 2,
      "n_train": 770,
      "n_test": 257,
      "auc": 0.5607388997010494,
      "log_loss": 1.4441650338882643,
      "brier": 0.22521138086895784,
      "directional_accuracy": 0.5680933852140078,
      "baseline_auc": 0.49877161865915265,
      "baseline_log_loss": 0.7189901614954715,
      "baseline_brier": 0.13054719308234095,
      "baseline_directional_accuracy": 0.7665369649805448,
      "best_params": {
        "objective": "multiclass",
        "num_class": 3,
        "metric": "multi_logloss",
        "num_leaves": 31,
        "learning_rate": 0.1,
        "min_child_samples": 5,
        "feature_fraction": 0.9,
        "bagging_fraction": 0.9,
        "bagging_freq": 5,
        "verbose": -1,
        "deterministic": true,
        "seed": 42
      }
    },
    {
      "fold": 3,
      "n_train": 1027,
      "n_test": 257,
      "auc": 0.503351654361665,
      "log_loss": 1.9888531257977855,
      "brier": 0.24727826621540228,
      "directional_accuracy": 0.5447470817120622,
      "baseline_auc": 0.5744494508663424,
      "baseline_log_loss": 0.855400316657537,
      "baseline_brier": 0.16318992531080104,
      "baseline_directional_accuracy": 0.6731517509727627,
      "best_params": {
        "objective": "multiclass",
        "num_class": 3,
        "metric": "multi_logloss",
        "num_leaves": 31,
        "learning_rate": 0.1,
        "min_child_samples": 5,
        "feature_fraction": 0.9,
        "bagging_fraction": 0.9,
        "bagging_freq": 5,
        "verbose": -1,
        "deterministic": true,
        "seed": 42
      }
    },
    {
      "fold": 4,
      "n_train": 1284,
      "n_test": 257,
      "auc": 0.5040067761178774,
      "log_loss": 1.1046564716071792,
      "brier": 0.15768862300158867,
      "directional_accuracy": 0.7276264591439688,
      "baseline_auc": 0.569711422624995,
      "baseline_log_loss": 0.7085549286286346,
      "baseline_brier": 0.13035499442997509,
      "baseline_directional_accuracy": 0.7626459143968871,
      "best_params": {
        "objective": "multiclass",
        "num_class": 3,
        "metric": "multi_logloss",
        "num_leaves": 31,
        "learning_rate": 0.1,
        "min_child_samples": 5,
        "feature_fraction": 0.9,
        "bagging_fraction": 0.9,
        "bagging_freq": 5,
        "verbose": -1,
        "deterministic": true,
        "seed": 42
      }
    }
  ],
  "note": "Per-coin model for render-token/1m.",
  "directional_call_share": 0.0,
  "directional_call_share_n": 309,
  "directional_call_share_source": "holdout",
  "model_kind": "lightgbm",
  "prior_probs": [],
  "has_regression_head": true,
  "regression_head_stats": {
    "n_train_rows": 694,
    "n_holdout_rows": 174,
    "abs_pred_p50_pct": 0.16655798245836745,
    "abs_pred_p95_pct": 0.3322866946493921,
    "abs_pred_max_pct": 0.628573271570437,
    "mae_pct": 0.13561388442441033,
    "best_iteration": 42
  },
  "gates_alignment": {
    "n": 309,
    "source": "holdout",
    "min_directional_edge": 0.05,
    "min_expected_return_pct": 0.15,
    "aligned_share": 0.6634304207119741,
    "aligned_loud_share": 0.656957928802589,
    "aligned_quiet_share": 0.006472491909385114,
    "loud_classifier_quiet_regressor_share": 0.016181229773462782,
    "quiet_classifier_loud_regressor_share": 0.32038834951456313,
    "dir_edge_p50": 0.06878306878306878,
    "dir_edge_p95": 0.21060515278609945,
    "abs_magnitude_pct_p50": 0.16655798245836745,
    "abs_magnitude_pct_p95": 0.31355212064092586
  }
}