{
  "coin_id": "jupiter-exchange-solana",
  "timeframe": "1h",
  "version": "20260422T154638Z",
  "feature_names": [
    "ret1",
    "ret5",
    "ret10",
    "momentum",
    "realizedVol",
    "rsi14",
    "macdLine",
    "macdSignal",
    "macdHist",
    "atr14",
    "atrPct",
    "ema9",
    "ema21",
    "emaSpreadPct",
    "distFromEma9Pct",
    "distFromEma21Pct",
    "bbUpper",
    "bbMiddle",
    "bbLower",
    "bbWidth",
    "bbPctB",
    "bbWidthPct",
    "news_etf_flow",
    "news_regulatory_risk",
    "news_exchange_outage",
    "news_macro_shock",
    "news_whale_move",
    "news_exploit_or_hack",
    "news_stablecoin_event",
    "news_narrative_rotation",
    "news_listing_or_delisting",
    "news_protocol_upgrade",
    "news_high_volume_breakout",
    "news_unusual_volatility",
    "coin_idx"
  ],
  "coin_vocab": [
    "jupiter-exchange-solana"
  ],
  "n_train_rows": 684,
  "n_test_rows": 570,
  "metrics": {
    "auc": 0.5206838482689179,
    "log_loss": 3.802998988141687,
    "brier": 0.3795596951376554,
    "directional_accuracy": 0.34035087719298246
  },
  "baseline_metrics": {
    "auc": 0.5039188690204245,
    "log_loss": 1.119154711344428,
    "brier": 0.22562504289229618,
    "directional_accuracy": 0.36140350877192984
  },
  "threshold_pct": 0.2,
  "horizon_candles": 1,
  "class_return_means_pct": [
    -0.6839677721033611,
    -0.003180834757098694,
    0.7268752473544489
  ],
  "fold_metrics": [
    {
      "fold": 0,
      "n_train": 114,
      "n_test": 114,
      "auc": 0.487159088638752,
      "log_loss": 4.819997160323324,
      "brier": 0.4618765295136726,
      "directional_accuracy": 0.22807017543859648,
      "baseline_auc": 0.43071249902245695,
      "baseline_log_loss": 1.229196752693639,
      "baseline_brier": 0.2469448926306661,
      "baseline_directional_accuracy": 0.2631578947368421,
      "best_params": {
        "objective": "multiclass",
        "num_class": 3,
        "metric": "multi_logloss",
        "num_leaves": 31,
        "learning_rate": 0.1,
        "min_child_samples": 5,
        "feature_fraction": 0.9,
        "bagging_fraction": 0.9,
        "bagging_freq": 5,
        "verbose": -1,
        "deterministic": true,
        "seed": 42
      }
    },
    {
      "fold": 1,
      "n_train": 228,
      "n_test": 114,
      "auc": 0.5258381953955068,
      "log_loss": 4.778660451886628,
      "brier": 0.40596062634737606,
      "directional_accuracy": 0.3508771929824561,
      "baseline_auc": 0.5252128484794563,
      "baseline_log_loss": 1.1505362339577094,
      "baseline_brier": 0.23080161335969485,
      "baseline_directional_accuracy": 0.3684210526315789,
      "best_params": {
        "objective": "multiclass",
        "num_class": 3,
        "metric": "multi_logloss",
        "num_leaves": 31,
        "learning_rate": 0.1,
        "min_child_samples": 5,
        "feature_fraction": 0.9,
        "bagging_fraction": 0.9,
        "bagging_freq": 5,
        "verbose": -1,
        "deterministic": true,
        "seed": 42
      }
    },
    {
      "fold": 2,
      "n_train": 342,
      "n_test": 114,
      "auc": 0.5954214234367926,
      "log_loss": 2.5628729617532335,
      "brier": 0.3121985432251832,
      "directional_accuracy": 0.40350877192982454,
      "baseline_auc": 0.5103135149324229,
      "baseline_log_loss": 1.0893669190609119,
      "baseline_brier": 0.22054192699326114,
      "baseline_directional_accuracy": 0.3508771929824561,
      "best_params": {
        "objective": "multiclass",
        "num_class": 3,
        "metric": "multi_logloss",
        "num_leaves": 31,
        "learning_rate": 0.1,
        "min_child_samples": 5,
        "feature_fraction": 0.9,
        "bagging_fraction": 0.9,
        "bagging_freq": 5,
        "verbose": -1,
        "deterministic": true,
        "seed": 42
      }
    },
    {
      "fold": 3,
      "n_train": 456,
      "n_test": 114,
      "auc": 0.47557807373067035,
      "log_loss": 4.702022769764287,
      "brier": 0.3926108190738411,
      "directional_accuracy": 0.3684210526315789,
      "baseline_auc": 0.5747273092617406,
      "baseline_log_loss": 1.0391389641511588,
      "baseline_brier": 0.20974951499336805,
      "baseline_directional_accuracy": 0.4473684210526316,
      "best_params": {
        "objective": "multiclass",
        "num_class": 3,
        "metric": "multi_logloss",
        "num_leaves": 31,
        "learning_rate": 0.1,
        "min_child_samples": 5,
        "feature_fraction": 0.9,
        "bagging_fraction": 0.9,
        "bagging_freq": 5,
        "verbose": -1,
        "deterministic": true,
        "seed": 42
      }
    },
    {
      "fold": 4,
      "n_train": 570,
      "n_test": 114,
      "auc": 0.5194224601428672,
      "log_loss": 2.1514415969809604,
      "brier": 0.32515195752820414,
      "directional_accuracy": 0.3508771929824561,
      "baseline_auc": 0.4786281734060456,
      "baseline_log_loss": 1.087534686858721,
      "baseline_brier": 0.22008726648449062,
      "baseline_directional_accuracy": 0.37719298245614036,
      "best_params": {
        "objective": "multiclass",
        "num_class": 3,
        "metric": "multi_logloss",
        "num_leaves": 31,
        "learning_rate": 0.1,
        "min_child_samples": 5,
        "feature_fraction": 0.9,
        "bagging_fraction": 0.9,
        "bagging_freq": 5,
        "verbose": -1,
        "deterministic": true,
        "seed": 42
      }
    }
  ],
  "note": "Per-coin model for jupiter-exchange-solana/1h.",
  "directional_call_share": 0.9854014598540146,
  "directional_call_share_n": 137,
  "directional_call_share_source": "holdout",
  "model_kind": "lightgbm",
  "prior_probs": [],
  "has_regression_head": true,
  "regression_head_stats": {
    "n_train_rows": 412,
    "n_holdout_rows": 103,
    "abs_pred_p50_pct": 0.7207770715813036,
    "abs_pred_p95_pct": 0.7730250948826662,
    "abs_pred_max_pct": 0.7754910388416907,
    "mae_pct": 0.35942193922978344,
    "best_iteration": 1
  },
  "gates_alignment": {
    "n": 137,
    "source": "holdout",
    "min_directional_edge": 0.05,
    "min_expected_return_pct": 0.15,
    "aligned_share": 0.12408759124087591,
    "aligned_loud_share": 0.12408759124087591,
    "aligned_quiet_share": 0.0,
    "loud_classifier_quiet_regressor_share": 0.0,
    "quiet_classifier_loud_regressor_share": 0.8759124087591241,
    "dir_edge_p50": 0.0025947067981318406,
    "dir_edge_p95": 0.5878787878787868,
    "abs_magnitude_pct_p50": 0.7207770715813036,
    "abs_magnitude_pct_p95": 0.7508315992514485
  }
}