{
  "coin_id": "render-token",
  "timeframe": "5m",
  "version": "20260422T094725Z",
  "feature_names": [
    "ret1",
    "ret5",
    "ret10",
    "momentum",
    "realizedVol",
    "rsi14",
    "macdLine",
    "macdSignal",
    "macdHist",
    "atr14",
    "atrPct",
    "ema9",
    "ema21",
    "emaSpreadPct",
    "distFromEma9Pct",
    "distFromEma21Pct",
    "bbUpper",
    "bbMiddle",
    "bbLower",
    "bbWidth",
    "bbPctB",
    "bbWidthPct",
    "news_etf_flow",
    "news_regulatory_risk",
    "news_exchange_outage",
    "news_macro_shock",
    "news_whale_move",
    "news_exploit_or_hack",
    "news_stablecoin_event",
    "news_narrative_rotation",
    "news_listing_or_delisting",
    "news_protocol_upgrade",
    "news_high_volume_breakout",
    "news_unusual_volatility",
    "coin_idx"
  ],
  "coin_vocab": [
    "render-token"
  ],
  "n_train_rows": 837,
  "n_test_rows": 695,
  "metrics": {
    "auc": 0.48265117941875485,
    "log_loss": 2.8103337367842123,
    "brier": 0.3476220386386885,
    "directional_accuracy": 0.36834532374100715
  },
  "baseline_metrics": {
    "auc": 0.5104054018001494,
    "log_loss": 1.0540296007946244,
    "brier": 0.21317708890113712,
    "directional_accuracy": 0.4071942446043165
  },
  "threshold_pct": 0.1,
  "horizon_candles": 1,
  "class_return_means_pct": [
    -0.6673252859143443,
    0.0015147815221312937,
    0.6795735267690215
  ],
  "fold_metrics": [
    {
      "fold": 0,
      "n_train": 139,
      "n_test": 139,
      "auc": 0.519757519427309,
      "log_loss": 2.6631449310254633,
      "brier": 0.3231153790481828,
      "directional_accuracy": 0.4244604316546763,
      "baseline_auc": 0.4192769382208177,
      "baseline_log_loss": 1.0222039882973093,
      "baseline_brier": 0.20769732973772678,
      "baseline_directional_accuracy": 0.41007194244604317,
      "best_params": {
        "objective": "multiclass",
        "num_class": 3,
        "metric": "multi_logloss",
        "num_leaves": 31,
        "learning_rate": 0.1,
        "min_child_samples": 5,
        "feature_fraction": 0.9,
        "bagging_fraction": 0.9,
        "bagging_freq": 5,
        "verbose": -1,
        "deterministic": true,
        "seed": 42
      }
    },
    {
      "fold": 1,
      "n_train": 278,
      "n_test": 139,
      "auc": 0.4969252312266419,
      "log_loss": 3.1051155327748954,
      "brier": 0.35025427197012693,
      "directional_accuracy": 0.37410071942446044,
      "baseline_auc": 0.5142688534166019,
      "baseline_log_loss": 1.0950767933069785,
      "baseline_brier": 0.22350527052571542,
      "baseline_directional_accuracy": 0.4028776978417266,
      "best_params": {
        "objective": "multiclass",
        "num_class": 3,
        "metric": "multi_logloss",
        "num_leaves": 31,
        "learning_rate": 0.1,
        "min_child_samples": 5,
        "feature_fraction": 0.9,
        "bagging_fraction": 0.9,
        "bagging_freq": 5,
        "verbose": -1,
        "deterministic": true,
        "seed": 42
      }
    },
    {
      "fold": 2,
      "n_train": 417,
      "n_test": 139,
      "auc": 0.45849545809028824,
      "log_loss": 2.568135744758749,
      "brier": 0.3337791847327509,
      "directional_accuracy": 0.41007194244604317,
      "baseline_auc": 0.5469735495598843,
      "baseline_log_loss": 0.9683417072887371,
      "baseline_brier": 0.19853514895292537,
      "baseline_directional_accuracy": 0.43884892086330934,
      "best_params": {
        "objective": "multiclass",
        "num_class": 3,
        "metric": "multi_logloss",
        "num_leaves": 31,
        "learning_rate": 0.1,
        "min_child_samples": 5,
        "feature_fraction": 0.9,
        "bagging_fraction": 0.9,
        "bagging_freq": 5,
        "verbose": -1,
        "deterministic": true,
        "seed": 42
      }
    },
    {
      "fold": 3,
      "n_train": 556,
      "n_test": 139,
      "auc": 0.5000384018647953,
      "log_loss": 3.4808261789527974,
      "brier": 0.3690960038530176,
      "directional_accuracy": 0.37410071942446044,
      "baseline_auc": 0.5450478263586879,
      "baseline_log_loss": 1.1404249665228792,
      "baseline_brier": 0.22817430261363328,
      "baseline_directional_accuracy": 0.33093525179856115,
      "best_params": {
        "objective": "multiclass",
        "num_class": 3,
        "metric": "multi_logloss",
        "num_leaves": 31,
        "learning_rate": 0.1,
        "min_child_samples": 5,
        "feature_fraction": 0.9,
        "bagging_fraction": 0.9,
        "bagging_freq": 5,
        "verbose": -1,
        "deterministic": true,
        "seed": 42
      }
    },
    {
      "fold": 4,
      "n_train": 695,
      "n_test": 139,
      "auc": 0.4380392864847396,
      "log_loss": 2.234446296409155,
      "brier": 0.3618653535893644,
      "directional_accuracy": 0.2589928057553957,
      "baseline_auc": 0.5264598414447551,
      "baseline_log_loss": 1.0441005485572177,
      "baseline_brier": 0.2079733926756848,
      "baseline_directional_accuracy": 0.45323741007194246,
      "best_params": {
        "objective": "multiclass",
        "num_class": 3,
        "metric": "multi_logloss",
        "num_leaves": 31,
        "learning_rate": 0.1,
        "min_child_samples": 5,
        "feature_fraction": 0.9,
        "bagging_fraction": 0.9,
        "bagging_freq": 5,
        "verbose": -1,
        "deterministic": true,
        "seed": 42
      }
    }
  ],
  "note": "Per-coin model for render-token/5m.",
  "directional_call_share": 0.03571428571428571,
  "directional_call_share_n": 168,
  "directional_call_share_source": "holdout",
  "model_kind": "lightgbm",
  "prior_probs": [],
  "has_regression_head": true,
  "regression_head_stats": {
    "n_train_rows": 523,
    "n_holdout_rows": 131,
    "abs_pred_p50_pct": 0.697590336697327,
    "abs_pred_p95_pct": 0.8875806629907541,
    "abs_pred_max_pct": 0.9858928009413954,
    "mae_pct": 0.4666780699773987,
    "best_iteration": 10
  },
  "gates_alignment": {
    "n": 168,
    "source": "holdout",
    "min_directional_edge": 0.05,
    "min_expected_return_pct": 0.15,
    "aligned_share": 0.6904761904761905,
    "aligned_loud_share": 0.6904761904761905,
    "aligned_quiet_share": 0.0,
    "loud_classifier_quiet_regressor_share": 0.0,
    "quiet_classifier_loud_regressor_share": 0.30952380952380953,
    "dir_edge_p50": 0.06853032975980458,
    "dir_edge_p95": 0.10738524410712985,
    "abs_magnitude_pct_p50": 0.6946999886251566,
    "abs_magnitude_pct_p95": 0.8508754852942304
  }
}