{
  "coin_id": "sei-network",
  "timeframe": "1m",
  "version": "20260422T113354Z",
  "feature_names": [
    "ret1",
    "ret5",
    "ret10",
    "momentum",
    "realizedVol",
    "rsi14",
    "macdLine",
    "macdSignal",
    "macdHist",
    "atr14",
    "atrPct",
    "ema9",
    "ema21",
    "emaSpreadPct",
    "distFromEma9Pct",
    "distFromEma21Pct",
    "bbUpper",
    "bbMiddle",
    "bbLower",
    "bbWidth",
    "bbPctB",
    "bbWidthPct",
    "news_etf_flow",
    "news_regulatory_risk",
    "news_exchange_outage",
    "news_macro_shock",
    "news_whale_move",
    "news_exploit_or_hack",
    "news_stablecoin_event",
    "news_narrative_rotation",
    "news_listing_or_delisting",
    "news_protocol_upgrade",
    "news_high_volume_breakout",
    "news_unusual_volatility",
    "coin_idx"
  ],
  "coin_vocab": [
    "sei-network"
  ],
  "n_train_rows": 1562,
  "n_test_rows": 1300,
  "metrics": {
    "auc": 0.5450942296774555,
    "log_loss": 2.2846590875395316,
    "brier": 0.2569786470078739,
    "directional_accuracy": 0.5053846153846153
  },
  "baseline_metrics": {
    "auc": 0.5488578612997468,
    "log_loss": 1.027929225409936,
    "brier": 0.19212416403814297,
    "directional_accuracy": 0.5707692307692307
  },
  "threshold_pct": 0.03,
  "horizon_candles": 1,
  "class_return_means_pct": [
    -0.37764846709136835,
    0.0011480980981250222,
    0.4191425549241062
  ],
  "fold_metrics": [
    {
      "fold": 0,
      "n_train": 260,
      "n_test": 260,
      "auc": 0.5317896649133892,
      "log_loss": 1.6490343863758776,
      "brier": 0.2624703704070371,
      "directional_accuracy": 0.49230769230769234,
      "baseline_auc": 0.5255436483347332,
      "baseline_log_loss": 0.8844120955713574,
      "baseline_brier": 0.18730975743578845,
      "baseline_directional_accuracy": 0.5153846153846153,
      "best_params": {
        "objective": "multiclass",
        "num_class": 3,
        "metric": "multi_logloss",
        "num_leaves": 63,
        "learning_rate": 0.06807764614983679,
        "min_child_samples": 12,
        "feature_fraction": 0.9,
        "bagging_fraction": 0.9,
        "bagging_freq": 5,
        "verbose": -1,
        "deterministic": true,
        "seed": 42
      }
    },
    {
      "fold": 1,
      "n_train": 520,
      "n_test": 260,
      "auc": 0.40156685090461613,
      "log_loss": 6.133449920616593,
      "brier": 0.4030195542803809,
      "directional_accuracy": 0.3384615384615385,
      "baseline_auc": 0.5748533942506523,
      "baseline_log_loss": 1.6366923696537403,
      "baseline_brier": 0.2818731708506243,
      "baseline_directional_accuracy": 0.3038461538461538,
      "best_params": {
        "objective": "multiclass",
        "num_class": 3,
        "metric": "multi_logloss",
        "num_leaves": 15,
        "learning_rate": 0.09230320822645494,
        "min_child_samples": 6,
        "feature_fraction": 0.9,
        "bagging_fraction": 0.9,
        "bagging_freq": 5,
        "verbose": -1,
        "deterministic": true,
        "seed": 42
      }
    },
    {
      "fold": 2,
      "n_train": 780,
      "n_test": 260,
      "auc": 0.6070811678311481,
      "log_loss": 0.9499048691558805,
      "brier": 0.16313627036333728,
      "directional_accuracy": 0.6846153846153846,
      "baseline_auc": 0.4758969291852722,
      "baseline_log_loss": 0.6775595159979368,
      "baseline_brier": 0.12257070965938695,
      "baseline_directional_accuracy": 0.7961538461538461,
      "best_params": {
        "objective": "multiclass",
        "num_class": 3,
        "metric": "multi_logloss",
        "num_leaves": 15,
        "learning_rate": 0.09230320822645494,
        "min_child_samples": 6,
        "feature_fraction": 0.9,
        "bagging_fraction": 0.9,
        "bagging_freq": 5,
        "verbose": -1,
        "deterministic": true,
        "seed": 42
      }
    },
    {
      "fold": 3,
      "n_train": 1040,
      "n_test": 260,
      "auc": 0.5992779983490811,
      "log_loss": 1.1472929524474222,
      "brier": 0.18603563941778625,
      "directional_accuracy": 0.6576923076923077,
      "baseline_auc": 0.6363470942945845,
      "baseline_log_loss": 0.8882229176841226,
      "baseline_brier": 0.15757651401277437,
      "baseline_directional_accuracy": 0.6884615384615385,
      "best_params": {
        "objective": "multiclass",
        "num_class": 3,
        "metric": "multi_logloss",
        "num_leaves": 15,
        "learning_rate": 0.060113218328857784,
        "min_child_samples": 16,
        "feature_fraction": 0.9,
        "bagging_fraction": 0.9,
        "bagging_freq": 5,
        "verbose": -1,
        "deterministic": true,
        "seed": 42
      }
    },
    {
      "fold": 4,
      "n_train": 1300,
      "n_test": 260,
      "auc": 0.5857554663890427,
      "log_loss": 1.5436133091018855,
      "brier": 0.2702314005708279,
      "directional_accuracy": 0.35384615384615387,
      "baseline_auc": 0.5316482404334919,
      "baseline_log_loss": 1.0527592281425222,
      "baseline_brier": 0.2112906682321407,
      "baseline_directional_accuracy": 0.55,
      "best_params": {
        "objective": "multiclass",
        "num_class": 3,
        "metric": "multi_logloss",
        "num_leaves": 15,
        "learning_rate": 0.09230320822645494,
        "min_child_samples": 6,
        "feature_fraction": 0.9,
        "bagging_fraction": 0.9,
        "bagging_freq": 5,
        "verbose": -1,
        "deterministic": true,
        "seed": 42
      }
    }
  ],
  "note": "Per-coin model for sei-network/1m.",
  "directional_call_share": 0.022364217252396165,
  "directional_call_share_n": 313,
  "directional_call_share_source": "holdout",
  "model_kind": "lightgbm",
  "prior_probs": [],
  "has_regression_head": true,
  "regression_head_stats": {
    "n_train_rows": 722,
    "n_holdout_rows": 181,
    "abs_pred_p50_pct": 0.17337810945924054,
    "abs_pred_p95_pct": 0.5646539313445625,
    "abs_pred_max_pct": 0.9066918962455346,
    "mae_pct": 0.18650296454443832,
    "best_iteration": 27
  },
  "gates_alignment": {
    "n": 313,
    "source": "holdout",
    "min_directional_edge": 0.05,
    "min_expected_return_pct": 0.15,
    "aligned_share": 0.4440894568690096,
    "aligned_loud_share": 0.4440894568690096,
    "aligned_quiet_share": 0.0,
    "loud_classifier_quiet_regressor_share": 0.0,
    "quiet_classifier_loud_regressor_share": 0.5559105431309904,
    "dir_edge_p50": 0.03593901350763859,
    "dir_edge_p95": 0.22587092297015957,
    "abs_magnitude_pct_p50": 0.17337810945924054,
    "abs_magnitude_pct_p95": 0.607909724836894
  }
}