{
  "coin_id": "bonk",
  "timeframe": "2h",
  "version": "20260422T093025Z",
  "feature_names": [
    "ret1",
    "ret5",
    "ret10",
    "momentum",
    "realizedVol",
    "rsi14",
    "macdLine",
    "macdSignal",
    "macdHist",
    "atr14",
    "atrPct",
    "ema9",
    "ema21",
    "emaSpreadPct",
    "distFromEma9Pct",
    "distFromEma21Pct",
    "bbUpper",
    "bbMiddle",
    "bbLower",
    "bbWidth",
    "bbPctB",
    "bbWidthPct",
    "news_etf_flow",
    "news_regulatory_risk",
    "news_exchange_outage",
    "news_macro_shock",
    "news_whale_move",
    "news_exploit_or_hack",
    "news_stablecoin_event",
    "news_narrative_rotation",
    "news_listing_or_delisting",
    "news_protocol_upgrade",
    "news_high_volume_breakout",
    "news_unusual_volatility",
    "coin_idx"
  ],
  "coin_vocab": [
    "bonk"
  ],
  "n_train_rows": 325,
  "n_test_rows": 270,
  "metrics": {
    "auc": 0.5112100128320245,
    "log_loss": 2.2256572012982105,
    "brier": 0.3406403285710576,
    "directional_accuracy": 0.3148148148148148
  },
  "baseline_metrics": {
    "auc": 0.5513017549333529,
    "log_loss": 1.1213822259575585,
    "brier": 0.22630379473021506,
    "directional_accuracy": 0.37777777777777777
  },
  "threshold_pct": 0.28,
  "horizon_candles": 1,
  "class_return_means_pct": [
    -0.9103305581170715,
    0.0070581392920703034,
    1.0806524025391424
  ],
  "fold_metrics": [
    {
      "fold": 0,
      "n_train": 54,
      "n_test": 54,
      "auc": 0.5326347076540575,
      "log_loss": 2.3615229529886816,
      "brier": 0.3526119668047116,
      "directional_accuracy": 0.3333333333333333,
      "baseline_auc": 0.514531229895007,
      "baseline_log_loss": 1.1822459176620743,
      "baseline_brier": 0.23788559405643514,
      "baseline_directional_accuracy": 0.35185185185185186,
      "best_params": {
        "objective": "multiclass",
        "num_class": 3,
        "metric": "multi_logloss",
        "num_leaves": 63,
        "learning_rate": 0.06807764614983679,
        "min_child_samples": 12,
        "feature_fraction": 0.9,
        "bagging_fraction": 0.9,
        "bagging_freq": 5,
        "verbose": -1,
        "deterministic": true,
        "seed": 42
      }
    },
    {
      "fold": 1,
      "n_train": 108,
      "n_test": 54,
      "auc": 0.5113189269223751,
      "log_loss": 1.7890325906220605,
      "brier": 0.31731252470074817,
      "directional_accuracy": 0.3148148148148148,
      "baseline_auc": 0.49050562783321405,
      "baseline_log_loss": 1.1052514621055027,
      "baseline_brier": 0.22314607419253543,
      "baseline_directional_accuracy": 0.37037037037037035,
      "best_params": {
        "objective": "multiclass",
        "num_class": 3,
        "metric": "multi_logloss",
        "num_leaves": 63,
        "learning_rate": 0.0938393881004349,
        "min_child_samples": 23,
        "feature_fraction": 0.9,
        "bagging_fraction": 0.9,
        "bagging_freq": 5,
        "verbose": -1,
        "deterministic": true,
        "seed": 42
      }
    },
    {
      "fold": 2,
      "n_train": 162,
      "n_test": 54,
      "auc": 0.5691877065716074,
      "log_loss": 3.030400747187652,
      "brier": 0.3626858628564092,
      "directional_accuracy": 0.35185185185185186,
      "baseline_auc": 0.6083728678155923,
      "baseline_log_loss": 1.099354149934561,
      "baseline_brier": 0.2224950740615322,
      "baseline_directional_accuracy": 0.3333333333333333,
      "best_params": {
        "objective": "multiclass",
        "num_class": 3,
        "metric": "multi_logloss",
        "num_leaves": 15,
        "learning_rate": 0.09230320822645494,
        "min_child_samples": 6,
        "feature_fraction": 0.9,
        "bagging_fraction": 0.9,
        "bagging_freq": 5,
        "verbose": -1,
        "deterministic": true,
        "seed": 42
      }
    },
    {
      "fold": 3,
      "n_train": 216,
      "n_test": 54,
      "auc": 0.44111685639463416,
      "log_loss": 1.9753809167874996,
      "brier": 0.3500867367727453,
      "directional_accuracy": 0.25925925925925924,
      "baseline_auc": 0.5876095612206722,
      "baseline_log_loss": 1.0592815751237021,
      "baseline_brier": 0.21409286626933335,
      "baseline_directional_accuracy": 0.3888888888888889,
      "best_params": {
        "objective": "multiclass",
        "num_class": 3,
        "metric": "multi_logloss",
        "num_leaves": 63,
        "learning_rate": 0.0938393881004349,
        "min_child_samples": 23,
        "feature_fraction": 0.9,
        "bagging_fraction": 0.9,
        "bagging_freq": 5,
        "verbose": -1,
        "deterministic": true,
        "seed": 42
      }
    },
    {
      "fold": 4,
      "n_train": 270,
      "n_test": 54,
      "auc": 0.501791866617448,
      "log_loss": 1.9719487989051592,
      "brier": 0.32050455172067355,
      "directional_accuracy": 0.3148148148148148,
      "baseline_auc": 0.5554894879022786,
      "baseline_log_loss": 1.1607780249619524,
      "baseline_brier": 0.2338993650712392,
      "baseline_directional_accuracy": 0.4444444444444444,
      "best_params": {
        "objective": "multiclass",
        "num_class": 3,
        "metric": "multi_logloss",
        "num_leaves": 63,
        "learning_rate": 0.06807764614983679,
        "min_child_samples": 12,
        "feature_fraction": 0.9,
        "bagging_fraction": 0.9,
        "bagging_freq": 5,
        "verbose": -1,
        "deterministic": true,
        "seed": 42
      }
    }
  ],
  "note": "Per-coin model for bonk/2h.",
  "directional_call_share": 0.9692307692307692,
  "directional_call_share_n": 65,
  "directional_call_share_source": "holdout",
  "model_kind": "lightgbm",
  "prior_probs": [],
  "has_regression_head": true,
  "regression_head_stats": {
    "n_train_rows": 190,
    "n_holdout_rows": 48,
    "abs_pred_p50_pct": 0.9836877339944624,
    "abs_pred_p95_pct": 1.4768785897062529,
    "abs_pred_max_pct": 1.5198738172532695,
    "mae_pct": 0.46714681052208795,
    "best_iteration": 8
  }
}