{
  "coin_id": "dogwifcoin",
  "timeframe": "5m",
  "version": "20260422T094607Z",
  "feature_names": [
    "ret1",
    "ret5",
    "ret10",
    "momentum",
    "realizedVol",
    "rsi14",
    "macdLine",
    "macdSignal",
    "macdHist",
    "atr14",
    "atrPct",
    "ema9",
    "ema21",
    "emaSpreadPct",
    "distFromEma9Pct",
    "distFromEma21Pct",
    "bbUpper",
    "bbMiddle",
    "bbLower",
    "bbWidth",
    "bbPctB",
    "bbWidthPct",
    "news_etf_flow",
    "news_regulatory_risk",
    "news_exchange_outage",
    "news_macro_shock",
    "news_whale_move",
    "news_exploit_or_hack",
    "news_stablecoin_event",
    "news_narrative_rotation",
    "news_listing_or_delisting",
    "news_protocol_upgrade",
    "news_high_volume_breakout",
    "news_unusual_volatility",
    "coin_idx"
  ],
  "coin_vocab": [
    "dogwifcoin"
  ],
  "n_train_rows": 837,
  "n_test_rows": 695,
  "metrics": {
    "auc": 0.5271393616979168,
    "log_loss": 2.8688092927865982,
    "brier": 0.3227015284463003,
    "directional_accuracy": 0.4474820143884893
  },
  "baseline_metrics": {
    "auc": 0.5105218473130488,
    "log_loss": 0.9381847073521243,
    "brier": 0.19599351862243447,
    "directional_accuracy": 0.4517985611510792
  },
  "threshold_pct": 0.04,
  "horizon_candles": 1,
  "class_return_means_pct": [
    -0.5246450341518084,
    0.0033740162516175997,
    0.5953247168154882
  ],
  "fold_metrics": [
    {
      "fold": 0,
      "n_train": 139,
      "n_test": 139,
      "auc": 0.5551850241983302,
      "log_loss": 2.7232313564729362,
      "brier": 0.30737651424791607,
      "directional_accuracy": 0.4748201438848921,
      "baseline_auc": 0.5025936899243022,
      "baseline_log_loss": 0.8739611327683121,
      "baseline_brier": 0.18193604622063528,
      "baseline_directional_accuracy": 0.5251798561151079,
      "best_params": {
        "objective": "multiclass",
        "num_class": 3,
        "metric": "multi_logloss",
        "num_leaves": 31,
        "learning_rate": 0.1,
        "min_child_samples": 5,
        "feature_fraction": 0.9,
        "bagging_fraction": 0.9,
        "bagging_freq": 5,
        "verbose": -1,
        "deterministic": true,
        "seed": 42
      }
    },
    {
      "fold": 1,
      "n_train": 278,
      "n_test": 139,
      "auc": 0.5751641467399876,
      "log_loss": 2.941918912538917,
      "brier": 0.2749607003507439,
      "directional_accuracy": 0.5179856115107914,
      "baseline_auc": 0.526892589890463,
      "baseline_log_loss": 0.8714062386268324,
      "baseline_brier": 0.18887530965605262,
      "baseline_directional_accuracy": 0.5179856115107914,
      "best_params": {
        "objective": "multiclass",
        "num_class": 3,
        "metric": "multi_logloss",
        "num_leaves": 31,
        "learning_rate": 0.1,
        "min_child_samples": 5,
        "feature_fraction": 0.9,
        "bagging_fraction": 0.9,
        "bagging_freq": 5,
        "verbose": -1,
        "deterministic": true,
        "seed": 42
      }
    },
    {
      "fold": 2,
      "n_train": 417,
      "n_test": 139,
      "auc": 0.49113808680754967,
      "log_loss": 2.2829443473306816,
      "brier": 0.3005023081044628,
      "directional_accuracy": 0.48201438848920863,
      "baseline_auc": 0.4935462440827949,
      "baseline_log_loss": 0.7820209105387922,
      "baseline_brier": 0.17333396422750083,
      "baseline_directional_accuracy": 0.460431654676259,
      "best_params": {
        "objective": "multiclass",
        "num_class": 3,
        "metric": "multi_logloss",
        "num_leaves": 31,
        "learning_rate": 0.1,
        "min_child_samples": 5,
        "feature_fraction": 0.9,
        "bagging_fraction": 0.9,
        "bagging_freq": 5,
        "verbose": -1,
        "deterministic": true,
        "seed": 42
      }
    },
    {
      "fold": 3,
      "n_train": 556,
      "n_test": 139,
      "auc": 0.5394179630210941,
      "log_loss": 3.3235392050203476,
      "brier": 0.3814518609530679,
      "directional_accuracy": 0.35251798561151076,
      "baseline_auc": 0.5757221381234543,
      "baseline_log_loss": 1.0067453199748893,
      "baseline_brier": 0.20433157262463922,
      "baseline_directional_accuracy": 0.39568345323741005,
      "best_params": {
        "objective": "multiclass",
        "num_class": 3,
        "metric": "multi_logloss",
        "num_leaves": 31,
        "learning_rate": 0.1,
        "min_child_samples": 5,
        "feature_fraction": 0.9,
        "bagging_fraction": 0.9,
        "bagging_freq": 5,
        "verbose": -1,
        "deterministic": true,
        "seed": 42
      }
    },
    {
      "fold": 4,
      "n_train": 695,
      "n_test": 139,
      "auc": 0.47479158772262214,
      "log_loss": 3.0724126425701086,
      "brier": 0.34921625857531086,
      "directional_accuracy": 0.41007194244604317,
      "baseline_auc": 0.4538545745442297,
      "baseline_log_loss": 1.156789934851795,
      "baseline_brier": 0.2314907003833444,
      "baseline_directional_accuracy": 0.3597122302158273,
      "best_params": {
        "objective": "multiclass",
        "num_class": 3,
        "metric": "multi_logloss",
        "num_leaves": 31,
        "learning_rate": 0.1,
        "min_child_samples": 5,
        "feature_fraction": 0.9,
        "bagging_fraction": 0.9,
        "bagging_freq": 5,
        "verbose": -1,
        "deterministic": true,
        "seed": 42
      }
    }
  ],
  "note": "Per-coin model for dogwifcoin/5m.",
  "directional_call_share": 1.0,
  "directional_call_share_n": 168,
  "directional_call_share_source": "holdout",
  "model_kind": "lightgbm",
  "prior_probs": [],
  "has_regression_head": true,
  "regression_head_stats": {
    "n_train_rows": 611,
    "n_holdout_rows": 153,
    "abs_pred_p50_pct": 0.6607659831120284,
    "abs_pred_p95_pct": 0.6607659831120284,
    "abs_pred_max_pct": 0.6654727666736853,
    "mae_pct": 0.4882252812156374,
    "best_iteration": 1
  },
  "gates_alignment": {
    "n": 168,
    "source": "holdout",
    "min_directional_edge": 0.05,
    "min_expected_return_pct": 0.15,
    "aligned_share": 0.20238095238095238,
    "aligned_loud_share": 0.20238095238095238,
    "aligned_quiet_share": 0.0,
    "loud_classifier_quiet_regressor_share": 0.0,
    "quiet_classifier_loud_regressor_share": 0.7976190476190477,
    "dir_edge_p50": 0.02810834489304226,
    "dir_edge_p95": 0.42247799593771157,
    "abs_magnitude_pct_p50": 0.6607659831120284,
    "abs_magnitude_pct_p95": 0.6607659831120284
  }
}