{
  "coin_id": "render-token",
  "timeframe": "5m",
  "version": "20260422T111430Z",
  "feature_names": [
    "ret1",
    "ret5",
    "ret10",
    "momentum",
    "realizedVol",
    "rsi14",
    "macdLine",
    "macdSignal",
    "macdHist",
    "atr14",
    "atrPct",
    "ema9",
    "ema21",
    "emaSpreadPct",
    "distFromEma9Pct",
    "distFromEma21Pct",
    "bbUpper",
    "bbMiddle",
    "bbLower",
    "bbWidth",
    "bbPctB",
    "bbWidthPct",
    "news_etf_flow",
    "news_regulatory_risk",
    "news_exchange_outage",
    "news_macro_shock",
    "news_whale_move",
    "news_exploit_or_hack",
    "news_stablecoin_event",
    "news_narrative_rotation",
    "news_listing_or_delisting",
    "news_protocol_upgrade",
    "news_high_volume_breakout",
    "news_unusual_volatility",
    "coin_idx"
  ],
  "coin_vocab": [
    "render-token"
  ],
  "n_train_rows": 853,
  "n_test_rows": 710,
  "metrics": {
    "auc": 0.5247197823603894,
    "log_loss": 2.4243875858351074,
    "brier": 0.3115545614349075,
    "directional_accuracy": 0.4492957746478874
  },
  "baseline_metrics": {
    "auc": 0.5039531696742631,
    "log_loss": 0.9901314739192607,
    "brier": 0.2014622637366131,
    "directional_accuracy": 0.4323943661971831
  },
  "threshold_pct": 0.04,
  "horizon_candles": 1,
  "class_return_means_pct": [
    -0.5717832878044417,
    -0.0015006690207084704,
    0.5744515207312483
  ],
  "fold_metrics": [
    {
      "fold": 0,
      "n_train": 142,
      "n_test": 142,
      "auc": 0.5616009834448419,
      "log_loss": 1.8305084255449873,
      "brier": 0.26172096770110614,
      "directional_accuracy": 0.5211267605633803,
      "baseline_auc": 0.4821712921642795,
      "baseline_log_loss": 0.9102690723693044,
      "baseline_brier": 0.18463858463992178,
      "baseline_directional_accuracy": 0.4507042253521127,
      "best_params": {
        "objective": "multiclass",
        "num_class": 3,
        "metric": "multi_logloss",
        "num_leaves": 31,
        "learning_rate": 0.1,
        "min_child_samples": 5,
        "feature_fraction": 0.9,
        "bagging_fraction": 0.9,
        "bagging_freq": 5,
        "verbose": -1,
        "deterministic": true,
        "seed": 42
      }
    },
    {
      "fold": 1,
      "n_train": 284,
      "n_test": 142,
      "auc": 0.4987241049116462,
      "log_loss": 2.5572615548692137,
      "brier": 0.32345851292290106,
      "directional_accuracy": 0.4225352112676056,
      "baseline_auc": 0.5614671567570831,
      "baseline_log_loss": 0.9396311609652022,
      "baseline_brier": 0.19767483704170888,
      "baseline_directional_accuracy": 0.4788732394366197,
      "best_params": {
        "objective": "multiclass",
        "num_class": 3,
        "metric": "multi_logloss",
        "num_leaves": 31,
        "learning_rate": 0.1,
        "min_child_samples": 5,
        "feature_fraction": 0.9,
        "bagging_fraction": 0.9,
        "bagging_freq": 5,
        "verbose": -1,
        "deterministic": true,
        "seed": 42
      }
    },
    {
      "fold": 2,
      "n_train": 426,
      "n_test": 142,
      "auc": 0.5480287312438606,
      "log_loss": 1.90579874530458,
      "brier": 0.2795546441741182,
      "directional_accuracy": 0.5140845070422535,
      "baseline_auc": 0.49669304073443454,
      "baseline_log_loss": 0.8023640711377992,
      "baseline_brier": 0.1781787263275186,
      "baseline_directional_accuracy": 0.45774647887323944,
      "best_params": {
        "objective": "multiclass",
        "num_class": 3,
        "metric": "multi_logloss",
        "num_leaves": 31,
        "learning_rate": 0.1,
        "min_child_samples": 5,
        "feature_fraction": 0.9,
        "bagging_fraction": 0.9,
        "bagging_freq": 5,
        "verbose": -1,
        "deterministic": true,
        "seed": 42
      }
    },
    {
      "fold": 3,
      "n_train": 568,
      "n_test": 142,
      "auc": 0.4755371047940707,
      "log_loss": 3.1293980163138317,
      "brier": 0.3440910875689884,
      "directional_accuracy": 0.4014084507042254,
      "baseline_auc": 0.4895196967027367,
      "baseline_log_loss": 1.1253411699084033,
      "baseline_brier": 0.21074399069579264,
      "baseline_directional_accuracy": 0.4507042253521127,
      "best_params": {
        "objective": "multiclass",
        "num_class": 3,
        "metric": "multi_logloss",
        "num_leaves": 31,
        "learning_rate": 0.1,
        "min_child_samples": 5,
        "feature_fraction": 0.9,
        "bagging_fraction": 0.9,
        "bagging_freq": 5,
        "verbose": -1,
        "deterministic": true,
        "seed": 42
      }
    },
    {
      "fold": 4,
      "n_train": 710,
      "n_test": 142,
      "auc": 0.5397079874075278,
      "log_loss": 2.6989711871429254,
      "brier": 0.34894759480742393,
      "directional_accuracy": 0.3873239436619718,
      "baseline_auc": 0.4899146620127815,
      "baseline_log_loss": 1.1730518952155942,
      "baseline_brier": 0.2360751799781237,
      "baseline_directional_accuracy": 0.323943661971831,
      "best_params": {
        "objective": "multiclass",
        "num_class": 3,
        "metric": "multi_logloss",
        "num_leaves": 31,
        "learning_rate": 0.1,
        "min_child_samples": 5,
        "feature_fraction": 0.9,
        "bagging_fraction": 0.9,
        "bagging_freq": 5,
        "verbose": -1,
        "deterministic": true,
        "seed": 42
      }
    }
  ],
  "note": "Per-coin model for render-token/5m.",
  "directional_call_share": 0.9941520467836257,
  "directional_call_share_n": 171,
  "directional_call_share_source": "holdout",
  "model_kind": "lightgbm",
  "prior_probs": [],
  "has_regression_head": true,
  "regression_head_stats": {
    "n_train_rows": 624,
    "n_holdout_rows": 157,
    "abs_pred_p50_pct": 0.682805607190881,
    "abs_pred_p95_pct": 0.682805607190881,
    "abs_pred_max_pct": 0.7242926316049236,
    "mae_pct": 0.5223690241725987,
    "best_iteration": 1
  },
  "gates_alignment": {
    "n": 171,
    "source": "holdout",
    "min_directional_edge": 0.05,
    "min_expected_return_pct": 0.15,
    "aligned_share": 0.9532163742690059,
    "aligned_loud_share": 0.9532163742690059,
    "aligned_quiet_share": 0.0,
    "loud_classifier_quiet_regressor_share": 0.0,
    "quiet_classifier_loud_regressor_share": 0.04678362573099415,
    "dir_edge_p50": 0.07263590680676113,
    "dir_edge_p95": 0.419683257918552,
    "abs_magnitude_pct_p50": 0.682805607190881,
    "abs_magnitude_pct_p95": 0.682805607190881
  }
}