{
  "coin_id": "dogwifcoin",
  "timeframe": "6h",
  "version": "20260422T093247Z",
  "feature_names": [
    "ret1",
    "ret5",
    "ret10",
    "momentum",
    "realizedVol",
    "rsi14",
    "macdLine",
    "macdSignal",
    "macdHist",
    "atr14",
    "atrPct",
    "ema9",
    "ema21",
    "emaSpreadPct",
    "distFromEma9Pct",
    "distFromEma21Pct",
    "bbUpper",
    "bbMiddle",
    "bbLower",
    "bbWidth",
    "bbPctB",
    "bbWidthPct",
    "news_etf_flow",
    "news_regulatory_risk",
    "news_exchange_outage",
    "news_macro_shock",
    "news_whale_move",
    "news_exploit_or_hack",
    "news_stablecoin_event",
    "news_narrative_rotation",
    "news_listing_or_delisting",
    "news_protocol_upgrade",
    "news_high_volume_breakout",
    "news_unusual_volatility",
    "coin_idx"
  ],
  "coin_vocab": [
    "dogwifcoin"
  ],
  "n_train_rows": 86,
  "n_test_rows": 36,
  "metrics": {
    "auc": 0.5253490918727847,
    "log_loss": 1.641276192950638,
    "brier": 0.2908234281760761,
    "directional_accuracy": 0.2222222222222222
  },
  "baseline_metrics": {
    "auc": 0.5615126620232829,
    "log_loss": 1.54356456370755,
    "brier": 0.28128379124804304,
    "directional_accuracy": 0.38888888888888884
  },
  "threshold_pct": 0.45,
  "horizon_candles": 1,
  "class_return_means_pct": [
    -1.619681352394157,
    0.008166007895326281,
    2.436819402523007
  ],
  "fold_metrics": [
    {
      "fold": 0,
      "n_train": 50,
      "n_test": 18,
      "auc": 0.5745430888404744,
      "log_loss": 1.9940259946456003,
      "brier": 0.31011123749240926,
      "directional_accuracy": 0.3888888888888889,
      "baseline_auc": 0.5982147179859598,
      "baseline_log_loss": 0.9897524913146771,
      "baseline_brier": 0.2197633743711822,
      "baseline_directional_accuracy": 0.4444444444444444,
      "best_params": {
        "objective": "multiclass",
        "num_class": 3,
        "metric": "multi_logloss",
        "num_leaves": 63,
        "learning_rate": 0.06807764614983679,
        "min_child_samples": 12,
        "feature_fraction": 0.9,
        "bagging_fraction": 0.9,
        "bagging_freq": 5,
        "verbose": -1,
        "deterministic": true,
        "seed": 42
      }
    },
    {
      "fold": 1,
      "n_train": 68,
      "n_test": 18,
      "auc": 0.47615509490509494,
      "log_loss": 1.2885263912556761,
      "brier": 0.2715356188597429,
      "directional_accuracy": 0.05555555555555555,
      "baseline_auc": 0.524810606060606,
      "baseline_log_loss": 2.0973766361004227,
      "baseline_brier": 0.3428042081249039,
      "baseline_directional_accuracy": 0.3333333333333333,
      "best_params": {
        "objective": "multiclass",
        "num_class": 3,
        "metric": "multi_logloss",
        "num_leaves": 63,
        "learning_rate": 0.0938393881004349,
        "min_child_samples": 23,
        "feature_fraction": 0.9,
        "bagging_fraction": 0.9,
        "bagging_freq": 5,
        "verbose": -1,
        "deterministic": true,
        "seed": 42
      }
    }
  ],
  "note": "Per-coin model for dogwifcoin/6h.",
  "directional_call_share": 1.0,
  "directional_call_share_n": 18,
  "directional_call_share_source": "holdout",
  "model_kind": "lightgbm",
  "prior_probs": [],
  "has_regression_head": true,
  "regression_head_stats": {
    "n_train_rows": 56,
    "n_holdout_rows": 15,
    "abs_pred_p50_pct": 2.0983574695033687,
    "abs_pred_p95_pct": 2.1751738087279455,
    "abs_pred_max_pct": 2.2311681658668174,
    "mae_pct": 1.024047037620913,
    "best_iteration": 1
  }
}