{
  "coin_id": "dogwifcoin",
  "timeframe": "1m",
  "version": "20260422T073507Z",
  "feature_names": [
    "ret1",
    "ret5",
    "ret10",
    "momentum",
    "realizedVol",
    "rsi14",
    "macdLine",
    "macdSignal",
    "macdHist",
    "atr14",
    "atrPct",
    "ema9",
    "ema21",
    "emaSpreadPct",
    "distFromEma9Pct",
    "distFromEma21Pct",
    "bbUpper",
    "bbMiddle",
    "bbLower",
    "bbWidth",
    "bbPctB",
    "bbWidthPct",
    "news_etf_flow",
    "news_regulatory_risk",
    "news_exchange_outage",
    "news_macro_shock",
    "news_whale_move",
    "news_exploit_or_hack",
    "news_stablecoin_event",
    "news_narrative_rotation",
    "news_listing_or_delisting",
    "news_protocol_upgrade",
    "news_high_volume_breakout",
    "news_unusual_volatility",
    "coin_idx"
  ],
  "coin_vocab": [
    "dogwifcoin"
  ],
  "n_train_rows": 621,
  "n_test_rows": 515,
  "metrics": {
    "auc": 0.5512867865771434,
    "log_loss": 1.6887255187922938,
    "brier": 0.21607529740464632,
    "directional_accuracy": 0.5980582524271846
  },
  "baseline_metrics": {
    "auc": 0.5078415965595053,
    "log_loss": 0.7730024935181629,
    "brier": 0.14257414210311753,
    "directional_accuracy": 0.7359223300970874
  },
  "threshold_pct": 0.03,
  "horizon_candles": 1,
  "class_return_means_pct": [
    -0.0916247677915703,
    7.168380384821318e-05,
    0.10111541888316977
  ],
  "fold_metrics": [
    {
      "fold": 0,
      "n_train": 103,
      "n_test": 103,
      "auc": 0.5989242038155083,
      "log_loss": 1.4018863941432145,
      "brier": 0.19817081282434804,
      "directional_accuracy": 0.6019417475728155,
      "baseline_auc": 0.49741785991786003,
      "baseline_log_loss": 0.7085924913310934,
      "baseline_brier": 0.12644491659340426,
      "baseline_directional_accuracy": 0.7766990291262136,
      "best_params": {
        "objective": "multiclass",
        "num_class": 3,
        "metric": "multi_logloss",
        "num_leaves": 15,
        "learning_rate": 0.09230320822645494,
        "min_child_samples": 6,
        "feature_fraction": 0.9,
        "bagging_fraction": 0.9,
        "bagging_freq": 5,
        "verbose": -1,
        "deterministic": true,
        "seed": 42
      }
    },
    {
      "fold": 1,
      "n_train": 206,
      "n_test": 103,
      "auc": 0.465045254371097,
      "log_loss": 1.352194695697066,
      "brier": 0.2526277918435828,
      "directional_accuracy": 0.4368932038834951,
      "baseline_auc": 0.4362463379317312,
      "baseline_log_loss": 0.7781370241460406,
      "baseline_brier": 0.14076131282548252,
      "baseline_directional_accuracy": 0.7475728155339806,
      "best_params": {
        "objective": "multiclass",
        "num_class": 3,
        "metric": "multi_logloss",
        "num_leaves": 63,
        "learning_rate": 0.0938393881004349,
        "min_child_samples": 23,
        "feature_fraction": 0.9,
        "bagging_fraction": 0.9,
        "bagging_freq": 5,
        "verbose": -1,
        "deterministic": true,
        "seed": 42
      }
    },
    {
      "fold": 2,
      "n_train": 309,
      "n_test": 103,
      "auc": 0.6167351281630304,
      "log_loss": 1.6659513903000855,
      "brier": 0.18782579401506283,
      "directional_accuracy": 0.6893203883495146,
      "baseline_auc": 0.48820794457759503,
      "baseline_log_loss": 0.7968811569202672,
      "baseline_brier": 0.1488106344273764,
      "baseline_directional_accuracy": 0.7184466019417476,
      "best_params": {
        "objective": "multiclass",
        "num_class": 3,
        "metric": "multi_logloss",
        "num_leaves": 63,
        "learning_rate": 0.06807764614983679,
        "min_child_samples": 12,
        "feature_fraction": 0.9,
        "bagging_fraction": 0.9,
        "bagging_freq": 5,
        "verbose": -1,
        "deterministic": true,
        "seed": 42
      }
    },
    {
      "fold": 3,
      "n_train": 412,
      "n_test": 103,
      "auc": 0.49311048292644416,
      "log_loss": 2.5802752176929356,
      "brier": 0.27250559725770723,
      "directional_accuracy": 0.5339805825242718,
      "baseline_auc": 0.5148989537701103,
      "baseline_log_loss": 0.8498411897721222,
      "baseline_brier": 0.16110068778294512,
      "baseline_directional_accuracy": 0.6893203883495146,
      "best_params": {
        "objective": "multiclass",
        "num_class": 3,
        "metric": "multi_logloss",
        "num_leaves": 31,
        "learning_rate": 0.09340308327072934,
        "min_child_samples": 9,
        "feature_fraction": 0.9,
        "bagging_fraction": 0.9,
        "bagging_freq": 5,
        "verbose": -1,
        "deterministic": true,
        "seed": 42
      }
    },
    {
      "fold": 4,
      "n_train": 515,
      "n_test": 103,
      "auc": 0.5826188636096369,
      "log_loss": 1.4433198961281672,
      "brier": 0.16924649108253073,
      "directional_accuracy": 0.7281553398058253,
      "baseline_auc": 0.6024368866002302,
      "baseline_log_loss": 0.7315606054212906,
      "baseline_brier": 0.13575315888637926,
      "baseline_directional_accuracy": 0.7475728155339806,
      "best_params": {
        "objective": "multiclass",
        "num_class": 3,
        "metric": "multi_logloss",
        "num_leaves": 63,
        "learning_rate": 0.06807764614983679,
        "min_child_samples": 12,
        "feature_fraction": 0.9,
        "bagging_fraction": 0.9,
        "bagging_freq": 5,
        "verbose": -1,
        "deterministic": true,
        "seed": 42
      }
    }
  ],
  "note": "Per-coin model for dogwifcoin/1m.",
  "directional_call_share": 0.008,
  "directional_call_share_n": 125,
  "directional_call_share_source": "holdout",
  "model_kind": "lightgbm",
  "prior_probs": []
}