{
  "coin_id": "pepe",
  "timeframe": "1d",
  "version": "20260429T200815Z",
  "feature_names": [
    "ret1",
    "ret5",
    "ret10",
    "momentum",
    "realizedVol",
    "rsi14",
    "macdLine",
    "macdSignal",
    "macdHist",
    "atr14",
    "atrPct",
    "ema9",
    "ema21",
    "emaSpreadPct",
    "distFromEma9Pct",
    "distFromEma21Pct",
    "bbUpper",
    "bbMiddle",
    "bbLower",
    "bbWidth",
    "bbPctB",
    "bbWidthPct",
    "volZScore60",
    "funding_rate",
    "open_interest_z",
    "liquidations_1h_usd",
    "bid_ask_spread_bps",
    "btc_lead_ret_5m",
    "eth_lead_ret_5m",
    "btc_liquidations_1h_usd",
    "eth_liquidations_1h_usd",
    "sol_liquidations_1h_usd",
    "session_asia",
    "session_eu",
    "session_us",
    "hour_of_day_sin",
    "hour_of_day_cos",
    "coin_idx"
  ],
  "coin_vocab": [
    "pepe"
  ],
  "n_train_rows": 1060,
  "n_test_rows": 880,
  "metrics": {
    "auc": 0.5178045950445802,
    "log_loss": 2.465060042489987,
    "brier": 0.3357341246367597,
    "directional_accuracy": 0.3704545454545454
  },
  "baseline_metrics": {
    "auc": 0.5285483576813929,
    "log_loss": 1.1346281858284744,
    "brier": 0.22264591698263786,
    "directional_accuracy": 0.40909090909090906
  },
  "threshold_pct": 1.4249999999999998,
  "horizon_candles": 1,
  "class_return_means_pct": [
    -4.995154828090845,
    0.02751911157877505,
    6.535553705308084
  ],
  "fold_metrics": [
    {
      "fold": 0,
      "n_train": 176,
      "n_test": 176,
      "auc": 0.4881451827842575,
      "log_loss": 2.9721532674363997,
      "brier": 0.35362451448013604,
      "directional_accuracy": 0.36363636363636365,
      "baseline_auc": 0.4717304603706743,
      "baseline_log_loss": 1.4062246518593335,
      "baseline_brier": 0.2523386760017094,
      "baseline_directional_accuracy": 0.3465909090909091,
      "best_params": {
        "objective": "multiclass",
        "num_class": 3,
        "metric": "multi_logloss",
        "num_leaves": 31,
        "learning_rate": 0.09340308327072934,
        "min_child_samples": 9,
        "feature_fraction": 0.9,
        "bagging_fraction": 0.9,
        "bagging_freq": 5,
        "verbose": -1,
        "deterministic": true,
        "seed": 42
      },
      "feature_importance": [
        480.8719578112941,
        304.9965253351256,
        185.52385175041854,
        387.2787615088746,
        229.4390031681396,
        130.35058475052938,
        114.70255084475502,
        200.6230035261251,
        179.26536036655307,
        177.9804698615335,
        153.14492514263839,
        155.84113814146258,
        119.90610342903528,
        189.04065405903384,
        136.57344623235986,
        162.34716826723889,
        160.66007988294587,
        147.45450647175312,
        226.29843072080985,
        121.94033037195913,
        148.49890821403824,
        125.06415124656633,
        288.4381991615519,
        0.0,
        0.0,
        0.0,
        0.0,
        0.0,
        0.0,
        0.0,
        0.0,
        0.0,
        0.0,
        0.0,
        0.0,
        0.0,
        0.0,
        0.0
      ],
      "feature_names": [
        "ret1",
        "ret5",
        "ret10",
        "momentum",
        "realizedVol",
        "rsi14",
        "macdLine",
        "macdSignal",
        "macdHist",
        "atr14",
        "atrPct",
        "ema9",
        "ema21",
        "emaSpreadPct",
        "distFromEma9Pct",
        "distFromEma21Pct",
        "bbUpper",
        "bbMiddle",
        "bbLower",
        "bbWidth",
        "bbPctB",
        "bbWidthPct",
        "volZScore60",
        "funding_rate",
        "open_interest_z",
        "liquidations_1h_usd",
        "bid_ask_spread_bps",
        "btc_lead_ret_5m",
        "eth_lead_ret_5m",
        "btc_liquidations_1h_usd",
        "eth_liquidations_1h_usd",
        "sol_liquidations_1h_usd",
        "session_asia",
        "session_eu",
        "session_us",
        "hour_of_day_sin",
        "hour_of_day_cos",
        "coin_idx"
      ]
    },
    {
      "fold": 1,
      "n_train": 352,
      "n_test": 176,
      "auc": 0.5198190440096775,
      "log_loss": 2.3661512513081324,
      "brier": 0.32491941637095917,
      "directional_accuracy": 0.3977272727272727,
      "baseline_auc": 0.5558747067321802,
      "baseline_log_loss": 1.066392378268655,
      "baseline_brier": 0.2153030021449458,
      "baseline_directional_accuracy": 0.4090909090909091,
      "best_params": {
        "objective": "multiclass",
        "num_class": 3,
        "metric": "multi_logloss",
        "num_leaves": 31,
        "learning_rate": 0.09340308327072934,
        "min_child_samples": 9,
        "feature_fraction": 0.9,
        "bagging_fraction": 0.9,
        "bagging_freq": 5,
        "verbose": -1,
        "deterministic": true,
        "seed": 42
      },
      "feature_importance": [
        643.3686940603626,
        518.8563496338029,
        526.3255511225143,
        624.522487123548,
        293.56217084834043,
        243.45536451690228,
        400.34782754827756,
        462.1258805969009,
        294.3204767709831,
        415.1728606261482,
        446.02966358535923,
        249.7385931655299,
        286.67501836217707,
        254.59469324629802,
        416.77869299872975,
        358.5332861693581,
        141.76499737903941,
        224.28421353676822,
        251.42588668382086,
        405.24726923849323,
        393.06478431789236,
        404.39934599935305,
        490.619992901836,
        0.0,
        0.0,
        0.0,
        0.0,
        0.0,
        0.0,
        0.0,
        0.0,
        0.0,
        0.0,
        0.0,
        0.0,
        0.0,
        0.0,
        0.0
      ],
      "feature_names": [
        "ret1",
        "ret5",
        "ret10",
        "momentum",
        "realizedVol",
        "rsi14",
        "macdLine",
        "macdSignal",
        "macdHist",
        "atr14",
        "atrPct",
        "ema9",
        "ema21",
        "emaSpreadPct",
        "distFromEma9Pct",
        "distFromEma21Pct",
        "bbUpper",
        "bbMiddle",
        "bbLower",
        "bbWidth",
        "bbPctB",
        "bbWidthPct",
        "volZScore60",
        "funding_rate",
        "open_interest_z",
        "liquidations_1h_usd",
        "bid_ask_spread_bps",
        "btc_lead_ret_5m",
        "eth_lead_ret_5m",
        "btc_liquidations_1h_usd",
        "eth_liquidations_1h_usd",
        "sol_liquidations_1h_usd",
        "session_asia",
        "session_eu",
        "session_us",
        "hour_of_day_sin",
        "hour_of_day_cos",
        "coin_idx"
      ]
    },
    {
      "fold": 2,
      "n_train": 528,
      "n_test": 176,
      "auc": 0.535660377487001,
      "log_loss": 2.5111659075697745,
      "brier": 0.3289161858830439,
      "directional_accuracy": 0.39204545454545453,
      "baseline_auc": 0.5664974736151454,
      "baseline_log_loss": 1.0507819044267173,
      "baseline_brier": 0.2113579357691687,
      "baseline_directional_accuracy": 0.4602272727272727,
      "best_params": {
        "objective": "multiclass",
        "num_class": 3,
        "metric": "multi_logloss",
        "num_leaves": 31,
        "learning_rate": 0.09340308327072934,
        "min_child_samples": 9,
        "feature_fraction": 0.9,
        "bagging_fraction": 0.9,
        "bagging_freq": 5,
        "verbose": -1,
        "deterministic": true,
        "seed": 42
      },