{
  "coin_id": "injective-protocol",
  "timeframe": "1h",
  "version": "20260422T123010Z",
  "feature_names": [
    "ret1",
    "ret5",
    "ret10",
    "momentum",
    "realizedVol",
    "rsi14",
    "macdLine",
    "macdSignal",
    "macdHist",
    "atr14",
    "atrPct",
    "ema9",
    "ema21",
    "emaSpreadPct",
    "distFromEma9Pct",
    "distFromEma21Pct",
    "bbUpper",
    "bbMiddle",
    "bbLower",
    "bbWidth",
    "bbPctB",
    "bbWidthPct",
    "news_etf_flow",
    "news_regulatory_risk",
    "news_exchange_outage",
    "news_macro_shock",
    "news_whale_move",
    "news_exploit_or_hack",
    "news_stablecoin_event",
    "news_narrative_rotation",
    "news_listing_or_delisting",
    "news_protocol_upgrade",
    "news_high_volume_breakout",
    "news_unusual_volatility",
    "coin_idx"
  ],
  "coin_vocab": [
    "injective-protocol"
  ],
  "n_train_rows": 685,
  "n_test_rows": 570,
  "metrics": {
    "auc": 0.5098511955548527,
    "log_loss": 1.8863186964168748,
    "brier": 0.31755088056111125,
    "directional_accuracy": 0.356140350877193
  },
  "baseline_metrics": {
    "auc": 0.5194130300070009,
    "log_loss": 1.167598011634044,
    "brier": 0.23572252169984892,
    "directional_accuracy": 0.3263157894736842
  },
  "threshold_pct": 0.2,
  "horizon_candles": 1,
  "class_return_means_pct": [
    -0.6066062217974839,
    0.002760293748951405,
    0.6507293590294115
  ],
  "fold_metrics": [
    {
      "fold": 0,
      "n_train": 114,
      "n_test": 114,
      "auc": 0.5948904490571157,
      "log_loss": 1.5383619621302098,
      "brier": 0.2781426063429196,
      "directional_accuracy": 0.4298245614035088,
      "baseline_auc": 0.5160086826753493,
      "baseline_log_loss": 1.2226562431534125,
      "baseline_brier": 0.24984412658906333,
      "baseline_directional_accuracy": 0.2894736842105263,
      "best_params": {
        "objective": "multiclass",
        "num_class": 3,
        "metric": "multi_logloss",
        "num_leaves": 63,
        "learning_rate": 0.06807764614983679,
        "min_child_samples": 12,
        "feature_fraction": 0.9,
        "bagging_fraction": 0.9,
        "bagging_freq": 5,
        "verbose": -1,
        "deterministic": true,
        "seed": 42
      }
    },
    {
      "fold": 1,
      "n_train": 228,
      "n_test": 114,
      "auc": 0.5464017747540412,
      "log_loss": 2.254801687031296,
      "brier": 0.3301996774697611,
      "directional_accuracy": 0.37719298245614036,
      "baseline_auc": 0.5188468890857799,
      "baseline_log_loss": 1.2192018919067655,
      "baseline_brier": 0.24060438677522558,
      "baseline_directional_accuracy": 0.32456140350877194,
      "best_params": {
        "objective": "multiclass",
        "num_class": 3,
        "metric": "multi_logloss",
        "num_leaves": 63,
        "learning_rate": 0.06807764614983679,
        "min_child_samples": 12,
        "feature_fraction": 0.9,
        "bagging_fraction": 0.9,
        "bagging_freq": 5,
        "verbose": -1,
        "deterministic": true,
        "seed": 42
      }
    },
    {
      "fold": 2,
      "n_train": 342,
      "n_test": 114,
      "auc": 0.49142787596491305,
      "log_loss": 2.0380756437152296,
      "brier": 0.3346450374272147,
      "directional_accuracy": 0.3333333333333333,
      "baseline_auc": 0.5406110110739739,
      "baseline_log_loss": 1.096773038284981,
      "baseline_brier": 0.2220974493606925,
      "baseline_directional_accuracy": 0.3684210526315789,
      "best_params": {
        "objective": "multiclass",
        "num_class": 3,
        "metric": "multi_logloss",
        "num_leaves": 15,
        "learning_rate": 0.09230320822645494,
        "min_child_samples": 6,
        "feature_fraction": 0.9,
        "bagging_fraction": 0.9,
        "bagging_freq": 5,
        "verbose": -1,
        "deterministic": true,
        "seed": 42
      }
    },
    {
      "fold": 3,
      "n_train": 456,
      "n_test": 114,
      "auc": 0.48460622106853624,
      "log_loss": 1.7514021191172888,
      "brier": 0.3163604135798932,
      "directional_accuracy": 0.3508771929824561,
      "baseline_auc": 0.5202512783526126,
      "baseline_log_loss": 1.1841570999012183,
      "baseline_brier": 0.2402471580123395,
      "baseline_directional_accuracy": 0.2982456140350877,
      "best_params": {
        "objective": "multiclass",
        "num_class": 3,
        "metric": "multi_logloss",
        "num_leaves": 31,
        "learning_rate": 0.04488170057528786,
        "min_child_samples": 9,
        "feature_fraction": 0.9,
        "bagging_fraction": 0.9,
        "bagging_freq": 5,
        "verbose": -1,
        "deterministic": true,
        "seed": 42
      }
    },
    {
      "fold": 4,
      "n_train": 570,
      "n_test": 114,
      "auc": 0.43192965692965696,
      "log_loss": 1.848952070090349,
      "brier": 0.3284066679857676,
      "directional_accuracy": 0.2894736842105263,
      "baseline_auc": 0.5013472888472889,
      "baseline_log_loss": 1.1152017849238423,
      "baseline_brier": 0.22581948776192373,
      "baseline_directional_accuracy": 0.3508771929824561,
      "best_params": {
        "objective": "multiclass",
        "num_class": 3,
        "metric": "multi_logloss",
        "num_leaves": 63,
        "learning_rate": 0.0938393881004349,
        "min_child_samples": 23,
        "feature_fraction": 0.9,
        "bagging_fraction": 0.9,
        "bagging_freq": 5,
        "verbose": -1,
        "deterministic": true,
        "seed": 42
      }
    }
  ],
  "note": "Per-coin model for injective-protocol/1h.",
  "directional_call_share": 0.9854014598540146,
  "directional_call_share_n": 137,
  "directional_call_share_source": "holdout",
  "model_kind": "lightgbm",
  "prior_probs": [],
  "has_regression_head": true,
  "regression_head_stats": {
    "n_train_rows": 376,
    "n_holdout_rows": 95,
    "abs_pred_p50_pct": 0.5948547111145761,
    "abs_pred_p95_pct": 0.7409058034516612,
    "abs_pred_max_pct": 0.9000763093256755,
    "mae_pct": 0.28803710119154025,
    "best_iteration": 4
  },
  "gates_alignment": {
    "n": 137,
    "source": "holdout",
    "min_directional_edge": 0.05,
    "min_expected_return_pct": 0.15,
    "aligned_share": 0.7007299270072993,
    "aligned_loud_share": 0.7007299270072993,
    "aligned_quiet_share": 0.0,
    "loud_classifier_quiet_regressor_share": 0.0,
    "quiet_classifier_loud_regressor_share": 0.29927007299270075,
    "dir_edge_p50": 0.06417620653837547,
    "dir_edge_p95": 0.25515025515025513,
    "abs_magnitude_pct_p50": 0.5948547111145761,
    "abs_magnitude_pct_p95": 0.7409058034516612
  }
}