{
  "coin_id": "pepe",
  "timeframe": "2h",
  "version": "20260429T153232Z",
  "feature_names": [
    "ret1",
    "ret5",
    "ret10",
    "momentum",
    "realizedVol",
    "rsi14",
    "macdLine",
    "macdSignal",
    "macdHist",
    "atr14",
    "atrPct",
    "ema9",
    "ema21",
    "emaSpreadPct",
    "distFromEma9Pct",
    "distFromEma21Pct",
    "bbUpper",
    "bbMiddle",
    "bbLower",
    "bbWidth",
    "bbPctB",
    "bbWidthPct",
    "volZScore60",
    "funding_rate",
    "open_interest_z",
    "liquidations_1h_usd",
    "bid_ask_spread_bps",
    "btc_lead_ret_5m",
    "eth_lead_ret_5m",
    "btc_liquidations_1h_usd",
    "eth_liquidations_1h_usd",
    "sol_liquidations_1h_usd",
    "session_asia",
    "session_eu",
    "session_us",
    "hour_of_day_sin",
    "hour_of_day_cos",
    "coin_idx"
  ],
  "coin_vocab": [
    "pepe"
  ],
  "n_train_rows": 4267,
  "n_test_rows": 3555,
  "metrics": {
    "auc": 0.5205810652294517,
    "log_loss": 3.3624886948049357,
    "brier": 0.35610465031602545,
    "directional_accuracy": 0.3738396624472574
  },
  "baseline_metrics": {
    "auc": 0.5314633696681048,
    "log_loss": 1.0588110313821424,
    "brier": 0.2141667618935076,
    "directional_accuracy": 0.41406469760900144
  },
  "threshold_pct": 0.5225,
  "horizon_candles": 4,
  "class_return_means_pct": [
    -2.5214004837486894,
    -0.0011037150240468226,
    2.759104084775027
  ],
  "fold_metrics": [
    {
      "fold": 0,
      "n_train": 711,
      "n_test": 711,
      "auc": 0.5306922288776744,
      "log_loss": 2.6752282192693007,
      "brier": 0.32817104698641614,
      "directional_accuracy": 0.4078762306610408,
      "baseline_auc": 0.5333663206337934,
      "baseline_log_loss": 1.0498621572888889,
      "baseline_brier": 0.21239366363236611,
      "baseline_directional_accuracy": 0.4360056258790436,
      "best_params": {
        "objective": "multiclass",
        "num_class": 3,
        "metric": "multi_logloss",
        "num_leaves": 31,
        "learning_rate": 0.09340308327072934,
        "min_child_samples": 9,
        "feature_fraction": 0.9,
        "bagging_fraction": 0.9,
        "bagging_freq": 5,
        "verbose": -1,
        "deterministic": true,
        "seed": 42
      },
      "feature_importance": [
        832.3474507813808,
        708.865620823577,
        721.2384062779602,
        1334.9403897771845,
        763.6059151414665,
        476.69513110327534,
        647.6551724320743,
        803.0275535637047,
        1318.6697295798222,
        617.9272079406655,
        775.1876902934746,
        910.4575629439787,
        604.5773644688306,
        474.9554271004745,
        557.9480613049236,
        340.908945939329,
        505.21887662424706,
        558.7961045328411,
        987.0424907879205,
        678.1892326255329,
        780.8080689642811,
        822.3825139624532,
        696.7744434726192,
        0.0,
        0.0,
        0.0,
        0.0,
        0.0,
        0.0,
        0.0,
        0.0,
        0.0,
        41.559954178344924,
        79.3736863406375,
        44.565216958289966,
        421.18955774238566,
        358.6343894553138,
        0.0
      ],
      "feature_names": [
        "ret1",
        "ret5",
        "ret10",
        "momentum",
        "realizedVol",
        "rsi14",
        "macdLine",
        "macdSignal",
        "macdHist",
        "atr14",
        "atrPct",
        "ema9",
        "ema21",
        "emaSpreadPct",
        "distFromEma9Pct",
        "distFromEma21Pct",
        "bbUpper",
        "bbMiddle",
        "bbLower",
        "bbWidth",
        "bbPctB",
        "bbWidthPct",
        "volZScore60",
        "funding_rate",
        "open_interest_z",
        "liquidations_1h_usd",
        "bid_ask_spread_bps",
        "btc_lead_ret_5m",
        "eth_lead_ret_5m",
        "btc_liquidations_1h_usd",
        "eth_liquidations_1h_usd",
        "sol_liquidations_1h_usd",
        "session_asia",
        "session_eu",
        "session_us",
        "hour_of_day_sin",
        "hour_of_day_cos",
        "coin_idx"
      ]
    },
    {
      "fold": 1,
      "n_train": 1422,
      "n_test": 711,
      "auc": 0.5270333621155352,
      "log_loss": 2.3883837244807413,
      "brier": 0.33352997285278696,
      "directional_accuracy": 0.38255977496483823,
      "baseline_auc": 0.539881357826859,
      "baseline_log_loss": 1.0801499283670424,
      "baseline_brier": 0.2183037696675337,
      "baseline_directional_accuracy": 0.4022503516174402,
      "best_params": {
        "objective": "multiclass",
        "num_class": 3,
        "metric": "multi_logloss",
        "num_leaves": 31,
        "learning_rate": 0.09340308327072934,
        "min_child_samples": 9,
        "feature_fraction": 0.9,
        "bagging_fraction": 0.9,
        "bagging_freq": 5,
        "verbose": -1,
        "deterministic": true,
        "seed": 42
      },
      "feature_importance": [
        1658.6952656712383,
        1344.177675832063,
        1265.525729380548,
        2125.5070573017,
        1867.384670874104,
        1026.0678835790604,
        1192.5953174717724,
        1933.085385458544,
        2104.0041456799954,
        1255.7031761072576,
        1628.5739497467875,
        1455.8992845397443,
        1047.281732071191,
        1310.5206098258495,
        1092.8605830613524,
        885.0412491317838,
        1451.4660767689347,
        1149.6601455453783,
        1886.418393066153,
        1245.9109150245786,
        1183.8718214184046,
        1373.1490014921874,
        1701.4964913260192,
        0.0,
        0.0,
        0.0,
        0.0,
        0.0,
        0.0,
        0.0,
        0.0,
        0.0,
        77.73177161812782,
        126.19854339584708,
        82.84494784474373,
        704.0419332291931,
        835.6698520015925,
        0.0
      ],
      "feature_names": [
        "ret1",
        "ret5",
        "ret10",
        "momentum",
        "realizedVol",
        "rsi14",
        "macdLine",
        "macdSignal",
        "macdHist",
        "atr14",
        "atrPct",
        "ema9",
        "ema21",
        "emaSpreadPct",
        "distFromEma9Pct",
        "distFromEma21Pct",
        "bbUpper",
        "bbMiddle",
        "bbLower",
        "bbWidth",
        "bbPctB",
        "bbWidthPct",
        "volZScore60",
        "funding_rate",
        "open_interest_z",
        "liquidations_1h_usd",
        "bid_ask_spread_bps",
        "btc_lead_ret_5m",
        "eth_lead_ret_5m",
        "btc_liquidations_1h_usd",
        "eth_liquidations_1h_usd",
        "sol_liquidations_1h_usd",
        "session_asia",
        "session_eu",
        "session_us",
        "hour_of_day_sin",
        "hour_of_day_cos",
        "coin_idx"
      ]
    },
    {
      "fold": 2,
      "n_train": 2133,
      "n_test": 711,
      "auc": 0.5095860647672472,
      "log_loss": 5.33243323886876,
      "brier": 0.4004357659379225,
      "directional_accuracy": 0.32208157524613223,
      "baseline_auc": 0.521403141048825,
      "baseline_log_loss": 1.055166776089429,
      "baseline_brier": 0.21330630057278552,
      "baseline_directional_accuracy": 0.41350210970464135,
      "best_params": {
        "objective": "multiclass",
        "num_class": 3,
        "metric": "multi_logloss",
        "num_leaves": 63,
        "learning_rate": 0.09508144607756662,
        "min_child_samples": 5,
        "feature_fraction": 0.9,
        "bagging_fraction": 0.9,
        "bagging_freq": 5,
        "verbose": -1,
        "deterministic": true,
        "seed": 42
      },