{
  "coin_id": "dogwifcoin",
  "timeframe": "1m",
  "version": "20260422T153457Z",
  "feature_names": [
    "ret1",
    "ret5",
    "ret10",
    "momentum",
    "realizedVol",
    "rsi14",
    "macdLine",
    "macdSignal",
    "macdHist",
    "atr14",
    "atrPct",
    "ema9",
    "ema21",
    "emaSpreadPct",
    "distFromEma9Pct",
    "distFromEma21Pct",
    "bbUpper",
    "bbMiddle",
    "bbLower",
    "bbWidth",
    "bbPctB",
    "bbWidthPct",
    "news_etf_flow",
    "news_regulatory_risk",
    "news_exchange_outage",
    "news_macro_shock",
    "news_whale_move",
    "news_exploit_or_hack",
    "news_stablecoin_event",
    "news_narrative_rotation",
    "news_listing_or_delisting",
    "news_protocol_upgrade",
    "news_high_volume_breakout",
    "news_unusual_volatility",
    "coin_idx"
  ],
  "coin_vocab": [
    "dogwifcoin"
  ],
  "n_train_rows": 1713,
  "n_test_rows": 1425,
  "metrics": {
    "auc": 0.5337001511190509,
    "log_loss": 2.731295292556425,
    "brier": 0.2925347776642527,
    "directional_accuracy": 0.4947368421052632
  },
  "baseline_metrics": {
    "auc": 0.5298936145744607,
    "log_loss": 1.0245440502546503,
    "brier": 0.19038138869251356,
    "directional_accuracy": 0.5635087719298245
  },
  "threshold_pct": 0.03,
  "horizon_candles": 1,
  "class_return_means_pct": [
    -0.44941494540621907,
    0.00011783256367001841,
    0.4869138146044641
  ],
  "fold_metrics": [
    {
      "fold": 0,
      "n_train": 285,
      "n_test": 285,
      "auc": 0.48399060511125924,
      "log_loss": 2.781360443847321,
      "brier": 0.31975443110812246,
      "directional_accuracy": 0.44912280701754387,
      "baseline_auc": 0.5441669640285919,
      "baseline_log_loss": 0.8259773126669102,
      "baseline_brier": 0.18401464434972373,
      "baseline_directional_accuracy": 0.49122807017543857,
      "best_params": {
        "objective": "multiclass",
        "num_class": 3,
        "metric": "multi_logloss",
        "num_leaves": 31,
        "learning_rate": 0.1,
        "min_child_samples": 5,
        "feature_fraction": 0.9,
        "bagging_fraction": 0.9,
        "bagging_freq": 5,
        "verbose": -1,
        "deterministic": true,
        "seed": 42
      }
    },
    {
      "fold": 1,
      "n_train": 570,
      "n_test": 285,
      "auc": 0.5398437581600996,
      "log_loss": 6.08492681982114,
      "brier": 0.4898967263469922,
      "directional_accuracy": 0.19649122807017544,
      "baseline_auc": 0.5687564739957024,
      "baseline_log_loss": 1.8664947230164073,
      "baseline_brier": 0.3120161939295985,
      "baseline_directional_accuracy": 0.20701754385964913,
      "best_params": {
        "objective": "multiclass",
        "num_class": 3,
        "metric": "multi_logloss",
        "num_leaves": 31,
        "learning_rate": 0.1,
        "min_child_samples": 5,
        "feature_fraction": 0.9,
        "bagging_fraction": 0.9,
        "bagging_freq": 5,
        "verbose": -1,
        "deterministic": true,
        "seed": 42
      }
    },
    {
      "fold": 2,
      "n_train": 855,
      "n_test": 285,
      "auc": 0.539629400274354,
      "log_loss": 1.7375716035657165,
      "brier": 0.23299560864920996,
      "directional_accuracy": 0.5614035087719298,
      "baseline_auc": 0.4621697696569247,
      "baseline_log_loss": 0.7489844678087152,
      "baseline_brier": 0.13760572110251004,
      "baseline_directional_accuracy": 0.7508771929824561,
      "best_params": {
        "objective": "multiclass",
        "num_class": 3,
        "metric": "multi_logloss",
        "num_leaves": 31,
        "learning_rate": 0.1,
        "min_child_samples": 5,
        "feature_fraction": 0.9,
        "bagging_fraction": 0.9,
        "bagging_freq": 5,
        "verbose": -1,
        "deterministic": true,
        "seed": 42
      }
    },
    {
      "fold": 3,
      "n_train": 1140,
      "n_test": 285,
      "auc": 0.5730418353574993,
      "log_loss": 1.7041668261376295,
      "brier": 0.21526841913915404,
      "directional_accuracy": 0.6421052631578947,
      "baseline_auc": 0.6010202187155944,
      "baseline_log_loss": 0.8648352870888193,
      "baseline_brier": 0.16348492804070613,
      "baseline_directional_accuracy": 0.6631578947368421,
      "best_params": {
        "objective": "multiclass",
        "num_class": 3,
        "metric": "multi_logloss",
        "num_leaves": 31,
        "learning_rate": 0.1,
        "min_child_samples": 5,
        "feature_fraction": 0.9,
        "bagging_fraction": 0.9,
        "bagging_freq": 5,
        "verbose": -1,
        "deterministic": true,
        "seed": 42
      }
    },
    {
      "fold": 4,
      "n_train": 1425,
      "n_test": 285,
      "auc": 0.5319951566920421,
      "log_loss": 1.3484507694103185,
      "brier": 0.20475870307778454,
      "directional_accuracy": 0.624561403508772,
      "baseline_auc": 0.4733546464754899,
      "baseline_log_loss": 0.8164284606923997,
      "baseline_brier": 0.1547854560400294,
      "baseline_directional_accuracy": 0.7052631578947368,
      "best_params": {
        "objective": "multiclass",
        "num_class": 3,
        "metric": "multi_logloss",
        "num_leaves": 31,
        "learning_rate": 0.1,
        "min_child_samples": 5,
        "feature_fraction": 0.9,
        "bagging_fraction": 0.9,
        "bagging_freq": 5,
        "verbose": -1,
        "deterministic": true,
        "seed": 42
      }
    }
  ],
  "note": "Per-coin model for dogwifcoin/1m.",
  "directional_call_share": 0.0029154518950437317,
  "directional_call_share_n": 343,
  "directional_call_share_source": "holdout",
  "model_kind": "lightgbm",
  "prior_probs": [],
  "has_regression_head": true,
  "regression_head_stats": {
    "n_train_rows": 741,
    "n_holdout_rows": 186,
    "abs_pred_p50_pct": 0.1174488064672376,
    "abs_pred_p95_pct": 0.6042817459315183,
    "abs_pred_max_pct": 1.0154901450681977,
    "mae_pct": 0.12367364413641084,
    "best_iteration": 53
  },
  "gates_alignment": {
    "n": 343,
    "source": "holdout",
    "min_directional_edge": 0.05,
    "min_expected_return_pct": 0.15,
    "aligned_share": 0.717201166180758,
    "aligned_loud_share": 0.023323615160349854,
    "aligned_quiet_share": 0.6938775510204082,
    "loud_classifier_quiet_regressor_share": 0.25072886297376096,
    "quiet_classifier_loud_regressor_share": 0.03206997084548105,
    "dir_edge_p50": 0.04370650714198511,
    "dir_edge_p95": 0.09915148691390326,
    "abs_magnitude_pct_p50": 0.1174488064672376,
    "abs_magnitude_pct_p95": 0.15038225994994736
  }
}