{
  "coin_id": "dogwifcoin",
  "timeframe": "1m",
  "version": "20260422T200047Z",
  "feature_names": [
    "ret1",
    "ret5",
    "ret10",
    "momentum",
    "realizedVol",
    "rsi14",
    "macdLine",
    "macdSignal",
    "macdHist",
    "atr14",
    "atrPct",
    "ema9",
    "ema21",
    "emaSpreadPct",
    "distFromEma9Pct",
    "distFromEma21Pct",
    "bbUpper",
    "bbMiddle",
    "bbLower",
    "bbWidth",
    "bbPctB",
    "bbWidthPct",
    "news_etf_flow",
    "news_regulatory_risk",
    "news_exchange_outage",
    "news_macro_shock",
    "news_whale_move",
    "news_exploit_or_hack",
    "news_stablecoin_event",
    "news_narrative_rotation",
    "news_listing_or_delisting",
    "news_protocol_upgrade",
    "news_high_volume_breakout",
    "news_unusual_volatility",
    "coin_idx"
  ],
  "coin_vocab": [
    "dogwifcoin"
  ],
  "n_train_rows": 1954,
  "n_test_rows": 1625,
  "metrics": {
    "auc": 0.5215163472787527,
    "log_loss": 3.0433676310354936,
    "brier": 0.3003567367687593,
    "directional_accuracy": 0.49353846153846154
  },
  "baseline_metrics": {
    "auc": 0.5158443227013884,
    "log_loss": 1.0793202024391413,
    "brier": 0.20413232084642444,
    "directional_accuracy": 0.5304615384615385
  },
  "threshold_pct": 0.03,
  "horizon_candles": 1,
  "class_return_means_pct": [
    -0.41523179498113216,
    5.6945985816361815e-05,
    0.45468098519872385
  ],
  "fold_metrics": [
    {
      "fold": 0,
      "n_train": 325,
      "n_test": 325,
      "auc": 0.5098234452140579,
      "log_loss": 3.2685574769610937,
      "brier": 0.3146511260998796,
      "directional_accuracy": 0.49230769230769234,
      "baseline_auc": 0.5079890215452338,
      "baseline_log_loss": 0.8479327441676665,
      "baseline_brier": 0.18607124198789116,
      "baseline_directional_accuracy": 0.48,
      "best_params": {
        "objective": "multiclass",
        "num_class": 3,
        "metric": "multi_logloss",
        "num_leaves": 63,
        "learning_rate": 0.08844287578219362,
        "min_child_samples": 13,
        "feature_fraction": 0.9,
        "bagging_fraction": 0.9,
        "bagging_freq": 5,
        "verbose": -1,
        "deterministic": true,
        "seed": 42
      }
    },
    {
      "fold": 1,
      "n_train": 650,
      "n_test": 325,
      "auc": 0.5015358995046418,
      "log_loss": 6.34516123707757,
      "brier": 0.5350707203211301,
      "directional_accuracy": 0.13846153846153847,
      "baseline_auc": 0.4974436222457981,
      "baseline_log_loss": 2.0203310134959107,
      "baseline_brier": 0.3543180422685152,
      "baseline_directional_accuracy": 0.11692307692307692,
      "best_params": {
        "objective": "multiclass",
        "num_class": 3,
        "metric": "multi_logloss",
        "num_leaves": 15,
        "learning_rate": 0.17700221077860576,
        "min_child_samples": 21,
        "feature_fraction": 0.9,
        "bagging_fraction": 0.9,
        "bagging_freq": 5,
        "verbose": -1,
        "deterministic": true,
        "seed": 42
      }
    },
    {
      "fold": 2,
      "n_train": 975,
      "n_test": 325,
      "auc": 0.5378985729843379,
      "log_loss": 2.898535369363523,
      "brier": 0.2547480261040609,
      "directional_accuracy": 0.5692307692307692,
      "baseline_auc": 0.5307383339178161,
      "baseline_log_loss": 0.8725914732045387,
      "baseline_brier": 0.16496102304928362,
      "baseline_directional_accuracy": 0.6676923076923077,
      "best_params": {
        "objective": "multiclass",
        "num_class": 3,
        "metric": "multi_logloss",
        "num_leaves": 15,
        "learning_rate": 0.09230320822645494,
        "min_child_samples": 6,
        "feature_fraction": 0.9,
        "bagging_fraction": 0.9,
        "bagging_freq": 5,
        "verbose": -1,
        "deterministic": true,
        "seed": 42
      }
    },
    {
      "fold": 3,
      "n_train": 1300,
      "n_test": 325,
      "auc": 0.5381179180027246,
      "log_loss": 1.293142508222488,
      "brier": 0.17651422641494843,
      "directional_accuracy": 0.683076923076923,
      "baseline_auc": 0.5314755947180241,
      "baseline_log_loss": 0.7804947834896758,
      "baseline_brier": 0.1463170589892374,
      "baseline_directional_accuracy": 0.7230769230769231,
      "best_params": {
        "objective": "multiclass",
        "num_class": 3,
        "metric": "multi_logloss",
        "num_leaves": 15,
        "learning_rate": 0.03938736766108751,
        "min_child_samples": 22,
        "feature_fraction": 0.9,
        "bagging_fraction": 0.9,
        "bagging_freq": 5,
        "verbose": -1,
        "deterministic": true,
        "seed": 42
      }
    },
    {
      "fold": 4,
      "n_train": 1625,
      "n_test": 325,
      "auc": 0.5202059006880019,
      "log_loss": 1.4114415635527935,
      "brier": 0.22079958490377735,
      "directional_accuracy": 0.5846153846153846,
      "baseline_auc": 0.5115750410800697,
      "baseline_log_loss": 0.8752509978379147,
      "baseline_brier": 0.1689942379371947,
      "baseline_directional_accuracy": 0.6646153846153846,
      "best_params": {
        "objective": "multiclass",
        "num_class": 3,
        "metric": "multi_logloss",
        "num_leaves": 15,
        "learning_rate": 0.04882298694169445,
        "min_child_samples": 18,
        "feature_fraction": 0.9,
        "bagging_fraction": 0.9,
        "bagging_freq": 5,
        "verbose": -1,
        "deterministic": true,
        "seed": 42
      }
    }
  ],
  "note": "Per-coin model for dogwifcoin/1m.",
  "directional_call_share": 0.0,
  "directional_call_share_n": 391,
  "directional_call_share_source": "holdout",
  "model_kind": "lightgbm",
  "prior_probs": [],
  "has_regression_head": true,
  "regression_head_stats": {
    "n_train_rows": 808,
    "n_holdout_rows": 203,
    "abs_pred_p50_pct": 0.09836732298962059,
    "abs_pred_p95_pct": 0.16568441651133967,
    "abs_pred_max_pct": 0.5905726106519633,
    "mae_pct": 0.05916361605729247,
    "best_iteration": 80
  },
  "gates_alignment": {
    "n": 391,
    "source": "holdout",
    "min_directional_edge": 0.05,
    "min_expected_return_pct": 0.15,
    "aligned_share": 0.6649616368286445,
    "aligned_loud_share": 0.010230179028132993,
    "aligned_quiet_share": 0.6547314578005116,
    "loud_classifier_quiet_regressor_share": 0.29923273657289,
    "quiet_classifier_loud_regressor_share": 0.03580562659846547,
    "dir_edge_p50": 0.0387789156075706,
    "dir_edge_p95": 0.12415388569959726,
    "abs_magnitude_pct_p50": 0.09752046134954025,
    "abs_magnitude_pct_p95": 0.13663459546498047
  },
  "specialist_kind": null,
  "regime_subset": [],
  "feature_schema_hash": "726b9f4d8d8b",
  "training_window": {
    "start": "2026-03-25T06:00:00+00:00",
    "end": "2026-04-22T19:37:00+00:00"
  }
}