{
  "coin_id": "jupiter-exchange-solana",
  "timeframe": "5m",
  "version": "20260422T073005Z",
  "feature_names": [
    "ret1",
    "ret5",
    "ret10",
    "momentum",
    "realizedVol",
    "rsi14",
    "macdLine",
    "macdSignal",
    "macdHist",
    "atr14",
    "atrPct",
    "ema9",
    "ema21",
    "emaSpreadPct",
    "distFromEma9Pct",
    "distFromEma21Pct",
    "bbUpper",
    "bbMiddle",
    "bbLower",
    "bbWidth",
    "bbPctB",
    "bbWidthPct",
    "news_etf_flow",
    "news_regulatory_risk",
    "news_exchange_outage",
    "news_macro_shock",
    "news_whale_move",
    "news_exploit_or_hack",
    "news_stablecoin_event",
    "news_narrative_rotation",
    "news_listing_or_delisting",
    "news_protocol_upgrade",
    "news_high_volume_breakout",
    "news_unusual_volatility",
    "coin_idx"
  ],
  "coin_vocab": [
    "jupiter-exchange-solana"
  ],
  "n_train_rows": 104,
  "n_test_rows": 54,
  "metrics": {
    "auc": 0.4918740981240981,
    "log_loss": 2.594711500702779,
    "brier": 0.3794073969006832,
    "directional_accuracy": 0.22222222222222224
  },
  "baseline_metrics": {
    "auc": 0.5662746748531061,
    "log_loss": 2.271090611803457,
    "brier": 0.27858450147511377,
    "directional_accuracy": 0.48148148148148145
  },
  "threshold_pct": 0.1,
  "horizon_candles": 1,
  "class_return_means_pct": [
    -0.22105826327745173,
    0.005753627485951538,
    0.38599765612963455
  ],
  "fold_metrics": [
    {
      "fold": 0,
      "n_train": 50,
      "n_test": 18,
      "auc": 0.5199013949013949,
      "log_loss": 2.005932004937772,
      "brier": 0.33182273188615186,
      "directional_accuracy": 0.2777777777777778,
      "baseline_auc": 0.5827681577681578,
      "baseline_log_loss": 0.9894952762804073,
      "baseline_brier": 0.1938265490050944,
      "baseline_directional_accuracy": 0.6111111111111112,
      "best_params": {
        "objective": "multiclass",
        "num_class": 3,
        "metric": "multi_logloss",
        "num_leaves": 63,
        "learning_rate": 0.06807764614983679,
        "min_child_samples": 12,
        "feature_fraction": 0.9,
        "bagging_fraction": 0.9,
        "bagging_freq": 5,
        "verbose": -1,
        "deterministic": true,
        "seed": 42
      }
    },
    {
      "fold": 1,
      "n_train": 68,
      "n_test": 18,
      "auc": 0.49623015873015874,
      "log_loss": 1.583869626978694,
      "brier": 0.311684751299456,
      "directional_accuracy": 0.2777777777777778,
      "baseline_auc": 0.7272486772486771,
      "baseline_log_loss": 1.1753222518028592,
      "baseline_brier": 0.23003588735570038,
      "baseline_directional_accuracy": 0.4444444444444444,
      "best_params": {
        "objective": "multiclass",
        "num_class": 3,
        "metric": "multi_logloss",
        "num_leaves": 15,
        "learning_rate": 0.060113218328857784,
        "min_child_samples": 16,
        "feature_fraction": 0.9,
        "bagging_fraction": 0.9,
        "bagging_freq": 5,
        "verbose": -1,
        "deterministic": true,
        "seed": 42
      }
    },
    {
      "fold": 2,
      "n_train": 86,
      "n_test": 18,
      "auc": 0.45949074074074076,
      "log_loss": 4.194332870191871,
      "brier": 0.49471470751644175,
      "directional_accuracy": 0.1111111111111111,
      "baseline_auc": 0.38880718954248367,
      "baseline_log_loss": 4.648454307327104,
      "baseline_brier": 0.4118910680645464,
      "baseline_directional_accuracy": 0.3888888888888889,
      "best_params": {
        "objective": "multiclass",
        "num_class": 3,
        "metric": "multi_logloss",
        "num_leaves": 63,
        "learning_rate": 0.06807764614983679,
        "min_child_samples": 12,
        "feature_fraction": 0.9,
        "bagging_fraction": 0.9,
        "bagging_freq": 5,
        "verbose": -1,
        "deterministic": true,
        "seed": 42
      }
    }
  ],
  "note": "Per-coin model for jupiter-exchange-solana/5m.",
  "directional_call_share": 0.0,
  "directional_call_share_n": 21,
  "directional_call_share_source": "holdout",
  "model_kind": "lightgbm",
  "prior_probs": []
}