{
  "coin_id": "injective-protocol",
  "timeframe": "5m",
  "version": "20260422T083444Z",
  "feature_names": [
    "ret1",
    "ret5",
    "ret10",
    "momentum",
    "realizedVol",
    "rsi14",
    "macdLine",
    "macdSignal",
    "macdHist",
    "atr14",
    "atrPct",
    "ema9",
    "ema21",
    "emaSpreadPct",
    "distFromEma9Pct",
    "distFromEma21Pct",
    "bbUpper",
    "bbMiddle",
    "bbLower",
    "bbWidth",
    "bbPctB",
    "bbWidthPct",
    "news_etf_flow",
    "news_regulatory_risk",
    "news_exchange_outage",
    "news_macro_shock",
    "news_whale_move",
    "news_exploit_or_hack",
    "news_stablecoin_event",
    "news_narrative_rotation",
    "news_listing_or_delisting",
    "news_protocol_upgrade",
    "news_high_volume_breakout",
    "news_unusual_volatility",
    "coin_idx"
  ],
  "coin_vocab": [
    "injective-protocol"
  ],
  "n_train_rows": 117,
  "n_test_rows": 66,
  "metrics": {
    "auc": 0.5217611021016594,
    "log_loss": 1.8933245233434854,
    "brier": 0.24429614193899288,
    "directional_accuracy": 0.5454545454545454
  },
  "baseline_metrics": {
    "auc": 0.5418181892640097,
    "log_loss": 1.305188599164575,
    "brier": 0.19532076174237675,
    "directional_accuracy": 0.5909090909090908
  },
  "threshold_pct": 0.1,
  "horizon_candles": 1,
  "class_return_means_pct": [
    -0.23209351271800283,
    -0.011679648633109427,
    0.22585919822853312
  ],
  "fold_metrics": [
    {
      "fold": 0,
      "n_train": 50,
      "n_test": 22,
      "auc": 0.5110232689567055,
      "log_loss": 2.5531930946272046,
      "brier": 0.25774486998708207,
      "directional_accuracy": 0.5454545454545454,
      "baseline_auc": 0.5756179664848395,
      "baseline_log_loss": 1.1330643339225208,
      "baseline_brier": 0.1879299903833094,
      "baseline_directional_accuracy": 0.6363636363636364,
      "best_params": {
        "objective": "multiclass",
        "num_class": 3,
        "metric": "multi_logloss",
        "num_leaves": 15,
        "learning_rate": 0.09230320822645494,
        "min_child_samples": 6,
        "feature_fraction": 0.9,
        "bagging_fraction": 0.9,
        "bagging_freq": 5,
        "verbose": -1,
        "deterministic": true,
        "seed": 42
      }
    },
    {
      "fold": 1,
      "n_train": 72,
      "n_test": 22,
      "auc": 0.5973155929038282,
      "log_loss": 1.6995680907322694,
      "brier": 0.2585895559201077,
      "directional_accuracy": 0.45454545454545453,
      "baseline_auc": 0.6149159663865545,
      "baseline_log_loss": 1.0749607168856636,
      "baseline_brier": 0.21638399277942924,
      "baseline_directional_accuracy": 0.45454545454545453,
      "best_params": {
        "objective": "multiclass",
        "num_class": 3,
        "metric": "multi_logloss",
        "num_leaves": 15,
        "learning_rate": 0.060113218328857784,
        "min_child_samples": 16,
        "feature_fraction": 0.9,
        "bagging_fraction": 0.9,
        "bagging_freq": 5,
        "verbose": -1,
        "deterministic": true,
        "seed": 42
      }
    },
    {
      "fold": 2,
      "n_train": 94,
      "n_test": 22,
      "auc": 0.4569444444444444,
      "log_loss": 1.4272123846709819,
      "brier": 0.21655399990978888,
      "directional_accuracy": 0.6363636363636364,
      "baseline_auc": 0.43492063492063493,
      "baseline_log_loss": 1.707540746685541,
      "baseline_brier": 0.18164830206439164,
      "baseline_directional_accuracy": 0.6818181818181818,
      "best_params": {
        "objective": "multiclass",
        "num_class": 3,
        "metric": "multi_logloss",
        "num_leaves": 63,
        "learning_rate": 0.0938393881004349,
        "min_child_samples": 23,
        "feature_fraction": 0.9,
        "bagging_fraction": 0.9,
        "bagging_freq": 5,
        "verbose": -1,
        "deterministic": true,
        "seed": 42
      }
    }
  ],
  "note": "Per-coin model for injective-protocol/5m.",
  "directional_call_share": 0.041666666666666664,
  "directional_call_share_n": 24,
  "directional_call_share_source": "holdout",
  "model_kind": "lightgbm",
  "prior_probs": []
}