{
  "coin_id": "render-token",
  "timeframe": "5m",
  "version": "20260422T091115Z",
  "feature_names": [
    "ret1",
    "ret5",
    "ret10",
    "momentum",
    "realizedVol",
    "rsi14",
    "macdLine",
    "macdSignal",
    "macdHist",
    "atr14",
    "atrPct",
    "ema9",
    "ema21",
    "emaSpreadPct",
    "distFromEma9Pct",
    "distFromEma21Pct",
    "bbUpper",
    "bbMiddle",
    "bbLower",
    "bbWidth",
    "bbPctB",
    "bbWidthPct",
    "news_etf_flow",
    "news_regulatory_risk",
    "news_exchange_outage",
    "news_macro_shock",
    "news_whale_move",
    "news_exploit_or_hack",
    "news_stablecoin_event",
    "news_narrative_rotation",
    "news_listing_or_delisting",
    "news_protocol_upgrade",
    "news_high_volume_breakout",
    "news_unusual_volatility",
    "coin_idx"
  ],
  "coin_vocab": [
    "render-token"
  ],
  "n_train_rows": 830,
  "n_test_rows": 690,
  "metrics": {
    "auc": 0.48844057896068716,
    "log_loss": 1.8297857355819667,
    "brier": 0.28799197213428646,
    "directional_accuracy": 0.40144927536231884
  },
  "baseline_metrics": {
    "auc": 0.509017811498184,
    "log_loss": 1.0481226451442585,
    "brier": 0.21225217662894497,
    "directional_accuracy": 0.4144927536231884
  },
  "threshold_pct": 0.1,
  "horizon_candles": 1,
  "class_return_means_pct": [
    -0.6686816740921531,
    0.0012525474858591375,
    0.6827914175032448
  ],
  "fold_metrics": [
    {
      "fold": 0,
      "n_train": 138,
      "n_test": 138,
      "auc": 0.5283759860732434,
      "log_loss": 1.6020388342823295,
      "brier": 0.27451274047215984,
      "directional_accuracy": 0.43478260869565216,
      "baseline_auc": 0.4071446984703187,
      "baseline_log_loss": 1.0301956710386693,
      "baseline_brier": 0.20925464142031017,
      "baseline_directional_accuracy": 0.42028985507246375,
      "best_params": {
        "objective": "multiclass",
        "num_class": 3,
        "metric": "multi_logloss",
        "num_leaves": 31,
        "learning_rate": 0.04488170057528786,
        "min_child_samples": 9,
        "feature_fraction": 0.9,
        "bagging_fraction": 0.9,
        "bagging_freq": 5,
        "verbose": -1,
        "deterministic": true,
        "seed": 42
      }
    },
    {
      "fold": 1,
      "n_train": 276,
      "n_test": 138,
      "auc": 0.5164258248288829,
      "log_loss": 2.6987641311912767,
      "brier": 0.3286485860372271,
      "directional_accuracy": 0.4057971014492754,
      "baseline_auc": 0.5151763226049885,
      "baseline_log_loss": 1.0911881725835766,
      "baseline_brier": 0.22299652234141454,
      "baseline_directional_accuracy": 0.39855072463768115,
      "best_params": {
        "objective": "multiclass",
        "num_class": 3,
        "metric": "multi_logloss",
        "num_leaves": 15,
        "learning_rate": 0.09230320822645494,
        "min_child_samples": 6,
        "feature_fraction": 0.9,
        "bagging_fraction": 0.9,
        "bagging_freq": 5,
        "verbose": -1,
        "deterministic": true,
        "seed": 42
      }
    },
    {
      "fold": 2,
      "n_train": 414,
      "n_test": 138,
      "auc": 0.4840655480825919,
      "log_loss": 1.715132322781649,
      "brier": 0.2790284673721238,
      "directional_accuracy": 0.41304347826086957,
      "baseline_auc": 0.5470604806035481,
      "baseline_log_loss": 0.9729125482414562,
      "baseline_brier": 0.19910402759369994,
      "baseline_directional_accuracy": 0.427536231884058,
      "best_params": {
        "objective": "multiclass",
        "num_class": 3,
        "metric": "multi_logloss",
        "num_leaves": 63,
        "learning_rate": 0.0938393881004349,
        "min_child_samples": 23,
        "feature_fraction": 0.9,
        "bagging_fraction": 0.9,
        "bagging_freq": 5,
        "verbose": -1,
        "deterministic": true,
        "seed": 42
      }
    },
    {
      "fold": 3,
      "n_train": 552,
      "n_test": 138,
      "auc": 0.4801732543272144,
      "log_loss": 1.874621456723722,
      "brier": 0.3108660743849308,
      "directional_accuracy": 0.36231884057971014,
      "baseline_auc": 0.5595491651967445,
      "baseline_log_loss": 1.1078908083530543,
      "baseline_brier": 0.22256341864556373,
      "baseline_directional_accuracy": 0.36231884057971014,
      "best_params": {
        "objective": "multiclass",
        "num_class": 3,
        "metric": "multi_logloss",
        "num_leaves": 15,
        "learning_rate": 0.060113218328857784,
        "min_child_samples": 16,
        "feature_fraction": 0.9,
        "bagging_fraction": 0.9,
        "bagging_freq": 5,
        "verbose": -1,
        "deterministic": true,
        "seed": 42
      }
    },
    {
      "fold": 4,
      "n_train": 690,
      "n_test": 138,
      "auc": 0.43316228149150265,
      "log_loss": 1.2583719329308551,
      "brier": 0.24690399240499086,
      "directional_accuracy": 0.391304347826087,
      "baseline_auc": 0.5161583906153205,
      "baseline_log_loss": 1.038426025504536,
      "baseline_brier": 0.20734227314373652,
      "baseline_directional_accuracy": 0.463768115942029,
      "best_params": {
        "objective": "multiclass",
        "num_class": 3,
        "metric": "multi_logloss",
        "num_leaves": 15,
        "learning_rate": 0.060113218328857784,
        "min_child_samples": 16,
        "feature_fraction": 0.9,
        "bagging_fraction": 0.9,
        "bagging_freq": 5,
        "verbose": -1,
        "deterministic": true,
        "seed": 42
      }
    }
  ],
  "note": "Per-coin model for render-token/5m.",
  "directional_call_share": 0.0,
  "directional_call_share_n": 166,
  "directional_call_share_source": "holdout",
  "model_kind": "lightgbm",
  "prior_probs": []
}