{
  "coin_id": "injective-protocol",
  "timeframe": "6h",
  "version": "20260422T093252Z",
  "feature_names": [
    "ret1",
    "ret5",
    "ret10",
    "momentum",
    "realizedVol",
    "rsi14",
    "macdLine",
    "macdSignal",
    "macdHist",
    "atr14",
    "atrPct",
    "ema9",
    "ema21",
    "emaSpreadPct",
    "distFromEma9Pct",
    "distFromEma21Pct",
    "bbUpper",
    "bbMiddle",
    "bbLower",
    "bbWidth",
    "bbPctB",
    "bbWidthPct",
    "news_etf_flow",
    "news_regulatory_risk",
    "news_exchange_outage",
    "news_macro_shock",
    "news_whale_move",
    "news_exploit_or_hack",
    "news_stablecoin_event",
    "news_narrative_rotation",
    "news_listing_or_delisting",
    "news_protocol_upgrade",
    "news_high_volume_breakout",
    "news_unusual_volatility",
    "coin_idx"
  ],
  "coin_vocab": [
    "injective-protocol"
  ],
  "n_train_rows": 86,
  "n_test_rows": 36,
  "metrics": {
    "auc": 0.5255349361967009,
    "log_loss": 2.7119884600672632,
    "brier": 0.37093341201514796,
    "directional_accuracy": 0.3055555555555556
  },
  "baseline_metrics": {
    "auc": 0.5271873143196673,
    "log_loss": 1.1053291555355673,
    "brier": 0.23156168773482144,
    "directional_accuracy": 0.2777777777777778
  },
  "threshold_pct": 0.45,
  "horizon_candles": 1,
  "class_return_means_pct": [
    -1.1921928819320309,
    -0.05133730074320166,
    1.8911558411839076
  ],
  "fold_metrics": [
    {
      "fold": 0,
      "n_train": 50,
      "n_test": 18,
      "auc": 0.5019957983193277,
      "log_loss": 1.9823865155444804,
      "brier": 0.32337116020425455,
      "directional_accuracy": 0.3333333333333333,
      "baseline_auc": 0.486319073083779,
      "baseline_log_loss": 1.1638497090124675,
      "baseline_brier": 0.2454312331968549,
      "baseline_directional_accuracy": 0.2222222222222222,
      "best_params": {
        "objective": "multiclass",
        "num_class": 3,
        "metric": "multi_logloss",
        "num_leaves": 63,
        "learning_rate": 0.06807764614983679,
        "min_child_samples": 12,
        "feature_fraction": 0.9,
        "bagging_fraction": 0.9,
        "bagging_freq": 5,
        "verbose": -1,
        "deterministic": true,
        "seed": 42
      }
    },
    {
      "fold": 1,
      "n_train": 68,
      "n_test": 18,
      "auc": 0.549074074074074,
      "log_loss": 3.441590404590046,
      "brier": 0.4184956638260413,
      "directional_accuracy": 0.2777777777777778,
      "baseline_auc": 0.5680555555555555,
      "baseline_log_loss": 1.0468086020586673,
      "baseline_brier": 0.217692142272788,
      "baseline_directional_accuracy": 0.3333333333333333,
      "best_params": {
        "objective": "multiclass",
        "num_class": 3,
        "metric": "multi_logloss",
        "num_leaves": 15,
        "learning_rate": 0.09230320822645494,
        "min_child_samples": 6,
        "feature_fraction": 0.9,
        "bagging_fraction": 0.9,
        "bagging_freq": 5,
        "verbose": -1,
        "deterministic": true,
        "seed": 42
      }
    }
  ],
  "note": "Per-coin model for injective-protocol/6h.",
  "directional_call_share": 1.0,
  "directional_call_share_n": 18,
  "directional_call_share_source": "holdout",
  "model_kind": "lightgbm",
  "prior_probs": [],
  "has_regression_head": true,
  "regression_head_stats": {
    "n_train_rows": 52,
    "n_holdout_rows": 13,
    "abs_pred_p50_pct": 1.6017308842775584,
    "abs_pred_p95_pct": 1.6814524974037,
    "abs_pred_max_pct": 1.7397810018447402,
    "mae_pct": 0.609596437114784,
    "best_iteration": 10
  }
}