{
  "coin_id": "dogwifcoin",
  "timeframe": "1h",
  "version": "20260422T141455Z",
  "feature_names": [
    "ret1",
    "ret5",
    "ret10",
    "momentum",
    "realizedVol",
    "rsi14",
    "macdLine",
    "macdSignal",
    "macdHist",
    "atr14",
    "atrPct",
    "ema9",
    "ema21",
    "emaSpreadPct",
    "distFromEma9Pct",
    "distFromEma21Pct",
    "bbUpper",
    "bbMiddle",
    "bbLower",
    "bbWidth",
    "bbPctB",
    "bbWidthPct",
    "news_etf_flow",
    "news_regulatory_risk",
    "news_exchange_outage",
    "news_macro_shock",
    "news_whale_move",
    "news_exploit_or_hack",
    "news_stablecoin_event",
    "news_narrative_rotation",
    "news_listing_or_delisting",
    "news_protocol_upgrade",
    "news_high_volume_breakout",
    "news_unusual_volatility",
    "coin_idx"
  ],
  "coin_vocab": [
    "dogwifcoin"
  ],
  "n_train_rows": 684,
  "n_test_rows": 570,
  "metrics": {
    "auc": 0.5152445808216489,
    "log_loss": 3.2787995026127184,
    "brier": 0.36053592101764276,
    "directional_accuracy": 0.36491228070175435
  },
  "baseline_metrics": {
    "auc": 0.5222023996234084,
    "log_loss": 1.1109305232496107,
    "brier": 0.22424778505392223,
    "directional_accuracy": 0.3894736842105263
  },
  "threshold_pct": 0.2,
  "horizon_candles": 1,
  "class_return_means_pct": [
    -0.7485372793803237,
    -0.01487261585606506,
    0.8183496661446141
  ],
  "fold_metrics": [
    {
      "fold": 0,
      "n_train": 114,
      "n_test": 114,
      "auc": 0.5249847378198828,
      "log_loss": 2.8177673804796597,
      "brier": 0.3476960425310252,
      "directional_accuracy": 0.37719298245614036,
      "baseline_auc": 0.5355298324863543,
      "baseline_log_loss": 1.0592665690001848,
      "baseline_brier": 0.21412541566444976,
      "baseline_directional_accuracy": 0.43859649122807015,
      "best_params": {
        "objective": "multiclass",
        "num_class": 3,
        "metric": "multi_logloss",
        "num_leaves": 31,
        "learning_rate": 0.1,
        "min_child_samples": 5,
        "feature_fraction": 0.9,
        "bagging_fraction": 0.9,
        "bagging_freq": 5,
        "verbose": -1,
        "deterministic": true,
        "seed": 42
      }
    },
    {
      "fold": 1,
      "n_train": 228,
      "n_test": 114,
      "auc": 0.5147565955144751,
      "log_loss": 3.9394806216104716,
      "brier": 0.3863140440677295,
      "directional_accuracy": 0.3508771929824561,
      "baseline_auc": 0.5318775919900767,
      "baseline_log_loss": 1.2252875952469213,
      "baseline_brier": 0.2440900526073695,
      "baseline_directional_accuracy": 0.3684210526315789,
      "best_params": {
        "objective": "multiclass",
        "num_class": 3,
        "metric": "multi_logloss",
        "num_leaves": 31,
        "learning_rate": 0.1,
        "min_child_samples": 5,
        "feature_fraction": 0.9,
        "bagging_fraction": 0.9,
        "bagging_freq": 5,
        "verbose": -1,
        "deterministic": true,
        "seed": 42
      }
    },
    {
      "fold": 2,
      "n_train": 342,
      "n_test": 114,
      "auc": 0.5068770189023354,
      "log_loss": 2.7949662814729614,
      "brier": 0.32305526031182025,
      "directional_accuracy": 0.43859649122807015,
      "baseline_auc": 0.5293140571169505,
      "baseline_log_loss": 1.0861202270374462,
      "baseline_brier": 0.22016514980301505,
      "baseline_directional_accuracy": 0.40350877192982454,
      "best_params": {
        "objective": "multiclass",
        "num_class": 3,
        "metric": "multi_logloss",
        "num_leaves": 31,
        "learning_rate": 0.1,
        "min_child_samples": 5,
        "feature_fraction": 0.9,
        "bagging_fraction": 0.9,
        "bagging_freq": 5,
        "verbose": -1,
        "deterministic": true,
        "seed": 42
      }
    },
    {
      "fold": 3,
      "n_train": 456,
      "n_test": 114,
      "auc": 0.5430083726693895,
      "log_loss": 3.5372556634169743,
      "brier": 0.3739589360614079,
      "directional_accuracy": 0.34210526315789475,
      "baseline_auc": 0.5108165322854589,
      "baseline_log_loss": 1.0511743257924682,
      "baseline_brier": 0.21358936283842725,
      "baseline_directional_accuracy": 0.42105263157894735,
      "best_params": {
        "objective": "multiclass",
        "num_class": 3,
        "metric": "multi_logloss",
        "num_leaves": 31,
        "learning_rate": 0.1,
        "min_child_samples": 5,
        "feature_fraction": 0.9,
        "bagging_fraction": 0.9,
        "bagging_freq": 5,
        "verbose": -1,
        "deterministic": true,
        "seed": 42
      }
    },
    {
      "fold": 4,
      "n_train": 570,
      "n_test": 114,
      "auc": 0.486596179202162,
      "log_loss": 3.3045275660835265,
      "brier": 0.3716553221162309,
      "directional_accuracy": 0.3157894736842105,
      "baseline_auc": 0.5034739842382012,
      "baseline_log_loss": 1.1328038991710327,
      "baseline_brier": 0.22926894435634948,
      "baseline_directional_accuracy": 0.3157894736842105,
      "best_params": {
        "objective": "multiclass",
        "num_class": 3,
        "metric": "multi_logloss",
        "num_leaves": 31,
        "learning_rate": 0.1,
        "min_child_samples": 5,
        "feature_fraction": 0.9,
        "bagging_fraction": 0.9,
        "bagging_freq": 5,
        "verbose": -1,
        "deterministic": true,
        "seed": 42
      }
    }
  ],
  "note": "Per-coin model for dogwifcoin/1h.",
  "directional_call_share": 1.0,
  "directional_call_share_n": 137,
  "directional_call_share_source": "holdout",
  "model_kind": "lightgbm",
  "prior_probs": [],
  "has_regression_head": true,
  "regression_head_stats": {
    "n_train_rows": 405,
    "n_holdout_rows": 102,
    "abs_pred_p50_pct": 0.8724941561249437,
    "abs_pred_p95_pct": 1.1879289492869591,
    "abs_pred_max_pct": 1.4153011434403764,
    "mae_pct": 0.47167896078064814,
    "best_iteration": 15
  },
  "gates_alignment": {
    "n": 137,
    "source": "holdout",
    "min_directional_edge": 0.05,
    "min_expected_return_pct": 0.15,
    "aligned_share": 0.9197080291970803,
    "aligned_loud_share": 0.9197080291970803,
    "aligned_quiet_share": 0.0,
    "loud_classifier_quiet_regressor_share": 0.0,
    "quiet_classifier_loud_regressor_share": 0.08029197080291971,
    "dir_edge_p50": 0.13663095845597717,
    "dir_edge_p95": 0.15663656144743504,
    "abs_magnitude_pct_p50": 0.8581731740238258,
    "abs_magnitude_pct_p95": 1.1159401967396423
  }
}