{
  "coin_id": "celestia",
  "timeframe": "1m",
  "version": "20260422T174506Z",
  "feature_names": [
    "ret1",
    "ret5",
    "ret10",
    "momentum",
    "realizedVol",
    "rsi14",
    "macdLine",
    "macdSignal",
    "macdHist",
    "atr14",
    "atrPct",
    "ema9",
    "ema21",
    "emaSpreadPct",
    "distFromEma9Pct",
    "distFromEma21Pct",
    "bbUpper",
    "bbMiddle",
    "bbLower",
    "bbWidth",
    "bbPctB",
    "bbWidthPct",
    "news_etf_flow",
    "news_regulatory_risk",
    "news_exchange_outage",
    "news_macro_shock",
    "news_whale_move",
    "news_exploit_or_hack",
    "news_stablecoin_event",
    "news_narrative_rotation",
    "news_listing_or_delisting",
    "news_protocol_upgrade",
    "news_high_volume_breakout",
    "news_unusual_volatility",
    "coin_idx"
  ],
  "coin_vocab": [
    "celestia"
  ],
  "n_train_rows": 1836,
  "n_test_rows": 1530,
  "metrics": {
    "auc": 0.5368610132646057,
    "log_loss": 4.1653883506472225,
    "brier": 0.31505404900755557,
    "directional_accuracy": 0.47777777777777786
  },
  "baseline_metrics": {
    "auc": 0.5198883032188597,
    "log_loss": 1.1583864956056675,
    "brier": 0.20464410904464536,
    "directional_accuracy": 0.5529411764705883
  },
  "threshold_pct": 0.03,
  "horizon_candles": 1,
  "class_return_means_pct": [
    -0.4100668341283633,
    0.0006929206173392981,
    0.46200801466895886
  ],
  "fold_metrics": [
    {
      "fold": 0,
      "n_train": 306,
      "n_test": 306,
      "auc": 0.5019585811140326,
      "log_loss": 3.326102836198978,
      "brier": 0.3422675319223383,
      "directional_accuracy": 0.43137254901960786,
      "baseline_auc": 0.47068708421392896,
      "baseline_log_loss": 0.8794973707899504,
      "baseline_brier": 0.1909545805906392,
      "baseline_directional_accuracy": 0.48366013071895425,
      "best_params": {
        "objective": "multiclass",
        "num_class": 3,
        "metric": "multi_logloss",
        "num_leaves": 31,
        "learning_rate": 0.09963387502903108,
        "min_child_samples": 16,
        "feature_fraction": 0.9,
        "bagging_fraction": 0.9,
        "bagging_freq": 5,
        "verbose": -1,
        "deterministic": true,
        "seed": 42
      }
    },
    {
      "fold": 1,
      "n_train": 612,
      "n_test": 306,
      "auc": 0.4842147700276768,
      "log_loss": 9.390223341921317,
      "brier": 0.4993410117758405,
      "directional_accuracy": 0.20915032679738563,
      "baseline_auc": 0.5187678474853351,
      "baseline_log_loss": 2.439499432483217,
      "baseline_brier": 0.3640038060547744,
      "baseline_directional_accuracy": 0.19607843137254902,
      "best_params": {
        "objective": "multiclass",
        "num_class": 3,
        "metric": "multi_logloss",
        "num_leaves": 15,
        "learning_rate": 0.16180823323798743,
        "min_child_samples": 9,
        "feature_fraction": 0.9,
        "bagging_fraction": 0.9,
        "bagging_freq": 5,
        "verbose": -1,
        "deterministic": true,
        "seed": 42
      }
    },
    {
      "fold": 2,
      "n_train": 918,
      "n_test": 306,
      "auc": 0.5539958608262404,
      "log_loss": 2.329303411781176,
      "brier": 0.24491905920702386,
      "directional_accuracy": 0.5555555555555556,
      "baseline_auc": 0.5349182400790681,
      "baseline_log_loss": 0.7521140267154016,
      "baseline_brier": 0.13952659930918784,
      "baseline_directional_accuracy": 0.7483660130718954,
      "best_params": {
        "objective": "multiclass",
        "num_class": 3,
        "metric": "multi_logloss",
        "num_leaves": 31,
        "learning_rate": 0.07534724489158613,
        "min_child_samples": 29,
        "feature_fraction": 0.9,
        "bagging_fraction": 0.9,
        "bagging_freq": 5,
        "verbose": -1,
        "deterministic": true,
        "seed": 42
      }
    },
    {
      "fold": 3,
      "n_train": 1224,
      "n_test": 306,
      "auc": 0.5902526774851271,
      "log_loss": 2.9287347786167572,
      "brier": 0.2559832697713415,
      "directional_accuracy": 0.5816993464052288,
      "baseline_auc": 0.5975729539225245,
      "baseline_log_loss": 0.8248448450638736,
      "baseline_brier": 0.1559188167949048,
      "baseline_directional_accuracy": 0.6797385620915033,
      "best_params": {
        "objective": "multiclass",
        "num_class": 3,
        "metric": "multi_logloss",
        "num_leaves": 63,
        "learning_rate": 0.1537385513206035,
        "min_child_samples": 28,
        "feature_fraction": 0.9,
        "bagging_fraction": 0.9,
        "bagging_freq": 5,
        "verbose": -1,
        "deterministic": true,
        "seed": 42
      }
    },
    {
      "fold": 4,
      "n_train": 1530,
      "n_test": 306,
      "auc": 0.5538831768699514,
      "log_loss": 2.852577384717886,
      "brier": 0.23275937236123348,
      "directional_accuracy": 0.6111111111111112,
      "baseline_auc": 0.47749539039344174,
      "baseline_log_loss": 0.8959768029758944,
      "baseline_brier": 0.17281674247372047,
      "baseline_directional_accuracy": 0.6568627450980392,
      "best_params": {
        "objective": "multiclass",
        "num_class": 3,
        "metric": "multi_logloss",
        "num_leaves": 31,
        "learning_rate": 0.08199329164617801,
        "min_child_samples": 13,
        "feature_fraction": 0.9,
        "bagging_fraction": 0.9,
        "bagging_freq": 5,
        "verbose": -1,
        "deterministic": true,
        "seed": 42
      }
    }
  ],
  "note": "Per-coin model for celestia/1m.",
  "directional_call_share": 0.010869565217391304,
  "directional_call_share_n": 368,
  "directional_call_share_source": "holdout",
  "model_kind": "lightgbm",
  "prior_probs": [],
  "has_regression_head": true,
  "regression_head_stats": {
    "n_train_rows": 789,
    "n_holdout_rows": 198,
    "abs_pred_p50_pct": 0.14715919842190064,
    "abs_pred_p95_pct": 0.4205977744539539,
    "abs_pred_max_pct": 0.7278013215590801,
    "mae_pct": 0.12179616060387219,
    "best_iteration": 44
  },
  "gates_alignment": {
    "n": 368,
    "source": "holdout",
    "min_directional_edge": 0.05,
    "min_expected_return_pct": 0.15,
    "aligned_share": 0.720108695652174,
    "aligned_loud_share": 0.002717391304347826,
    "aligned_quiet_share": 0.717391304347826,
    "loud_classifier_quiet_regressor_share": 0.21467391304347827,
    "quiet_classifier_loud_regressor_share": 0.06521739130434782,
    "dir_edge_p50": 0.0425508956190202,
    "dir_edge_p95": 0.19238055146284994,
    "abs_magnitude_pct_p50": 0.14715919842190064,
    "abs_magnitude_pct_p95": 0.1580541546853466
  }
}