{
  "coin_id": "render-token",
  "timeframe": "5m",
  "version": "20260422T144200Z",
  "feature_names": [
    "ret1",
    "ret5",
    "ret10",
    "momentum",
    "realizedVol",
    "rsi14",
    "macdLine",
    "macdSignal",
    "macdHist",
    "atr14",
    "atrPct",
    "ema9",
    "ema21",
    "emaSpreadPct",
    "distFromEma9Pct",
    "distFromEma21Pct",
    "bbUpper",
    "bbMiddle",
    "bbLower",
    "bbWidth",
    "bbPctB",
    "bbWidthPct",
    "news_etf_flow",
    "news_regulatory_risk",
    "news_exchange_outage",
    "news_macro_shock",
    "news_whale_move",
    "news_exploit_or_hack",
    "news_stablecoin_event",
    "news_narrative_rotation",
    "news_listing_or_delisting",
    "news_protocol_upgrade",
    "news_high_volume_breakout",
    "news_unusual_volatility",
    "coin_idx"
  ],
  "coin_vocab": [
    "render-token"
  ],
  "n_train_rows": 874,
  "n_test_rows": 725,
  "metrics": {
    "auc": 0.4811980971226232,
    "log_loss": 2.6963895255204924,
    "brier": 0.3224968299450094,
    "directional_accuracy": 0.44413793103448274
  },
  "baseline_metrics": {
    "auc": 0.5037641431507919,
    "log_loss": 1.0111034924827718,
    "brier": 0.20099655200701166,
    "directional_accuracy": 0.4413793103448276
  },
  "threshold_pct": 0.04,
  "horizon_candles": 1,
  "class_return_means_pct": [
    -0.5610912727759056,
    -0.0018614380107316111,
    0.5685030688029306
  ],
  "fold_metrics": [
    {
      "fold": 0,
      "n_train": 145,
      "n_test": 145,
      "auc": 0.5135092992594549,
      "log_loss": 2.376470325865756,
      "brier": 0.2866915365948387,
      "directional_accuracy": 0.5310344827586206,
      "baseline_auc": 0.5042473590139082,
      "baseline_log_loss": 0.9574579335751631,
      "baseline_brier": 0.18824270892987935,
      "baseline_directional_accuracy": 0.4413793103448276,
      "best_params": {
        "objective": "multiclass",
        "num_class": 3,
        "metric": "multi_logloss",
        "num_leaves": 31,
        "learning_rate": 0.1,
        "min_child_samples": 5,
        "feature_fraction": 0.9,
        "bagging_fraction": 0.9,
        "bagging_freq": 5,
        "verbose": -1,
        "deterministic": true,
        "seed": 42
      }
    },
    {
      "fold": 1,
      "n_train": 290,
      "n_test": 145,
      "auc": 0.48784614135509274,
      "log_loss": 2.312622484058331,
      "brier": 0.31227675610970107,
      "directional_accuracy": 0.46206896551724136,
      "baseline_auc": 0.5796652753327945,
      "baseline_log_loss": 0.8623092830597563,
      "baseline_brier": 0.1834307539740744,
      "baseline_directional_accuracy": 0.496551724137931,
      "best_params": {
        "objective": "multiclass",
        "num_class": 3,
        "metric": "multi_logloss",
        "num_leaves": 31,
        "learning_rate": 0.1,
        "min_child_samples": 5,
        "feature_fraction": 0.9,
        "bagging_fraction": 0.9,
        "bagging_freq": 5,
        "verbose": -1,
        "deterministic": true,
        "seed": 42
      }
    },
    {
      "fold": 2,
      "n_train": 435,
      "n_test": 145,
      "auc": 0.46995095482828053,
      "log_loss": 2.036185206764111,
      "brier": 0.2841384311774647,
      "directional_accuracy": 0.5172413793103449,
      "baseline_auc": 0.4652221563998296,
      "baseline_log_loss": 0.8327018420101447,
      "baseline_brier": 0.17901439055418442,
      "baseline_directional_accuracy": 0.496551724137931,
      "best_params": {
        "objective": "multiclass",
        "num_class": 3,
        "metric": "multi_logloss",
        "num_leaves": 31,
        "learning_rate": 0.1,
        "min_child_samples": 5,
        "feature_fraction": 0.9,
        "bagging_fraction": 0.9,
        "bagging_freq": 5,
        "verbose": -1,
        "deterministic": true,
        "seed": 42
      }
    },
    {
      "fold": 3,
      "n_train": 580,
      "n_test": 145,
      "auc": 0.46790066692801857,
      "log_loss": 3.5635252302977944,
      "brier": 0.35526801332130775,
      "directional_accuracy": 0.4,
      "baseline_auc": 0.47217276713331763,
      "baseline_log_loss": 1.2454658646737036,
      "baseline_brier": 0.22038216638436955,
      "baseline_directional_accuracy": 0.43448275862068964,
      "best_params": {
        "objective": "multiclass",
        "num_class": 3,
        "metric": "multi_logloss",
        "num_leaves": 31,
        "learning_rate": 0.1,
        "min_child_samples": 5,
        "feature_fraction": 0.9,
        "bagging_fraction": 0.9,
        "bagging_freq": 5,
        "verbose": -1,
        "deterministic": true,
        "seed": 42
      }
    },
    {
      "fold": 4,
      "n_train": 725,
      "n_test": 145,
      "auc": 0.46678342324226935,
      "log_loss": 3.19314438061647,
      "brier": 0.3741094125217348,
      "directional_accuracy": 0.3103448275862069,
      "baseline_auc": 0.49751315787410944,
      "baseline_log_loss": 1.1575825390950905,
      "baseline_brier": 0.23391274019255048,
      "baseline_directional_accuracy": 0.33793103448275863,
      "best_params": {
        "objective": "multiclass",
        "num_class": 3,
        "metric": "multi_logloss",
        "num_leaves": 31,
        "learning_rate": 0.1,
        "min_child_samples": 5,
        "feature_fraction": 0.9,
        "bagging_fraction": 0.9,
        "bagging_freq": 5,
        "verbose": -1,
        "deterministic": true,
        "seed": 42
      }
    }
  ],
  "note": "Per-coin model for render-token/5m.",
  "directional_call_share": 0.9714285714285714,
  "directional_call_share_n": 175,
  "directional_call_share_source": "holdout",
  "model_kind": "lightgbm",
  "prior_probs": [],
  "has_regression_head": true,
  "regression_head_stats": {
    "n_train_rows": 636,
    "n_holdout_rows": 159,
    "abs_pred_p50_pct": 0.5156920312065795,
    "abs_pred_p95_pct": 0.7151672574883579,
    "abs_pred_max_pct": 1.1120323442072284,
    "mae_pct": 0.39029934780063913,
    "best_iteration": 45
  },
  "gates_alignment": {
    "n": 175,
    "source": "holdout",
    "min_directional_edge": 0.05,
    "min_expected_return_pct": 0.15,
    "aligned_share": 0.24,
    "aligned_loud_share": 0.24,
    "aligned_quiet_share": 0.0,
    "loud_classifier_quiet_regressor_share": 0.0,
    "quiet_classifier_loud_regressor_share": 0.76,
    "dir_edge_p50": 0.020180598074519995,
    "dir_edge_p95": 0.2659612903225806,
    "abs_magnitude_pct_p50": 0.5313135457491851,
    "abs_magnitude_pct_p95": 0.7322953531208224
  }
}