{
  "coin_id": "dogwifcoin",
  "timeframe": "1m",
  "version": "20260422T204844Z",
  "feature_names": [
    "ret1",
    "ret5",
    "ret10",
    "momentum",
    "realizedVol",
    "rsi14",
    "macdLine",
    "macdSignal",
    "macdHist",
    "atr14",
    "atrPct",
    "ema9",
    "ema21",
    "emaSpreadPct",
    "distFromEma9Pct",
    "distFromEma21Pct",
    "bbUpper",
    "bbMiddle",
    "bbLower",
    "bbWidth",
    "bbPctB",
    "bbWidthPct",
    "news_etf_flow",
    "news_regulatory_risk",
    "news_exchange_outage",
    "news_macro_shock",
    "news_whale_move",
    "news_exploit_or_hack",
    "news_stablecoin_event",
    "news_narrative_rotation",
    "news_listing_or_delisting",
    "news_protocol_upgrade",
    "news_high_volume_breakout",
    "news_unusual_volatility",
    "coin_idx"
  ],
  "coin_vocab": [
    "dogwifcoin"
  ],
  "n_train_rows": 1980,
  "n_test_rows": 1650,
  "metrics": {
    "auc": 0.535164896680282,
    "log_loss": 2.376545374065589,
    "brier": 0.2336549968884442,
    "directional_accuracy": 0.6060606060606061
  },
  "baseline_metrics": {
    "auc": 0.5471542684931412,
    "log_loss": 0.9337875916586935,
    "brier": 0.18476345240389574,
    "directional_accuracy": 0.58
  },
  "threshold_pct": 0.03,
  "horizon_candles": 1,
  "class_return_means_pct": [
    -0.407134773617115,
    2.1803982547817374e-05,
    0.45129434052267925
  ],
  "fold_metrics": [
    {
      "fold": 0,
      "n_train": 330,
      "n_test": 330,
      "auc": 0.5263241601452863,
      "log_loss": 2.9929178837471375,
      "brier": 0.31366994599643677,
      "directional_accuracy": 0.48787878787878786,
      "baseline_auc": 0.5913574990198067,
      "baseline_log_loss": 0.9109893389895913,
      "baseline_brier": 0.19666452865739906,
      "baseline_directional_accuracy": 0.46060606060606063,
      "best_params": {
        "objective": "multiclass",
        "num_class": 3,
        "metric": "multi_logloss",
        "num_leaves": 31,
        "learning_rate": 0.10028484972073343,
        "min_child_samples": 7,
        "feature_fraction": 0.9,
        "bagging_fraction": 0.9,
        "bagging_freq": 5,
        "verbose": -1,
        "deterministic": true,
        "seed": 42
      }
    },
    {
      "fold": 1,
      "n_train": 660,
      "n_test": 330,
      "auc": 0.5241476843834704,
      "log_loss": 2.73085481554473,
      "brier": 0.16602139468282626,
      "directional_accuracy": 0.7424242424242424,
      "baseline_auc": 0.5142621873987974,
      "baseline_log_loss": 1.1938430268662346,
      "baseline_brier": 0.2376733419059374,
      "baseline_directional_accuracy": 0.41818181818181815,
      "best_params": {
        "objective": "multiclass",
        "num_class": 3,
        "metric": "multi_logloss",
        "num_leaves": 15,
        "learning_rate": 0.057347567467868836,
        "min_child_samples": 11,
        "feature_fraction": 0.9,
        "bagging_fraction": 0.9,
        "bagging_freq": 5,
        "verbose": -1,
        "deterministic": true,
        "seed": 42
      }
    },
    {
      "fold": 2,
      "n_train": 990,
      "n_test": 330,
      "auc": 0.5721140779389325,
      "log_loss": 2.8036424221144434,
      "brier": 0.2484318797902966,
      "directional_accuracy": 0.593939393939394,
      "baseline_auc": 0.5672401563615118,
      "baseline_log_loss": 0.838500651061922,
      "baseline_brier": 0.15731838754468228,
      "baseline_directional_accuracy": 0.6848484848484848,
      "best_params": {
        "objective": "multiclass",
        "num_class": 3,
        "metric": "multi_logloss",
        "num_leaves": 63,
        "learning_rate": 0.07083760110511372,
        "min_child_samples": 25,
        "feature_fraction": 0.9,
        "bagging_fraction": 0.9,
        "bagging_freq": 5,
        "verbose": -1,
        "deterministic": true,
        "seed": 42
      }
    },
    {
      "fold": 3,
      "n_train": 1320,
      "n_test": 330,
      "auc": 0.5106803208953467,
      "log_loss": 1.5313830088525286,
      "brier": 0.19448861946540452,
      "directional_accuracy": 0.6545454545454545,
      "baseline_auc": 0.5052162044527727,
      "baseline_log_loss": 0.7980320365917681,
      "baseline_brier": 0.15027761021029995,
      "baseline_directional_accuracy": 0.7151515151515152,
      "best_params": {
        "objective": "multiclass",
        "num_class": 3,
        "metric": "multi_logloss",
        "num_leaves": 15,
        "learning_rate": 0.05107281650909491,
        "min_child_samples": 22,
        "feature_fraction": 0.9,
        "bagging_fraction": 0.9,
        "bagging_freq": 5,
        "verbose": -1,
        "deterministic": true,
        "seed": 42
      }
    },
    {
      "fold": 4,
      "n_train": 1650,
      "n_test": 330,
      "auc": 0.5425582400383739,
      "log_loss": 1.8239287400691044,
      "brier": 0.2456631445072571,
      "directional_accuracy": 0.5515151515151515,
      "baseline_auc": 0.5576952952328176,
      "baseline_log_loss": 0.9275729047839512,
      "baseline_brier": 0.18188339370116013,
      "baseline_directional_accuracy": 0.6212121212121212,
      "best_params": {
        "objective": "multiclass",
        "num_class": 3,
        "metric": "multi_logloss",
        "num_leaves": 15,
        "learning_rate": 0.07290059707558923,
        "min_child_samples": 30,
        "feature_fraction": 0.9,
        "bagging_fraction": 0.9,
        "bagging_freq": 5,
        "verbose": -1,
        "deterministic": true,
        "seed": 42
      }
    }
  ],
  "note": "Per-coin model for dogwifcoin/1m.",
  "directional_call_share": 0.0,
  "directional_call_share_n": 396,
  "directional_call_share_source": "holdout",
  "model_kind": "lightgbm",
  "prior_probs": [],
  "has_regression_head": true,
  "regression_head_stats": {
    "n_train_rows": 822,
    "n_holdout_rows": 206,
    "abs_pred_p50_pct": 0.1200682056844161,
    "abs_pred_p95_pct": 0.312380815132558,
    "abs_pred_max_pct": 0.629463722391739,
    "mae_pct": 0.08569829265553197,
    "best_iteration": 55
  },
  "gates_alignment": {
    "n": 396,
    "source": "holdout",
    "min_directional_edge": 0.05,
    "min_expected_return_pct": 0.15,
    "aligned_share": 0.2777777777777778,
    "aligned_loud_share": 0.1111111111111111,
    "aligned_quiet_share": 0.16666666666666666,
    "loud_classifier_quiet_regressor_share": 0.6717171717171717,
    "quiet_classifier_loud_regressor_share": 0.050505050505050504,
    "dir_edge_p50": 0.056058059222963,
    "dir_edge_p95": 0.1614248889740782,
    "abs_magnitude_pct_p50": 0.1200682056844161,
    "abs_magnitude_pct_p95": 0.25358476028608024
  },
  "specialist_kind": null,
  "regime_subset": [],
  "feature_schema_hash": "726b9f4d8d8b",
  "training_window": {
    "start": "2026-03-25T07:00:00+00:00",
    "end": "2026-04-22T20:40:00+00:00"
  }
}