{
  "coin_id": "dogwifcoin",
  "timeframe": "1m",
  "version": "20260422T203552Z",
  "feature_names": [
    "ret1",
    "ret5",
    "ret10",
    "momentum",
    "realizedVol",
    "rsi14",
    "macdLine",
    "macdSignal",
    "macdHist",
    "atr14",
    "atrPct",
    "ema9",
    "ema21",
    "emaSpreadPct",
    "distFromEma9Pct",
    "distFromEma21Pct",
    "bbUpper",
    "bbMiddle",
    "bbLower",
    "bbWidth",
    "bbPctB",
    "bbWidthPct",
    "news_etf_flow",
    "news_regulatory_risk",
    "news_exchange_outage",
    "news_macro_shock",
    "news_whale_move",
    "news_exploit_or_hack",
    "news_stablecoin_event",
    "news_narrative_rotation",
    "news_listing_or_delisting",
    "news_protocol_upgrade",
    "news_high_volume_breakout",
    "news_unusual_volatility",
    "coin_idx"
  ],
  "coin_vocab": [
    "dogwifcoin"
  ],
  "n_train_rows": 1966,
  "n_test_rows": 1635,
  "metrics": {
    "auc": 0.5124594593769107,
    "log_loss": 2.6786113137900047,
    "brier": 0.26373161421817615,
    "directional_accuracy": 0.545565749235474
  },
  "baseline_metrics": {
    "auc": 0.5279050285551398,
    "log_loss": 1.0214530720317854,
    "brier": 0.19788046428336303,
    "directional_accuracy": 0.5376146788990825
  },
  "threshold_pct": 0.03,
  "horizon_candles": 1,
  "class_return_means_pct": [
    -0.41008845164750657,
    6.29638196578289e-07,
    0.45403132930678286
  ],
  "fold_metrics": [
    {
      "fold": 0,
      "n_train": 327,
      "n_test": 327,
      "auc": 0.4989235732878477,
      "log_loss": 2.681190126739745,
      "brier": 0.3090353906065994,
      "directional_accuracy": 0.47706422018348627,
      "baseline_auc": 0.5492510474235123,
      "baseline_log_loss": 0.8727207977459772,
      "baseline_brier": 0.18974423721953584,
      "baseline_directional_accuracy": 0.4709480122324159,
      "best_params": {
        "objective": "multiclass",
        "num_class": 3,
        "metric": "multi_logloss",
        "num_leaves": 63,
        "learning_rate": 0.04637116639026006,
        "min_child_samples": 19,
        "feature_fraction": 0.9,
        "bagging_fraction": 0.9,
        "bagging_freq": 5,
        "verbose": -1,
        "deterministic": true,
        "seed": 42
      }
    },
    {
      "fold": 1,
      "n_train": 654,
      "n_test": 327,
      "auc": 0.5094550554735403,
      "log_loss": 1.9680196769506249,
      "brier": 0.29082592059269613,
      "directional_accuracy": 0.43425076452599387,
      "baseline_auc": 0.494675133290595,
      "baseline_log_loss": 1.6876455772088639,
      "baseline_brier": 0.3146529824468358,
      "baseline_directional_accuracy": 0.17737003058103976,
      "best_params": {
        "objective": "multiclass",
        "num_class": 3,
        "metric": "multi_logloss",
        "num_leaves": 63,
        "learning_rate": 0.07290059707558923,
        "min_child_samples": 22,
        "feature_fraction": 0.9,
        "bagging_fraction": 0.9,
        "bagging_freq": 5,
        "verbose": -1,
        "deterministic": true,
        "seed": 42
      }
    },
    {
      "fold": 2,
      "n_train": 981,
      "n_test": 327,
      "auc": 0.5292918876248053,
      "log_loss": 2.660586300278783,
      "brier": 0.2475628350538495,
      "directional_accuracy": 0.5871559633027523,
      "baseline_auc": 0.5458225846103543,
      "baseline_log_loss": 0.8574572764665152,
      "baseline_brier": 0.16150651795985327,
      "baseline_directional_accuracy": 0.6758409785932722,
      "best_params": {
        "objective": "multiclass",
        "num_class": 3,
        "metric": "multi_logloss",
        "num_leaves": 15,
        "learning_rate": 0.08463707239000723,
        "min_child_samples": 9,
        "feature_fraction": 0.9,
        "bagging_fraction": 0.9,
        "bagging_freq": 5,
        "verbose": -1,
        "deterministic": true,
        "seed": 42
      }
    },
    {
      "fold": 3,
      "n_train": 1308,
      "n_test": 327,
      "auc": 0.5020510052090766,
      "log_loss": 2.9813751154991923,
      "brier": 0.2111057706451814,
      "directional_accuracy": 0.654434250764526,
      "baseline_auc": 0.5099154141031966,
      "baseline_log_loss": 0.7864998452839733,
      "baseline_brier": 0.14760282189213264,
      "baseline_directional_accuracy": 0.7217125382262997,
      "best_params": {
        "objective": "multiclass",
        "num_class": 3,
        "metric": "multi_logloss",
        "num_leaves": 15,
        "learning_rate": 0.18017617041828551,
        "min_child_samples": 22,
        "feature_fraction": 0.9,
        "bagging_fraction": 0.9,
        "bagging_freq": 5,
        "verbose": -1,
        "deterministic": true,
        "seed": 42
      }
    },
    {
      "fold": 4,
      "n_train": 1635,
      "n_test": 327,
      "auc": 0.5225757752892836,
      "log_loss": 3.1018853494816763,
      "brier": 0.2601281541925545,
      "directional_accuracy": 0.5749235474006116,
      "baseline_auc": 0.5398609633480407,
      "baseline_log_loss": 0.9029418634535967,
      "baseline_brier": 0.17589576189845765,
      "baseline_directional_accuracy": 0.6422018348623854,
      "best_params": {
        "objective": "multiclass",
        "num_class": 3,
        "metric": "multi_logloss",
        "num_leaves": 15,
        "learning_rate": 0.17353528489885778,
        "min_child_samples": 23,
        "feature_fraction": 0.9,
        "bagging_fraction": 0.9,
        "bagging_freq": 5,
        "verbose": -1,
        "deterministic": true,
        "seed": 42
      }
    }
  ],
  "note": "Per-coin model for dogwifcoin/1m.",
  "directional_call_share": 0.0,
  "directional_call_share_n": 394,
  "directional_call_share_source": "holdout",
  "model_kind": "lightgbm",
  "prior_probs": [],
  "has_regression_head": true,
  "regression_head_stats": {
    "n_train_rows": 815,
    "n_holdout_rows": 204,
    "abs_pred_p50_pct": 0.12931436109293226,
    "abs_pred_p95_pct": 0.28779261715184035,
    "abs_pred_max_pct": 0.5210091419045443,
    "mae_pct": 0.08282536005692881,
    "best_iteration": 50
  },
  "gates_alignment": {
    "n": 394,
    "source": "holdout",
    "min_directional_edge": 0.05,
    "min_expected_return_pct": 0.15,
    "aligned_share": 0.40609137055837563,
    "aligned_loud_share": 0.07614213197969544,
    "aligned_quiet_share": 0.3299492385786802,
    "loud_classifier_quiet_regressor_share": 0.550761421319797,
    "quiet_classifier_loud_regressor_share": 0.04314720812182741,
    "dir_edge_p50": 0.06750915250692385,
    "dir_edge_p95": 0.2069682272592299,
    "abs_magnitude_pct_p50": 0.12931436109293226,
    "abs_magnitude_pct_p95": 0.258434112564907
  },
  "specialist_kind": null,
  "regime_subset": [],
  "feature_schema_hash": "726b9f4d8d8b",
  "training_window": {
    "start": "2026-03-25T07:00:00+00:00",
    "end": "2026-04-22T20:26:00+00:00"
  }
}