{
  "coin_id": "dogwifcoin",
  "timeframe": "5m",
  "version": "20260422T121353Z",
  "feature_names": [
    "ret1",
    "ret5",
    "ret10",
    "momentum",
    "realizedVol",
    "rsi14",
    "macdLine",
    "macdSignal",
    "macdHist",
    "atr14",
    "atrPct",
    "ema9",
    "ema21",
    "emaSpreadPct",
    "distFromEma9Pct",
    "distFromEma21Pct",
    "bbUpper",
    "bbMiddle",
    "bbLower",
    "bbWidth",
    "bbPctB",
    "bbWidthPct",
    "news_etf_flow",
    "news_regulatory_risk",
    "news_exchange_outage",
    "news_macro_shock",
    "news_whale_move",
    "news_exploit_or_hack",
    "news_stablecoin_event",
    "news_narrative_rotation",
    "news_listing_or_delisting",
    "news_protocol_upgrade",
    "news_high_volume_breakout",
    "news_unusual_volatility",
    "coin_idx"
  ],
  "coin_vocab": [
    "dogwifcoin"
  ],
  "n_train_rows": 864,
  "n_test_rows": 720,
  "metrics": {
    "auc": 0.518375483579385,
    "log_loss": 2.9179488382685688,
    "brier": 0.33017311871324584,
    "directional_accuracy": 0.43472222222222223
  },
  "baseline_metrics": {
    "auc": 0.49220430714584334,
    "log_loss": 0.9704963700744684,
    "brier": 0.20014324790242463,
    "directional_accuracy": 0.45833333333333337
  },
  "threshold_pct": 0.04,
  "horizon_candles": 1,
  "class_return_means_pct": [
    -0.5199448620277319,
    0.002749888741068737,
    0.5788482852790726
  ],
  "fold_metrics": [
    {
      "fold": 0,
      "n_train": 144,
      "n_test": 144,
      "auc": 0.5483899088458443,
      "log_loss": 3.074429629087485,
      "brier": 0.30419448308677244,
      "directional_accuracy": 0.4861111111111111,
      "baseline_auc": 0.5392568227579109,
      "baseline_log_loss": 0.8851326358288818,
      "baseline_brier": 0.18301385517689947,
      "baseline_directional_accuracy": 0.5277777777777778,
      "best_params": {
        "objective": "multiclass",
        "num_class": 3,
        "metric": "multi_logloss",
        "num_leaves": 31,
        "learning_rate": 0.1,
        "min_child_samples": 5,
        "feature_fraction": 0.9,
        "bagging_fraction": 0.9,
        "bagging_freq": 5,
        "verbose": -1,
        "deterministic": true,
        "seed": 42
      }
    },
    {
      "fold": 1,
      "n_train": 288,
      "n_test": 144,
      "auc": 0.5448528232905251,
      "log_loss": 2.8796037503117438,
      "brier": 0.3027168439792954,
      "directional_accuracy": 0.4930555555555556,
      "baseline_auc": 0.5391860512777767,
      "baseline_log_loss": 0.8544073866271433,
      "baseline_brier": 0.18591356778504187,
      "baseline_directional_accuracy": 0.5208333333333334,
      "best_params": {
        "objective": "multiclass",
        "num_class": 3,
        "metric": "multi_logloss",
        "num_leaves": 31,
        "learning_rate": 0.1,
        "min_child_samples": 5,
        "feature_fraction": 0.9,
        "bagging_fraction": 0.9,
        "bagging_freq": 5,
        "verbose": -1,
        "deterministic": true,
        "seed": 42
      }
    },
    {
      "fold": 2,
      "n_train": 432,
      "n_test": 144,
      "auc": 0.48306428857781664,
      "log_loss": 2.107322042281831,
      "brier": 0.28709202616019464,
      "directional_accuracy": 0.4930555555555556,
      "baseline_auc": 0.4000945224565496,
      "baseline_log_loss": 0.781047756423333,
      "baseline_brier": 0.17590777062293853,
      "baseline_directional_accuracy": 0.4583333333333333,
      "best_params": {
        "objective": "multiclass",
        "num_class": 3,
        "metric": "multi_logloss",
        "num_leaves": 31,
        "learning_rate": 0.1,
        "min_child_samples": 5,
        "feature_fraction": 0.9,
        "bagging_fraction": 0.9,
        "bagging_freq": 5,
        "verbose": -1,
        "deterministic": true,
        "seed": 42
      }
    },
    {
      "fold": 3,
      "n_train": 576,
      "n_test": 144,
      "auc": 0.4925183671797688,
      "log_loss": 3.670176584480367,
      "brier": 0.392008010447432,
      "directional_accuracy": 0.3472222222222222,
      "baseline_auc": 0.5406735941040589,
      "baseline_log_loss": 1.1392274949933778,
      "baseline_brier": 0.21913435274136384,
      "baseline_directional_accuracy": 0.4027777777777778,
      "best_params": {
        "objective": "multiclass",
        "num_class": 3,
        "metric": "multi_logloss",
        "num_leaves": 31,
        "learning_rate": 0.1,
        "min_child_samples": 5,
        "feature_fraction": 0.9,
        "bagging_fraction": 0.9,
        "bagging_freq": 5,
        "verbose": -1,
        "deterministic": true,
        "seed": 42
      }
    },
    {
      "fold": 4,
      "n_train": 720,
      "n_test": 144,
      "auc": 0.5230520300029707,
      "log_loss": 2.8582121851814173,
      "brier": 0.3648542298925351,
      "directional_accuracy": 0.3541666666666667,
      "baseline_auc": 0.44181054513292056,
      "baseline_log_loss": 1.1926665764996065,
      "baseline_brier": 0.2367466931858795,
      "baseline_directional_accuracy": 0.3819444444444444,
      "best_params": {
        "objective": "multiclass",
        "num_class": 3,
        "metric": "multi_logloss",
        "num_leaves": 31,
        "learning_rate": 0.1,
        "min_child_samples": 5,
        "feature_fraction": 0.9,
        "bagging_fraction": 0.9,
        "bagging_freq": 5,
        "verbose": -1,
        "deterministic": true,
        "seed": 42
      }
    }
  ],
  "note": "Per-coin model for dogwifcoin/5m.",
  "directional_call_share": 1.0,
  "directional_call_share_n": 173,
  "directional_call_share_source": "holdout",
  "model_kind": "lightgbm",
  "prior_probs": [],
  "has_regression_head": true,
  "regression_head_stats": {
    "n_train_rows": 624,
    "n_holdout_rows": 156,
    "abs_pred_p50_pct": 0.617108292048605,
    "abs_pred_p95_pct": 0.6674632010661697,
    "abs_pred_max_pct": 0.7200591268109138,
    "mae_pct": 0.4712029656430533,
    "best_iteration": 8
  },
  "gates_alignment": {
    "n": 173,
    "source": "holdout",
    "min_directional_edge": 0.05,
    "min_expected_return_pct": 0.15,
    "aligned_share": 0.6936416184971098,
    "aligned_loud_share": 0.6936416184971098,
    "aligned_quiet_share": 0.0,
    "loud_classifier_quiet_regressor_share": 0.0,
    "quiet_classifier_loud_regressor_share": 0.3063583815028902,
    "dir_edge_p50": 0.06401040328417401,
    "dir_edge_p95": 0.37612670918547453,
    "abs_magnitude_pct_p50": 0.617108292048605,
    "abs_magnitude_pct_p95": 0.6674632010661697
  }
}