{
  "coin_id": "dogwifcoin",
  "timeframe": "5m",
  "version": "20260422T104901Z",
  "feature_names": [
    "ret1",
    "ret5",
    "ret10",
    "momentum",
    "realizedVol",
    "rsi14",
    "macdLine",
    "macdSignal",
    "macdHist",
    "atr14",
    "atrPct",
    "ema9",
    "ema21",
    "emaSpreadPct",
    "distFromEma9Pct",
    "distFromEma21Pct",
    "bbUpper",
    "bbMiddle",
    "bbLower",
    "bbWidth",
    "bbPctB",
    "bbWidthPct",
    "news_etf_flow",
    "news_regulatory_risk",
    "news_exchange_outage",
    "news_macro_shock",
    "news_whale_move",
    "news_exploit_or_hack",
    "news_stablecoin_event",
    "news_narrative_rotation",
    "news_listing_or_delisting",
    "news_protocol_upgrade",
    "news_high_volume_breakout",
    "news_unusual_volatility",
    "coin_idx"
  ],
  "coin_vocab": [
    "dogwifcoin"
  ],
  "n_train_rows": 849,
  "n_test_rows": 705,
  "metrics": {
    "auc": 0.528726873306265,
    "log_loss": 2.934373061879905,
    "brier": 0.3207738978905377,
    "directional_accuracy": 0.44964539007092197
  },
  "baseline_metrics": {
    "auc": 0.5084114905564352,
    "log_loss": 0.9450641328997029,
    "brier": 0.19719755394121627,
    "directional_accuracy": 0.45248226950354614
  },
  "threshold_pct": 0.04,
  "horizon_candles": 1,
  "class_return_means_pct": [
    -0.5238885175034748,
    0.0029949072002153497,
    0.5879527718164985
  ],
  "fold_metrics": [
    {
      "fold": 0,
      "n_train": 141,
      "n_test": 141,
      "auc": 0.5732894970663688,
      "log_loss": 3.323343087607962,
      "brier": 0.30835142579796854,
      "directional_accuracy": 0.5106382978723404,
      "baseline_auc": 0.5089725512569595,
      "baseline_log_loss": 0.87416984494076,
      "baseline_brier": 0.18249641250344176,
      "baseline_directional_accuracy": 0.5177304964539007,
      "best_params": {
        "objective": "multiclass",
        "num_class": 3,
        "metric": "multi_logloss",
        "num_leaves": 31,
        "learning_rate": 0.1,
        "min_child_samples": 5,
        "feature_fraction": 0.9,
        "bagging_fraction": 0.9,
        "bagging_freq": 5,
        "verbose": -1,
        "deterministic": true,
        "seed": 42
      }
    },
    {
      "fold": 1,
      "n_train": 282,
      "n_test": 141,
      "auc": 0.5402155461988148,
      "log_loss": 2.966717209237987,
      "brier": 0.29764846890139934,
      "directional_accuracy": 0.48936170212765956,
      "baseline_auc": 0.5177609061815817,
      "baseline_log_loss": 0.8579072517177612,
      "baseline_brier": 0.18689249217805667,
      "baseline_directional_accuracy": 0.5177304964539007,
      "best_params": {
        "objective": "multiclass",
        "num_class": 3,
        "metric": "multi_logloss",
        "num_leaves": 31,
        "learning_rate": 0.1,
        "min_child_samples": 5,
        "feature_fraction": 0.9,
        "bagging_fraction": 0.9,
        "bagging_freq": 5,
        "verbose": -1,
        "deterministic": true,
        "seed": 42
      }
    },
    {
      "fold": 2,
      "n_train": 423,
      "n_test": 141,
      "auc": 0.48479066672186627,
      "log_loss": 2.229339757207923,
      "brier": 0.2882417276406196,
      "directional_accuracy": 0.48226950354609927,
      "baseline_auc": 0.4787485474712067,
      "baseline_log_loss": 0.7859216134807344,
      "baseline_brier": 0.17467408636309142,
      "baseline_directional_accuracy": 0.46099290780141844,
      "best_params": {
        "objective": "multiclass",
        "num_class": 3,
        "metric": "multi_logloss",
        "num_leaves": 31,
        "learning_rate": 0.1,
        "min_child_samples": 5,
        "feature_fraction": 0.9,
        "bagging_fraction": 0.9,
        "bagging_freq": 5,
        "verbose": -1,
        "deterministic": true,
        "seed": 42
      }
    },
    {
      "fold": 3,
      "n_train": 564,
      "n_test": 141,
      "auc": 0.5759034160118766,
      "log_loss": 2.573194532373823,
      "brier": 0.33461034714647203,
      "directional_accuracy": 0.41134751773049644,
      "baseline_auc": 0.5728781625624527,
      "baseline_log_loss": 1.0283597418428303,
      "baseline_brier": 0.20689019841354994,
      "baseline_directional_accuracy": 0.3971631205673759,
      "best_params": {
        "objective": "multiclass",
        "num_class": 3,
        "metric": "multi_logloss",
        "num_leaves": 31,
        "learning_rate": 0.1,
        "min_child_samples": 5,
        "feature_fraction": 0.9,
        "bagging_fraction": 0.9,
        "bagging_freq": 5,
        "verbose": -1,
        "deterministic": true,
        "seed": 42
      }
    },
    {
      "fold": 4,
      "n_train": 705,
      "n_test": 141,
      "auc": 0.4694352405323985,
      "log_loss": 3.579270722971832,
      "brier": 0.3750175199662289,
      "directional_accuracy": 0.3546099290780142,
      "baseline_auc": 0.4636972853099753,
      "baseline_log_loss": 1.1789622125164287,
      "baseline_brier": 0.23503458024794155,
      "baseline_directional_accuracy": 0.36879432624113473,
      "best_params": {
        "objective": "multiclass",
        "num_class": 3,
        "metric": "multi_logloss",
        "num_leaves": 31,
        "learning_rate": 0.1,
        "min_child_samples": 5,
        "feature_fraction": 0.9,
        "bagging_fraction": 0.9,
        "bagging_freq": 5,
        "verbose": -1,
        "deterministic": true,
        "seed": 42
      }
    }
  ],
  "note": "Per-coin model for dogwifcoin/5m.",
  "directional_call_share": 0.9470588235294117,
  "directional_call_share_n": 170,
  "directional_call_share_source": "holdout",
  "model_kind": "lightgbm",
  "prior_probs": [],
  "has_regression_head": true,
  "regression_head_stats": {
    "n_train_rows": 615,
    "n_holdout_rows": 154,
    "abs_pred_p50_pct": 0.6256021135718357,
    "abs_pred_p95_pct": 0.6623957938373816,
    "abs_pred_max_pct": 0.6703485217363369,
    "mae_pct": 0.4676518040427764,
    "best_iteration": 1
  },
  "gates_alignment": {
    "n": 170,
    "source": "holdout",
    "min_directional_edge": 0.05,
    "min_expected_return_pct": 0.15,
    "aligned_share": 0.611764705882353,
    "aligned_loud_share": 0.611764705882353,
    "aligned_quiet_share": 0.0,
    "loud_classifier_quiet_regressor_share": 0.0,
    "quiet_classifier_loud_regressor_share": 0.38823529411764707,
    "dir_edge_p50": 0.06918692096715073,
    "dir_edge_p95": 0.3192516596258299,
    "abs_magnitude_pct_p50": 0.6256021135718357,
    "abs_magnitude_pct_p95": 0.6362401625473492
  }
}