{
  "coin_id": "sei-network",
  "timeframe": "1h",
  "version": "20260422T085418Z",
  "feature_names": [
    "ret1",
    "ret5",
    "ret10",
    "momentum",
    "realizedVol",
    "rsi14",
    "macdLine",
    "macdSignal",
    "macdHist",
    "atr14",
    "atrPct",
    "ema9",
    "ema21",
    "emaSpreadPct",
    "distFromEma9Pct",
    "distFromEma21Pct",
    "bbUpper",
    "bbMiddle",
    "bbLower",
    "bbWidth",
    "bbPctB",
    "bbWidthPct",
    "news_etf_flow",
    "news_regulatory_risk",
    "news_exchange_outage",
    "news_macro_shock",
    "news_whale_move",
    "news_exploit_or_hack",
    "news_stablecoin_event",
    "news_narrative_rotation",
    "news_listing_or_delisting",
    "news_protocol_upgrade",
    "news_high_volume_breakout",
    "news_unusual_volatility",
    "coin_idx"
  ],
  "coin_vocab": [
    "sei-network"
  ],
  "n_train_rows": 685,
  "n_test_rows": 570,
  "metrics": {
    "auc": 0.4678128500117468,
    "log_loss": 2.6076694786806103,
    "brier": 0.36129493919028305,
    "directional_accuracy": 0.30350877192982456
  },
  "baseline_metrics": {
    "auc": 0.5192322389647458,
    "log_loss": 1.1265703829129852,
    "brier": 0.22804056875904952,
    "directional_accuracy": 0.3280701754385965
  },
  "threshold_pct": 0.2,
  "horizon_candles": 1,
  "class_return_means_pct": [
    -0.6334909804903491,
    -0.013388285575101659,
    0.7265571413656582
  ],
  "fold_metrics": [
    {
      "fold": 0,
      "n_train": 114,
      "n_test": 114,
      "auc": 0.42016072014164124,
      "log_loss": 3.508431861486624,
      "brier": 0.42075427109030467,
      "directional_accuracy": 0.23684210526315788,
      "baseline_auc": 0.5154476290409241,
      "baseline_log_loss": 1.221849401987199,
      "baseline_brier": 0.2480493094561591,
      "baseline_directional_accuracy": 0.2543859649122807,
      "best_params": {
        "objective": "multiclass",
        "num_class": 3,
        "metric": "multi_logloss",
        "num_leaves": 15,
        "learning_rate": 0.09230320822645494,
        "min_child_samples": 6,
        "feature_fraction": 0.9,
        "bagging_fraction": 0.9,
        "bagging_freq": 5,
        "verbose": -1,
        "deterministic": true,
        "seed": 42
      }
    },
    {
      "fold": 1,
      "n_train": 228,
      "n_test": 114,
      "auc": 0.4689035858149431,
      "log_loss": 2.90832139269303,
      "brier": 0.3706122144827648,
      "directional_accuracy": 0.3508771929824561,
      "baseline_auc": 0.5398715583480126,
      "baseline_log_loss": 1.1073960706139672,
      "baseline_brier": 0.22402241714401885,
      "baseline_directional_accuracy": 0.3333333333333333,
      "best_params": {
        "objective": "multiclass",
        "num_class": 3,
        "metric": "multi_logloss",
        "num_leaves": 31,
        "learning_rate": 0.09340308327072934,
        "min_child_samples": 9,
        "feature_fraction": 0.9,
        "bagging_fraction": 0.9,
        "bagging_freq": 5,
        "verbose": -1,
        "deterministic": true,
        "seed": 42
      }
    },
    {
      "fold": 2,
      "n_train": 342,
      "n_test": 114,
      "auc": 0.5005131063990625,
      "log_loss": 1.8765198714512283,
      "brier": 0.329204345701388,
      "directional_accuracy": 0.32456140350877194,
      "baseline_auc": 0.4986344751212776,
      "baseline_log_loss": 1.102524397996883,
      "baseline_brier": 0.22318108555383478,
      "baseline_directional_accuracy": 0.34210526315789475,
      "best_params": {
        "objective": "multiclass",
        "num_class": 3,
        "metric": "multi_logloss",
        "num_leaves": 63,
        "learning_rate": 0.0938393881004349,
        "min_child_samples": 23,
        "feature_fraction": 0.9,
        "bagging_fraction": 0.9,
        "bagging_freq": 5,
        "verbose": -1,
        "deterministic": true,
        "seed": 42
      }
    },
    {
      "fold": 3,
      "n_train": 456,
      "n_test": 114,
      "auc": 0.4878667575703486,
      "log_loss": 2.775469315312779,
      "brier": 0.35768972372341823,
      "directional_accuracy": 0.32456140350877194,
      "baseline_auc": 0.45343185187116797,
      "baseline_log_loss": 1.1242105396372752,
      "baseline_brier": 0.22776440378979834,
      "baseline_directional_accuracy": 0.30701754385964913,
      "best_params": {
        "objective": "multiclass",
        "num_class": 3,
        "metric": "multi_logloss",
        "num_leaves": 31,
        "learning_rate": 0.09340308327072934,
        "min_child_samples": 9,
        "feature_fraction": 0.9,
        "bagging_fraction": 0.9,
        "bagging_freq": 5,
        "verbose": -1,
        "deterministic": true,
        "seed": 42
      }
    },
    {
      "fold": 4,
      "n_train": 570,
      "n_test": 114,
      "auc": 0.4616200801327383,
      "log_loss": 1.9696049524593897,
      "brier": 0.3282141409535394,
      "directional_accuracy": 0.2807017543859649,
      "baseline_auc": 0.5887756804423472,
      "baseline_log_loss": 1.0768715043296004,
      "baseline_brier": 0.21718562785143666,
      "baseline_directional_accuracy": 0.40350877192982454,
      "best_params": {
        "objective": "multiclass",
        "num_class": 3,
        "metric": "multi_logloss",
        "num_leaves": 63,
        "learning_rate": 0.06807764614983679,
        "min_child_samples": 12,
        "feature_fraction": 0.9,
        "bagging_fraction": 0.9,
        "bagging_freq": 5,
        "verbose": -1,
        "deterministic": true,
        "seed": 42
      }
    }
  ],
  "note": "Per-coin model for sei-network/1h.",
  "directional_call_share": 1.0,
  "directional_call_share_n": 137,
  "directional_call_share_source": "holdout",
  "model_kind": "lightgbm",
  "prior_probs": []
}