{
  "coin_id": "render-token",
  "timeframe": "2h",
  "version": "20260425T100425Z",
  "feature_names": [
    "ret1",
    "ret5",
    "ret10",
    "momentum",
    "realizedVol",
    "rsi14",
    "macdLine",
    "macdSignal",
    "macdHist",
    "atr14",
    "atrPct",
    "ema9",
    "ema21",
    "emaSpreadPct",
    "distFromEma9Pct",
    "distFromEma21Pct",
    "bbUpper",
    "bbMiddle",
    "bbLower",
    "bbWidth",
    "bbPctB",
    "bbWidthPct",
    "funding_rate",
    "open_interest_z",
    "liquidations_1h_usd",
    "bid_ask_spread_bps",
    "btc_lead_ret_5m",
    "eth_lead_ret_5m",
    "btc_liquidations_1h_usd",
    "eth_liquidations_1h_usd",
    "sol_liquidations_1h_usd",
    "session_asia",
    "session_eu",
    "session_us",
    "hour_of_day_sin",
    "hour_of_day_cos",
    "coin_idx"
  ],
  "coin_vocab": [
    "render-token"
  ],
  "n_train_rows": 4318,
  "n_test_rows": 3595,
  "metrics": {
    "auc": 0.5012499533238798,
    "log_loss": 2.7657023523135678,
    "brier": 0.34019042532066374,
    "directional_accuracy": 0.3749652294853964
  },
  "baseline_metrics": {
    "auc": 0.5238473644772162,
    "log_loss": 1.068032395693018,
    "brier": 0.21665889602414884,
    "directional_accuracy": 0.41029207232267034
  },
  "threshold_pct": 0.5225,
  "horizon_candles": 4,
  "class_return_means_pct": [
    -2.6013088366688812,
    0.0029762025273415375,
    2.642850281526231
  ],
  "fold_metrics": [
    {
      "fold": 0,
      "n_train": 719,
      "n_test": 719,
      "auc": 0.49533872101890913,
      "log_loss": 2.83687391474982,
      "brier": 0.3473088356794618,
      "directional_accuracy": 0.3741307371349096,
      "baseline_auc": 0.5555007655471472,
      "baseline_log_loss": 1.0346657612864314,
      "baseline_brier": 0.21020889764636208,
      "baseline_directional_accuracy": 0.4575799721835883,
      "best_params": {
        "objective": "multiclass",
        "num_class": 3,
        "metric": "multi_logloss",
        "num_leaves": 63,
        "learning_rate": 0.033974402918614886,
        "min_child_samples": 19,
        "feature_fraction": 0.9,
        "bagging_fraction": 0.9,
        "bagging_freq": 5,
        "verbose": -1,
        "deterministic": true,
        "seed": 42
      },
      "feature_importance": [
        1359.4497897686294,
        1199.446117324734,
        1224.137322101572,
        1369.4722228412663,
        1907.0400255206175,
        757.6084546756612,
        657.1271154020594,
        1190.4892626984374,
        887.9928352413777,
        846.2789286046695,
        1285.276747579043,
        954.756266354979,
        713.4438596907011,
        792.9191715714474,
        815.154455274175,
        779.2420811187034,
        958.1751653445291,
        594.1629223788956,
        1047.7743432089324,
        1380.877815305783,
        842.811617372384,
        960.9179895895631,
        0.0,
        0.0,
        0.0,
        0.0,
        0.0,
        0.0,
        0.0,
        0.0,
        0.0,
        79.7645288959215,
        71.3669286949821,
        121.08072211230136,
        467.8745878953495,
        581.1390625969523,
        0.0
      ],
      "feature_names": [
        "ret1",
        "ret5",
        "ret10",
        "momentum",
        "realizedVol",
        "rsi14",
        "macdLine",
        "macdSignal",
        "macdHist",
        "atr14",
        "atrPct",
        "ema9",
        "ema21",
        "emaSpreadPct",
        "distFromEma9Pct",
        "distFromEma21Pct",
        "bbUpper",
        "bbMiddle",
        "bbLower",
        "bbWidth",
        "bbPctB",
        "bbWidthPct",
        "funding_rate",
        "open_interest_z",
        "liquidations_1h_usd",
        "bid_ask_spread_bps",
        "btc_lead_ret_5m",
        "eth_lead_ret_5m",
        "btc_liquidations_1h_usd",
        "eth_liquidations_1h_usd",
        "sol_liquidations_1h_usd",
        "session_asia",
        "session_eu",
        "session_us",
        "hour_of_day_sin",
        "hour_of_day_cos",
        "coin_idx"
      ]
    },
    {
      "fold": 1,
      "n_train": 1438,
      "n_test": 719,
      "auc": 0.512962815439851,
      "log_loss": 3.8169403911683295,
      "brier": 0.3597164972370294,
      "directional_accuracy": 0.38386648122392214,
      "baseline_auc": 0.5097784654945267,
      "baseline_log_loss": 1.1051986192688814,
      "baseline_brier": 0.22366523200372446,
      "baseline_directional_accuracy": 0.39221140472878996,
      "best_params": {
        "objective": "multiclass",
        "num_class": 3,
        "metric": "multi_logloss",
        "num_leaves": 63,
        "learning_rate": 0.05255131121216263,
        "min_child_samples": 11,
        "feature_fraction": 0.9,
        "bagging_fraction": 0.9,
        "bagging_freq": 5,
        "verbose": -1,
        "deterministic": true,
        "seed": 42
      },
      "feature_importance": [
        1525.2880791948558,
        1335.2368010651926,
        1278.2426737541157,
        1522.0684517344853,
        2195.8050002527825,
        1349.5486435084931,
        1151.0899788043557,
        1614.5233219040424,
        1551.9618492181855,
        1263.3781237390376,
        1358.9518814393232,
        1430.6779784190771,
        1175.261832262744,
        1138.3479596157254,
        1120.7977749036734,
        893.4299263009752,
        1096.3059736504902,
        658.4518213298225,
        1117.0747965358623,
        1520.5613995929662,
        1102.2521536751465,
        1689.3140738941606,
        0.0,
        0.0,
        0.0,
        0.0,
        0.0,
        0.0,
        0.0,
        0.0,
        0.0,
        79.79731528745015,
        125.44031082361471,
        96.37376431977191,
        751.7119844127892,
        781.5777839445245,
        0.0
      ],
      "feature_names": [
        "ret1",
        "ret5",
        "ret10",
        "momentum",
        "realizedVol",
        "rsi14",
        "macdLine",
        "macdSignal",
        "macdHist",
        "atr14",
        "atrPct",
        "ema9",
        "ema21",
        "emaSpreadPct",
        "distFromEma9Pct",
        "distFromEma21Pct",
        "bbUpper",
        "bbMiddle",
        "bbLower",
        "bbWidth",
        "bbPctB",
        "bbWidthPct",
        "funding_rate",
        "open_interest_z",
        "liquidations_1h_usd",
        "bid_ask_spread_bps",
        "btc_lead_ret_5m",
        "eth_lead_ret_5m",
        "btc_liquidations_1h_usd",
        "eth_liquidations_1h_usd",
        "sol_liquidations_1h_usd",
        "session_asia",
        "session_eu",
        "session_us",
        "hour_of_day_sin",
        "hour_of_day_cos",
        "coin_idx"
      ]
    },
    {
      "fold": 2,
      "n_train": 2157,
      "n_test": 719,
      "auc": 0.5406045730948928,
      "log_loss": 2.7689471839150266,
      "brier": 0.36624902497618034,
      "directional_accuracy": 0.3769123783031989,
      "baseline_auc": 0.5067090550394603,
      "baseline_log_loss": 1.1170534892878838,
      "baseline_brier": 0.22678627231084394,
      "baseline_directional_accuracy": 0.3518776077885953,
      "best_params": {
        "objective": "multiclass",
        "num_class": 3,
        "metric": "multi_logloss",
        "num_leaves": 31,
        "learning_rate": 0.035867478644901106,
        "min_child_samples": 21,
        "feature_fraction": 0.9,
        "bagging_fraction": 0.9,
        "bagging_freq": 5,
        "verbose": -1,
        "deterministic": true,
        "seed": 42
      },