{
  "coin_id": "render-token",
  "timeframe": "1d",
  "version": "20260425T103552Z",
  "feature_names": [
    "ret1",
    "ret5",
    "ret10",
    "momentum",
    "realizedVol",
    "rsi14",
    "macdLine",
    "macdSignal",
    "macdHist",
    "atr14",
    "atrPct",
    "ema9",
    "ema21",
    "emaSpreadPct",
    "distFromEma9Pct",
    "distFromEma21Pct",
    "bbUpper",
    "bbMiddle",
    "bbLower",
    "bbWidth",
    "bbPctB",
    "bbWidthPct",
    "funding_rate",
    "open_interest_z",
    "liquidations_1h_usd",
    "bid_ask_spread_bps",
    "btc_lead_ret_5m",
    "eth_lead_ret_5m",
    "btc_liquidations_1h_usd",
    "eth_liquidations_1h_usd",
    "sol_liquidations_1h_usd",
    "session_asia",
    "session_eu",
    "session_us",
    "hour_of_day_sin",
    "hour_of_day_cos",
    "coin_idx"
  ],
  "coin_vocab": [
    "render-token"
  ],
  "n_train_rows": 615,
  "n_test_rows": 510,
  "metrics": {
    "auc": 0.4909707522786758,
    "log_loss": 3.6105447208659633,
    "brier": 0.38235746687684047,
    "directional_accuracy": 0.3411764705882353
  },
  "baseline_metrics": {
    "auc": 0.5099811738277721,
    "log_loss": 1.3303057209759095,
    "brier": 0.25049926343499584,
    "directional_accuracy": 0.3627450980392157
  },
  "threshold_pct": 1.4249999999999998,
  "horizon_candles": 1,
  "class_return_means_pct": [
    -4.834516942600597,
    -0.1647077844613341,
    5.5850570060090154
  ],
  "fold_metrics": [
    {
      "fold": 0,
      "n_train": 102,
      "n_test": 102,
      "auc": 0.5255870843140197,
      "log_loss": 3.667540911389588,
      "brier": 0.3760809010253323,
      "directional_accuracy": 0.35294117647058826,
      "baseline_auc": 0.5207617011773079,
      "baseline_log_loss": 2.02210572742652,
      "baseline_brier": 0.32456251115270435,
      "baseline_directional_accuracy": 0.38235294117647056,
      "best_params": {
        "objective": "multiclass",
        "num_class": 3,
        "metric": "multi_logloss",
        "num_leaves": 31,
        "learning_rate": 0.12927806493879732,
        "min_child_samples": 6,
        "feature_fraction": 0.9,
        "bagging_fraction": 0.9,
        "bagging_freq": 5,
        "verbose": -1,
        "deterministic": true,
        "seed": 42
      },
      "feature_importance": [
        53.68938565338339,
        49.05651272871146,
        43.19796256338717,
        43.19741737637304,
        18.93644926969016,
        32.97598047223128,
        38.329088777394766,
        21.961540844454575,
        20.41369792050888,
        76.38227425200407,
        140.17831493110307,
        31.598712551030438,
        50.05961904995823,
        44.035061434508734,
        56.40871880897904,
        31.141448096522037,
        51.66420231992854,
        12.597425605988029,
        25.165108185743232,
        38.72836576501986,
        53.33289715662414,
        13.558495203053141,
        0.0,
        0.0,
        0.0,
        0.0,
        0.0,
        0.0,
        0.0,
        0.0,
        0.0,
        0.0,
        0.0,
        0.0,
        0.0,
        0.0,
        0.0
      ],
      "feature_names": [
        "ret1",
        "ret5",
        "ret10",
        "momentum",
        "realizedVol",
        "rsi14",
        "macdLine",
        "macdSignal",
        "macdHist",
        "atr14",
        "atrPct",
        "ema9",
        "ema21",
        "emaSpreadPct",
        "distFromEma9Pct",
        "distFromEma21Pct",
        "bbUpper",
        "bbMiddle",
        "bbLower",
        "bbWidth",
        "bbPctB",
        "bbWidthPct",
        "funding_rate",
        "open_interest_z",
        "liquidations_1h_usd",
        "bid_ask_spread_bps",
        "btc_lead_ret_5m",
        "eth_lead_ret_5m",
        "btc_liquidations_1h_usd",
        "eth_liquidations_1h_usd",
        "sol_liquidations_1h_usd",
        "session_asia",
        "session_eu",
        "session_us",
        "hour_of_day_sin",
        "hour_of_day_cos",
        "coin_idx"
      ]
    },
    {
      "fold": 1,
      "n_train": 204,
      "n_test": 102,
      "auc": 0.4968059915976583,
      "log_loss": 3.8811255444273587,
      "brier": 0.3812786706181854,
      "directional_accuracy": 0.3431372549019608,
      "baseline_auc": 0.5173020088042019,
      "baseline_log_loss": 1.2032020826572605,
      "baseline_brier": 0.2370046884812024,
      "baseline_directional_accuracy": 0.37254901960784315,
      "best_params": {
        "objective": "multiclass",
        "num_class": 3,
        "metric": "multi_logloss",
        "num_leaves": 31,
        "learning_rate": 0.03753429216593343,
        "min_child_samples": 6,
        "feature_fraction": 0.9,
        "bagging_fraction": 0.9,
        "bagging_freq": 5,
        "verbose": -1,
        "deterministic": true,
        "seed": 42
      },
      "feature_importance": [
        410.44700797633976,
        503.73188098648825,
        323.02074620630145,
        467.6475747088438,
        310.35926104425636,
        127.33473243802523,
        152.35837980913695,
        149.41472440062898,
        218.58637405492814,
        295.7307955854596,
        494.4169388181929,
        125.50822592953583,
        134.30163951629353,
        268.2427283434389,
        452.5538186727431,
        92.77202734880353,
        168.36841003432372,
        93.19373532299286,
        243.10289462780054,
        271.73288943412786,
        424.84020771837066,
        456.90764685539125,
        0.0,
        0.0,
        0.0,
        0.0,
        0.0,
        0.0,
        0.0,
        0.0,
        0.0,
        0.0,
        0.0,
        0.0,
        0.0,
        0.0,
        0.0
      ],
      "feature_names": [
        "ret1",
        "ret5",
        "ret10",
        "momentum",
        "realizedVol",
        "rsi14",
        "macdLine",
        "macdSignal",
        "macdHist",
        "atr14",
        "atrPct",
        "ema9",
        "ema21",
        "emaSpreadPct",
        "distFromEma9Pct",
        "distFromEma21Pct",
        "bbUpper",
        "bbMiddle",
        "bbLower",
        "bbWidth",
        "bbPctB",
        "bbWidthPct",
        "funding_rate",
        "open_interest_z",
        "liquidations_1h_usd",
        "bid_ask_spread_bps",
        "btc_lead_ret_5m",
        "eth_lead_ret_5m",
        "btc_liquidations_1h_usd",
        "eth_liquidations_1h_usd",
        "sol_liquidations_1h_usd",
        "session_asia",
        "session_eu",
        "session_us",
        "hour_of_day_sin",
        "hour_of_day_cos",
        "coin_idx"
      ]
    },
    {
      "fold": 2,
      "n_train": 306,
      "n_test": 102,
      "auc": 0.45403171390013486,
      "log_loss": 4.977219148205042,
      "brier": 0.4204576336849284,
      "directional_accuracy": 0.3137254901960784,
      "baseline_auc": 0.5263052462887989,
      "baseline_log_loss": 1.0930688490880751,
      "baseline_brier": 0.2206093378982262,
      "baseline_directional_accuracy": 0.4019607843137255,
      "best_params": {
        "objective": "multiclass",
        "num_class": 3,
        "metric": "multi_logloss",
        "num_leaves": 31,
        "learning_rate": 0.1108977567142989,
        "min_child_samples": 19,
        "feature_fraction": 0.9,
        "bagging_fraction": 0.9,
        "bagging_freq": 5,
        "verbose": -1,
        "deterministic": true,
        "seed": 42
      },