{
  "coin_id": "injective-protocol",
  "timeframe": "1h",
  "version": "20260428T124509Z",
  "feature_names": [
    "ret1",
    "ret5",
    "ret10",
    "momentum",
    "realizedVol",
    "rsi14",
    "macdLine",
    "macdSignal",
    "macdHist",
    "atr14",
    "atrPct",
    "ema9",
    "ema21",
    "emaSpreadPct",
    "distFromEma9Pct",
    "distFromEma21Pct",
    "bbUpper",
    "bbMiddle",
    "bbLower",
    "bbWidth",
    "bbPctB",
    "bbWidthPct",
    "funding_rate",
    "open_interest_z",
    "liquidations_1h_usd",
    "bid_ask_spread_bps",
    "btc_lead_ret_5m",
    "eth_lead_ret_5m",
    "btc_liquidations_1h_usd",
    "eth_liquidations_1h_usd",
    "sol_liquidations_1h_usd",
    "session_asia",
    "session_eu",
    "session_us",
    "hour_of_day_sin",
    "hour_of_day_cos",
    "coin_idx"
  ],
  "coin_vocab": [
    "injective-protocol"
  ],
  "n_train_rows": 8599,
  "n_test_rows": 7165,
  "metrics": {
    "auc": 0.5190775897708076,
    "log_loss": 2.4221874735145246,
    "brier": 0.3278560102644207,
    "directional_accuracy": 0.37836706210746684
  },
  "baseline_metrics": {
    "auc": 0.5216861044429769,
    "log_loss": 1.087769830321734,
    "brier": 0.22024743767210805,
    "directional_accuracy": 0.37390090718771807
  },
  "threshold_pct": 0.4275,
  "horizon_candles": 4,
  "class_return_means_pct": [
    -1.804314150308476,
    -0.0048094665403327665,
    1.8496110470385982
  ],
  "fold_metrics": [
    {
      "fold": 0,
      "n_train": 1433,
      "n_test": 1433,
      "auc": 0.5113963085617088,
      "log_loss": 3.565311215606457,
      "brier": 0.3508082783291086,
      "directional_accuracy": 0.39846475924633634,
      "baseline_auc": 0.5355183710220927,
      "baseline_log_loss": 1.066406886579272,
      "baseline_brier": 0.21554453139958507,
      "baseline_directional_accuracy": 0.39776692254012563,
      "best_params": {
        "objective": "multiclass",
        "num_class": 3,
        "metric": "multi_logloss",
        "num_leaves": 63,
        "learning_rate": 0.12848684091869203,
        "min_child_samples": 26,
        "feature_fraction": 0.9,
        "bagging_fraction": 0.9,
        "bagging_freq": 5,
        "verbose": -1,
        "deterministic": true,
        "seed": 42
      },
      "feature_importance": [
        642.0987185665871,
        518.502337079532,
        575.14453581258,
        612.4997031053771,
        779.8329375953579,
        404.14982218323587,
        483.8628974335154,
        717.7972951813164,
        712.7232561391309,
        741.7624605964088,
        692.7060129672918,
        460.2515779235882,
        368.2408926350571,
        484.68931812276315,
        540.05681181141,
        476.3888048594772,
        412.0521731517463,
        299.28446677130097,
        481.0605208482411,
        595.8906135556368,
        459.2812215924161,
        564.0578284684043,
        0.0,
        0.0,
        0.0,
        0.0,
        0.0,
        0.0,
        0.0,
        0.0,
        0.0,
        48.56479664056451,
        26.051325524309505,
        46.95726812584053,
        492.72131376535214,
        494.76004505744095,
        0.0
      ],
      "feature_names": [
        "ret1",
        "ret5",
        "ret10",
        "momentum",
        "realizedVol",
        "rsi14",
        "macdLine",
        "macdSignal",
        "macdHist",
        "atr14",
        "atrPct",
        "ema9",
        "ema21",
        "emaSpreadPct",
        "distFromEma9Pct",
        "distFromEma21Pct",
        "bbUpper",
        "bbMiddle",
        "bbLower",
        "bbWidth",
        "bbPctB",
        "bbWidthPct",
        "funding_rate",
        "open_interest_z",
        "liquidations_1h_usd",
        "bid_ask_spread_bps",
        "btc_lead_ret_5m",
        "eth_lead_ret_5m",
        "btc_liquidations_1h_usd",
        "eth_liquidations_1h_usd",
        "sol_liquidations_1h_usd",
        "session_asia",
        "session_eu",
        "session_us",
        "hour_of_day_sin",
        "hour_of_day_cos",
        "coin_idx"
      ]
    },
    {
      "fold": 1,
      "n_train": 2866,
      "n_test": 1433,
      "auc": 0.5078496861837972,
      "log_loss": 2.3444046321280196,
      "brier": 0.3309493130102952,
      "directional_accuracy": 0.3768318213538032,
      "baseline_auc": 0.47850907856032227,
      "baseline_log_loss": 1.1282192309825598,
      "baseline_brier": 0.22771584964592054,
      "baseline_directional_accuracy": 0.34891835310537334,
      "best_params": {
        "objective": "multiclass",
        "num_class": 3,
        "metric": "multi_logloss",
        "num_leaves": 31,
        "learning_rate": 0.05904228391563824,
        "min_child_samples": 19,
        "feature_fraction": 0.9,
        "bagging_fraction": 0.9,
        "bagging_freq": 5,
        "verbose": -1,
        "deterministic": true,
        "seed": 42
      },
      "feature_importance": [
        2712.9558823052794,
        2347.404212981928,
        2198.331559692044,
        2653.706613911316,
        3504.8341961093247,
        2145.4300742298365,
        1963.4843734581955,
        2526.4443361349404,
        2924.389727295842,
        3248.350018694531,
        2734.633769170847,
        1944.2493982063606,
        1424.990545754321,
        2028.086138219107,
        2429.6106870505027,
        1569.3460867647082,
        1900.501238496974,
        1447.9638549932279,
        2273.3864079271443,
        2507.5054725981317,
        2115.8039089050144,
        2560.783018208109,
        0.0,
        0.0,
        0.0,
        0.0,
        0.0,
        0.0,
        0.0,
        0.0,
        0.0,
        271.88923620339483,
        68.62365696486086,
        118.26659914012998,
        1820.2541257659905,
        1899.0655238921754,
        0.0
      ],
      "feature_names": [
        "ret1",
        "ret5",
        "ret10",
        "momentum",
        "realizedVol",
        "rsi14",
        "macdLine",
        "macdSignal",
        "macdHist",
        "atr14",
        "atrPct",
        "ema9",
        "ema21",
        "emaSpreadPct",
        "distFromEma9Pct",
        "distFromEma21Pct",
        "bbUpper",
        "bbMiddle",
        "bbLower",
        "bbWidth",
        "bbPctB",
        "bbWidthPct",
        "funding_rate",
        "open_interest_z",
        "liquidations_1h_usd",
        "bid_ask_spread_bps",
        "btc_lead_ret_5m",
        "eth_lead_ret_5m",
        "btc_liquidations_1h_usd",
        "eth_liquidations_1h_usd",
        "sol_liquidations_1h_usd",
        "session_asia",
        "session_eu",
        "session_us",
        "hour_of_day_sin",
        "hour_of_day_cos",
        "coin_idx"
      ]
    },
    {
      "fold": 2,
      "n_train": 4299,
      "n_test": 1433,
      "auc": 0.5333691601615088,
      "log_loss": 2.5495410100489577,
      "brier": 0.3482709761362264,
      "directional_accuracy": 0.3845080251221214,
      "baseline_auc": 0.543001711503362,
      "baseline_log_loss": 1.0766293226476076,
      "baseline_brier": 0.2194663841110963,
      "baseline_directional_accuracy": 0.3768318213538032,
      "best_params": {
        "objective": "multiclass",
        "num_class": 3,
        "metric": "multi_logloss",
        "num_leaves": 63,
        "learning_rate": 0.03795880460842543,
        "min_child_samples": 14,
        "feature_fraction": 0.9,
        "bagging_fraction": 0.9,
        "bagging_freq": 5,
        "verbose": -1,
        "deterministic": true,
        "seed": 42
      },