{
  "coin_id": "dogwifcoin",
  "timeframe": "1m",
  "version": "20260422T075921Z",
  "feature_names": [
    "ret1",
    "ret5",
    "ret10",
    "momentum",
    "realizedVol",
    "rsi14",
    "macdLine",
    "macdSignal",
    "macdHist",
    "atr14",
    "atrPct",
    "ema9",
    "ema21",
    "emaSpreadPct",
    "distFromEma9Pct",
    "distFromEma21Pct",
    "bbUpper",
    "bbMiddle",
    "bbLower",
    "bbWidth",
    "bbPctB",
    "bbWidthPct",
    "news_etf_flow",
    "news_regulatory_risk",
    "news_exchange_outage",
    "news_macro_shock",
    "news_whale_move",
    "news_exploit_or_hack",
    "news_stablecoin_event",
    "news_narrative_rotation",
    "news_listing_or_delisting",
    "news_protocol_upgrade",
    "news_high_volume_breakout",
    "news_unusual_volatility",
    "coin_idx"
  ],
  "coin_vocab": [
    "dogwifcoin"
  ],
  "n_train_rows": 645,
  "n_test_rows": 535,
  "metrics": {
    "auc": 0.5655285879891025,
    "log_loss": 1.3665389854031946,
    "brier": 0.1995220234810041,
    "directional_accuracy": 0.633644859813084
  },
  "baseline_metrics": {
    "auc": 0.5308858075673445,
    "log_loss": 0.7587974157464353,
    "brier": 0.13903127778391833,
    "directional_accuracy": 0.7439252336448597
  },
  "threshold_pct": 0.03,
  "horizon_candles": 1,
  "class_return_means_pct": [
    -0.09014339232777145,
    6.62158684299963e-05,
    0.10111541888316977
  ],
  "fold_metrics": [
    {
      "fold": 0,
      "n_train": 107,
      "n_test": 107,
      "auc": 0.6076594697232313,
      "log_loss": 1.4705327755566378,
      "brier": 0.20987944681618464,
      "directional_accuracy": 0.6355140186915887,
      "baseline_auc": 0.5173288427391427,
      "baseline_log_loss": 0.7465105366712554,
      "baseline_brier": 0.13348169490195072,
      "baseline_directional_accuracy": 0.7570093457943925,
      "best_params": {
        "objective": "multiclass",
        "num_class": 3,
        "metric": "multi_logloss",
        "num_leaves": 31,
        "learning_rate": 0.09340308327072934,
        "min_child_samples": 9,
        "feature_fraction": 0.9,
        "bagging_fraction": 0.9,
        "bagging_freq": 5,
        "verbose": -1,
        "deterministic": true,
        "seed": 42
      }
    },
    {
      "fold": 1,
      "n_train": 214,
      "n_test": 107,
      "auc": 0.5084984450740614,
      "log_loss": 1.3218280703150995,
      "brier": 0.22964297297085204,
      "directional_accuracy": 0.5327102803738317,
      "baseline_auc": 0.45760536931423007,
      "baseline_log_loss": 0.7883109477281554,
      "baseline_brier": 0.14370503636629534,
      "baseline_directional_accuracy": 0.7383177570093458,
      "best_params": {
        "objective": "multiclass",
        "num_class": 3,
        "metric": "multi_logloss",
        "num_leaves": 15,
        "learning_rate": 0.060113218328857784,
        "min_child_samples": 16,
        "feature_fraction": 0.9,
        "bagging_fraction": 0.9,
        "bagging_freq": 5,
        "verbose": -1,
        "deterministic": true,
        "seed": 42
      }
    },
    {
      "fold": 2,
      "n_train": 321,
      "n_test": 107,
      "auc": 0.5325084046670622,
      "log_loss": 1.2860895927947078,
      "brier": 0.16842552436447958,
      "directional_accuracy": 0.7009345794392523,
      "baseline_auc": 0.5110952199338926,
      "baseline_log_loss": 0.7428587969806566,
      "baseline_brier": 0.13657358675792716,
      "baseline_directional_accuracy": 0.7476635514018691,
      "best_params": {
        "objective": "multiclass",
        "num_class": 3,
        "metric": "multi_logloss",
        "num_leaves": 31,
        "learning_rate": 0.04488170057528786,
        "min_child_samples": 9,
        "feature_fraction": 0.9,
        "bagging_fraction": 0.9,
        "bagging_freq": 5,
        "verbose": -1,
        "deterministic": true,
        "seed": 42
      }
    },
    {
      "fold": 3,
      "n_train": 428,
      "n_test": 107,
      "auc": 0.6147926047492175,
      "log_loss": 1.8506692873145976,
      "brier": 0.2280046751219812,
      "directional_accuracy": 0.5981308411214953,
      "baseline_auc": 0.5292252530097556,
      "baseline_log_loss": 0.8950412825855191,
      "baseline_brier": 0.17179081894490422,
      "baseline_directional_accuracy": 0.6635514018691588,
      "best_params": {
        "objective": "multiclass",
        "num_class": 3,
        "metric": "multi_logloss",
        "num_leaves": 63,
        "learning_rate": 0.06807764614983679,
        "min_child_samples": 12,
        "feature_fraction": 0.9,
        "bagging_fraction": 0.9,
        "bagging_freq": 5,
        "verbose": -1,
        "deterministic": true,
        "seed": 42
      }
    },
    {
      "fold": 4,
      "n_train": 535,
      "n_test": 107,
      "auc": 0.5641840157319402,
      "log_loss": 0.9035752010349302,
      "brier": 0.16165749813152305,
      "directional_accuracy": 0.7009345794392523,
      "baseline_auc": 0.6391743528397017,
      "baseline_log_loss": 0.6212655147665906,
      "baseline_brier": 0.10960525194851418,
      "baseline_directional_accuracy": 0.8130841121495327,
      "best_params": {
        "objective": "multiclass",
        "num_class": 3,
        "metric": "multi_logloss",
        "num_leaves": 15,
        "learning_rate": 0.060113218328857784,
        "min_child_samples": 16,
        "feature_fraction": 0.9,
        "bagging_fraction": 0.9,
        "bagging_freq": 5,
        "verbose": -1,
        "deterministic": true,
        "seed": 42
      }
    }
  ],
  "note": "Per-coin model for dogwifcoin/1m.",
  "directional_call_share": 0.007751937984496124,
  "directional_call_share_n": 129,
  "directional_call_share_source": "holdout",
  "model_kind": "lightgbm",
  "prior_probs": []
}