{
  "coin_id": "worldcoin-wld",
  "timeframe": "5m",
  "version": "20260422T165229Z",
  "feature_names": [
    "ret1",
    "ret5",
    "ret10",
    "momentum",
    "realizedVol",
    "rsi14",
    "macdLine",
    "macdSignal",
    "macdHist",
    "atr14",
    "atrPct",
    "ema9",
    "ema21",
    "emaSpreadPct",
    "distFromEma9Pct",
    "distFromEma21Pct",
    "bbUpper",
    "bbMiddle",
    "bbLower",
    "bbWidth",
    "bbPctB",
    "bbWidthPct",
    "news_etf_flow",
    "news_regulatory_risk",
    "news_exchange_outage",
    "news_macro_shock",
    "news_whale_move",
    "news_exploit_or_hack",
    "news_stablecoin_event",
    "news_narrative_rotation",
    "news_listing_or_delisting",
    "news_protocol_upgrade",
    "news_high_volume_breakout",
    "news_unusual_volatility",
    "coin_idx"
  ],
  "coin_vocab": [
    "worldcoin-wld"
  ],
  "n_train_rows": 895,
  "n_test_rows": 745,
  "metrics": {
    "auc": 0.5263399017659157,
    "log_loss": 3.0692444730059765,
    "brier": 0.3146663410346593,
    "directional_accuracy": 0.4375838926174497
  },
  "baseline_metrics": {
    "auc": 0.5054203843948094,
    "log_loss": 0.9613898721635866,
    "brier": 0.19555072617331412,
    "directional_accuracy": 0.4550335570469799
  },
  "threshold_pct": 0.04,
  "horizon_candles": 1,
  "class_return_means_pct": [
    -0.6429960620062818,
    -0.0014501465425647145,
    0.6194510841307962
  ],
  "fold_metrics": [
    {
      "fold": 0,
      "n_train": 149,
      "n_test": 149,
      "auc": 0.5137766294622561,
      "log_loss": 4.750492269302078,
      "brier": 0.335547268444987,
      "directional_accuracy": 0.46308724832214765,
      "baseline_auc": 0.5041648711965048,
      "baseline_log_loss": 0.8233042699221101,
      "baseline_brier": 0.1793797046717022,
      "baseline_directional_accuracy": 0.44966442953020136,
      "best_params": {
        "objective": "multiclass",
        "num_class": 3,
        "metric": "multi_logloss",
        "num_leaves": 63,
        "learning_rate": 0.16764618928721448,
        "min_child_samples": 19,
        "feature_fraction": 0.9,
        "bagging_fraction": 0.9,
        "bagging_freq": 5,
        "verbose": -1,
        "deterministic": true,
        "seed": 42
      }
    },
    {
      "fold": 1,
      "n_train": 298,
      "n_test": 149,
      "auc": 0.5439634787378883,
      "log_loss": 3.0090128556913998,
      "brier": 0.2971978988745016,
      "directional_accuracy": 0.4966442953020134,
      "baseline_auc": 0.5134150975433668,
      "baseline_log_loss": 0.8988871976402679,
      "baseline_brier": 0.18307225975197064,
      "baseline_directional_accuracy": 0.4697986577181208,
      "best_params": {
        "objective": "multiclass",
        "num_class": 3,
        "metric": "multi_logloss",
        "num_leaves": 63,
        "learning_rate": 0.11053085091587517,
        "min_child_samples": 16,
        "feature_fraction": 0.9,
        "bagging_fraction": 0.9,
        "bagging_freq": 5,
        "verbose": -1,
        "deterministic": true,
        "seed": 42
      }
    },
    {
      "fold": 2,
      "n_train": 447,
      "n_test": 149,
      "auc": 0.4939544169681156,
      "log_loss": 1.6561589621388733,
      "brier": 0.2678610942545227,
      "directional_accuracy": 0.46308724832214765,
      "baseline_auc": 0.48253648685155537,
      "baseline_log_loss": 0.8010640002049262,
      "baseline_brier": 0.178139451780333,
      "baseline_directional_accuracy": 0.4899328859060403,
      "best_params": {
        "objective": "multiclass",
        "num_class": 3,
        "metric": "multi_logloss",
        "num_leaves": 15,
        "learning_rate": 0.030482767308555894,
        "min_child_samples": 5,
        "feature_fraction": 0.9,
        "bagging_fraction": 0.9,
        "bagging_freq": 5,
        "verbose": -1,
        "deterministic": true,
        "seed": 42
      }
    },
    {
      "fold": 3,
      "n_train": 596,
      "n_test": 149,
      "auc": 0.5565002070790291,
      "log_loss": 2.7135591015545284,
      "brier": 0.3058042683097208,
      "directional_accuracy": 0.4161073825503356,
      "baseline_auc": 0.5349244097761713,
      "baseline_log_loss": 1.256362516244077,
      "baseline_brier": 0.22954215990605167,
      "baseline_directional_accuracy": 0.4161073825503356,
      "best_params": {
        "objective": "multiclass",
        "num_class": 3,
        "metric": "multi_logloss",
        "num_leaves": 15,
        "learning_rate": 0.19966650207546607,
        "min_child_samples": 9,
        "feature_fraction": 0.9,
        "bagging_fraction": 0.9,
        "bagging_freq": 5,
        "verbose": -1,
        "deterministic": true,
        "seed": 42
      }
    },
    {
      "fold": 4,
      "n_train": 745,
      "n_test": 149,
      "auc": 0.5235047765822896,
      "log_loss": 3.216999176343004,
      "brier": 0.3669211752895642,
      "directional_accuracy": 0.348993288590604,
      "baseline_auc": 0.4920610566064491,
      "baseline_log_loss": 1.0273313768065522,
      "baseline_brier": 0.2076200547565131,
      "baseline_directional_accuracy": 0.44966442953020136,
      "best_params": {
        "objective": "multiclass",
        "num_class": 3,
        "metric": "multi_logloss",
        "num_leaves": 31,
        "learning_rate": 0.0512831476941889,
        "min_child_samples": 7,
        "feature_fraction": 0.9,
        "bagging_fraction": 0.9,
        "bagging_freq": 5,
        "verbose": -1,
        "deterministic": true,
        "seed": 42
      }
    }
  ],
  "note": "Per-coin model for worldcoin-wld/5m.",
  "directional_call_share": 0.994413407821229,
  "directional_call_share_n": 179,
  "directional_call_share_source": "holdout",
  "model_kind": "lightgbm",
  "prior_probs": [],
  "has_regression_head": true,
  "regression_head_stats": {
    "n_train_rows": 656,
    "n_holdout_rows": 164,
    "abs_pred_p50_pct": 0.23188015395997524,
    "abs_pred_p95_pct": 0.5780036649587013,
    "abs_pred_max_pct": 0.8394390736021656,
    "mae_pct": 0.1901405028331596,
    "best_iteration": 44
  },
  "gates_alignment": {
    "n": 179,
    "source": "holdout",
    "min_directional_edge": 0.05,
    "min_expected_return_pct": 0.15,
    "aligned_share": 0.547486033519553,
    "aligned_loud_share": 0.547486033519553,
    "aligned_quiet_share": 0.0,
    "loud_classifier_quiet_regressor_share": 0.0,
    "quiet_classifier_loud_regressor_share": 0.45251396648044695,
    "dir_edge_p50": 0.055333961853651414,
    "dir_edge_p95": 0.2279776225397837,
    "abs_magnitude_pct_p50": 0.23188015395997524,
    "abs_magnitude_pct_p95": 0.5976179593496418
  }
}