{
  "coin_id": "worldcoin-wld",
  "timeframe": "5m",
  "version": "20260422T105045Z",
  "feature_names": [
    "ret1",
    "ret5",
    "ret10",
    "momentum",
    "realizedVol",
    "rsi14",
    "macdLine",
    "macdSignal",
    "macdHist",
    "atr14",
    "atrPct",
    "ema9",
    "ema21",
    "emaSpreadPct",
    "distFromEma9Pct",
    "distFromEma21Pct",
    "bbUpper",
    "bbMiddle",
    "bbLower",
    "bbWidth",
    "bbPctB",
    "bbWidthPct",
    "news_etf_flow",
    "news_regulatory_risk",
    "news_exchange_outage",
    "news_macro_shock",
    "news_whale_move",
    "news_exploit_or_hack",
    "news_stablecoin_event",
    "news_narrative_rotation",
    "news_listing_or_delisting",
    "news_protocol_upgrade",
    "news_high_volume_breakout",
    "news_unusual_volatility",
    "coin_idx"
  ],
  "coin_vocab": [
    "worldcoin-wld"
  ],
  "n_train_rows": 849,
  "n_test_rows": 705,
  "metrics": {
    "auc": 0.5258230759318339,
    "log_loss": 2.5753946901049005,
    "brier": 0.3029536005950332,
    "directional_accuracy": 0.475177304964539
  },
  "baseline_metrics": {
    "auc": 0.5374960885553056,
    "log_loss": 0.936277943048399,
    "brier": 0.19266350517988728,
    "directional_accuracy": 0.47659574468085103
  },
  "threshold_pct": 0.04,
  "horizon_candles": 1,
  "class_return_means_pct": [
    -0.6708839338844321,
    -0.0009067885625132034,
    0.6514198631715282
  ],
  "fold_metrics": [
    {
      "fold": 0,
      "n_train": 141,
      "n_test": 141,
      "auc": 0.494618301217961,
      "log_loss": 2.902857207017413,
      "brier": 0.3009970829156916,
      "directional_accuracy": 0.5035460992907801,
      "baseline_auc": 0.5005810723673628,
      "baseline_log_loss": 0.8289827541146684,
      "baseline_brier": 0.17801388417306133,
      "baseline_directional_accuracy": 0.49645390070921985,
      "best_params": {
        "objective": "multiclass",
        "num_class": 3,
        "metric": "multi_logloss",
        "num_leaves": 31,
        "learning_rate": 0.1,
        "min_child_samples": 5,
        "feature_fraction": 0.9,
        "bagging_fraction": 0.9,
        "bagging_freq": 5,
        "verbose": -1,
        "deterministic": true,
        "seed": 42
      }
    },
    {
      "fold": 1,
      "n_train": 282,
      "n_test": 141,
      "auc": 0.5402488765299995,
      "log_loss": 2.5096207042370597,
      "brier": 0.27820018009320946,
      "directional_accuracy": 0.5390070921985816,
      "baseline_auc": 0.5148409609895089,
      "baseline_log_loss": 0.8841906711420366,
      "baseline_brier": 0.18301655686869522,
      "baseline_directional_accuracy": 0.48226950354609927,
      "best_params": {
        "objective": "multiclass",
        "num_class": 3,
        "metric": "multi_logloss",
        "num_leaves": 31,
        "learning_rate": 0.1,
        "min_child_samples": 5,
        "feature_fraction": 0.9,
        "bagging_fraction": 0.9,
        "bagging_freq": 5,
        "verbose": -1,
        "deterministic": true,
        "seed": 42
      }
    },
    {
      "fold": 2,
      "n_train": 423,
      "n_test": 141,
      "auc": 0.49329730495248086,
      "log_loss": 2.7642097394073346,
      "brier": 0.30335923312477986,
      "directional_accuracy": 0.46099290780141844,
      "baseline_auc": 0.5458200037092088,
      "baseline_log_loss": 0.7936138875465455,
      "baseline_brier": 0.1755871628306678,
      "baseline_directional_accuracy": 0.5177304964539007,
      "best_params": {
        "objective": "multiclass",
        "num_class": 3,
        "metric": "multi_logloss",
        "num_leaves": 31,
        "learning_rate": 0.1,
        "min_child_samples": 5,
        "feature_fraction": 0.9,
        "bagging_fraction": 0.9,
        "bagging_freq": 5,
        "verbose": -1,
        "deterministic": true,
        "seed": 42
      }
    },
    {
      "fold": 3,
      "n_train": 564,
      "n_test": 141,
      "auc": 0.6020588549341191,
      "log_loss": 2.1872843465983176,
      "brier": 0.2889027502345756,
      "directional_accuracy": 0.5035460992907801,
      "baseline_auc": 0.6131871925740847,
      "baseline_log_loss": 1.081689737700044,
      "baseline_brier": 0.20564194154666693,
      "baseline_directional_accuracy": 0.5177304964539007,
      "best_params": {
        "objective": "multiclass",
        "num_class": 3,
        "metric": "multi_logloss",
        "num_leaves": 31,
        "learning_rate": 0.1,
        "min_child_samples": 5,
        "feature_fraction": 0.9,
        "bagging_fraction": 0.9,
        "bagging_freq": 5,
        "verbose": -1,
        "deterministic": true,
        "seed": 42
      }
    },
    {
      "fold": 4,
      "n_train": 705,
      "n_test": 141,
      "auc": 0.4988920420246088,
      "log_loss": 2.513001453264376,
      "brier": 0.3433087566069095,
      "directional_accuracy": 0.36879432624113473,
      "baseline_auc": 0.5130512131363633,
      "baseline_log_loss": 1.0929126647387004,
      "baseline_brier": 0.22105798048034517,
      "baseline_directional_accuracy": 0.36879432624113473,
      "best_params": {
        "objective": "multiclass",
        "num_class": 3,
        "metric": "multi_logloss",
        "num_leaves": 31,
        "learning_rate": 0.1,
        "min_child_samples": 5,
        "feature_fraction": 0.9,
        "bagging_fraction": 0.9,
        "bagging_freq": 5,
        "verbose": -1,
        "deterministic": true,
        "seed": 42
      }
    }
  ],
  "note": "Per-coin model for worldcoin-wld/5m.",
  "directional_call_share": 0.9764705882352941,
  "directional_call_share_n": 170,
  "directional_call_share_source": "holdout",
  "model_kind": "lightgbm",
  "prior_probs": [],
  "has_regression_head": true,
  "regression_head_stats": {
    "n_train_rows": 621,
    "n_holdout_rows": 156,
    "abs_pred_p50_pct": 0.6696621264355515,
    "abs_pred_p95_pct": 1.3489828090216112,
    "abs_pred_max_pct": 1.3916604090930846,
    "mae_pct": 0.5240485817389169,
    "best_iteration": 16
  },
  "gates_alignment": {
    "n": 170,
    "source": "holdout",
    "min_directional_edge": 0.05,
    "min_expected_return_pct": 0.15,
    "aligned_share": 0.2235294117647059,
    "aligned_loud_share": 0.2235294117647059,
    "aligned_quiet_share": 0.0,
    "loud_classifier_quiet_regressor_share": 0.0,
    "quiet_classifier_loud_regressor_share": 0.7764705882352941,
    "dir_edge_p50": 0.0430142566191446,
    "dir_edge_p95": 0.17676143386897408,
    "abs_magnitude_pct_p50": 0.6848944374670095,
    "abs_magnitude_pct_p95": 1.3489828090216112
  }
}