{
  "coin_id": "pepe",
  "timeframe": "1m",
  "version": "20260422T201214Z",
  "feature_names": [
    "ret1",
    "ret5",
    "ret10",
    "momentum",
    "realizedVol",
    "rsi14",
    "macdLine",
    "macdSignal",
    "macdHist",
    "atr14",
    "atrPct",
    "ema9",
    "ema21",
    "emaSpreadPct",
    "distFromEma9Pct",
    "distFromEma21Pct",
    "bbUpper",
    "bbMiddle",
    "bbLower",
    "bbWidth",
    "bbPctB",
    "bbWidthPct",
    "news_etf_flow",
    "news_regulatory_risk",
    "news_exchange_outage",
    "news_macro_shock",
    "news_whale_move",
    "news_exploit_or_hack",
    "news_stablecoin_event",
    "news_narrative_rotation",
    "news_listing_or_delisting",
    "news_protocol_upgrade",
    "news_high_volume_breakout",
    "news_unusual_volatility",
    "coin_idx"
  ],
  "coin_vocab": [
    "pepe"
  ],
  "n_train_rows": 2464,
  "n_test_rows": 2050,
  "metrics": {
    "auc": 0.4970487296173188,
    "log_loss": 3.0539453602736764,
    "brier": 0.297979499157325,
    "directional_accuracy": 0.4770731707317073
  },
  "baseline_metrics": {
    "auc": 0.5411568043016504,
    "log_loss": 1.0099160435862697,
    "brier": 0.2007976470192916,
    "directional_accuracy": 0.5092682926829268
  },
  "threshold_pct": 0.03,
  "horizon_candles": 1,
  "class_return_means_pct": [
    -0.2953515583481335,
    0.00014496707620955212,
    0.341811075890861
  ],
  "fold_metrics": [
    {
      "fold": 0,
      "n_train": 410,
      "n_test": 410,
      "auc": 0.5670957721215079,
      "log_loss": 4.089497804785572,
      "brier": 0.3316591098311694,
      "directional_accuracy": 0.45121951219512196,
      "baseline_auc": 0.5587739987925656,
      "baseline_log_loss": 1.0379016184357934,
      "baseline_brier": 0.2042467424530636,
      "baseline_directional_accuracy": 0.44878048780487806,
      "best_params": {
        "objective": "multiclass",
        "num_class": 3,
        "metric": "multi_logloss",
        "num_leaves": 31,
        "learning_rate": 0.13100134889040269,
        "min_child_samples": 29,
        "feature_fraction": 0.9,
        "bagging_fraction": 0.9,
        "bagging_freq": 5,
        "verbose": -1,
        "deterministic": true,
        "seed": 42
      }
    },
    {
      "fold": 1,
      "n_train": 820,
      "n_test": 410,
      "auc": 0.3996040343659326,
      "log_loss": 3.643000707270992,
      "brier": 0.36081590603465313,
      "directional_accuracy": 0.3463414634146341,
      "baseline_auc": 0.5563558986037586,
      "baseline_log_loss": 1.0777599903886679,
      "baseline_brier": 0.22006865022539948,
      "baseline_directional_accuracy": 0.3926829268292683,
      "best_params": {
        "objective": "multiclass",
        "num_class": 3,
        "metric": "multi_logloss",
        "num_leaves": 15,
        "learning_rate": 0.06220785691975157,
        "min_child_samples": 15,
        "feature_fraction": 0.9,
        "bagging_fraction": 0.9,
        "bagging_freq": 5,
        "verbose": -1,
        "deterministic": true,
        "seed": 42
      }
    },
    {
      "fold": 2,
      "n_train": 1230,
      "n_test": 410,
      "auc": 0.4579024872065134,
      "log_loss": 2.7576546303663556,
      "brier": 0.2799457819396233,
      "directional_accuracy": 0.4951219512195122,
      "baseline_auc": 0.540752091740434,
      "baseline_log_loss": 1.036340493653297,
      "baseline_brier": 0.2081472542288824,
      "baseline_directional_accuracy": 0.5,
      "best_params": {
        "objective": "multiclass",
        "num_class": 3,
        "metric": "multi_logloss",
        "num_leaves": 63,
        "learning_rate": 0.19976799503771028,
        "min_child_samples": 17,
        "feature_fraction": 0.9,
        "bagging_fraction": 0.9,
        "bagging_freq": 5,
        "verbose": -1,
        "deterministic": true,
        "seed": 42
      }
    },
    {
      "fold": 3,
      "n_train": 1640,
      "n_test": 410,
      "auc": 0.532154826390405,
      "log_loss": 3.088745319735212,
      "brier": 0.2767053199272086,
      "directional_accuracy": 0.5170731707317073,
      "baseline_auc": 0.5204655950614948,
      "baseline_log_loss": 0.9549590382551975,
      "baseline_brier": 0.18594518653050332,
      "baseline_directional_accuracy": 0.6,
      "best_params": {
        "objective": "multiclass",
        "num_class": 3,
        "metric": "multi_logloss",
        "num_leaves": 31,
        "learning_rate": 0.14914238484195952,
        "min_child_samples": 7,
        "feature_fraction": 0.9,
        "bagging_fraction": 0.9,
        "bagging_freq": 5,
        "verbose": -1,
        "deterministic": true,
        "seed": 42
      }
    },
    {
      "fold": 4,
      "n_train": 2050,
      "n_test": 410,
      "auc": 0.5284865280022353,
      "log_loss": 1.6908283392102503,
      "brier": 0.24077137805397064,
      "directional_accuracy": 0.5756097560975609,
      "baseline_auc": 0.529436437309999,
      "baseline_log_loss": 0.9426190771983933,
      "baseline_brier": 0.18558040165860926,
      "baseline_directional_accuracy": 0.6048780487804878,
      "best_params": {
        "objective": "multiclass",
        "num_class": 3,
        "metric": "multi_logloss",
        "num_leaves": 15,
        "learning_rate": 0.07239005290226927,
        "min_child_samples": 24,
        "feature_fraction": 0.9,
        "bagging_fraction": 0.9,
        "bagging_freq": 5,
        "verbose": -1,
        "deterministic": true,
        "seed": 42
      }
    }
  ],
  "note": "Per-coin model for pepe/1m.",
  "directional_call_share": 0.002028397565922921,
  "directional_call_share_n": 493,
  "directional_call_share_source": "holdout",
  "model_kind": "lightgbm",
  "prior_probs": [],
  "has_regression_head": true,
  "regression_head_stats": {
    "n_train_rows": 1184,
    "n_holdout_rows": 297,
    "abs_pred_p50_pct": 0.1568385307246739,
    "abs_pred_p95_pct": 0.37987162160805665,
    "abs_pred_max_pct": 0.9913958582336303,
    "mae_pct": 0.12475936505376457,
    "best_iteration": 28
  },
  "gates_alignment": {
    "n": 493,
    "source": "holdout",
    "min_directional_edge": 0.05,
    "min_expected_return_pct": 0.15,
    "aligned_share": 0.31643002028397565,
    "aligned_loud_share": 0.29411764705882354,
    "aligned_quiet_share": 0.02231237322515213,
    "loud_classifier_quiet_regressor_share": 0.018255578093306288,
    "quiet_classifier_loud_regressor_share": 0.665314401622718,
    "dir_edge_p50": 0.003897210344602775,
    "dir_edge_p95": 0.16224582214563377,
    "abs_magnitude_pct_p50": 0.1568385307246739,
    "abs_magnitude_pct_p95": 0.18319762438883103
  },
  "specialist_kind": null,
  "regime_subset": [],
  "feature_schema_hash": "726b9f4d8d8b",
  "training_window": {
    "start": "2026-03-24T13:02:00+00:00",
    "end": "2026-04-22T19:37:00+00:00"
  }
}