{
  "coin_id": "worldcoin-wld",
  "timeframe": "5m",
  "version": "20260422T094754Z",
  "feature_names": [
    "ret1",
    "ret5",
    "ret10",
    "momentum",
    "realizedVol",
    "rsi14",
    "macdLine",
    "macdSignal",
    "macdHist",
    "atr14",
    "atrPct",
    "ema9",
    "ema21",
    "emaSpreadPct",
    "distFromEma9Pct",
    "distFromEma21Pct",
    "bbUpper",
    "bbMiddle",
    "bbLower",
    "bbWidth",
    "bbPctB",
    "bbWidthPct",
    "news_etf_flow",
    "news_regulatory_risk",
    "news_exchange_outage",
    "news_macro_shock",
    "news_whale_move",
    "news_exploit_or_hack",
    "news_stablecoin_event",
    "news_narrative_rotation",
    "news_listing_or_delisting",
    "news_protocol_upgrade",
    "news_high_volume_breakout",
    "news_unusual_volatility",
    "coin_idx"
  ],
  "coin_vocab": [
    "worldcoin-wld"
  ],
  "n_train_rows": 837,
  "n_test_rows": 695,
  "metrics": {
    "auc": 0.51844895362964,
    "log_loss": 2.643989311018917,
    "brier": 0.3030650241804936,
    "directional_accuracy": 0.47482014388489213
  },
  "baseline_metrics": {
    "auc": 0.5315643210538961,
    "log_loss": 0.9332260383940849,
    "brier": 0.1920770469285996,
    "directional_accuracy": 0.48633093525179855
  },
  "threshold_pct": 0.04,
  "horizon_candles": 1,
  "class_return_means_pct": [
    -0.6758404260789539,
    -0.0018357523581506035,
    0.66007582414408
  ],
  "fold_metrics": [
    {
      "fold": 0,
      "n_train": 139,
      "n_test": 139,
      "auc": 0.45907123311899456,
      "log_loss": 3.4021450878157413,
      "brier": 0.3147415435411957,
      "directional_accuracy": 0.5107913669064749,
      "baseline_auc": 0.49797062233130057,
      "baseline_log_loss": 0.8338457421376734,
      "baseline_brier": 0.17863640548817963,
      "baseline_directional_accuracy": 0.4892086330935252,
      "best_params": {
        "objective": "multiclass",
        "num_class": 3,
        "metric": "multi_logloss",
        "num_leaves": 31,
        "learning_rate": 0.1,
        "min_child_samples": 5,
        "feature_fraction": 0.9,
        "bagging_fraction": 0.9,
        "bagging_freq": 5,
        "verbose": -1,
        "deterministic": true,
        "seed": 42
      }
    },
    {
      "fold": 1,
      "n_train": 278,
      "n_test": 139,
      "auc": 0.5180289877086216,
      "log_loss": 2.210368734714835,
      "brier": 0.2554887023775829,
      "directional_accuracy": 0.5467625899280576,
      "baseline_auc": 0.5090161173685201,
      "baseline_log_loss": 0.8882850998941142,
      "baseline_brier": 0.18392611128727684,
      "baseline_directional_accuracy": 0.48201438848920863,
      "best_params": {
        "objective": "multiclass",
        "num_class": 3,
        "metric": "multi_logloss",
        "num_leaves": 31,
        "learning_rate": 0.1,
        "min_child_samples": 5,
        "feature_fraction": 0.9,
        "bagging_fraction": 0.9,
        "bagging_freq": 5,
        "verbose": -1,
        "deterministic": true,
        "seed": 42
      }
    },
    {
      "fold": 2,
      "n_train": 417,
      "n_test": 139,
      "auc": 0.5116375127825995,
      "log_loss": 2.7659041506670663,
      "brier": 0.31977643898159164,
      "directional_accuracy": 0.45323741007194246,
      "baseline_auc": 0.53853696336414,
      "baseline_log_loss": 0.7964116289813209,
      "baseline_brier": 0.17583396521939185,
      "baseline_directional_accuracy": 0.5467625899280576,
      "best_params": {
        "objective": "multiclass",
        "num_class": 3,
        "metric": "multi_logloss",
        "num_leaves": 31,
        "learning_rate": 0.1,
        "min_child_samples": 5,
        "feature_fraction": 0.9,
        "bagging_fraction": 0.9,
        "bagging_freq": 5,
        "verbose": -1,
        "deterministic": true,
        "seed": 42
      }
    },
    {
      "fold": 3,
      "n_train": 556,
      "n_test": 139,
      "auc": 0.6018611329190658,
      "log_loss": 2.1412176209423803,
      "brier": 0.28693116993626017,
      "directional_accuracy": 0.45323741007194246,
      "baseline_auc": 0.6195928511986154,
      "baseline_log_loss": 1.0711509606723904,
      "baseline_brier": 0.20441845518097476,
      "baseline_directional_accuracy": 0.5035971223021583,
      "best_params": {
        "objective": "multiclass",
        "num_class": 3,
        "metric": "multi_logloss",
        "num_leaves": 31,
        "learning_rate": 0.1,
        "min_child_samples": 5,
        "feature_fraction": 0.9,
        "bagging_fraction": 0.9,
        "bagging_freq": 5,
        "verbose": -1,
        "deterministic": true,
        "seed": 42
      }
    },
    {
      "fold": 4,
      "n_train": 695,
      "n_test": 139,
      "auc": 0.5016459016189184,
      "log_loss": 2.7003109609545626,
      "brier": 0.3383872660658374,
      "directional_accuracy": 0.41007194244604317,
      "baseline_auc": 0.4927050510069038,
      "baseline_log_loss": 1.0764367602849254,
      "baseline_brier": 0.2175702974671748,
      "baseline_directional_accuracy": 0.41007194244604317,
      "best_params": {
        "objective": "multiclass",
        "num_class": 3,
        "metric": "multi_logloss",
        "num_leaves": 31,
        "learning_rate": 0.1,
        "min_child_samples": 5,
        "feature_fraction": 0.9,
        "bagging_fraction": 0.9,
        "bagging_freq": 5,
        "verbose": -1,
        "deterministic": true,
        "seed": 42
      }
    }
  ],
  "note": "Per-coin model for worldcoin-wld/5m.",
  "directional_call_share": 1.0,
  "directional_call_share_n": 168,
  "directional_call_share_source": "holdout",
  "model_kind": "lightgbm",
  "prior_probs": [],
  "has_regression_head": true,
  "regression_head_stats": {
    "n_train_rows": 615,
    "n_holdout_rows": 154,
    "abs_pred_p50_pct": 0.7200974487012558,
    "abs_pred_p95_pct": 0.7876995009285406,
    "abs_pred_max_pct": 0.9018472260158682,
    "mae_pct": 0.5363825315443265,
    "best_iteration": 6
  },
  "gates_alignment": {
    "n": 168,
    "source": "holdout",
    "min_directional_edge": 0.05,
    "min_expected_return_pct": 0.15,
    "aligned_share": 0.7321428571428571,
    "aligned_loud_share": 0.7321428571428571,
    "aligned_quiet_share": 0.0,
    "loud_classifier_quiet_regressor_share": 0.0,
    "quiet_classifier_loud_regressor_share": 0.26785714285714285,
    "dir_edge_p50": 0.08287648054145513,
    "dir_edge_p95": 0.15338713978411164,
    "abs_magnitude_pct_p50": 0.7200974487012558,
    "abs_magnitude_pct_p95": 0.7876995009285406
  }
}