{
  "coin_id": "jupiter-exchange-solana",
  "timeframe": "5m",
  "version": "20260422T144119Z",
  "feature_names": [
    "ret1",
    "ret5",
    "ret10",
    "momentum",
    "realizedVol",
    "rsi14",
    "macdLine",
    "macdSignal",
    "macdHist",
    "atr14",
    "atrPct",
    "ema9",
    "ema21",
    "emaSpreadPct",
    "distFromEma9Pct",
    "distFromEma21Pct",
    "bbUpper",
    "bbMiddle",
    "bbLower",
    "bbWidth",
    "bbPctB",
    "bbWidthPct",
    "news_etf_flow",
    "news_regulatory_risk",
    "news_exchange_outage",
    "news_macro_shock",
    "news_whale_move",
    "news_exploit_or_hack",
    "news_stablecoin_event",
    "news_narrative_rotation",
    "news_listing_or_delisting",
    "news_protocol_upgrade",
    "news_high_volume_breakout",
    "news_unusual_volatility",
    "coin_idx"
  ],
  "coin_vocab": [
    "jupiter-exchange-solana"
  ],
  "n_train_rows": 874,
  "n_test_rows": 725,
  "metrics": {
    "auc": 0.4845594405704544,
    "log_loss": 2.9589600137985226,
    "brier": 0.33352092108894016,
    "directional_accuracy": 0.42620689655172417
  },
  "baseline_metrics": {
    "auc": 0.524265529243647,
    "log_loss": 1.0108970449777357,
    "brier": 0.20475808864038614,
    "directional_accuracy": 0.44827586206896547
  },
  "threshold_pct": 0.04,
  "horizon_candles": 1,
  "class_return_means_pct": [
    -0.4931494368039735,
    -0.001335950064883095,
    0.5247205678919654
  ],
  "fold_metrics": [
    {
      "fold": 0,
      "n_train": 145,
      "n_test": 145,
      "auc": 0.5384827055338732,
      "log_loss": 2.612379746658517,
      "brier": 0.31526079852797145,
      "directional_accuracy": 0.4482758620689655,
      "baseline_auc": 0.4421311012628539,
      "baseline_log_loss": 0.951477411117429,
      "baseline_brier": 0.20139775142362917,
      "baseline_directional_accuracy": 0.46206896551724136,
      "best_params": {
        "objective": "multiclass",
        "num_class": 3,
        "metric": "multi_logloss",
        "num_leaves": 31,
        "learning_rate": 0.1,
        "min_child_samples": 5,
        "feature_fraction": 0.9,
        "bagging_fraction": 0.9,
        "bagging_freq": 5,
        "verbose": -1,
        "deterministic": true,
        "seed": 42
      }
    },
    {
      "fold": 1,
      "n_train": 290,
      "n_test": 145,
      "auc": 0.4860182098340247,
      "log_loss": 2.420266996732921,
      "brier": 0.279916053292832,
      "directional_accuracy": 0.5241379310344828,
      "baseline_auc": 0.4978975881791697,
      "baseline_log_loss": 0.9132911197858488,
      "baseline_brier": 0.18690642731995358,
      "baseline_directional_accuracy": 0.496551724137931,
      "best_params": {
        "objective": "multiclass",
        "num_class": 3,
        "metric": "multi_logloss",
        "num_leaves": 31,
        "learning_rate": 0.1,
        "min_child_samples": 5,
        "feature_fraction": 0.9,
        "bagging_fraction": 0.9,
        "bagging_freq": 5,
        "verbose": -1,
        "deterministic": true,
        "seed": 42
      }
    },
    {
      "fold": 2,
      "n_train": 435,
      "n_test": 145,
      "auc": 0.49042990098097117,
      "log_loss": 3.3201458261549717,
      "brier": 0.33697176317484684,
      "directional_accuracy": 0.46206896551724136,
      "baseline_auc": 0.5441738110799045,
      "baseline_log_loss": 0.8343535043997641,
      "baseline_brier": 0.17857834054501442,
      "baseline_directional_accuracy": 0.5241379310344828,
      "best_params": {
        "objective": "multiclass",
        "num_class": 3,
        "metric": "multi_logloss",
        "num_leaves": 31,
        "learning_rate": 0.1,
        "min_child_samples": 5,
        "feature_fraction": 0.9,
        "bagging_fraction": 0.9,
        "bagging_freq": 5,
        "verbose": -1,
        "deterministic": true,
        "seed": 42
      }
    },
    {
      "fold": 3,
      "n_train": 580,
      "n_test": 145,
      "auc": 0.42233103296804925,
      "log_loss": 3.1319466395864874,
      "brier": 0.3536799685102013,
      "directional_accuracy": 0.3793103448275862,
      "baseline_auc": 0.6227817113528724,
      "baseline_log_loss": 1.100334846703631,
      "baseline_brier": 0.21459786528530697,
      "baseline_directional_accuracy": 0.43448275862068964,
      "best_params": {
        "objective": "multiclass",
        "num_class": 3,
        "metric": "multi_logloss",
        "num_leaves": 31,
        "learning_rate": 0.1,
        "min_child_samples": 5,
        "feature_fraction": 0.9,
        "bagging_fraction": 0.9,
        "bagging_freq": 5,
        "verbose": -1,
        "deterministic": true,
        "seed": 42
      }
    },
    {
      "fold": 4,
      "n_train": 725,
      "n_test": 145,
      "auc": 0.4855353535353535,
      "log_loss": 3.3100608598597163,
      "brier": 0.38177602193884935,
      "directional_accuracy": 0.31724137931034485,
      "baseline_auc": 0.5143434343434343,
      "baseline_log_loss": 1.2550283428820053,
      "baseline_brier": 0.24231005862802657,
      "baseline_directional_accuracy": 0.32413793103448274,
      "best_params": {
        "objective": "multiclass",
        "num_class": 3,
        "metric": "multi_logloss",
        "num_leaves": 31,
        "learning_rate": 0.1,
        "min_child_samples": 5,
        "feature_fraction": 0.9,
        "bagging_fraction": 0.9,
        "bagging_freq": 5,
        "verbose": -1,
        "deterministic": true,
        "seed": 42
      }
    }
  ],
  "note": "Per-coin model for jupiter-exchange-solana/5m.",
  "directional_call_share": 0.22857142857142856,
  "directional_call_share_n": 175,
  "directional_call_share_source": "holdout",
  "model_kind": "lightgbm",
  "prior_probs": [],
  "has_regression_head": true,
  "regression_head_stats": {
    "n_train_rows": 616,
    "n_holdout_rows": 155,
    "abs_pred_p50_pct": 0.5072134550909696,
    "abs_pred_p95_pct": 0.6743765368789861,
    "abs_pred_max_pct": 0.7659520244484092,
    "mae_pct": 0.3858215629201685,
    "best_iteration": 6
  },
  "gates_alignment": {
    "n": 175,
    "source": "holdout",
    "min_directional_edge": 0.05,
    "min_expected_return_pct": 0.15,
    "aligned_share": 0.17142857142857143,
    "aligned_loud_share": 0.17142857142857143,
    "aligned_quiet_share": 0.0,
    "loud_classifier_quiet_regressor_share": 0.0,
    "quiet_classifier_loud_regressor_share": 0.8285714285714286,
    "dir_edge_p50": 0.01966760658267186,
    "dir_edge_p95": 0.4046008119079838,
    "abs_magnitude_pct_p50": 0.49068426306233154,
    "abs_magnitude_pct_p95": 0.625121078005657
  }
}