{
  "coin_id": "floki-inu",
  "timeframe": "5m",
  "version": "20260422T104916Z",
  "feature_names": [
    "ret1",
    "ret5",
    "ret10",
    "momentum",
    "realizedVol",
    "rsi14",
    "macdLine",
    "macdSignal",
    "macdHist",
    "atr14",
    "atrPct",
    "ema9",
    "ema21",
    "emaSpreadPct",
    "distFromEma9Pct",
    "distFromEma21Pct",
    "bbUpper",
    "bbMiddle",
    "bbLower",
    "bbWidth",
    "bbPctB",
    "bbWidthPct",
    "news_etf_flow",
    "news_regulatory_risk",
    "news_exchange_outage",
    "news_macro_shock",
    "news_whale_move",
    "news_exploit_or_hack",
    "news_stablecoin_event",
    "news_narrative_rotation",
    "news_listing_or_delisting",
    "news_protocol_upgrade",
    "news_high_volume_breakout",
    "news_unusual_volatility",
    "coin_idx"
  ],
  "coin_vocab": [
    "floki-inu"
  ],
  "n_train_rows": 849,
  "n_test_rows": 705,
  "metrics": {
    "auc": 0.524401888765338,
    "log_loss": 2.686442348299528,
    "brier": 0.30104109440524945,
    "directional_accuracy": 0.4865248226950355
  },
  "baseline_metrics": {
    "auc": 0.5176236080362322,
    "log_loss": 0.9639910558601349,
    "brier": 0.19829873004303764,
    "directional_accuracy": 0.4780141843971631
  },
  "threshold_pct": 0.04,
  "horizon_candles": 1,
  "class_return_means_pct": [
    -0.47582209971617373,
    0.004834607867741779,
    0.5469287966982135
  ],
  "fold_metrics": [
    {
      "fold": 0,
      "n_train": 141,
      "n_test": 141,
      "auc": 0.5441251270517357,
      "log_loss": 2.4699982133881817,
      "brier": 0.2814558740699275,
      "directional_accuracy": 0.524822695035461,
      "baseline_auc": 0.5266263380766972,
      "baseline_log_loss": 0.9469004556717799,
      "baseline_brier": 0.1938293787344784,
      "baseline_directional_accuracy": 0.49645390070921985,
      "best_params": {
        "objective": "multiclass",
        "num_class": 3,
        "metric": "multi_logloss",
        "num_leaves": 31,
        "learning_rate": 0.1,
        "min_child_samples": 5,
        "feature_fraction": 0.9,
        "bagging_fraction": 0.9,
        "bagging_freq": 5,
        "verbose": -1,
        "deterministic": true,
        "seed": 42
      }
    },
    {
      "fold": 1,
      "n_train": 282,
      "n_test": 141,
      "auc": 0.5475663133364753,
      "log_loss": 2.1710811191797537,
      "brier": 0.29399103880547744,
      "directional_accuracy": 0.475177304964539,
      "baseline_auc": 0.570659461768413,
      "baseline_log_loss": 0.9091305224142903,
      "baseline_brier": 0.18786238367938915,
      "baseline_directional_accuracy": 0.524822695035461,
      "best_params": {
        "objective": "multiclass",
        "num_class": 3,
        "metric": "multi_logloss",
        "num_leaves": 31,
        "learning_rate": 0.1,
        "min_child_samples": 5,
        "feature_fraction": 0.9,
        "bagging_fraction": 0.9,
        "bagging_freq": 5,
        "verbose": -1,
        "deterministic": true,
        "seed": 42
      }
    },
    {
      "fold": 2,
      "n_train": 423,
      "n_test": 141,
      "auc": 0.5852667101590093,
      "log_loss": 1.8879364405473626,
      "brier": 0.2409190987469664,
      "directional_accuracy": 0.5815602836879432,
      "baseline_auc": 0.47600825610567393,
      "baseline_log_loss": 0.8660240865758704,
      "baseline_brier": 0.17972752967827624,
      "baseline_directional_accuracy": 0.5460992907801419,
      "best_params": {
        "objective": "multiclass",
        "num_class": 3,
        "metric": "multi_logloss",
        "num_leaves": 31,
        "learning_rate": 0.1,
        "min_child_samples": 5,
        "feature_fraction": 0.9,
        "bagging_fraction": 0.9,
        "bagging_freq": 5,
        "verbose": -1,
        "deterministic": true,
        "seed": 42
      }
    },
    {
      "fold": 3,
      "n_train": 564,
      "n_test": 141,
      "auc": 0.4418052552564355,
      "log_loss": 3.109601845309148,
      "brier": 0.31610481837141585,
      "directional_accuracy": 0.475177304964539,
      "baseline_auc": 0.5541116388076467,
      "baseline_log_loss": 0.9354893322927195,
      "baseline_brier": 0.19733667512662226,
      "baseline_directional_accuracy": 0.46808510638297873,
      "best_params": {
        "objective": "multiclass",
        "num_class": 3,
        "metric": "multi_logloss",
        "num_leaves": 31,
        "learning_rate": 0.1,
        "min_child_samples": 5,
        "feature_fraction": 0.9,
        "bagging_fraction": 0.9,
        "bagging_freq": 5,
        "verbose": -1,
        "deterministic": true,
        "seed": 42
      }
    },
    {
      "fold": 4,
      "n_train": 705,
      "n_test": 141,
      "auc": 0.503246038023034,
      "log_loss": 3.793594123073192,
      "brier": 0.37273464203246026,
      "directional_accuracy": 0.375886524822695,
      "baseline_auc": 0.4607123454227304,
      "baseline_log_loss": 1.162410882346014,
      "baseline_brier": 0.2327376829964222,
      "baseline_directional_accuracy": 0.3546099290780142,
      "best_params": {
        "objective": "multiclass",
        "num_class": 3,
        "metric": "multi_logloss",
        "num_leaves": 31,
        "learning_rate": 0.1,
        "min_child_samples": 5,
        "feature_fraction": 0.9,
        "bagging_fraction": 0.9,
        "bagging_freq": 5,
        "verbose": -1,
        "deterministic": true,
        "seed": 42
      }
    }
  ],
  "note": "Per-coin model for floki-inu/5m.",
  "directional_call_share": 0.9882352941176471,
  "directional_call_share_n": 170,
  "directional_call_share_source": "holdout",
  "model_kind": "lightgbm",
  "prior_probs": [],
  "has_regression_head": true,
  "regression_head_stats": {
    "n_train_rows": 613,
    "n_holdout_rows": 154,
    "abs_pred_p50_pct": 0.6082610419110202,
    "abs_pred_p95_pct": 0.6082610419110202,
    "abs_pred_max_pct": 0.6647116495634857,
    "mae_pct": 0.457069884284767,
    "best_iteration": 1
  },
  "gates_alignment": {
    "n": 170,
    "source": "holdout",
    "min_directional_edge": 0.05,
    "min_expected_return_pct": 0.15,
    "aligned_share": 0.36470588235294116,
    "aligned_loud_share": 0.36470588235294116,
    "aligned_quiet_share": 0.0,
    "loud_classifier_quiet_regressor_share": 0.0,
    "quiet_classifier_loud_regressor_share": 0.6352941176470588,
    "dir_edge_p50": 0.04699970440437484,
    "dir_edge_p95": 0.25531311986398425,
    "abs_magnitude_pct_p50": 0.6082610419110202,
    "abs_magnitude_pct_p95": 0.6082610419110202
  }
}