{
  "coin_id": "worldcoin-wld",
  "timeframe": "1m",
  "version": "20260422T100523Z",
  "feature_names": [
    "ret1",
    "ret5",
    "ret10",
    "momentum",
    "realizedVol",
    "rsi14",
    "macdLine",
    "macdSignal",
    "macdHist",
    "atr14",
    "atrPct",
    "ema9",
    "ema21",
    "emaSpreadPct",
    "distFromEma9Pct",
    "distFromEma21Pct",
    "bbUpper",
    "bbMiddle",
    "bbLower",
    "bbWidth",
    "bbPctB",
    "bbWidthPct",
    "news_etf_flow",
    "news_regulatory_risk",
    "news_exchange_outage",
    "news_macro_shock",
    "news_whale_move",
    "news_exploit_or_hack",
    "news_stablecoin_event",
    "news_narrative_rotation",
    "news_listing_or_delisting",
    "news_protocol_upgrade",
    "news_high_volume_breakout",
    "news_unusual_volatility",
    "coin_idx"
  ],
  "coin_vocab": [
    "worldcoin-wld"
  ],
  "n_train_rows": 1475,
  "n_test_rows": 1230,
  "metrics": {
    "auc": 0.5539662057217123,
    "log_loss": 2.3184877296075737,
    "brier": 0.28339960375519163,
    "directional_accuracy": 0.4902439024390244
  },
  "baseline_metrics": {
    "auc": 0.4877558637229213,
    "log_loss": 1.0916202779541426,
    "brier": 0.18519920880551027,
    "directional_accuracy": 0.573170731707317
  },
  "threshold_pct": 0.03,
  "horizon_candles": 1,
  "class_return_means_pct": [
    -0.587129976411808,
    -0.0005047739397640348,
    0.5570868226645787
  ],
  "fold_metrics": [
    {
      "fold": 0,
      "n_train": 245,
      "n_test": 246,
      "auc": 0.47276550182258426,
      "log_loss": 2.5139581557664212,
      "brier": 0.29557002158705636,
      "directional_accuracy": 0.5040650406504065,
      "baseline_auc": 0.5260793805677527,
      "baseline_log_loss": 0.7701919371770579,
      "baseline_brier": 0.1704667952686525,
      "baseline_directional_accuracy": 0.524390243902439,
      "best_params": {
        "objective": "multiclass",
        "num_class": 3,
        "metric": "multi_logloss",
        "num_leaves": 31,
        "learning_rate": 0.1,
        "min_child_samples": 5,
        "feature_fraction": 0.9,
        "bagging_fraction": 0.9,
        "bagging_freq": 5,
        "verbose": -1,
        "deterministic": true,
        "seed": 42
      }
    },
    {
      "fold": 1,
      "n_train": 491,
      "n_test": 246,
      "auc": 0.5012811994885044,
      "log_loss": 3.6065630377909974,
      "brier": 0.34475145922644357,
      "directional_accuracy": 0.3699186991869919,
      "baseline_auc": 0.35895461034684767,
      "baseline_log_loss": 2.065251984968794,
      "baseline_brier": 0.2502938485409835,
      "baseline_directional_accuracy": 0.3821138211382114,
      "best_params": {
        "objective": "multiclass",
        "num_class": 3,
        "metric": "multi_logloss",
        "num_leaves": 31,
        "learning_rate": 0.1,
        "min_child_samples": 5,
        "feature_fraction": 0.9,
        "bagging_fraction": 0.9,
        "bagging_freq": 5,
        "verbose": -1,
        "deterministic": true,
        "seed": 42
      }
    },
    {
      "fold": 2,
      "n_train": 737,
      "n_test": 246,
      "auc": 0.6113408619744082,
      "log_loss": 1.9559121572126559,
      "brier": 0.32020328909631707,
      "directional_accuracy": 0.3902439024390244,
      "baseline_auc": 0.48693540440654165,
      "baseline_log_loss": 0.9107931125128991,
      "baseline_brier": 0.17752695475404634,
      "baseline_directional_accuracy": 0.6260162601626016,
      "best_params": {
        "objective": "multiclass",
        "num_class": 3,
        "metric": "multi_logloss",
        "num_leaves": 31,
        "learning_rate": 0.1,
        "min_child_samples": 5,
        "feature_fraction": 0.9,
        "bagging_fraction": 0.9,
        "bagging_freq": 5,
        "verbose": -1,
        "deterministic": true,
        "seed": 42
      }
    },
    {
      "fold": 3,
      "n_train": 983,
      "n_test": 246,
      "auc": 0.5615488415070263,
      "log_loss": 1.6830819128844443,
      "brier": 0.23382320439159446,
      "directional_accuracy": 0.573170731707317,
      "baseline_auc": 0.5228258747780732,
      "baseline_log_loss": 0.8123974485254679,
      "baseline_brier": 0.15313793324081224,
      "baseline_directional_accuracy": 0.7073170731707317,
      "best_params": {
        "objective": "multiclass",
        "num_class": 3,
        "metric": "multi_logloss",
        "num_leaves": 31,
        "learning_rate": 0.1,
        "min_child_samples": 5,
        "feature_fraction": 0.9,
        "bagging_fraction": 0.9,
        "bagging_freq": 5,
        "verbose": -1,
        "deterministic": true,
        "seed": 42
      }
    },
    {
      "fold": 4,
      "n_train": 1229,
      "n_test": 246,
      "auc": 0.6228946238160381,
      "log_loss": 1.83292338438335,
      "brier": 0.2226500444745468,
      "directional_accuracy": 0.6138211382113821,
      "baseline_auc": 0.5439840485153914,
      "baseline_log_loss": 0.8994669065864953,
      "baseline_brier": 0.17457051222305672,
      "baseline_directional_accuracy": 0.6260162601626016,
      "best_params": {
        "objective": "multiclass",
        "num_class": 3,
        "metric": "multi_logloss",
        "num_leaves": 31,
        "learning_rate": 0.1,
        "min_child_samples": 5,
        "feature_fraction": 0.9,
        "bagging_fraction": 0.9,
        "bagging_freq": 5,
        "verbose": -1,
        "deterministic": true,
        "seed": 42
      }
    }
  ],
  "note": "Per-coin model for worldcoin-wld/1m.",
  "directional_call_share": 0.02711864406779661,
  "directional_call_share_n": 295,
  "directional_call_share_source": "holdout",
  "model_kind": "lightgbm",
  "prior_probs": [],
  "has_regression_head": true,
  "regression_head_stats": {
    "n_train_rows": 721,
    "n_holdout_rows": 181,
    "abs_pred_p50_pct": 0.12280172806301089,
    "abs_pred_p95_pct": 0.2796892751831004,
    "abs_pred_max_pct": 0.5146682475503602,
    "mae_pct": 0.10264759279728237,
    "best_iteration": 58
  },
  "gates_alignment": {
    "n": 295,
    "source": "holdout",
    "min_directional_edge": 0.05,
    "min_expected_return_pct": 0.15,
    "aligned_share": 0.47796610169491527,
    "aligned_loud_share": 0.3254237288135593,
    "aligned_quiet_share": 0.15254237288135594,
    "loud_classifier_quiet_regressor_share": 0.39661016949152544,
    "quiet_classifier_loud_regressor_share": 0.12542372881355932,
    "dir_edge_p50": 0.07278513152103998,
    "dir_edge_p95": 0.1854061496099128,
    "abs_magnitude_pct_p50": 0.1347143738168112,
    "abs_magnitude_pct_p95": 0.36640167750929137
  }
}