{
  "coin_id": "__pooled__",
  "timeframe": "1d",
  "version": "20260425T104222Z",
  "feature_names": [
    "ret1",
    "ret5",
    "ret10",
    "momentum",
    "realizedVol",
    "rsi14",
    "macdLine",
    "macdSignal",
    "macdHist",
    "atr14",
    "atrPct",
    "ema9",
    "ema21",
    "emaSpreadPct",
    "distFromEma9Pct",
    "distFromEma21Pct",
    "bbUpper",
    "bbMiddle",
    "bbLower",
    "bbWidth",
    "bbPctB",
    "bbWidthPct",
    "funding_rate",
    "open_interest_z",
    "liquidations_1h_usd",
    "bid_ask_spread_bps",
    "btc_lead_ret_5m",
    "eth_lead_ret_5m",
    "btc_liquidations_1h_usd",
    "eth_liquidations_1h_usd",
    "sol_liquidations_1h_usd",
    "session_asia",
    "session_eu",
    "session_us",
    "hour_of_day_sin",
    "hour_of_day_cos",
    "coin_idx"
  ],
  "coin_vocab": [
    "bonk",
    "floki-inu",
    "pepe"
  ],
  "n_train_rows": 2925,
  "n_test_rows": 2435,
  "metrics": {
    "auc": 0.5023706084933649,
    "log_loss": 2.4766015916176425,
    "brier": 0.3229774140428738,
    "directional_accuracy": 0.3798767967145791
  },
  "baseline_metrics": {
    "auc": 0.5249646641278539,
    "log_loss": 1.0900549390323158,
    "brier": 0.21928111968720326,
    "directional_accuracy": 0.40780287474332655
  },
  "threshold_pct": 1.4249999999999998,
  "horizon_candles": 1,
  "class_return_means_pct": [
    -5.100176216903366,
    0.006598293488207742,
    6.422853403493496
  ],
  "fold_metrics": [
    {
      "fold": 0,
      "n_train": 487,
      "n_test": 487,
      "auc": 0.520088353094651,
      "log_loss": 4.084026708178906,
      "brier": 0.3667753060650442,
      "directional_accuracy": 0.3942505133470226,
      "baseline_auc": 0.5325621081981279,
      "baseline_log_loss": 1.1557288106657233,
      "baseline_brier": 0.22927636387799585,
      "baseline_directional_accuracy": 0.39014373716632444,
      "best_params": {
        "objective": "multiclass",
        "num_class": 3,
        "metric": "multi_logloss",
        "num_leaves": 63,
        "learning_rate": 0.12743244630059733,
        "min_child_samples": 20,
        "feature_fraction": 0.9,
        "bagging_fraction": 0.9,
        "bagging_freq": 5,
        "verbose": -1,
        "deterministic": true,
        "seed": 42
      },
      "feature_importance": [
        396.5514192153955,
        322.9201443335489,
        323.9967958656364,
        332.5110087400455,
        174.42325385751428,
        204.50112595009887,
        164.70878111208685,
        137.93983303682035,
        229.971322717136,
        195.83578138805717,
        234.79496220163162,
        117.88550527845564,
        113.74488917858343,
        205.0781520576952,
        262.19394082776626,
        234.4841611984766,
        124.83797149550696,
        79.86830194769482,
        162.6965592965238,
        162.94902199410353,
        290.98278932983885,
        246.48778022389365,
        0.0,
        0.0,
        0.0,
        0.0,
        0.0,
        0.0,
        0.0,
        0.0,
        0.0,
        0.0,
        0.0,
        0.0,
        0.0,
        0.0,
        0.0
      ],
      "feature_names": [
        "ret1",
        "ret5",
        "ret10",
        "momentum",
        "realizedVol",
        "rsi14",
        "macdLine",
        "macdSignal",
        "macdHist",
        "atr14",
        "atrPct",
        "ema9",
        "ema21",
        "emaSpreadPct",
        "distFromEma9Pct",
        "distFromEma21Pct",
        "bbUpper",
        "bbMiddle",
        "bbLower",
        "bbWidth",
        "bbPctB",
        "bbWidthPct",
        "funding_rate",
        "open_interest_z",
        "liquidations_1h_usd",
        "bid_ask_spread_bps",
        "btc_lead_ret_5m",
        "eth_lead_ret_5m",
        "btc_liquidations_1h_usd",
        "eth_liquidations_1h_usd",
        "sol_liquidations_1h_usd",
        "session_asia",
        "session_eu",
        "session_us",
        "hour_of_day_sin",
        "hour_of_day_cos",
        "coin_idx"
      ]
    },
    {
      "fold": 1,
      "n_train": 974,
      "n_test": 487,
      "auc": 0.4796436906849832,
      "log_loss": 2.2623137285918866,
      "brier": 0.32466873735825247,
      "directional_accuracy": 0.38193018480492813,
      "baseline_auc": 0.5030295686000509,
      "baseline_log_loss": 1.0661095222474317,
      "baseline_brier": 0.21569821194768843,
      "baseline_directional_accuracy": 0.4106776180698152,
      "best_params": {
        "objective": "multiclass",
        "num_class": 3,
        "metric": "multi_logloss",
        "num_leaves": 15,
        "learning_rate": 0.06412448828837529,
        "min_child_samples": 20,
        "feature_fraction": 0.9,
        "bagging_fraction": 0.9,
        "bagging_freq": 5,
        "verbose": -1,
        "deterministic": true,
        "seed": 42
      },
      "feature_importance": [
        1745.2984774974175,
        997.4112547794357,
        1098.2060065604746,
        1327.1525320671499,
        774.270917924121,
        858.1691036848351,
        554.4694697447121,
        804.7426753155887,
        1039.0930616180412,
        626.9818769320846,
        1121.9449037997983,
        307.9911921005696,
        346.34367353562266,
        716.5563684562221,
        1162.695810727775,
        797.3627676041797,
        333.9548233291134,
        307.1789397550747,
        456.42540691653267,
        718.3822195660323,
        1151.1115295775235,
        874.4766131932847,
        0.0,
        0.0,
        0.0,
        0.0,
        0.0,
        0.0,
        0.0,
        0.0,
        0.0,
        0.0,
        0.0,
        0.0,
        0.0,
        0.0,
        85.89671786408871
      ],
      "feature_names": [
        "ret1",
        "ret5",
        "ret10",
        "momentum",
        "realizedVol",
        "rsi14",
        "macdLine",
        "macdSignal",
        "macdHist",
        "atr14",
        "atrPct",
        "ema9",
        "ema21",
        "emaSpreadPct",
        "distFromEma9Pct",
        "distFromEma21Pct",
        "bbUpper",
        "bbMiddle",
        "bbLower",
        "bbWidth",
        "bbPctB",
        "bbWidthPct",
        "funding_rate",
        "open_interest_z",
        "liquidations_1h_usd",
        "bid_ask_spread_bps",
        "btc_lead_ret_5m",
        "eth_lead_ret_5m",
        "btc_liquidations_1h_usd",
        "eth_liquidations_1h_usd",
        "sol_liquidations_1h_usd",
        "session_asia",
        "session_eu",
        "session_us",
        "hour_of_day_sin",
        "hour_of_day_cos",
        "coin_idx"
      ]
    },
    {
      "fold": 2,
      "n_train": 1461,
      "n_test": 487,
      "auc": 0.5126595133002315,
      "log_loss": 1.9316837917564675,
      "brier": 0.30451189778633264,
      "directional_accuracy": 0.3921971252566735,
      "baseline_auc": 0.5275586270648405,
      "baseline_log_loss": 1.0654819897116876,
      "baseline_brier": 0.21522602249833533,
      "baseline_directional_accuracy": 0.39630390143737165,
      "best_params": {
        "objective": "multiclass",
        "num_class": 3,
        "metric": "multi_logloss",
        "num_leaves": 31,
        "learning_rate": 0.0341851153806954,
        "min_child_samples": 22,
        "feature_fraction": 0.9,
        "bagging_fraction": 0.9,
        "bagging_freq": 5,
        "verbose": -1,
        "deterministic": true,
        "seed": 42
      },