{
  "coin_id": "jupiter-exchange-solana",
  "timeframe": "1m",
  "version": "20260422T093721Z",
  "feature_names": [
    "ret1",
    "ret5",
    "ret10",
    "momentum",
    "realizedVol",
    "rsi14",
    "macdLine",
    "macdSignal",
    "macdHist",
    "atr14",
    "atrPct",
    "ema9",
    "ema21",
    "emaSpreadPct",
    "distFromEma9Pct",
    "distFromEma21Pct",
    "bbUpper",
    "bbMiddle",
    "bbLower",
    "bbWidth",
    "bbPctB",
    "bbWidthPct",
    "news_etf_flow",
    "news_regulatory_risk",
    "news_exchange_outage",
    "news_macro_shock",
    "news_whale_move",
    "news_exploit_or_hack",
    "news_stablecoin_event",
    "news_narrative_rotation",
    "news_listing_or_delisting",
    "news_protocol_upgrade",
    "news_high_volume_breakout",
    "news_unusual_volatility",
    "coin_idx"
  ],
  "coin_vocab": [
    "jupiter-exchange-solana"
  ],
  "n_train_rows": 1452,
  "n_test_rows": 1210,
  "metrics": {
    "auc": 0.5250310850805289,
    "log_loss": 2.686581725977322,
    "brier": 0.30691085697667775,
    "directional_accuracy": 0.44545454545454544
  },
  "baseline_metrics": {
    "auc": 0.5771953162210487,
    "log_loss": 1.0115921627918816,
    "brier": 0.1934661591568092,
    "directional_accuracy": 0.5322314049586777
  },
  "threshold_pct": 0.03,
  "horizon_candles": 1,
  "class_return_means_pct": [
    -0.46074494379998565,
    -0.00012289611984342517,
    0.4841812487356348
  ],
  "fold_metrics": [
    {
      "fold": 0,
      "n_train": 242,
      "n_test": 242,
      "auc": 0.513301788633601,
      "log_loss": 2.103243377440266,
      "brier": 0.277840514987391,
      "directional_accuracy": 0.49586776859504134,
      "baseline_auc": 0.5167075145986426,
      "baseline_log_loss": 0.854481684967296,
      "baseline_brier": 0.1805478830702937,
      "baseline_directional_accuracy": 0.5165289256198347,
      "best_params": {
        "objective": "multiclass",
        "num_class": 3,
        "metric": "multi_logloss",
        "num_leaves": 31,
        "learning_rate": 0.1,
        "min_child_samples": 5,
        "feature_fraction": 0.9,
        "bagging_fraction": 0.9,
        "bagging_freq": 5,
        "verbose": -1,
        "deterministic": true,
        "seed": 42
      }
    },
    {
      "fold": 1,
      "n_train": 484,
      "n_test": 242,
      "auc": 0.49694601743651373,
      "log_loss": 4.73468149000441,
      "brier": 0.38628132285340877,
      "directional_accuracy": 0.38016528925619836,
      "baseline_auc": 0.6195879110618845,
      "baseline_log_loss": 1.234985458589103,
      "baseline_brier": 0.23459822712403489,
      "baseline_directional_accuracy": 0.359504132231405,
      "best_params": {
        "objective": "multiclass",
        "num_class": 3,
        "metric": "multi_logloss",
        "num_leaves": 31,
        "learning_rate": 0.1,
        "min_child_samples": 5,
        "feature_fraction": 0.9,
        "bagging_fraction": 0.9,
        "bagging_freq": 5,
        "verbose": -1,
        "deterministic": true,
        "seed": 42
      }
    },
    {
      "fold": 2,
      "n_train": 726,
      "n_test": 242,
      "auc": 0.5345803665751504,
      "log_loss": 3.5332135506195503,
      "brier": 0.41646326409005585,
      "directional_accuracy": 0.23140495867768596,
      "baseline_auc": 0.5501216977977105,
      "baseline_log_loss": 1.415164621369505,
      "baseline_brier": 0.26752086946829423,
      "baseline_directional_accuracy": 0.3347107438016529,
      "best_params": {
        "objective": "multiclass",
        "num_class": 3,
        "metric": "multi_logloss",
        "num_leaves": 31,
        "learning_rate": 0.1,
        "min_child_samples": 5,
        "feature_fraction": 0.9,
        "bagging_fraction": 0.9,
        "bagging_freq": 5,
        "verbose": -1,
        "deterministic": true,
        "seed": 42
      }
    },
    {
      "fold": 3,
      "n_train": 968,
      "n_test": 242,
      "auc": 0.5445212891063288,
      "log_loss": 1.6872430553018942,
      "brier": 0.22063652372131046,
      "directional_accuracy": 0.5826446280991735,
      "baseline_auc": 0.5883203699565916,
      "baseline_log_loss": 0.7593082163033164,
      "baseline_brier": 0.14217382114153868,
      "baseline_directional_accuracy": 0.731404958677686,
      "best_params": {
        "objective": "multiclass",
        "num_class": 3,
        "metric": "multi_logloss",
        "num_leaves": 31,
        "learning_rate": 0.1,
        "min_child_samples": 5,
        "feature_fraction": 0.9,
        "bagging_fraction": 0.9,
        "bagging_freq": 5,
        "verbose": -1,
        "deterministic": true,
        "seed": 42
      }
    },
    {
      "fold": 4,
      "n_train": 1210,
      "n_test": 242,
      "auc": 0.5358059636510509,
      "log_loss": 1.3745271565204917,
      "brier": 0.2333326592312229,
      "directional_accuracy": 0.5371900826446281,
      "baseline_auc": 0.6112390876904144,
      "baseline_log_loss": 0.7940208327301874,
      "baseline_brier": 0.14248999497988457,
      "baseline_directional_accuracy": 0.71900826446281,
      "best_params": {
        "objective": "multiclass",
        "num_class": 3,
        "metric": "multi_logloss",
        "num_leaves": 31,
        "learning_rate": 0.1,
        "min_child_samples": 5,
        "feature_fraction": 0.9,
        "bagging_fraction": 0.9,
        "bagging_freq": 5,
        "verbose": -1,
        "deterministic": true,
        "seed": 42
      }
    }
  ],
  "note": "Per-coin model for jupiter-exchange-solana/1m.",
  "directional_call_share": 0.010309278350515464,
  "directional_call_share_n": 291,
  "directional_call_share_source": "holdout",
  "model_kind": "lightgbm",
  "prior_probs": [],
  "has_regression_head": true,
  "regression_head_stats": {
    "n_train_rows": 671,
    "n_holdout_rows": 168,
    "abs_pred_p50_pct": 0.15562890415355007,
    "abs_pred_p95_pct": 0.5468761871217781,
    "abs_pred_max_pct": 0.8661910374528707,
    "mae_pct": 0.14409524959970407,
    "best_iteration": 63
  }
}