{
  "coin_id": "worldcoin-wld",
  "timeframe": "6h",
  "version": "20260422T093325Z",
  "feature_names": [
    "ret1",
    "ret5",
    "ret10",
    "momentum",
    "realizedVol",
    "rsi14",
    "macdLine",
    "macdSignal",
    "macdHist",
    "atr14",
    "atrPct",
    "ema9",
    "ema21",
    "emaSpreadPct",
    "distFromEma9Pct",
    "distFromEma21Pct",
    "bbUpper",
    "bbMiddle",
    "bbLower",
    "bbWidth",
    "bbPctB",
    "bbWidthPct",
    "news_etf_flow",
    "news_regulatory_risk",
    "news_exchange_outage",
    "news_macro_shock",
    "news_whale_move",
    "news_exploit_or_hack",
    "news_stablecoin_event",
    "news_narrative_rotation",
    "news_listing_or_delisting",
    "news_protocol_upgrade",
    "news_high_volume_breakout",
    "news_unusual_volatility",
    "coin_idx"
  ],
  "coin_vocab": [
    "worldcoin-wld"
  ],
  "n_train_rows": 86,
  "n_test_rows": 36,
  "metrics": {
    "auc": 0.5593957785134256,
    "log_loss": 2.955182977584819,
    "brier": 0.3706354704492185,
    "directional_accuracy": 0.3333333333333333
  },
  "baseline_metrics": {
    "auc": 0.5706789533995416,
    "log_loss": 3.241732562744152,
    "brier": 0.33667466330926954,
    "directional_accuracy": 0.3611111111111111
  },
  "threshold_pct": 0.45,
  "horizon_candles": 1,
  "class_return_means_pct": [
    -2.267931104965268,
    0.022279501986755816,
    2.0187268331009665
  ],
  "fold_metrics": [
    {
      "fold": 0,
      "n_train": 50,
      "n_test": 18,
      "auc": 0.46687356760886173,
      "log_loss": 3.3889035076313596,
      "brier": 0.3486247126656687,
      "directional_accuracy": 0.3333333333333333,
      "baseline_auc": 0.6377864782276547,
      "baseline_log_loss": 1.2323080634427785,
      "baseline_brier": 0.2322323510200385,
      "baseline_directional_accuracy": 0.3888888888888889,
      "best_params": {
        "objective": "multiclass",
        "num_class": 3,
        "metric": "multi_logloss",
        "num_leaves": 15,
        "learning_rate": 0.09230320822645494,
        "min_child_samples": 6,
        "feature_fraction": 0.9,
        "bagging_fraction": 0.9,
        "bagging_freq": 5,
        "verbose": -1,
        "deterministic": true,
        "seed": 42
      }
    },
    {
      "fold": 1,
      "n_train": 68,
      "n_test": 18,
      "auc": 0.6519179894179894,
      "log_loss": 2.521462447538278,
      "brier": 0.3926462282327683,
      "directional_accuracy": 0.3333333333333333,
      "baseline_auc": 0.5035714285714286,
      "baseline_log_loss": 5.251157062045525,
      "baseline_brier": 0.44111697559850055,
      "baseline_directional_accuracy": 0.3333333333333333,
      "best_params": {
        "objective": "multiclass",
        "num_class": 3,
        "metric": "multi_logloss",
        "num_leaves": 31,
        "learning_rate": 0.04488170057528786,
        "min_child_samples": 9,
        "feature_fraction": 0.9,
        "bagging_fraction": 0.9,
        "bagging_freq": 5,
        "verbose": -1,
        "deterministic": true,
        "seed": 42
      }
    }
  ],
  "note": "Per-coin model for worldcoin-wld/6h.",
  "directional_call_share": 0.9444444444444444,
  "directional_call_share_n": 18,
  "directional_call_share_source": "holdout",
  "model_kind": "lightgbm",
  "prior_probs": [],
  "has_regression_head": true,
  "regression_head_stats": {
    "n_train_rows": 54,
    "n_holdout_rows": 14,
    "abs_pred_p50_pct": 2.2638231502638924,
    "abs_pred_p95_pct": 2.44578881488906,
    "abs_pred_max_pct": 2.44578881488906,
    "mae_pct": 0.9725670840100583,
    "best_iteration": 1
  }
}