{
  "coin_id": "render-token",
  "timeframe": "6h",
  "version": "20260425T102545Z",
  "feature_names": [
    "ret1",
    "ret5",
    "ret10",
    "momentum",
    "realizedVol",
    "rsi14",
    "macdLine",
    "macdSignal",
    "macdHist",
    "atr14",
    "atrPct",
    "ema9",
    "ema21",
    "emaSpreadPct",
    "distFromEma9Pct",
    "distFromEma21Pct",
    "bbUpper",
    "bbMiddle",
    "bbLower",
    "bbWidth",
    "bbPctB",
    "bbWidthPct",
    "funding_rate",
    "open_interest_z",
    "liquidations_1h_usd",
    "bid_ask_spread_bps",
    "btc_lead_ret_5m",
    "eth_lead_ret_5m",
    "btc_liquidations_1h_usd",
    "eth_liquidations_1h_usd",
    "sol_liquidations_1h_usd",
    "session_asia",
    "session_eu",
    "session_us",
    "hour_of_day_sin",
    "hour_of_day_cos",
    "coin_idx"
  ],
  "coin_vocab": [
    "render-token"
  ],
  "n_train_rows": 1413,
  "n_test_rows": 1175,
  "metrics": {
    "auc": 0.5322026563625222,
    "log_loss": 3.235156729233746,
    "brier": 0.3279110864461931,
    "directional_accuracy": 0.4408510638297872
  },
  "baseline_metrics": {
    "auc": 0.5168593490215564,
    "log_loss": 1.0663040887115955,
    "brier": 0.2173365462337907,
    "directional_accuracy": 0.4085106382978723
  },
  "threshold_pct": 0.8075,
  "horizon_candles": 4,
  "class_return_means_pct": [
    -4.285869759387513,
    -0.02703393417901034,
    4.853456116930295
  ],
  "fold_metrics": [
    {
      "fold": 0,
      "n_train": 235,
      "n_test": 235,
      "auc": 0.6119677907286827,
      "log_loss": 2.3180947331814403,
      "brier": 0.2888877927245289,
      "directional_accuracy": 0.49361702127659574,
      "baseline_auc": 0.5012297163523466,
      "baseline_log_loss": 1.0037113441249461,
      "baseline_brier": 0.20863649456213515,
      "baseline_directional_accuracy": 0.42127659574468085,
      "best_params": {
        "objective": "multiclass",
        "num_class": 3,
        "metric": "multi_logloss",
        "num_leaves": 63,
        "learning_rate": 0.07304467036145665,
        "min_child_samples": 7,
        "feature_fraction": 0.9,
        "bagging_fraction": 0.9,
        "bagging_freq": 5,
        "verbose": -1,
        "deterministic": true,
        "seed": 42
      },
      "feature_importance": [
        227.79184602924988,
        204.24399684485797,
        223.0681309365267,
        187.13678327747576,
        172.41146225844673,
        120.40071894901418,
        233.7016321902762,
        161.71610533554977,
        186.38948321339356,
        136.49023423111834,
        191.84050267937923,
        155.4334733497293,
        160.7449950251456,
        111.94485630063924,
        131.59398095235485,
        105.94676736714007,
        118.61805715488927,
        88.58681486927021,
        130.41387659988303,
        130.32581558781652,
        145.20518297859357,
        258.0962726398596,
        0.0,
        0.0,
        0.0,
        0.0,
        0.0,
        0.0,
        0.0,
        0.0,
        0.0,
        10.343678909019763,
        15.460152109362284,
        5.49246498661908,
        35.289986763911365,
        29.95324200653756,
        0.0
      ],
      "feature_names": [
        "ret1",
        "ret5",
        "ret10",
        "momentum",
        "realizedVol",
        "rsi14",
        "macdLine",
        "macdSignal",
        "macdHist",
        "atr14",
        "atrPct",
        "ema9",
        "ema21",
        "emaSpreadPct",
        "distFromEma9Pct",
        "distFromEma21Pct",
        "bbUpper",
        "bbMiddle",
        "bbLower",
        "bbWidth",
        "bbPctB",
        "bbWidthPct",
        "funding_rate",
        "open_interest_z",
        "liquidations_1h_usd",
        "bid_ask_spread_bps",
        "btc_lead_ret_5m",
        "eth_lead_ret_5m",
        "btc_liquidations_1h_usd",
        "eth_liquidations_1h_usd",
        "sol_liquidations_1h_usd",
        "session_asia",
        "session_eu",
        "session_us",
        "hour_of_day_sin",
        "hour_of_day_cos",
        "coin_idx"
      ]
    },
    {
      "fold": 1,
      "n_train": 470,
      "n_test": 235,
      "auc": 0.5645124055465388,
      "log_loss": 4.070950334989777,
      "brier": 0.33499042376976096,
      "directional_accuracy": 0.4425531914893617,
      "baseline_auc": 0.4894527393903427,
      "baseline_log_loss": 1.133870626293218,
      "baseline_brier": 0.22931855856581448,
      "baseline_directional_accuracy": 0.3574468085106383,
      "best_params": {
        "objective": "multiclass",
        "num_class": 3,
        "metric": "multi_logloss",
        "num_leaves": 31,
        "learning_rate": 0.11674577961968145,
        "min_child_samples": 24,
        "feature_fraction": 0.9,
        "bagging_fraction": 0.9,
        "bagging_freq": 5,
        "verbose": -1,
        "deterministic": true,
        "seed": 42
      },
      "feature_importance": [
        173.67295697841553,
        257.065858194221,
        279.5111658366769,
        234.58958419225564,
        376.29527196167777,
        132.4896783643232,
        136.2769652003928,
        283.66055452927213,
        294.671308752107,
        228.234093859019,
        202.63884780820388,
        225.1257052160659,
        145.19523243785608,
        158.87034664910115,
        151.2703670233772,
        78.37542628487545,
        223.8040645970841,
        139.6514653073241,
        225.54831347551763,
        197.79249482359148,
        185.41903653396835,
        302.8028421977136,
        0.0,
        0.0,
        0.0,
        0.0,
        0.0,
        0.0,
        0.0,
        0.0,
        0.0,
        29.348755233932025,
        21.208680800357268,
        10.992894514580565,
        19.54649139767771,
        28.203264413208878,
        0.0
      ],
      "feature_names": [
        "ret1",
        "ret5",
        "ret10",
        "momentum",
        "realizedVol",
        "rsi14",
        "macdLine",
        "macdSignal",
        "macdHist",
        "atr14",
        "atrPct",
        "ema9",
        "ema21",
        "emaSpreadPct",
        "distFromEma9Pct",
        "distFromEma21Pct",
        "bbUpper",
        "bbMiddle",
        "bbLower",
        "bbWidth",
        "bbPctB",
        "bbWidthPct",
        "funding_rate",
        "open_interest_z",
        "liquidations_1h_usd",
        "bid_ask_spread_bps",
        "btc_lead_ret_5m",
        "eth_lead_ret_5m",
        "btc_liquidations_1h_usd",
        "eth_liquidations_1h_usd",
        "sol_liquidations_1h_usd",
        "session_asia",
        "session_eu",
        "session_us",
        "hour_of_day_sin",
        "hour_of_day_cos",
        "coin_idx"
      ]
    },
    {
      "fold": 2,
      "n_train": 705,
      "n_test": 235,
      "auc": 0.48922291175495053,
      "log_loss": 4.116209951848422,
      "brier": 0.40334057757487707,
      "directional_accuracy": 0.3446808510638298,
      "baseline_auc": 0.5329828642060549,
      "baseline_log_loss": 1.12854438639723,
      "baseline_brier": 0.23157416659691799,
      "baseline_directional_accuracy": 0.33617021276595743,
      "best_params": {
        "objective": "multiclass",
        "num_class": 3,
        "metric": "multi_logloss",
        "num_leaves": 31,
        "learning_rate": 0.11838682672260736,
        "min_child_samples": 20,
        "feature_fraction": 0.9,
        "bagging_fraction": 0.9,
        "bagging_freq": 5,
        "verbose": -1,
        "deterministic": true,
        "seed": 42
      },