{
  "coin_id": "pepe",
  "timeframe": "1h",
  "version": "20260425T093025Z",
  "feature_names": [
    "ret1",
    "ret5",
    "ret10",
    "momentum",
    "realizedVol",
    "rsi14",
    "macdLine",
    "macdSignal",
    "macdHist",
    "atr14",
    "atrPct",
    "ema9",
    "ema21",
    "emaSpreadPct",
    "distFromEma9Pct",
    "distFromEma21Pct",
    "bbUpper",
    "bbMiddle",
    "bbLower",
    "bbWidth",
    "bbPctB",
    "bbWidthPct",
    "funding_rate",
    "open_interest_z",
    "liquidations_1h_usd",
    "bid_ask_spread_bps",
    "btc_lead_ret_5m",
    "eth_lead_ret_5m",
    "btc_liquidations_1h_usd",
    "eth_liquidations_1h_usd",
    "sol_liquidations_1h_usd",
    "session_asia",
    "session_eu",
    "session_us",
    "hour_of_day_sin",
    "hour_of_day_cos",
    "coin_idx"
  ],
  "coin_vocab": [
    "pepe"
  ],
  "n_train_rows": 8675,
  "n_test_rows": 7230,
  "metrics": {
    "auc": 0.5024767801503807,
    "log_loss": 3.559891815786835,
    "brier": 0.37419941465269047,
    "directional_accuracy": 0.3503457814661134
  },
  "baseline_metrics": {
    "auc": 0.5385019694339193,
    "log_loss": 1.0809977923874765,
    "brier": 0.21876339886334936,
    "directional_accuracy": 0.37372060857538036
  },
  "threshold_pct": 0.4275,
  "horizon_candles": 4,
  "class_return_means_pct": [
    -1.8466011362653716,
    -0.013901897988126823,
    1.8986037553482826
  ],
  "fold_metrics": [
    {
      "fold": 0,
      "n_train": 1445,
      "n_test": 1446,
      "auc": 0.4867583409824489,
      "log_loss": 4.151887327724928,
      "brier": 0.380983085673308,
      "directional_accuracy": 0.355463347164592,
      "baseline_auc": 0.5343076062681513,
      "baseline_log_loss": 1.0781011130059257,
      "baseline_brier": 0.21796528824271647,
      "baseline_directional_accuracy": 0.39764868603042874,
      "best_params": {
        "objective": "multiclass",
        "num_class": 3,
        "metric": "multi_logloss",
        "num_leaves": 63,
        "learning_rate": 0.10316269877097341,
        "min_child_samples": 21,
        "feature_fraction": 0.9,
        "bagging_fraction": 0.9,
        "bagging_freq": 5,
        "verbose": -1,
        "deterministic": true,
        "seed": 42
      },
      "feature_importance": [
        886.7909475513117,
        811.2915214552654,
        691.4765841427117,
        807.3860918316655,
        792.0709620293562,
        495.5558664744167,
        521.3770120562326,
        795.0447082288757,
        881.7614738242343,
        755.2538566425867,
        742.3403135200663,
        532.7236699938549,
        590.7864071890097,
        674.7847081242205,
        739.5135998023162,
        438.8100345167004,
        576.1635135187425,
        461.7666377294611,
        534.050384196603,
        817.4572367891686,
        625.2309858403053,
        761.1955094964329,
        0.0,
        0.0,
        0.0,
        0.0,
        0.0,
        0.0,
        0.0,
        0.0,
        0.0,
        51.28820036867352,
        15.559390273600911,
        76.9641661322853,
        526.3018053359625,
        619.9244322518304,
        0.0
      ],
      "feature_names": [
        "ret1",
        "ret5",
        "ret10",
        "momentum",
        "realizedVol",
        "rsi14",
        "macdLine",
        "macdSignal",
        "macdHist",
        "atr14",
        "atrPct",
        "ema9",
        "ema21",
        "emaSpreadPct",
        "distFromEma9Pct",
        "distFromEma21Pct",
        "bbUpper",
        "bbMiddle",
        "bbLower",
        "bbWidth",
        "bbPctB",
        "bbWidthPct",
        "funding_rate",
        "open_interest_z",
        "liquidations_1h_usd",
        "bid_ask_spread_bps",
        "btc_lead_ret_5m",
        "eth_lead_ret_5m",
        "btc_liquidations_1h_usd",
        "eth_liquidations_1h_usd",
        "sol_liquidations_1h_usd",
        "session_asia",
        "session_eu",
        "session_us",
        "hour_of_day_sin",
        "hour_of_day_cos",
        "coin_idx"
      ]
    },
    {
      "fold": 1,
      "n_train": 2891,
      "n_test": 1446,
      "auc": 0.50778646747249,
      "log_loss": 4.3866547623084235,
      "brier": 0.3880480305393963,
      "directional_accuracy": 0.3437067773167358,
      "baseline_auc": 0.5247112672927359,
      "baseline_log_loss": 1.1034143181247602,
      "baseline_brier": 0.22339554570136314,
      "baseline_directional_accuracy": 0.36376210235131395,
      "best_params": {
        "objective": "multiclass",
        "num_class": 3,
        "metric": "multi_logloss",
        "num_leaves": 31,
        "learning_rate": 0.1490005306522592,
        "min_child_samples": 30,
        "feature_fraction": 0.9,
        "bagging_fraction": 0.9,
        "bagging_freq": 5,
        "verbose": -1,
        "deterministic": true,
        "seed": 42
      },
      "feature_importance": [
        1161.6077609931344,
        1133.2087453840227,
        948.2843183434743,
        1077.9639286310994,
        1303.828694553733,
        686.9776556952438,
        901.194362946489,
        1162.5465415198069,
        1321.671634107207,
        963.8517323886509,
        1198.2198479503345,
        753.2370030301445,
        737.4504502929631,
        952.4264033122927,
        1000.5575500856439,
        726.9761113267132,
        918.0345437320777,
        634.3211686517452,
        926.1893831410734,
        1104.029261955935,
        872.9482323560005,
        1013.2259887918999,
        0.0,
        0.0,
        0.0,
        0.0,
        0.0,
        0.0,
        0.0,
        0.0,
        0.0,
        68.56369638983597,
        112.56806953621708,
        74.07183765156151,
        730.1527448359248,
        711.9471551354418,
        0.0
      ],
      "feature_names": [
        "ret1",
        "ret5",
        "ret10",
        "momentum",
        "realizedVol",
        "rsi14",
        "macdLine",
        "macdSignal",
        "macdHist",
        "atr14",
        "atrPct",
        "ema9",
        "ema21",
        "emaSpreadPct",
        "distFromEma9Pct",
        "distFromEma21Pct",
        "bbUpper",
        "bbMiddle",
        "bbLower",
        "bbWidth",
        "bbPctB",
        "bbWidthPct",
        "funding_rate",
        "open_interest_z",
        "liquidations_1h_usd",
        "bid_ask_spread_bps",
        "btc_lead_ret_5m",
        "eth_lead_ret_5m",
        "btc_liquidations_1h_usd",
        "eth_liquidations_1h_usd",
        "sol_liquidations_1h_usd",
        "session_asia",
        "session_eu",
        "session_us",
        "hour_of_day_sin",
        "hour_of_day_cos",
        "coin_idx"
      ]
    },
    {
      "fold": 2,
      "n_train": 4337,
      "n_test": 1446,
      "auc": 0.5323768225645474,
      "log_loss": 2.934415894828965,
      "brier": 0.37095492838543054,
      "directional_accuracy": 0.3499308437067773,
      "baseline_auc": 0.5490373735683873,
      "baseline_log_loss": 1.0747048088352538,
      "baseline_brier": 0.2174659754914234,
      "baseline_directional_accuracy": 0.36376210235131395,
      "best_params": {
        "objective": "multiclass",
        "num_class": 3,
        "metric": "multi_logloss",
        "num_leaves": 63,
        "learning_rate": 0.04679333912760607,
        "min_child_samples": 21,
        "feature_fraction": 0.9,
        "bagging_fraction": 0.9,
        "bagging_freq": 5,
        "verbose": -1,
        "deterministic": true,
        "seed": 42
      },