{
  "coin_id": "floki-inu",
  "timeframe": "2h",
  "version": "20260425T100012Z",
  "feature_names": [
    "ret1",
    "ret5",
    "ret10",
    "momentum",
    "realizedVol",
    "rsi14",
    "macdLine",
    "macdSignal",
    "macdHist",
    "atr14",
    "atrPct",
    "ema9",
    "ema21",
    "emaSpreadPct",
    "distFromEma9Pct",
    "distFromEma21Pct",
    "bbUpper",
    "bbMiddle",
    "bbLower",
    "bbWidth",
    "bbPctB",
    "bbWidthPct",
    "funding_rate",
    "open_interest_z",
    "liquidations_1h_usd",
    "bid_ask_spread_bps",
    "btc_lead_ret_5m",
    "eth_lead_ret_5m",
    "btc_liquidations_1h_usd",
    "eth_liquidations_1h_usd",
    "sol_liquidations_1h_usd",
    "session_asia",
    "session_eu",
    "session_us",
    "hour_of_day_sin",
    "hour_of_day_cos",
    "coin_idx"
  ],
  "coin_vocab": [
    "floki-inu"
  ],
  "n_train_rows": 4318,
  "n_test_rows": 3595,
  "metrics": {
    "auc": 0.5119372719254842,
    "log_loss": 3.4680885881898007,
    "brier": 0.3574167759326128,
    "directional_accuracy": 0.39248956884561886
  },
  "baseline_metrics": {
    "auc": 0.5382217083744772,
    "log_loss": 1.0509435148053832,
    "brier": 0.21251251415943787,
    "directional_accuracy": 0.4411682892906815
  },
  "threshold_pct": 0.5225,
  "horizon_candles": 4,
  "class_return_means_pct": [
    -2.558335592280054,
    0.00549254448309206,
    2.8204880240514507
  ],
  "fold_metrics": [
    {
      "fold": 0,
      "n_train": 719,
      "n_test": 719,
      "auc": 0.5318246561503589,
      "log_loss": 3.634620115428459,
      "brier": 0.34468632191731613,
      "directional_accuracy": 0.43532684283727396,
      "baseline_auc": 0.5462687956892253,
      "baseline_log_loss": 1.014944642040064,
      "baseline_brier": 0.20685414487786177,
      "baseline_directional_accuracy": 0.4812239221140473,
      "best_params": {
        "objective": "multiclass",
        "num_class": 3,
        "metric": "multi_logloss",
        "num_leaves": 31,
        "learning_rate": 0.0365739784143034,
        "min_child_samples": 8,
        "feature_fraction": 0.9,
        "bagging_fraction": 0.9,
        "bagging_freq": 5,
        "verbose": -1,
        "deterministic": true,
        "seed": 42
      },
      "feature_importance": [
        1218.327710403642,
        800.1639577819938,
        906.3460666066587,
        769.0672762115437,
        1501.6276459054698,
        533.1093861802356,
        685.1182925707603,
        756.6050379489609,
        1374.3634250093637,
        1063.3776437815695,
        1301.7421291100727,
        963.2067695460837,
        785.9774790609536,
        934.4955980399832,
        893.0320640696855,
        464.58073777114805,
        999.7655491251853,
        915.0041131849848,
        921.5498225374376,
        978.4678435979745,
        820.3413747208851,
        814.1524053656813,
        0.0,
        0.0,
        0.0,
        0.0,
        0.0,
        0.0,
        0.0,
        0.0,
        0.0,
        59.68685450567136,
        32.345698263197846,
        75.8248888604794,
        713.1151515466099,
        503.96017081906984,
        0.0
      ],
      "feature_names": [
        "ret1",
        "ret5",
        "ret10",
        "momentum",
        "realizedVol",
        "rsi14",
        "macdLine",
        "macdSignal",
        "macdHist",
        "atr14",
        "atrPct",
        "ema9",
        "ema21",
        "emaSpreadPct",
        "distFromEma9Pct",
        "distFromEma21Pct",
        "bbUpper",
        "bbMiddle",
        "bbLower",
        "bbWidth",
        "bbPctB",
        "bbWidthPct",
        "funding_rate",
        "open_interest_z",
        "liquidations_1h_usd",
        "bid_ask_spread_bps",
        "btc_lead_ret_5m",
        "eth_lead_ret_5m",
        "btc_liquidations_1h_usd",
        "eth_liquidations_1h_usd",
        "sol_liquidations_1h_usd",
        "session_asia",
        "session_eu",
        "session_us",
        "hour_of_day_sin",
        "hour_of_day_cos",
        "coin_idx"
      ]
    },
    {
      "fold": 1,
      "n_train": 1438,
      "n_test": 719,
      "auc": 0.5079099302447392,
      "log_loss": 2.076742390652125,
      "brier": 0.30716013264597736,
      "directional_accuracy": 0.3963838664812239,
      "baseline_auc": 0.551257984603477,
      "baseline_log_loss": 1.06669994159977,
      "baseline_brier": 0.2148024250778036,
      "baseline_directional_accuracy": 0.43671766342141866,
      "best_params": {
        "objective": "multiclass",
        "num_class": 3,
        "metric": "multi_logloss",
        "num_leaves": 15,
        "learning_rate": 0.04150807252555065,
        "min_child_samples": 8,
        "feature_fraction": 0.9,
        "bagging_fraction": 0.9,
        "bagging_freq": 5,
        "verbose": -1,
        "deterministic": true,
        "seed": 42
      },
      "feature_importance": [
        2335.698947591707,
        1610.3049711026251,
        1432.2074704375118,
        1890.558142695576,
        2585.03793663159,
        1157.2991343960166,
        1680.7987487725914,
        1581.047086250037,
        1987.9666769765317,
        2277.48070230335,
        1822.439221959561,
        1471.7996556274593,
        1284.0941120162606,
        1395.1611221134663,
        1624.91890877299,
        1098.315444815904,
        1616.5440077930689,
        1227.900237083435,
        1695.0667001716793,
        1827.5117549151182,
        1747.0579914078116,
        1766.187845505774,
        0.0,
        0.0,
        0.0,
        0.0,
        0.0,
        0.0,
        0.0,
        0.0,
        0.0,
        117.39200985617936,
        58.66074841842055,
        90.04863736778498,
        941.6293910369277,
        589.5307182781398,
        0.0
      ],
      "feature_names": [
        "ret1",
        "ret5",
        "ret10",
        "momentum",
        "realizedVol",
        "rsi14",
        "macdLine",
        "macdSignal",
        "macdHist",
        "atr14",
        "atrPct",
        "ema9",
        "ema21",
        "emaSpreadPct",
        "distFromEma9Pct",
        "distFromEma21Pct",
        "bbUpper",
        "bbMiddle",
        "bbLower",
        "bbWidth",
        "bbPctB",
        "bbWidthPct",
        "funding_rate",
        "open_interest_z",
        "liquidations_1h_usd",
        "bid_ask_spread_bps",
        "btc_lead_ret_5m",
        "eth_lead_ret_5m",
        "btc_liquidations_1h_usd",
        "eth_liquidations_1h_usd",
        "sol_liquidations_1h_usd",
        "session_asia",
        "session_eu",
        "session_us",
        "hour_of_day_sin",
        "hour_of_day_cos",
        "coin_idx"
      ]
    },
    {
      "fold": 2,
      "n_train": 2157,
      "n_test": 719,
      "auc": 0.48946062280824726,
      "log_loss": 4.230253633567759,
      "brier": 0.40441860042062955,
      "directional_accuracy": 0.3560500695410292,
      "baseline_auc": 0.52740682257442,
      "baseline_log_loss": 1.054726480752361,
      "baseline_brier": 0.21277085358280237,
      "baseline_directional_accuracy": 0.43671766342141866,
      "best_params": {
        "objective": "multiclass",
        "num_class": 3,
        "metric": "multi_logloss",
        "num_leaves": 31,
        "learning_rate": 0.04517483124354059,
        "min_child_samples": 14,
        "feature_fraction": 0.9,
        "bagging_fraction": 0.9,
        "bagging_freq": 5,
        "verbose": -1,
        "deterministic": true,
        "seed": 42
      },