{
  "coin_id": "sei-network",
  "timeframe": "1m",
  "version": "20260422T065818Z",
  "feature_names": [
    "ret1",
    "ret5",
    "ret10",
    "momentum",
    "realizedVol",
    "rsi14",
    "macdLine",
    "macdSignal",
    "macdHist",
    "atr14",
    "atrPct",
    "ema9",
    "ema21",
    "emaSpreadPct",
    "distFromEma9Pct",
    "distFromEma21Pct",
    "bbUpper",
    "bbMiddle",
    "bbLower",
    "bbWidth",
    "bbPctB",
    "bbWidthPct",
    "news_etf_flow",
    "news_regulatory_risk",
    "news_exchange_outage",
    "news_macro_shock",
    "news_whale_move",
    "news_exploit_or_hack",
    "news_stablecoin_event",
    "news_narrative_rotation",
    "news_listing_or_delisting",
    "news_protocol_upgrade",
    "news_high_volume_breakout",
    "news_unusual_volatility",
    "coin_idx"
  ],
  "coin_vocab": [
    "sei-network"
  ],
  "n_train_rows": 583,
  "n_test_rows": 485,
  "metrics": {
    "auc": 0.6016940116056761,
    "log_loss": 2.4123594572872977,
    "brier": 0.2634181943908219,
    "directional_accuracy": 0.5567010309278351
  },
  "baseline_metrics": {
    "auc": 0.512340853343849,
    "log_loss": 0.7482783051499502,
    "brier": 0.13272039187381224,
    "directional_accuracy": 0.7670103092783505
  },
  "threshold_pct": 0.03,
  "horizon_candles": 1,
  "class_return_means_pct": [
    -0.07744501943411725,
    0.0009243540022856314,
    0.20691747203532468
  ],
  "fold_metrics": [
    {
      "fold": 0,
      "n_train": 97,
      "n_test": 97,
      "auc": 0.6833532368015126,
      "log_loss": 1.193655387116459,
      "brier": 0.17179910611065097,
      "directional_accuracy": 0.6907216494845361,
      "baseline_auc": 0.6391650495098771,
      "baseline_log_loss": 0.6445394046736972,
      "baseline_brier": 0.11577281857857684,
      "baseline_directional_accuracy": 0.7938144329896907,
      "best_params": {
        "objective": "multiclass",
        "num_class": 3,
        "metric": "multi_logloss",
        "num_leaves": 15,
        "learning_rate": 0.09230320822645494,
        "min_child_samples": 6,
        "feature_fraction": 0.9,
        "bagging_fraction": 0.9,
        "bagging_freq": 5,
        "verbose": -1,
        "deterministic": true,
        "seed": 42
      }
    },
    {
      "fold": 1,
      "n_train": 194,
      "n_test": 97,
      "auc": 0.5829623738539534,
      "log_loss": 5.856759461124099,
      "brier": 0.5856127185861217,
      "directional_accuracy": 0.07216494845360824,
      "baseline_auc": 0.5565006723234571,
      "baseline_log_loss": 0.6726666771473467,
      "baseline_brier": 0.12158532999874332,
      "baseline_directional_accuracy": 0.8144329896907216,
      "best_params": {
        "objective": "multiclass",
        "num_class": 3,
        "metric": "multi_logloss",
        "num_leaves": 63,
        "learning_rate": 0.06807764614983679,
        "min_child_samples": 12,
        "feature_fraction": 0.9,
        "bagging_fraction": 0.9,
        "bagging_freq": 5,
        "verbose": -1,
        "deterministic": true,
        "seed": 42
      }
    },
    {
      "fold": 2,
      "n_train": 291,
      "n_test": 97,
      "auc": 0.5387859564188067,
      "log_loss": 1.4603762493703374,
      "brier": 0.1932284611831815,
      "directional_accuracy": 0.6391752577319587,
      "baseline_auc": 0.3657530805477665,
      "baseline_log_loss": 0.7803682462787677,
      "baseline_brier": 0.1364237777703165,
      "baseline_directional_accuracy": 0.7628865979381443,
      "best_params": {
        "objective": "multiclass",
        "num_class": 3,
        "metric": "multi_logloss",
        "num_leaves": 63,
        "learning_rate": 0.0938393881004349,
        "min_child_samples": 23,
        "feature_fraction": 0.9,
        "bagging_fraction": 0.9,
        "bagging_freq": 5,
        "verbose": -1,
        "deterministic": true,
        "seed": 42
      }
    },
    {
      "fold": 3,
      "n_train": 388,
      "n_test": 97,
      "auc": 0.546467885399774,
      "log_loss": 1.294347690731953,
      "brier": 0.16331486970585854,
      "directional_accuracy": 0.7010309278350515,
      "baseline_auc": 0.5104849914447437,
      "baseline_log_loss": 0.671893926480539,
      "baseline_brier": 0.12095483927280586,
      "baseline_directional_accuracy": 0.7835051546391752,
      "best_params": {
        "objective": "multiclass",
        "num_class": 3,
        "metric": "multi_logloss",
        "num_leaves": 15,
        "learning_rate": 0.060113218328857784,
        "min_child_samples": 16,
        "feature_fraction": 0.9,
        "bagging_fraction": 0.9,
        "bagging_freq": 5,
        "verbose": -1,
        "deterministic": true,
        "seed": 42
      }
    },
    {
      "fold": 4,
      "n_train": 485,
      "n_test": 97,
      "auc": 0.656900605554334,
      "log_loss": 2.2566584980936386,
      "brier": 0.20313581636829683,
      "directional_accuracy": 0.6804123711340206,
      "baseline_auc": 0.4898004728934006,
      "baseline_log_loss": 0.9719232711694006,
      "baseline_brier": 0.16886519374861875,
      "baseline_directional_accuracy": 0.6804123711340206,
      "best_params": {
        "objective": "multiclass",
        "num_class": 3,
        "metric": "multi_logloss",
        "num_leaves": 31,
        "learning_rate": 0.09340308327072934,
        "min_child_samples": 9,
        "feature_fraction": 0.9,
        "bagging_fraction": 0.9,
        "bagging_freq": 5,
        "verbose": -1,
        "deterministic": true,
        "seed": 42
      }
    }
  ],
  "note": "Per-coin model for sei-network/1m.",
  "directional_call_share": 0.02564102564102564,
  "directional_call_share_n": 117,
  "directional_call_share_source": "holdout",
  "model_kind": "lightgbm",
  "prior_probs": []
}