{
  "coin_id": "pepe",
  "timeframe": "5m",
  "version": "20260422T105002Z",
  "feature_names": [
    "ret1",
    "ret5",
    "ret10",
    "momentum",
    "realizedVol",
    "rsi14",
    "macdLine",
    "macdSignal",
    "macdHist",
    "atr14",
    "atrPct",
    "ema9",
    "ema21",
    "emaSpreadPct",
    "distFromEma9Pct",
    "distFromEma21Pct",
    "bbUpper",
    "bbMiddle",
    "bbLower",
    "bbWidth",
    "bbPctB",
    "bbWidthPct",
    "news_etf_flow",
    "news_regulatory_risk",
    "news_exchange_outage",
    "news_macro_shock",
    "news_whale_move",
    "news_exploit_or_hack",
    "news_stablecoin_event",
    "news_narrative_rotation",
    "news_listing_or_delisting",
    "news_protocol_upgrade",
    "news_high_volume_breakout",
    "news_unusual_volatility",
    "coin_idx"
  ],
  "coin_vocab": [
    "pepe"
  ],
  "n_train_rows": 890,
  "n_test_rows": 740,
  "metrics": {
    "auc": 0.5261157361394113,
    "log_loss": 2.5727041724156274,
    "brier": 0.3028137648480861,
    "directional_accuracy": 0.4608108108108109
  },
  "baseline_metrics": {
    "auc": 0.5309342262432153,
    "log_loss": 0.9867143056750841,
    "brier": 0.19865452869483152,
    "directional_accuracy": 0.46081081081081077
  },
  "threshold_pct": 0.04,
  "horizon_candles": 1,
  "class_return_means_pct": [
    -0.48337833429923405,
    -0.003208112628960937,
    0.5284491279165052
  ],
  "fold_metrics": [
    {
      "fold": 0,
      "n_train": 148,
      "n_test": 148,
      "auc": 0.5669725115691461,
      "log_loss": 2.8362443431512707,
      "brier": 0.29276777732523035,
      "directional_accuracy": 0.5,
      "baseline_auc": 0.527312965247856,
      "baseline_log_loss": 0.9172820281234366,
      "baseline_brier": 0.19167324848059086,
      "baseline_directional_accuracy": 0.4594594594594595,
      "best_params": {
        "objective": "multiclass",
        "num_class": 3,
        "metric": "multi_logloss",
        "num_leaves": 31,
        "learning_rate": 0.1,
        "min_child_samples": 5,
        "feature_fraction": 0.9,
        "bagging_fraction": 0.9,
        "bagging_freq": 5,
        "verbose": -1,
        "deterministic": true,
        "seed": 42
      }
    },
    {
      "fold": 1,
      "n_train": 296,
      "n_test": 148,
      "auc": 0.5390739551178975,
      "log_loss": 2.417024368747716,
      "brier": 0.29933914456431776,
      "directional_accuracy": 0.4391891891891892,
      "baseline_auc": 0.5119056330907888,
      "baseline_log_loss": 1.0728715368984427,
      "baseline_brier": 0.1975156025482221,
      "baseline_directional_accuracy": 0.5,
      "best_params": {
        "objective": "multiclass",
        "num_class": 3,
        "metric": "multi_logloss",
        "num_leaves": 31,
        "learning_rate": 0.1,
        "min_child_samples": 5,
        "feature_fraction": 0.9,
        "bagging_fraction": 0.9,
        "bagging_freq": 5,
        "verbose": -1,
        "deterministic": true,
        "seed": 42
      }
    },
    {
      "fold": 2,
      "n_train": 444,
      "n_test": 148,
      "auc": 0.5038946319413302,
      "log_loss": 2.3573367262664235,
      "brier": 0.2933680358912236,
      "directional_accuracy": 0.49324324324324326,
      "baseline_auc": 0.5642257769200266,
      "baseline_log_loss": 0.8396440114863293,
      "baseline_brier": 0.17782093154734033,
      "baseline_directional_accuracy": 0.527027027027027,
      "best_params": {
        "objective": "multiclass",
        "num_class": 3,
        "metric": "multi_logloss",
        "num_leaves": 31,
        "learning_rate": 0.1,
        "min_child_samples": 5,
        "feature_fraction": 0.9,
        "bagging_fraction": 0.9,
        "bagging_freq": 5,
        "verbose": -1,
        "deterministic": true,
        "seed": 42
      }
    },
    {
      "fold": 3,
      "n_train": 592,
      "n_test": 148,
      "auc": 0.49819074047312406,
      "log_loss": 2.110875154785132,
      "brier": 0.30432919261265706,
      "directional_accuracy": 0.44594594594594594,
      "baseline_auc": 0.5275151960090554,
      "baseline_log_loss": 0.9626917012181011,
      "baseline_brier": 0.1995286020249923,
      "baseline_directional_accuracy": 0.42567567567567566,
      "best_params": {
        "objective": "multiclass",
        "num_class": 3,
        "metric": "multi_logloss",
        "num_leaves": 31,
        "learning_rate": 0.1,
        "min_child_samples": 5,
        "feature_fraction": 0.9,
        "bagging_fraction": 0.9,
        "bagging_freq": 5,
        "verbose": -1,
        "deterministic": true,
        "seed": 42
      }
    },
    {
      "fold": 4,
      "n_train": 740,
      "n_test": 148,
      "auc": 0.5224468415955591,
      "log_loss": 3.1420402691275955,
      "brier": 0.32426467384700197,
      "directional_accuracy": 0.42567567567567566,
      "baseline_auc": 0.5237115599483498,
      "baseline_log_loss": 1.1410822506491112,
      "baseline_brier": 0.22673425887301193,
      "baseline_directional_accuracy": 0.3918918918918919,
      "best_params": {
        "objective": "multiclass",
        "num_class": 3,
        "metric": "multi_logloss",
        "num_leaves": 31,
        "learning_rate": 0.1,
        "min_child_samples": 5,
        "feature_fraction": 0.9,
        "bagging_fraction": 0.9,
        "bagging_freq": 5,
        "verbose": -1,
        "deterministic": true,
        "seed": 42
      }
    }
  ],
  "note": "Per-coin model for pepe/5m.",
  "directional_call_share": 1.0,
  "directional_call_share_n": 178,
  "directional_call_share_source": "holdout",
  "model_kind": "lightgbm",
  "prior_probs": [],
  "has_regression_head": true,
  "regression_head_stats": {
    "n_train_rows": 634,
    "n_holdout_rows": 159,
    "abs_pred_p50_pct": 0.520739604459122,
    "abs_pred_p95_pct": 0.6074534032295922,
    "abs_pred_max_pct": 0.7658008906858628,
    "mae_pct": 0.37519539935360585,
    "best_iteration": 5
  },
  "gates_alignment": {
    "n": 178,
    "source": "holdout",
    "min_directional_edge": 0.05,
    "min_expected_return_pct": 0.15,
    "aligned_share": 1.0,
    "aligned_loud_share": 1.0,
    "aligned_quiet_share": 0.0,
    "loud_classifier_quiet_regressor_share": 0.0,
    "quiet_classifier_loud_regressor_share": 0.0,
    "dir_edge_p50": 0.08097268512484407,
    "dir_edge_p95": 0.23598820058997055,
    "abs_magnitude_pct_p50": 0.520739604459122,
    "abs_magnitude_pct_p95": 0.5688701334870409
  }
}