{
  "task": 507,
  "generated_at": "20260424T165513Z",
  "class_weight_alpha": 1.0,
  "stuck_slices": [
    [
      "bonk",
      "1d"
    ],
    [
      "celestia",
      "1d"
    ],
    [
      "dogwifcoin",
      "1d"
    ],
    [
      "celestia",
      "6h"
    ]
  ],
  "rows": [
    {
      "coin_id": "bonk",
      "timeframe": "1d",
      "status": "ok",
      "n_rows": 331,
      "n_train": 264,
      "n_holdout": 67,
      "train_DOWN_share": 0.4810606060606061,
      "train_STABLE_share": 0.14393939393939395,
      "train_UP_share": 0.375,
      "label_DOWN_share": 0.44776119402985076,
      "label_STABLE_share": 0.1791044776119403,
      "label_UP_share": 0.373134328358209,
      "raw_DOWN_share": 0.6716417910447762,
      "raw_STABLE_share": 0.1044776119402985,
      "raw_UP_share": 0.22388059701492538,
      "cal_DOWN_share": 0.6716417910447762,
      "cal_STABLE_share": 0.1044776119402985,
      "cal_UP_share": 0.22388059701492538,
      "raw_stable_prob_mean": 0.23977426990617806,
      "raw_stable_prob_max": 0.7681934265559719,
      "cal_stable_prob_mean": 0.3065092944709548,
      "cal_stable_prob_max": 0.44549092123973316,
      "cal_stable_margin_mean": -0.06863180854506605,
      "directional_call_share": 0.8955223880597015,
      "sample_weight_DOWN": 0.6929133858267715,
      "sample_weight_STABLE": 2.3157894736842097,
      "sample_weight_UP": 0.8888888888888891,
      "calibrators_fit": true,
      "bucket": "no_collapse",
      "elapsed_s": 3.72
    },
    {
      "coin_id": "celestia",
      "timeframe": "1d",
      "status": "ok",
      "n_rows": 331,
      "n_train": 264,
      "n_holdout": 67,
      "train_DOWN_share": 0.48863636363636365,
      "train_STABLE_share": 0.12878787878787878,
      "train_UP_share": 0.38257575757575757,
      "label_DOWN_share": 0.4626865671641791,
      "label_STABLE_share": 0.16417910447761194,
      "label_UP_share": 0.373134328358209,
      "raw_DOWN_share": 0.22388059701492538,
      "raw_STABLE_share": 0.29850746268656714,
      "raw_UP_share": 0.47761194029850745,
      "cal_DOWN_share": 0.22388059701492538,
      "cal_STABLE_share": 0.29850746268656714,
      "cal_UP_share": 0.47761194029850745,
      "raw_stable_prob_mean": 0.28020405895462697,
      "raw_stable_prob_max": 0.7571422634391195,
      "cal_stable_prob_mean": 0.31047852283708494,
      "cal_stable_prob_max": 0.4518134333292947,
      "cal_stable_margin_mean": -0.06160360138083049,
      "directional_call_share": 0.7014925373134329,
      "sample_weight_DOWN": 0.682170542635659,
      "sample_weight_STABLE": 2.5882352941176476,
      "sample_weight_UP": 0.8712871287128712,
      "calibrators_fit": true,
      "bucket": "no_collapse",
      "elapsed_s": 1.31
    },
    {
      "coin_id": "dogwifcoin",
      "timeframe": "1d",
      "status": "ok",
      "n_rows": 331,
      "n_train": 264,
      "n_holdout": 67,
      "train_DOWN_share": 0.45454545454545453,
      "train_STABLE_share": 0.1590909090909091,
      "train_UP_share": 0.38636363636363635,
      "label_DOWN_share": 0.4925373134328358,
      "label_STABLE_share": 0.16417910447761194,
      "label_UP_share": 0.34328358208955223,
      "raw_DOWN_share": 0.6417910447761194,
      "raw_STABLE_share": 0.05970149253731343,
      "raw_UP_share": 0.29850746268656714,
      "cal_DOWN_share": 0.6417910447761194,
      "cal_STABLE_share": 0.05970149253731343,
      "cal_UP_share": 0.29850746268656714,
      "raw_stable_prob_mean": 0.15467683158305082,
      "raw_stable_prob_max": 0.5241680915255698,
      "cal_stable_prob_mean": 0.21887256598293373,
      "cal_stable_prob_max": 0.43337118715575723,
      "cal_stable_margin_mean": -0.22099338895581763,
      "directional_call_share": 0.9402985074626866,
      "sample_weight_DOWN": 0.7333333333333331,
      "sample_weight_STABLE": 2.095238095238096,
      "sample_weight_UP": 0.8627450980392158,
      "calibrators_fit": true,
      "bucket": "no_collapse",
      "elapsed_s": 1.36
    },
    {
      "coin_id": "celestia",
      "timeframe": "6h",
      "status": "ok",
      "n_rows": 1426,
      "n_train": 1140,
      "n_holdout": 286,
      "train_DOWN_share": 0.42719298245614035,
      "train_STABLE_share": 0.19210526315789472,
      "train_UP_share": 0.38070175438596493,
      "label_DOWN_share": 0.458041958041958,
      "label_STABLE_share": 0.1853146853146853,
      "label_UP_share": 0.35664335664335667,
      "raw_DOWN_share": 0.4755244755244755,
      "raw_STABLE_share": 0.21328671328671328,
      "raw_UP_share": 0.3111888111888112,
      "cal_DOWN_share": 0.4755244755244755,
      "cal_STABLE_share": 0.21328671328671328,
      "cal_UP_share": 0.3111888111888112,
      "raw_stable_prob_mean": 0.25645935865687636,
      "raw_stable_prob_max": 0.6369509216320813,
      "cal_stable_prob_mean": 0.3088344823150312,
      "cal_stable_prob_max": 0.40647911533124087,
      "cal_stable_margin_mean": -0.054627609842781255,
      "directional_call_share": 0.7867132867132867,
      "sample_weight_DOWN": 0.7802874743326491,
      "sample_weight_STABLE": 1.7351598173515976,
      "sample_weight_UP": 0.8755760368663594,
      "calibrators_fit": true,
      "bucket": "no_collapse",
      "elapsed_s": 2.62
    }
  ]
}