{
  "task": 482,
  "generated_at": "20260424T140328Z",
  "coins": [
    "pepe",
    "bonk",
    "floki-inu",
    "dogwifcoin",
    "render-token",
    "injective-protocol",
    "celestia",
    "worldcoin-wld",
    "jupiter-exchange-solana",
    "__pooled__"
  ],
  "tradeable_tfs": [
    "1h",
    "2h",
    "6h",
    "1d"
  ],
  "rows": [
    {
      "coin_id": "pepe",
      "timeframe": "1h",
      "status": "ok",
      "n_rows": 2104,
      "n_train": 1683,
      "n_holdout": 421,
      "train_DOWN_share": 0.4444444444444444,
      "train_STABLE_share": 0.1443850267379679,
      "train_UP_share": 0.41117052881758764,
      "label_DOWN_share": 0.38004750593824227,
      "label_STABLE_share": 0.24465558194774348,
      "label_UP_share": 0.3752969121140142,
      "raw_DOWN_share": 0.2992874109263658,
      "raw_STABLE_share": 0.4156769596199525,
      "raw_UP_share": 0.2850356294536817,
      "cal_DOWN_share": 0.48931116389548696,
      "cal_STABLE_share": 0.0,
      "cal_UP_share": 0.5106888361045131,
      "raw_stable_prob_mean": 0.3411213572750772,
      "raw_stable_prob_max": 0.38803388675261885,
      "cal_stable_prob_mean": 0.24470492147725287,
      "cal_stable_prob_max": 0.3826322930800543,
      "cal_stable_margin_mean": -0.1618739752950472,
      "directional_call_share": 1.0,
      "sample_weight_DOWN": 0.75,
      "sample_weight_STABLE": 2.308641975308642,
      "sample_weight_UP": 0.8106936416184974,
      "calibrators_fit": true,
      "bucket": "calibrator_collapse",
      "elapsed_s": 6.72,
      "dataset_path": "models/datasets/1h_20260423T014825Z.parquet"
    },
    {
      "coin_id": "bonk",
      "timeframe": "1h",
      "status": "ok",
      "n_rows": 2104,
      "n_train": 1683,
      "n_holdout": 421,
      "train_DOWN_share": 0.45276292335115864,
      "train_STABLE_share": 0.13131313131313133,
      "train_UP_share": 0.41592394533571003,
      "label_DOWN_share": 0.3681710213776722,
      "label_STABLE_share": 0.26365795724465557,
      "label_UP_share": 0.3681710213776722,
      "raw_DOWN_share": 0.342042755344418,
      "raw_STABLE_share": 0.48693586698337293,
      "raw_UP_share": 0.171021377672209,
      "cal_DOWN_share": 0.3657957244655582,
      "cal_STABLE_share": 0.3016627078384798,
      "cal_UP_share": 0.332541567695962,
      "raw_stable_prob_mean": 0.34400235432309473,
      "raw_stable_prob_max": 0.38592417797139833,
      "cal_stable_prob_mean": 0.264057562663415,
      "cal_stable_prob_max": 0.6387365650361921,
      "cal_stable_margin_mean": -0.13706815927061905,
      "directional_call_share": 0.6983372921615202,
      "sample_weight_DOWN": 0.7362204724409447,
      "sample_weight_STABLE": 2.5384615384615397,
      "sample_weight_UP": 0.8014285714285714,
      "calibrators_fit": true,
      "bucket": "no_collapse",
      "elapsed_s": 8.01,
      "dataset_path": "models/datasets/1h_20260423T014825Z.parquet"
    },
    {
      "coin_id": "floki-inu",
      "timeframe": "1h",
      "status": "ok",
      "n_rows": 2104,
      "n_train": 1683,
      "n_holdout": 421,
      "train_DOWN_share": 0.44800950683303625,
      "train_STABLE_share": 0.14319667260843733,
      "train_UP_share": 0.4087938205585264,
      "label_DOWN_share": 0.41092636579572445,
      "label_STABLE_share": 0.20665083135391923,
      "label_UP_share": 0.3824228028503563,
      "raw_DOWN_share": 0.1828978622327791,
      "raw_STABLE_share": 0.5676959619952494,
      "raw_UP_share": 0.2494061757719715,
      "cal_DOWN_share": 0.5558194774346793,
      "cal_STABLE_share": 0.011876484560570071,
      "cal_UP_share": 0.4323040380047506,
      "raw_stable_prob_mean": 0.34588765778998415,
      "raw_stable_prob_max": 0.3897790203928602,
      "cal_stable_prob_mean": 0.2051318552063546,
      "cal_stable_prob_max": 0.569748797434527,
      "cal_stable_margin_mean": -0.22156735099016167,
      "directional_call_share": 0.9881235154394299,
      "sample_weight_DOWN": 0.744031830238727,
      "sample_weight_STABLE": 2.327800829875519,
      "sample_weight_UP": 0.815406976744186,
      "calibrators_fit": true,
      "bucket": "calibrator_collapse",
      "elapsed_s": 8.87,
      "dataset_path": "models/datasets/1h_20260423T014825Z.parquet"
    },
    {
      "coin_id": "dogwifcoin",
      "timeframe": "1h",
      "status": "ok",
      "n_rows": 2104,
      "n_train": 1683,
      "n_holdout": 421,
      "train_DOWN_share": 0.44087938205585264,
      "train_STABLE_share": 0.12418300653594772,
      "train_UP_share": 0.43493761140819964,
      "label_DOWN_share": 0.3919239904988123,
      "label_STABLE_share": 0.24703087885985747,
      "label_UP_share": 0.36104513064133015,
      "raw_DOWN_share": 0.3586698337292161,
      "raw_STABLE_share": 0.5249406175771971,
      "raw_UP_share": 0.1163895486935867,
      "cal_DOWN_share": 0.9762470308788599,
      "cal_STABLE_share": 0.0,
      "cal_UP_share": 0.023752969121140142,
      "raw_stable_prob_mean": 0.34608013103431046,
      "raw_stable_prob_max": 0.3888295871211969,
      "cal_stable_prob_mean": 0.24660708166370765,
      "cal_stable_prob_max": 0.3160005346878759,
      "cal_stable_margin_mean": -0.14776711325874245,
      "directional_call_share": 1.0,
      "sample_weight_DOWN": 0.7560646900269542,
      "sample_weight_STABLE": 2.6842105263157885,
      "sample_weight_UP": 0.7663934426229508,
      "calibrators_fit": true,
      "bucket": "calibrator_collapse",
      "elapsed_s": 4.28,
      "dataset_path": "models/datasets/1h_20260423T014825Z.parquet"
    },
    {
      "coin_id": "render-token",
      "timeframe": "1h",
      "status": "ok",
      "n_rows": 2104,
      "n_train": 1683,
      "n_holdout": 421,
      "train_DOWN_share": 0.44622697563874036,
      "train_STABLE_share": 0.11705288175876412,
      "train_UP_share": 0.43672014260249553,
      "label_DOWN_share": 0.3847980997624703,
      "label_STABLE_share": 0.2494061757719715,
      "label_UP_share": 0.3657957244655582,
      "raw_DOWN_share": 0.10688836104513064,
      "raw_STABLE_share": 0.7505938242280285,
      "raw_UP_share": 0.14251781472684086,
      "cal_DOWN_share": 0.9144893111638955,
      "cal_STABLE_share": 0.0,
      "cal_UP_share": 0.0855106888361045,
      "raw_stable_prob_mean": 0.3526345530157676,
      "raw_stable_prob_max": 0.3650108669645438,
      "cal_stable_prob_mean": 0.24954860260466583,
      "cal_stable_prob_max": 0.3265265150428772,
      "cal_stable_margin_mean": -0.14393099926150144,
      "directional_call_share": 1.0,
      "sample_weight_DOWN": 0.7470039946737683,
      "sample_weight_STABLE": 2.8477157360406093,
      "sample_weight_UP": 0.763265306122449,
      "calibrators_fit": true,
      "bucket": "calibrator_collapse",
      "elapsed_s": 7.13,
      "dataset_path": "models/datasets/1h_20260423T014825Z.parquet"
    },
    {
      "coin_id": "injective-protocol",
      "timeframe": "1h",
      "status": "ok",
      "n_rows": 2104,
      "n_train": 1683,
      "n_holdout": 421,
      "train_DOWN_share": 0.4444444444444444,
      "train_STABLE_share": 0.14497920380273321,
      "train_UP_share": 0.41057635175282237,
      "label_DOWN_share": 0.3515439429928741,
      "label_STABLE_share": 0.28028503562945367,
      "label_UP_share": 0.3681710213776722,
      "raw_DOWN_share": 0.07838479809976247,
      "raw_STABLE_share": 0.5961995249406176,
      "raw_UP_share": 0.3254156769596199,
      "cal_DOWN_share": 0.29691211401425177,
      "cal_STABLE_share": 0.0,
      "cal_UP_share": 0.7030878859857482,
      "raw_stable_prob_mean": 0.3505611965528507,
      "raw_stable_prob_max": 0.37736850835075825,
      "cal_stable_prob_mean": 0.281506069343428,
      "cal_stable_prob_max": 0.391812865497076,
      "cal_stable_margin_mean": -0.11327680828585204,
      "directional_call_share": 1.0,
      "sample_weight_DOWN": 0.75,
      "sample_weight_STABLE": 2.2991803278688523,
      "sample_weight_UP": 0.8118668596237341,
      "calibrators_fit": true,
      "bucket": "calibrator_collapse",
      "elapsed_s": 3.7,