{
  "task": 507,
  "generated_at": "20260424T161036Z",
  "class_weight_alpha": 0.5,
  "stuck_slices": [
    [
      "bonk",
      "1d"
    ],
    [
      "celestia",
      "1d"
    ],
    [
      "dogwifcoin",
      "1d"
    ],
    [
      "celestia",
      "6h"
    ]
  ],
  "rows": [
    {
      "coin_id": "bonk",
      "timeframe": "1d",
      "status": "ok",
      "n_rows": 331,
      "n_train": 264,
      "n_holdout": 67,
      "train_DOWN_share": 0.4810606060606061,
      "train_STABLE_share": 0.14393939393939395,
      "train_UP_share": 0.375,
      "label_DOWN_share": 0.44776119402985076,
      "label_STABLE_share": 0.1791044776119403,
      "label_UP_share": 0.373134328358209,
      "raw_DOWN_share": 0.9104477611940298,
      "raw_STABLE_share": 0.0,
      "raw_UP_share": 0.08955223880597014,
      "cal_DOWN_share": 0.9104477611940298,
      "cal_STABLE_share": 0.0,
      "cal_UP_share": 0.08955223880597014,
      "raw_stable_prob_mean": 0.205341727721976,
      "raw_stable_prob_max": 0.24679717243286858,
      "cal_stable_prob_mean": 0.198640563103493,
      "cal_stable_prob_max": 0.24182392032650582,
      "cal_stable_margin_mean": -0.2272530991721031,
      "directional_call_share": 1.0,
      "sample_weight_DOWN": 0.8324141912694496,
      "sample_weight_STABLE": 1.5217718205053643,
      "sample_weight_UP": 0.9428090415820634,
      "calibrators_fit": true,
      "bucket": "no_collapse",
      "elapsed_s": 3.68
    },
    {
      "coin_id": "celestia",
      "timeframe": "1d",
      "status": "ok",
      "n_rows": 331,
      "n_train": 264,
      "n_holdout": 67,
      "train_DOWN_share": 0.48863636363636365,
      "train_STABLE_share": 0.12878787878787878,
      "train_UP_share": 0.38257575757575757,
      "label_DOWN_share": 0.4626865671641791,
      "label_STABLE_share": 0.16417910447761194,
      "label_UP_share": 0.373134328358209,
      "raw_DOWN_share": 0.2835820895522388,
      "raw_STABLE_share": 0.0,
      "raw_UP_share": 0.7164179104477612,
      "cal_DOWN_share": 0.2835820895522388,
      "cal_STABLE_share": 0.0,
      "cal_UP_share": 0.7164179104477612,
      "raw_stable_prob_mean": 0.2116608966948015,
      "raw_stable_prob_max": 0.2797442745685427,
      "cal_stable_prob_mean": 0.17807283473286264,
      "cal_stable_prob_max": 0.2622743817546977,
      "cal_stable_margin_mean": -0.26822605923786474,
      "directional_call_share": 1.0,
      "sample_weight_DOWN": 0.8259361613561056,
      "sample_weight_STABLE": 1.6087993330796875,
      "sample_weight_UP": 0.9334276237142711,
      "calibrators_fit": true,
      "bucket": "no_collapse",
      "elapsed_s": 1.34
    },
    {
      "coin_id": "dogwifcoin",
      "timeframe": "1d",
      "status": "ok",
      "n_rows": 331,
      "n_train": 264,
      "n_holdout": 67,
      "train_DOWN_share": 0.45454545454545453,
      "train_STABLE_share": 0.1590909090909091,
      "train_UP_share": 0.38636363636363635,
      "label_DOWN_share": 0.4925373134328358,
      "label_STABLE_share": 0.16417910447761194,
      "label_UP_share": 0.34328358208955223,
      "raw_DOWN_share": 0.47761194029850745,
      "raw_STABLE_share": 0.0,
      "raw_UP_share": 0.5223880597014925,
      "cal_DOWN_share": 0.47761194029850745,
      "cal_STABLE_share": 0.0,
      "cal_UP_share": 0.5223880597014925,
      "raw_stable_prob_mean": 0.1846723226001133,
      "raw_stable_prob_max": 0.27787962949349976,
      "cal_stable_prob_mean": 0.1686714656686438,
      "cal_stable_prob_max": 0.2706131144958086,
      "cal_stable_margin_mean": -0.28326945141176046,
      "directional_call_share": 1.0,
      "sample_weight_DOWN": 0.8563488385776753,
      "sample_weight_STABLE": 1.4474937289114915,
      "sample_weight_UP": 0.928840728025648,
      "calibrators_fit": true,
      "bucket": "no_collapse",
      "elapsed_s": 5.74
    },
    {
      "coin_id": "celestia",
      "timeframe": "6h",
      "status": "ok",
      "n_rows": 1426,
      "n_train": 1140,
      "n_holdout": 286,
      "train_DOWN_share": 0.42719298245614035,
      "train_STABLE_share": 0.19210526315789472,
      "train_UP_share": 0.38070175438596493,
      "label_DOWN_share": 0.458041958041958,
      "label_STABLE_share": 0.1853146853146853,
      "label_UP_share": 0.35664335664335667,
      "raw_DOWN_share": 0.8286713286713286,
      "raw_STABLE_share": 0.01048951048951049,
      "raw_UP_share": 0.16083916083916083,
      "cal_DOWN_share": 0.8286713286713286,
      "cal_STABLE_share": 0.01048951048951049,
      "cal_UP_share": 0.16083916083916083,
      "raw_stable_prob_mean": 0.2567732049954121,
      "raw_stable_prob_max": 0.3551249198777588,
      "cal_stable_prob_mean": 0.2034199153321194,
      "cal_stable_prob_max": 0.3736079489334701,
      "cal_stable_margin_mean": -0.2519935114886141,
      "directional_call_share": 0.9895104895104895,
      "sample_weight_DOWN": 0.8833388219322463,
      "sample_weight_STABLE": 1.3172546516720287,
      "sample_weight_UP": 0.9357222006911878,
      "calibrators_fit": true,
      "bucket": "no_collapse",
      "elapsed_s": 1.64
    }
  ]
}