{
  "task": 507,
  "generated_at": "20260424T163729Z",
  "class_weight_alpha": 2.0,
  "stuck_slices": [
    [
      "bonk",
      "1d"
    ],
    [
      "celestia",
      "1d"
    ],
    [
      "dogwifcoin",
      "1d"
    ],
    [
      "celestia",
      "6h"
    ]
  ],
  "rows": [
    {
      "coin_id": "bonk",
      "timeframe": "1d",
      "status": "ok",
      "n_rows": 331,
      "n_train": 264,
      "n_holdout": 67,
      "train_DOWN_share": 0.4810606060606061,
      "train_STABLE_share": 0.14393939393939395,
      "train_UP_share": 0.375,
      "label_DOWN_share": 0.44776119402985076,
      "label_STABLE_share": 0.1791044776119403,
      "label_UP_share": 0.373134328358209,
      "raw_DOWN_share": 0.13432835820895522,
      "raw_STABLE_share": 0.014925373134328358,
      "raw_UP_share": 0.8507462686567164,
      "cal_DOWN_share": 0.13432835820895522,
      "cal_STABLE_share": 0.014925373134328358,
      "cal_UP_share": 0.8507462686567164,
      "raw_stable_prob_mean": 0.1855196132708438,
      "raw_stable_prob_max": 0.37701676638540427,
      "cal_stable_prob_mean": 0.2458551958133193,
      "cal_stable_prob_max": 0.3571278565393066,
      "cal_stable_margin_mean": -0.1813079993055496,
      "directional_call_share": 0.9850746268656716,
      "sample_weight_DOWN": 0.4801289602579207,
      "sample_weight_STABLE": 5.362880886426591,
      "sample_weight_UP": 0.7901234567901235,
      "calibrators_fit": true,
      "bucket": "no_collapse",
      "elapsed_s": 2.2
    },
    {
      "coin_id": "celestia",
      "timeframe": "1d",
      "status": "ok",
      "n_rows": 331,
      "n_train": 264,
      "n_holdout": 67,
      "train_DOWN_share": 0.48863636363636365,
      "train_STABLE_share": 0.12878787878787878,
      "train_UP_share": 0.38257575757575757,
      "label_DOWN_share": 0.4626865671641791,
      "label_STABLE_share": 0.16417910447761194,
      "label_UP_share": 0.373134328358209,
      "raw_DOWN_share": 0.04477611940298507,
      "raw_STABLE_share": 0.05970149253731343,
      "raw_UP_share": 0.8955223880597015,
      "cal_DOWN_share": 0.04477611940298507,
      "cal_STABLE_share": 0.05970149253731343,
      "cal_UP_share": 0.8955223880597015,
      "raw_stable_prob_mean": 0.24332780646047222,
      "raw_stable_prob_max": 0.4798423075347528,
      "cal_stable_prob_mean": 0.31291907213131226,
      "cal_stable_prob_max": 0.37446977299397566,
      "cal_stable_margin_mean": -0.07143788093424927,
      "directional_call_share": 0.9402985074626866,
      "sample_weight_DOWN": 0.46535664923982933,
      "sample_weight_STABLE": 6.6989619377162635,
      "sample_weight_UP": 0.7591412606607197,
      "calibrators_fit": true,
      "bucket": "no_collapse",
      "elapsed_s": 2.17
    },
    {
      "coin_id": "dogwifcoin",
      "timeframe": "1d",
      "status": "ok",
      "n_rows": 331,
      "n_train": 264,
      "n_holdout": 67,
      "train_DOWN_share": 0.45454545454545453,
      "train_STABLE_share": 0.1590909090909091,
      "train_UP_share": 0.38636363636363635,
      "label_DOWN_share": 0.4925373134328358,
      "label_STABLE_share": 0.16417910447761194,
      "label_UP_share": 0.34328358208955223,
      "raw_DOWN_share": 0.29850746268656714,
      "raw_STABLE_share": 0.0,
      "raw_UP_share": 0.7014925373134329,
      "cal_DOWN_share": 0.29850746268656714,
      "cal_STABLE_share": 0.0,
      "cal_UP_share": 0.7014925373134329,
      "raw_stable_prob_mean": 0.20219261807472066,
      "raw_stable_prob_max": 0.2836609471825983,
      "cal_stable_prob_mean": 0.2288116318287592,
      "cal_stable_prob_max": 0.2959973503183141,
      "cal_stable_margin_mean": -0.20956004742748865,
      "directional_call_share": 1.0,
      "sample_weight_DOWN": 0.5377777777777776,
      "sample_weight_STABLE": 4.390022675736962,
      "sample_weight_UP": 0.7443291041906959,
      "calibrators_fit": true,
      "bucket": "no_collapse",
      "elapsed_s": 1.59
    },
    {
      "coin_id": "celestia",
      "timeframe": "6h",
      "status": "ok",
      "n_rows": 1426,
      "n_train": 1140,
      "n_holdout": 286,
      "train_DOWN_share": 0.42719298245614035,
      "train_STABLE_share": 0.19210526315789472,
      "train_UP_share": 0.38070175438596493,
      "label_DOWN_share": 0.458041958041958,
      "label_STABLE_share": 0.1853146853146853,
      "label_UP_share": 0.35664335664335667,
      "raw_DOWN_share": 0.6783216783216783,
      "raw_STABLE_share": 0.2202797202797203,
      "raw_UP_share": 0.10139860139860139,
      "cal_DOWN_share": 0.6783216783216783,
      "cal_STABLE_share": 0.2202797202797203,
      "cal_UP_share": 0.10139860139860139,
      "raw_stable_prob_mean": 0.2815253529320539,
      "raw_stable_prob_max": 0.6408920569313735,
      "cal_stable_prob_mean": 0.30897378093887906,
      "cal_stable_prob_max": 0.465435640166559,
      "cal_stable_margin_mean": -0.07678678368782972,
      "directional_call_share": 0.7797202797202797,
      "sample_weight_DOWN": 0.6088485426004243,
      "sample_weight_STABLE": 3.0107795917516316,
      "sample_weight_UP": 0.7666333963346004,
      "calibrators_fit": true,
      "bucket": "no_collapse",
      "elapsed_s": 2.23
    }
  ]
}