{
  "task": 507,
  "generated_at": "20260424T163715Z",
  "class_weight_alpha": 1.5,
  "stuck_slices": [
    [
      "bonk",
      "1d"
    ],
    [
      "celestia",
      "1d"
    ],
    [
      "dogwifcoin",
      "1d"
    ],
    [
      "celestia",
      "6h"
    ]
  ],
  "rows": [
    {
      "coin_id": "bonk",
      "timeframe": "1d",
      "status": "ok",
      "n_rows": 331,
      "n_train": 264,
      "n_holdout": 67,
      "train_DOWN_share": 0.4810606060606061,
      "train_STABLE_share": 0.14393939393939395,
      "train_UP_share": 0.375,
      "label_DOWN_share": 0.44776119402985076,
      "label_STABLE_share": 0.1791044776119403,
      "label_UP_share": 0.373134328358209,
      "raw_DOWN_share": 0.26865671641791045,
      "raw_STABLE_share": 0.014925373134328358,
      "raw_UP_share": 0.7164179104477612,
      "cal_DOWN_share": 0.26865671641791045,
      "cal_STABLE_share": 0.014925373134328358,
      "cal_UP_share": 0.7164179104477612,
      "raw_stable_prob_mean": 0.1557615377057458,
      "raw_stable_prob_max": 0.4278688953813212,
      "cal_stable_prob_mean": 0.25836882995786825,
      "cal_stable_prob_max": 0.3707910605329914,
      "cal_stable_margin_mean": -0.15450455048315478,
      "directional_call_share": 0.9850746268656716,
      "sample_weight_DOWN": 0.5767909356827681,
      "sample_weight_STABLE": 3.5241031632755804,
      "sample_weight_UP": 0.8380524814062784,
      "calibrators_fit": true,
      "bucket": "no_collapse",
      "elapsed_s": 4.69
    },
    {
      "coin_id": "celestia",
      "timeframe": "1d",
      "status": "ok",
      "n_rows": 331,
      "n_train": 264,
      "n_holdout": 67,
      "train_DOWN_share": 0.48863636363636365,
      "train_STABLE_share": 0.12878787878787878,
      "train_UP_share": 0.38257575757575757,
      "label_DOWN_share": 0.4626865671641791,
      "label_STABLE_share": 0.16417910447761194,
      "label_UP_share": 0.373134328358209,
      "raw_DOWN_share": 0.07462686567164178,
      "raw_STABLE_share": 0.014925373134328358,
      "raw_UP_share": 0.9104477611940298,
      "cal_DOWN_share": 0.07462686567164178,
      "cal_STABLE_share": 0.014925373134328358,
      "cal_UP_share": 0.9104477611940298,
      "raw_stable_prob_mean": 0.2404277998017777,
      "raw_stable_prob_max": 0.43827536550820906,
      "cal_stable_prob_mean": 0.3101121600999725,
      "cal_stable_prob_max": 0.3586621146272107,
      "cal_stable_margin_mean": -0.06283542538001011,
      "directional_call_share": 0.9850746268656716,
      "sample_weight_DOWN": 0.5634293193747076,
      "sample_weight_STABLE": 4.16395121502978,
      "sample_weight_UP": 0.813283474127286,
      "calibrators_fit": true,
      "bucket": "no_collapse",
      "elapsed_s": 2.04
    },
    {
      "coin_id": "dogwifcoin",
      "timeframe": "1d",
      "status": "ok",
      "n_rows": 331,
      "n_train": 264,
      "n_holdout": 67,
      "train_DOWN_share": 0.45454545454545453,
      "train_STABLE_share": 0.1590909090909091,
      "train_UP_share": 0.38636363636363635,
      "label_DOWN_share": 0.4925373134328358,
      "label_STABLE_share": 0.16417910447761194,
      "label_UP_share": 0.34328358208955223,
      "raw_DOWN_share": 0.34328358208955223,
      "raw_STABLE_share": 0.0,
      "raw_UP_share": 0.6567164179104478,
      "cal_DOWN_share": 0.34328358208955223,
      "cal_STABLE_share": 0.0,
      "cal_UP_share": 0.6567164179104478,
      "raw_stable_prob_mean": 0.2114058958365858,
      "raw_stable_prob_max": 0.3254026243601331,
      "cal_stable_prob_mean": 0.24467703118147374,
      "cal_stable_prob_max": 0.32800454654144967,
      "cal_stable_margin_mean": -0.17865509435076032,
      "directional_call_share": 1.0,
      "sample_weight_DOWN": 0.6279891482902952,
      "sample_weight_STABLE": 3.0328440034336017,
      "sample_weight_UP": 0.8013527849633042,
      "calibrators_fit": true,
      "bucket": "no_collapse",
      "elapsed_s": 1.79
    },
    {
      "coin_id": "celestia",
      "timeframe": "6h",
      "status": "ok",
      "n_rows": 1426,
      "n_train": 1140,
      "n_holdout": 286,
      "train_DOWN_share": 0.42719298245614035,
      "train_STABLE_share": 0.19210526315789472,
      "train_UP_share": 0.38070175438596493,
      "label_DOWN_share": 0.458041958041958,
      "label_STABLE_share": 0.1853146853146853,
      "label_UP_share": 0.35664335664335667,
      "raw_DOWN_share": 0.8496503496503497,
      "raw_STABLE_share": 0.13636363636363635,
      "raw_UP_share": 0.013986013986013986,
      "cal_DOWN_share": 0.8496503496503497,
      "cal_STABLE_share": 0.13636363636363635,
      "cal_UP_share": 0.013986013986013986,
      "raw_stable_prob_mean": 0.31967277452826426,
      "raw_stable_prob_max": 0.5188434039414592,
      "cal_stable_prob_mean": 0.3305758205252879,
      "cal_stable_prob_max": 0.38845544454863695,
      "cal_stable_margin_mean": -0.03321923834345927,
      "directional_call_share": 0.8636363636363636,
      "sample_weight_DOWN": 0.6892582183454898,
      "sample_weight_STABLE": 2.2856473408007796,
      "sample_weight_UP": 0.8192959360890585,
      "calibrators_fit": true,
      "bucket": "no_collapse",
      "elapsed_s": 2.08
    }
  ]
}