{
  "task": 482,
  "generated_at": "20260424T143418Z",
  "coins": [
    "pepe",
    "bonk",
    "floki-inu",
    "dogwifcoin",
    "render-token",
    "injective-protocol",
    "celestia",
    "worldcoin-wld",
    "jupiter-exchange-solana",
    "__pooled__"
  ],
  "tradeable_tfs": [
    "1h",
    "2h",
    "6h",
    "1d"
  ],
  "rows": [
    {
      "coin_id": "pepe",
      "timeframe": "1d",
      "status": "ok",
      "n_rows": 331,
      "n_train": 264,
      "n_holdout": 67,
      "train_DOWN_share": 0.45454545454545453,
      "train_STABLE_share": 0.17424242424242425,
      "train_UP_share": 0.3712121212121212,
      "label_DOWN_share": 0.4626865671641791,
      "label_STABLE_share": 0.16417910447761194,
      "label_UP_share": 0.373134328358209,
      "raw_DOWN_share": 0.08955223880597014,
      "raw_STABLE_share": 0.5970149253731343,
      "raw_UP_share": 0.31343283582089554,
      "cal_DOWN_share": 0.8805970149253731,
      "cal_STABLE_share": 0.0,
      "cal_UP_share": 0.11940298507462686,
      "raw_stable_prob_mean": 0.33554080735175484,
      "raw_stable_prob_max": 0.37600437548655014,
      "cal_stable_prob_mean": 0.17077038400608874,
      "cal_stable_prob_max": 0.2176461392882587,
      "cal_stable_margin_mean": -0.2907566761784752,
      "directional_call_share": 1.0,
      "sample_weight_DOWN": 0.7333333333333331,
      "sample_weight_STABLE": 1.9130434782608703,
      "sample_weight_UP": 0.8979591836734693,
      "calibrators_fit": true,
      "bucket": "calibrator_collapse",
      "elapsed_s": 6.96,
      "dataset_path": "models/datasets/1d_20260423T043348Z.parquet"
    },
    {
      "coin_id": "bonk",
      "timeframe": "1d",
      "status": "ok",
      "n_rows": 331,
      "n_train": 264,
      "n_holdout": 67,
      "train_DOWN_share": 0.4810606060606061,
      "train_STABLE_share": 0.14393939393939395,
      "train_UP_share": 0.375,
      "label_DOWN_share": 0.44776119402985076,
      "label_STABLE_share": 0.1791044776119403,
      "label_UP_share": 0.373134328358209,
      "raw_DOWN_share": 0.6119402985074627,
      "raw_STABLE_share": 0.014925373134328358,
      "raw_UP_share": 0.373134328358209,
      "cal_DOWN_share": 0.8507462686567164,
      "cal_STABLE_share": 0.0,
      "cal_UP_share": 0.14925373134328357,
      "raw_stable_prob_mean": 0.22504415501500188,
      "raw_stable_prob_max": 0.38398593696555355,
      "cal_stable_prob_mean": 0.18473019546515593,
      "cal_stable_prob_max": 0.29228038276119844,
      "cal_stable_margin_mean": -0.260597694228269,
      "directional_call_share": 1.0,
      "sample_weight_DOWN": 0.6929133858267715,
      "sample_weight_STABLE": 2.3157894736842097,
      "sample_weight_UP": 0.8888888888888891,
      "calibrators_fit": true,
      "bucket": "no_collapse",
      "elapsed_s": 10.44,
      "dataset_path": "models/datasets/1d_20260423T043348Z.parquet"
    },
    {
      "coin_id": "floki-inu",
      "timeframe": "1d",
      "status": "ok",
      "n_rows": 331,
      "n_train": 264,
      "n_holdout": 67,
      "train_DOWN_share": 0.4621212121212121,
      "train_STABLE_share": 0.14015151515151514,
      "train_UP_share": 0.3977272727272727,
      "label_DOWN_share": 0.4626865671641791,
      "label_STABLE_share": 0.16417910447761194,
      "label_UP_share": 0.373134328358209,
      "raw_DOWN_share": 0.26865671641791045,
      "raw_STABLE_share": 0.07462686567164178,
      "raw_UP_share": 0.6567164179104478,
      "cal_DOWN_share": 0.7611940298507462,
      "cal_STABLE_share": 0.0,
      "cal_UP_share": 0.23880597014925373,
      "raw_stable_prob_mean": 0.29041158848993875,
      "raw_stable_prob_max": 0.43645531626006356,
      "cal_stable_prob_mean": 0.16884502103742927,
      "cal_stable_prob_max": 0.27730592725309905,
      "cal_stable_margin_mean": -0.2753795259211064,
      "directional_call_share": 1.0,
      "sample_weight_DOWN": 0.7213114754098361,
      "sample_weight_STABLE": 2.3783783783783776,
      "sample_weight_UP": 0.8380952380952381,
      "calibrators_fit": true,
      "bucket": "calibrator_collapse",
      "elapsed_s": 8.18,
      "dataset_path": "models/datasets/1d_20260423T043348Z.parquet"
    },
    {
      "coin_id": "dogwifcoin",
      "timeframe": "1d",
      "status": "ok",
      "n_rows": 331,
      "n_train": 264,
      "n_holdout": 67,
      "train_DOWN_share": 0.45454545454545453,
      "train_STABLE_share": 0.1590909090909091,
      "train_UP_share": 0.38636363636363635,
      "label_DOWN_share": 0.4925373134328358,
      "label_STABLE_share": 0.16417910447761194,
      "label_UP_share": 0.34328358208955223,
      "raw_DOWN_share": 0.5373134328358209,
      "raw_STABLE_share": 0.0,
      "raw_UP_share": 0.4626865671641791,
      "cal_DOWN_share": 0.9850746268656716,
      "cal_STABLE_share": 0.0,
      "cal_UP_share": 0.014925373134328358,
      "raw_stable_prob_mean": 0.26983050626593713,
      "raw_stable_prob_max": 0.3302702973344131,
      "cal_stable_prob_mean": 0.16665124137245088,
      "cal_stable_prob_max": 0.21176583314255293,
      "cal_stable_margin_mean": -0.32144320648304614,
      "directional_call_share": 1.0,
      "sample_weight_DOWN": 0.7333333333333331,
      "sample_weight_STABLE": 2.095238095238096,
      "sample_weight_UP": 0.8627450980392158,
      "calibrators_fit": true,
      "bucket": "no_collapse",
      "elapsed_s": 4.32,
      "dataset_path": "models/datasets/1d_20260423T043348Z.parquet"
    },
    {
      "coin_id": "render-token",
      "timeframe": "1d",
      "status": "ok",
      "n_rows": 331,
      "n_train": 264,
      "n_holdout": 67,
      "train_DOWN_share": 0.45075757575757575,
      "train_STABLE_share": 0.1590909090909091,
      "train_UP_share": 0.39015151515151514,
      "label_DOWN_share": 0.4626865671641791,
      "label_STABLE_share": 0.1044776119402985,
      "label_UP_share": 0.43283582089552236,
      "raw_DOWN_share": 0.6268656716417911,
      "raw_STABLE_share": 0.05970149253731343,
      "raw_UP_share": 0.31343283582089554,
      "cal_DOWN_share": 0.7611940298507462,
      "cal_STABLE_share": 0.0,
      "cal_UP_share": 0.23880597014925373,
      "raw_stable_prob_mean": 0.3194479531768681,
      "raw_stable_prob_max": 0.3851154059775912,
      "cal_stable_prob_mean": 0.10512482333224762,
      "cal_stable_prob_max": 0.14640779160699202,
      "cal_stable_margin_mean": -0.3597169542750586,
      "directional_call_share": 1.0,
      "sample_weight_DOWN": 0.7394957983193278,
      "sample_weight_STABLE": 2.095238095238096,
      "sample_weight_UP": 0.8543689320388349,
      "calibrators_fit": true,
      "bucket": "calibrator_collapse",
      "elapsed_s": 14.99,
      "dataset_path": "models/datasets/1d_20260423T043348Z.parquet"
    },
    {
      "coin_id": "injective-protocol",
      "timeframe": "1d",
      "status": "ok",
      "n_rows": 331,
      "n_train": 264,
      "n_holdout": 67,
      "train_DOWN_share": 0.4659090909090909,
      "train_STABLE_share": 0.14015151515151514,
      "train_UP_share": 0.3939393939393939,
      "label_DOWN_share": 0.44776119402985076,
      "label_STABLE_share": 0.13432835820895522,
      "label_UP_share": 0.417910447761194,
      "raw_DOWN_share": 0.6268656716417911,
      "raw_STABLE_share": 0.3582089552238806,
      "raw_UP_share": 0.014925373134328358,
      "cal_DOWN_share": 0.9701492537313433,
      "cal_STABLE_share": 0.0,
      "cal_UP_share": 0.029850746268656716,
      "raw_stable_prob_mean": 0.33588625442119346,
      "raw_stable_prob_max": 0.3750491654027997,
      "cal_stable_prob_mean": 0.14090014635403952,
      "cal_stable_prob_max": 0.16640464554364595,
      "cal_stable_margin_mean": -0.3034432999834168,
      "directional_call_share": 1.0,
      "sample_weight_DOWN": 0.7154471544715448,
      "sample_weight_STABLE": 2.3783783783783776,
      "sample_weight_UP": 0.8461538461538461,
      "calibrators_fit": true,
      "bucket": "calibrator_collapse",
      "elapsed_s": 4.39,