{
  "task": 507,
  "generated_at": "20260424T163744Z",
  "class_weight_alpha": 2.5,
  "stuck_slices": [
    [
      "bonk",
      "1d"
    ],
    [
      "celestia",
      "1d"
    ],
    [
      "dogwifcoin",
      "1d"
    ],
    [
      "celestia",
      "6h"
    ]
  ],
  "rows": [
    {
      "coin_id": "bonk",
      "timeframe": "1d",
      "status": "ok",
      "n_rows": 331,
      "n_train": 264,
      "n_holdout": 67,
      "train_DOWN_share": 0.4810606060606061,
      "train_STABLE_share": 0.14393939393939395,
      "train_UP_share": 0.375,
      "label_DOWN_share": 0.44776119402985076,
      "label_STABLE_share": 0.1791044776119403,
      "label_UP_share": 0.373134328358209,
      "raw_DOWN_share": 0.08955223880597014,
      "raw_STABLE_share": 0.0,
      "raw_UP_share": 0.9104477611940298,
      "cal_DOWN_share": 0.08955223880597014,
      "cal_STABLE_share": 0.0,
      "cal_UP_share": 0.9104477611940298,
      "raw_stable_prob_mean": 0.10968741872902762,
      "raw_stable_prob_max": 0.3651594542252287,
      "cal_stable_prob_mean": 0.25997662152250434,
      "cal_stable_prob_max": 0.34577099031118314,
      "cal_stable_margin_mean": -0.1540313544222974,
      "directional_call_share": 1.0,
      "sample_weight_DOWN": 0.3996661601581386,
      "sample_weight_STABLE": 8.161081009690816,
      "sample_weight_UP": 0.7449355390278032,
      "calibrators_fit": true,
      "bucket": "no_collapse",
      "elapsed_s": 3.17
    },
    {
      "coin_id": "celestia",
      "timeframe": "1d",
      "status": "ok",
      "n_rows": 331,
      "n_train": 264,
      "n_holdout": 67,
      "train_DOWN_share": 0.48863636363636365,
      "train_STABLE_share": 0.12878787878787878,
      "train_UP_share": 0.38257575757575757,
      "label_DOWN_share": 0.4626865671641791,
      "label_STABLE_share": 0.16417910447761194,
      "label_UP_share": 0.373134328358209,
      "raw_DOWN_share": 0.208955223880597,
      "raw_STABLE_share": 0.07462686567164178,
      "raw_UP_share": 0.7164179104477612,
      "cal_DOWN_share": 0.208955223880597,
      "cal_STABLE_share": 0.07462686567164178,
      "cal_UP_share": 0.7164179104477612,
      "raw_stable_prob_mean": 0.1906296764398653,
      "raw_stable_prob_max": 0.6185277503673151,
      "cal_stable_prob_mean": 0.29202032294011787,
      "cal_stable_prob_max": 0.402572825537378,
      "cal_stable_margin_mean": -0.10028580927362828,
      "directional_call_share": 0.9253731343283582,
      "sample_weight_DOWN": 0.38435488453468425,
      "sample_weight_STABLE": 10.777285497724138,
      "sample_weight_UP": 0.7086034230019915,
      "calibrators_fit": true,
      "bucket": "no_collapse",
      "elapsed_s": 2.03
    },
    {
      "coin_id": "dogwifcoin",
      "timeframe": "1d",
      "status": "ok",
      "n_rows": 331,
      "n_train": 264,
      "n_holdout": 67,
      "train_DOWN_share": 0.45454545454545453,
      "train_STABLE_share": 0.1590909090909091,
      "train_UP_share": 0.38636363636363635,
      "label_DOWN_share": 0.4925373134328358,
      "label_STABLE_share": 0.16417910447761194,
      "label_UP_share": 0.34328358208955223,
      "raw_DOWN_share": 0.7313432835820896,
      "raw_STABLE_share": 0.0,
      "raw_UP_share": 0.26865671641791045,
      "cal_DOWN_share": 0.7313432835820896,
      "cal_STABLE_share": 0.0,
      "cal_UP_share": 0.26865671641791045,
      "raw_stable_prob_mean": 0.13817831406321318,
      "raw_stable_prob_max": 0.3099412320285609,
      "cal_stable_prob_mean": 0.18737203249155224,
      "cal_stable_prob_max": 0.3200301086605225,
      "cal_stable_margin_mean": -0.32357904524824943,
      "directional_call_share": 1.0,
      "sample_weight_DOWN": 0.4605253754128833,
      "sample_weight_STABLE": 6.354530292908501,
      "sample_weight_UP": 0.6913631870271644,
      "calibrators_fit": true,
      "bucket": "no_collapse",
      "elapsed_s": 1.96
    },
    {
      "coin_id": "celestia",
      "timeframe": "6h",
      "status": "ok",
      "n_rows": 1426,
      "n_train": 1140,
      "n_holdout": 286,
      "train_DOWN_share": 0.42719298245614035,
      "train_STABLE_share": 0.19210526315789472,
      "train_UP_share": 0.38070175438596493,
      "label_DOWN_share": 0.458041958041958,
      "label_STABLE_share": 0.1853146853146853,
      "label_UP_share": 0.35664335664335667,
      "raw_DOWN_share": 0.6363636363636364,
      "raw_STABLE_share": 0.2517482517482518,
      "raw_UP_share": 0.11188811188811189,
      "cal_DOWN_share": 0.6363636363636364,
      "cal_STABLE_share": 0.2517482517482518,
      "cal_UP_share": 0.11188811188811189,
      "raw_stable_prob_mean": 0.3020499360278722,
      "raw_stable_prob_max": 0.7345727667743076,
      "cal_stable_prob_mean": 0.32465683371925375,
      "cal_stable_prob_max": 0.43429204596229753,
      "cal_stable_margin_mean": -0.03865016969677169,
      "directional_call_share": 0.7482517482517482,
      "sample_weight_DOWN": 0.537819554355824,
      "sample_weight_STABLE": 3.9659634223940476,
      "sample_weight_UP": 0.717355888741572,
      "calibrators_fit": true,
      "bucket": "no_collapse",
      "elapsed_s": 2.15
    }
  ]
}