{
  "task": 507,
  "generated_at": "20260424T161121Z",
  "class_weight_alpha": 0.0,
  "stuck_slices": [
    [
      "bonk",
      "1d"
    ],
    [
      "celestia",
      "1d"
    ],
    [
      "dogwifcoin",
      "1d"
    ],
    [
      "celestia",
      "6h"
    ]
  ],
  "rows": [
    {
      "coin_id": "bonk",
      "timeframe": "1d",
      "status": "ok",
      "n_rows": 331,
      "n_train": 264,
      "n_holdout": 67,
      "train_DOWN_share": 0.4810606060606061,
      "train_STABLE_share": 0.14393939393939395,
      "train_UP_share": 0.375,
      "label_DOWN_share": 0.44776119402985076,
      "label_STABLE_share": 0.1791044776119403,
      "label_UP_share": 0.373134328358209,
      "raw_DOWN_share": 0.9402985074626866,
      "raw_STABLE_share": 0.0,
      "raw_UP_share": 0.05970149253731343,
      "cal_DOWN_share": 0.9402985074626866,
      "cal_STABLE_share": 0.0,
      "cal_UP_share": 0.05970149253731343,
      "raw_stable_prob_mean": 0.15759702309998372,
      "raw_stable_prob_max": 0.1709677005872368,
      "cal_stable_prob_mean": 0.18385947780410147,
      "cal_stable_prob_max": 0.1959212957349916,
      "cal_stable_margin_mean": -0.25495449408303983,
      "directional_call_share": 1.0,
      "sample_weight_DOWN": 1.0,
      "sample_weight_STABLE": 1.0,
      "sample_weight_UP": 1.0,
      "calibrators_fit": true,
      "bucket": "no_collapse",
      "elapsed_s": 10.96
    },
    {
      "coin_id": "celestia",
      "timeframe": "1d",
      "status": "ok",
      "n_rows": 331,
      "n_train": 264,
      "n_holdout": 67,
      "train_DOWN_share": 0.48863636363636365,
      "train_STABLE_share": 0.12878787878787878,
      "train_UP_share": 0.38257575757575757,
      "label_DOWN_share": 0.4626865671641791,
      "label_STABLE_share": 0.16417910447761194,
      "label_UP_share": 0.373134328358209,
      "raw_DOWN_share": 0.2835820895522388,
      "raw_STABLE_share": 0.0,
      "raw_UP_share": 0.7164179104477612,
      "cal_DOWN_share": 0.2835820895522388,
      "cal_STABLE_share": 0.0,
      "cal_UP_share": 0.7164179104477612,
      "raw_stable_prob_mean": 0.1300857048428059,
      "raw_stable_prob_max": 0.2143180747763927,
      "cal_stable_prob_mean": 0.16944046833784687,
      "cal_stable_prob_max": 0.2421100125197012,
      "cal_stable_margin_mean": -0.261690609047766,
      "directional_call_share": 1.0,
      "sample_weight_DOWN": 1.0,
      "sample_weight_STABLE": 1.0,
      "sample_weight_UP": 1.0,
      "calibrators_fit": true,
      "bucket": "no_collapse",
      "elapsed_s": 12.86
    },
    {
      "coin_id": "dogwifcoin",
      "timeframe": "1d",
      "status": "ok",
      "n_rows": 331,
      "n_train": 264,
      "n_holdout": 67,
      "train_DOWN_share": 0.45454545454545453,
      "train_STABLE_share": 0.1590909090909091,
      "train_UP_share": 0.38636363636363635,
      "label_DOWN_share": 0.4925373134328358,
      "label_STABLE_share": 0.16417910447761194,
      "label_UP_share": 0.34328358208955223,
      "raw_DOWN_share": 0.835820895522388,
      "raw_STABLE_share": 0.0,
      "raw_UP_share": 0.16417910447761194,
      "cal_DOWN_share": 0.835820895522388,
      "cal_STABLE_share": 0.0,
      "cal_UP_share": 0.16417910447761194,
      "raw_stable_prob_mean": 0.14521270019761778,
      "raw_stable_prob_max": 0.19921957127620868,
      "cal_stable_prob_mean": 0.1582000475710301,
      "cal_stable_prob_max": 0.2098756987324244,
      "cal_stable_margin_mean": -0.2920149403990672,
      "directional_call_share": 1.0,
      "sample_weight_DOWN": 1.0,
      "sample_weight_STABLE": 1.0,
      "sample_weight_UP": 1.0,
      "calibrators_fit": true,
      "bucket": "no_collapse",
      "elapsed_s": 2.18
    },
    {
      "coin_id": "celestia",
      "timeframe": "6h",
      "status": "ok",
      "n_rows": 1426,
      "n_train": 1140,
      "n_holdout": 286,
      "train_DOWN_share": 0.42719298245614035,
      "train_STABLE_share": 0.19210526315789472,
      "train_UP_share": 0.38070175438596493,
      "label_DOWN_share": 0.458041958041958,
      "label_STABLE_share": 0.1853146853146853,
      "label_UP_share": 0.35664335664335667,
      "raw_DOWN_share": 1.0,
      "raw_STABLE_share": 0.0,
      "raw_UP_share": 0.0,
      "cal_DOWN_share": 1.0,
      "cal_STABLE_share": 0.0,
      "cal_UP_share": 0.0,
      "raw_stable_prob_mean": 0.18860614060947117,
      "raw_stable_prob_max": 0.2619938075242587,
      "cal_stable_prob_mean": 0.18761350665445162,
      "cal_stable_prob_max": 0.2614325233016096,
      "cal_stable_margin_mean": -0.2650656992308468,
      "directional_call_share": 1.0,
      "sample_weight_DOWN": 1.0,
      "sample_weight_STABLE": 1.0,
      "sample_weight_UP": 1.0,
      "calibrators_fit": true,
      "bucket": "no_collapse",
      "elapsed_s": 3.38
    }
  ]
}