{
  "task": 482,
  "generated_at": "20260424T152314Z",
  "coins": [
    "pepe",
    "bonk",
    "floki-inu",
    "dogwifcoin",
    "render-token",
    "injective-protocol",
    "celestia",
    "worldcoin-wld",
    "jupiter-exchange-solana",
    "__pooled__"
  ],
  "tradeable_tfs": [
    "1h",
    "2h",
    "6h",
    "1d"
  ],
  "rows": [
    {
      "coin_id": "pepe",
      "timeframe": "2h",
      "status": "ok",
      "n_rows": 1698,
      "n_train": 1358,
      "n_holdout": 340,
      "train_DOWN_share": 0.44477172312223856,
      "train_STABLE_share": 0.13549337260677466,
      "train_UP_share": 0.41973490427098675,
      "label_DOWN_share": 0.4,
      "label_STABLE_share": 0.25588235294117645,
      "label_UP_share": 0.34411764705882353,
      "raw_DOWN_share": 0.07058823529411765,
      "raw_STABLE_share": 0.7205882352941176,
      "raw_UP_share": 0.2088235294117647,
      "cal_DOWN_share": 0.07058823529411765,
      "cal_STABLE_share": 0.7205882352941176,
      "cal_UP_share": 0.2088235294117647,
      "raw_stable_prob_mean": 0.3621611356757131,
      "raw_stable_prob_max": 0.3808093798773964,
      "cal_stable_prob_mean": 0.34038262548256704,
      "cal_stable_prob_max": 0.3449381550268216,
      "cal_stable_margin_mean": 0.008673416934364865,
      "directional_call_share": 0.27941176470588236,
      "sample_weight_DOWN": 0.749448123620309,
      "sample_weight_STABLE": 2.4601449275362315,
      "sample_weight_UP": 0.7941520467836256,
      "calibrators_fit": true,
      "bucket": "no_collapse",
      "elapsed_s": 3.08,
      "dataset_path": "models/datasets/2h_20260423T030018Z.parquet"
    },
    {
      "coin_id": "bonk",
      "timeframe": "2h",
      "status": "ok",
      "n_rows": 1698,
      "n_train": 1358,
      "n_holdout": 340,
      "train_DOWN_share": 0.46612665684830634,
      "train_STABLE_share": 0.10088365243004419,
      "train_UP_share": 0.4329896907216495,
      "label_DOWN_share": 0.39705882352941174,
      "label_STABLE_share": 0.2647058823529412,
      "label_UP_share": 0.3382352941176471,
      "raw_DOWN_share": 0.1323529411764706,
      "raw_STABLE_share": 0.5617647058823529,
      "raw_UP_share": 0.3058823529411765,
      "cal_DOWN_share": 0.1323529411764706,
      "cal_STABLE_share": 0.5617647058823529,
      "cal_UP_share": 0.3058823529411765,
      "raw_stable_prob_mean": 0.3474311491261651,
      "raw_stable_prob_max": 0.37356061356995474,
      "cal_stable_prob_mean": 0.3368855865914848,
      "cal_stable_prob_max": 0.3431916303239265,
      "cal_stable_margin_mean": 0.00171057025007138,
      "directional_call_share": 0.43823529411764706,
      "sample_weight_DOWN": 0.7151132174828857,
      "sample_weight_STABLE": 3.304136253041363,
      "sample_weight_UP": 0.7698412698412699,
      "calibrators_fit": true,
      "bucket": "no_collapse",
      "elapsed_s": 1.4,
      "dataset_path": "models/datasets/2h_20260423T030018Z.parquet"
    },
    {
      "coin_id": "floki-inu",
      "timeframe": "2h",
      "status": "ok",
      "n_rows": 1698,
      "n_train": 1358,
      "n_holdout": 340,
      "train_DOWN_share": 0.4565537555228277,
      "train_STABLE_share": 0.12886597938144329,
      "train_UP_share": 0.41458026509572904,
      "label_DOWN_share": 0.4176470588235294,
      "label_STABLE_share": 0.2529411764705882,
      "label_UP_share": 0.32941176470588235,
      "raw_DOWN_share": 0.1323529411764706,
      "raw_STABLE_share": 0.18823529411764706,
      "raw_UP_share": 0.6794117647058824,
      "cal_DOWN_share": 0.1323529411764706,
      "cal_STABLE_share": 0.18823529411764706,
      "cal_UP_share": 0.6794117647058824,
      "raw_stable_prob_mean": 0.3225883144190806,
      "raw_stable_prob_max": 0.38163797429939406,
      "cal_stable_prob_mean": 0.33065575437581,
      "cal_stable_prob_max": 0.3451319511734879,
      "cal_stable_margin_mean": -0.010171898715379235,
      "directional_call_share": 0.8117647058823529,
      "sample_weight_DOWN": 0.7301075268817205,
      "sample_weight_STABLE": 2.5866666666666664,
      "sample_weight_UP": 0.8040260509177026,
      "calibrators_fit": true,
      "bucket": "no_collapse",
      "elapsed_s": 1.36,
      "dataset_path": "models/datasets/2h_20260423T030018Z.parquet"
    },
    {
      "coin_id": "dogwifcoin",
      "timeframe": "2h",
      "status": "ok",
      "n_rows": 1698,
      "n_train": 1358,
      "n_holdout": 340,
      "train_DOWN_share": 0.44477172312223856,
      "train_STABLE_share": 0.1170839469808542,
      "train_UP_share": 0.4381443298969072,
      "label_DOWN_share": 0.3941176470588235,
      "label_STABLE_share": 0.2676470588235294,
      "label_UP_share": 0.3382352941176471,
      "raw_DOWN_share": 0.29411764705882354,
      "raw_STABLE_share": 0.4294117647058823,
      "raw_UP_share": 0.27647058823529413,
      "cal_DOWN_share": 0.29411764705882354,
      "cal_STABLE_share": 0.4294117647058823,
      "cal_UP_share": 0.27647058823529413,
      "raw_stable_prob_mean": 0.3328042775261602,
      "raw_stable_prob_max": 0.36826454770978906,
      "cal_stable_prob_mean": 0.33316553365348145,
      "cal_stable_prob_max": 0.34191373205798714,
      "cal_stable_margin_mean": -0.0016837014366432924,
      "directional_call_share": 0.5705882352941176,
      "sample_weight_DOWN": 0.749448123620309,
      "sample_weight_STABLE": 2.8469601677148844,
      "sample_weight_UP": 0.7607843137254903,
      "calibrators_fit": true,
      "bucket": "no_collapse",
      "elapsed_s": 1.28,
      "dataset_path": "models/datasets/2h_20260423T030018Z.parquet"
    },
    {
      "coin_id": "render-token",
      "timeframe": "2h",
      "status": "ok",
      "n_rows": 1698,
      "n_train": 1358,
      "n_holdout": 340,
      "train_DOWN_share": 0.44329896907216493,
      "train_STABLE_share": 0.12002945508100148,
      "train_UP_share": 0.4366715758468336,
      "label_DOWN_share": 0.4147058823529412,
      "label_STABLE_share": 0.21176470588235294,
      "label_UP_share": 0.3735294117647059,
      "raw_DOWN_share": 0.2852941176470588,
      "raw_STABLE_share": 0.3264705882352941,
      "raw_UP_share": 0.38823529411764707,
      "cal_DOWN_share": 0.2852941176470588,
      "cal_STABLE_share": 0.3264705882352941,
      "cal_UP_share": 0.38823529411764707,
      "raw_stable_prob_mean": 0.338856162249688,
      "raw_stable_prob_max": 0.3822301637833875,
      "cal_stable_prob_mean": 0.3346714723254978,
      "cal_stable_prob_max": 0.3452748062664397,
      "cal_stable_margin_mean": 6.423423913625616e-06,
      "directional_call_share": 0.6735294117647059,
      "sample_weight_DOWN": 0.7519379844961239,
      "sample_weight_STABLE": 2.777096114519427,
      "sample_weight_UP": 0.7633501967397417,
      "calibrators_fit": true,
      "bucket": "no_collapse",
      "elapsed_s": 2.46,
      "dataset_path": "models/datasets/2h_20260423T030018Z.parquet"
    },
    {
      "coin_id": "injective-protocol",
      "timeframe": "2h",
      "status": "ok",
      "n_rows": 1698,
      "n_train": 1358,
      "n_holdout": 340,
      "train_DOWN_share": 0.44992636229749633,
      "train_STABLE_share": 0.13475699558173784,
      "train_UP_share": 0.41531664212076586,
      "label_DOWN_share": 0.3382352941176471,
      "label_STABLE_share": 0.3382352941176471,
      "label_UP_share": 0.3235294117647059,
      "raw_DOWN_share": 0.07058823529411765,
      "raw_STABLE_share": 0.3735294117647059,
      "raw_UP_share": 0.5558823529411765,
      "cal_DOWN_share": 0.07058823529411765,
      "cal_STABLE_share": 0.3735294117647059,
      "cal_UP_share": 0.5558823529411765,
      "raw_stable_prob_mean": 0.34052797221549663,
      "raw_stable_prob_max": 0.3797734259218027,
      "cal_stable_prob_mean": 0.3350585979468659,
      "cal_stable_prob_max": 0.34468937897391777,
      "cal_stable_margin_mean": 0.001580191744615161,
      "directional_call_share": 0.6264705882352941,
      "sample_weight_DOWN": 0.7408619749045282,
      "sample_weight_STABLE": 2.4735883424408014,