{
  "task": "task-667-b4-margin-sweep",
  "started_utc": "20260430T203444Z",
  "run_id": "20260430T203444Z",
  "coin": "bitcoin",
  "timeframe": "5m",
  "lookback_ms": 32832000000,
  "lookback_days": 380.0,
  "holdout_days": 14,
  "holdout_start_iso": "2026-04-16T20:34:44.560289Z",
  "round_trip_cost_pct": 0.3,
  "default_post_cost_safety_margin_pct": 0.1,
  "margins_swept": [
    0.001
  ],
  "selection_rule": {
    "drawdown_floor_pct": -5.0,
    "max_cal_dev_holdout": 0.2,
    "min_n_trades_holdout": 10,
    "tie_break": "smallest passing margin",
    "calibration_method": "beta"
  },
  "ds_fixed_sizing_pct": 0.005,
  "frictions_source_file": "shared/trading-frictions.json",
  "runs": [
    {
      "margin_fraction": 0.001,
      "threshold_fraction": 0.004,
      "threshold_pct": 0.4,
      "n_train_inner": 70574,
      "n_val": 17644,
      "n_holdout": 4011,
      "base_rate_inner": 0.2188199620256752,
      "tau_post_beta": 0.34205253679858655,
      "long_beta": {
        "a": 0.7687686978972692,
        "b": -2.044355202224203,
        "c": -1.0534545417593741,
        "converged": true,
        "nll": 0.3491448959758414,
        "fit_method": "scipy_l-bfgs-b"
      },
      "short_beta": {
        "a": 0.9741685005562971,
        "b": -1.2551194268420105,
        "c": -0.14461444757840763,
        "converged": true,
        "nll": 0.34988280017551987,
        "fit_method": "scipy_l-bfgs-b"
      },
      "val_metrics": {
        "n_total_holdout": 17644,
        "n_trades": 3862,
        "abstain_rate": 0.7811153933348447,
        "precision": 0.850595546349042,
        "win_rate": 0.6406007250129466,
        "avg_return_per_trade_pct": 0.5086611162448899,
        "net_pnl_pct_per_trade": 0.20866111624488984,
        "net_pnl_pct_total": 805.8492309377647,
        "profit_factor": 2.701098601880137,
        "max_drawdown_pct": -9.209019333041901,
        "cal_dev_post_calibration": 0.40977286762666576,
        "calibration_bins": [
          {
            "bin_lo": 0.30000000000000004,
            "bin_hi": 0.4,
            "n": 970,
            "mean_predicted": 0.3696085756723033,
            "empirical_correct_rate": 0.7793814432989691,
            "abs_dev": 0.40977286762666576
          },
          {
            "bin_lo": 0.4,
            "bin_hi": 0.5,
            "n": 978,
            "mean_predicted": 0.44344833840108344,
            "empirical_correct_rate": 0.8118609406952966,
            "abs_dev": 0.36841260229421313
          },
          {
            "bin_lo": 0.5,
            "bin_hi": 0.6000000000000001,
            "n": 493,
            "mean_predicted": 0.5502444498643422,
            "empirical_correct_rate": 0.8600405679513184,
            "abs_dev": 0.30979611808697627
          },
          {
            "bin_lo": 0.6000000000000001,
            "bin_hi": 0.7000000000000001,
            "n": 505,
            "mean_predicted": 0.6573292899754333,
            "empirical_correct_rate": 0.906930693069307,
            "abs_dev": 0.24960140309387369
          },
          {
            "bin_lo": 0.7000000000000001,
            "bin_hi": 0.8,
            "n": 632,
            "mean_predicted": 0.7485274796406398,
            "empirical_correct_rate": 0.9129746835443038,
            "abs_dev": 0.16444720390366396
          },
          {
            "bin_lo": 0.8,
            "bin_hi": 0.9,
            "n": 236,
            "mean_predicted": 0.8490512362185794,
            "empirical_correct_rate": 0.9745762711864406,
            "abs_dev": 0.12552503496786127
          },
          {
            "bin_lo": 0.9,
            "bin_hi": 1.0,
            "n": 48,
            "mean_predicted": 0.9050622551245171,
            "empirical_correct_rate": 0.9583333333333334,
            "abs_dev": 0.05327107820881627
          }
        ],
        "share_long": 0.49326773692387366,
        "share_short": 0.5067322630761264,
        "tau": 0.34205253679858655
      },
      "holdout_metrics": {
        "n_total_holdout": 4011,
        "n_trades": 469,
        "abstain_rate": 0.8830715532286213,
        "precision": 0.8869936034115139,
        "win_rate": 0.6162046908315565,
        "avg_return_per_trade_pct": 0.4373890716830387,
        "net_pnl_pct_per_trade": 0.13738907168303868,
        "net_pnl_pct_total": 64.43547461934513,
        "profit_factor": 2.49372344659561,
        "max_drawdown_pct": -4.524465091156626,
        "cal_dev_post_calibration": 0.47264771753970297,
        "calibration_bins": [
          {
            "bin_lo": 0.30000000000000004,
            "bin_hi": 0.4,
            "n": 132,
            "mean_predicted": 0.36826137336938797,
            "empirical_correct_rate": 0.8409090909090909,
            "abs_dev": 0.47264771753970297
          },
          {
            "bin_lo": 0.4,
            "bin_hi": 0.5,
            "n": 118,
            "mean_predicted": 0.4418687354687099,
            "empirical_correct_rate": 0.8813559322033898,
            "abs_dev": 0.4394871967346799
          },
          {
            "bin_lo": 0.5,
            "bin_hi": 0.6000000000000001,
            "n": 72,
            "mean_predicted": 0.5482985289434968,
            "empirical_correct_rate": 0.9027777777777778,
            "abs_dev": 0.35447924883428095
          },
          {
            "bin_lo": 0.6000000000000001,
            "bin_hi": 0.7000000000000001,
            "n": 57,
            "mean_predicted": 0.659403128817522,
            "empirical_correct_rate": 0.9473684210526315,
            "abs_dev": 0.28796529223510947
          },
          {
            "bin_lo": 0.7000000000000001,
            "bin_hi": 0.8,
            "n": 70,
            "mean_predicted": 0.7484796136146681,
            "empirical_correct_rate": 0.8857142857142857,
            "abs_dev": 0.1372346720996176
          },
          {
            "bin_lo": 0.8,
            "bin_hi": 0.9,
            "n": 19,
            "mean_predicted": 0.8392389726213574,
            "empirical_correct_rate": 1.0,
            "abs_dev": 0.16076102737864262
          }
        ],
        "share_long": 0.47334754797441364,
        "share_short": 0.5266524520255863,
        "tau": 0.34205253679858655
      },
      "paper_proof_summary": {
        "n_proofs_requested": 10,
        "n_proofs_emitted": 10,
        "trough_pct": -0.001673937340274101,
        "cum_pnl_pct": 0.011463109975724672,
        "would_trip_drawdown": false,
        "drawdown_floor_pct": -5.0,
        "sizing_pct": 0.005,
        "cost_fraction": 0.003,
        "tau": 0.34205253679858655
      },
      "passed_selection": false,
      "fail_reasons": [
        "holdout.cal_dev_post_calibration=0.4726 above ceiling 0.2"
      ],
      "notes": [
        "tau_from_val_post_beta q=0.7812 tau=0.342053 base_rate_inner=0.218820"
      ]
    }
  ],
  "winner": null,
  "registry": null,
  "frame": {
    "rows_total": 92253,
    "bars_source": "candles",
    "ingestion_quality": {
      "row_count": 92253,
      "span_days": 320.566,
      "bar_gap_rate": 3.3e-05,
      "feature_nan_share": 0.165226,
      "core_feature_nan_share": 0.019608
    },
    "self_leak_columns_dropped": [
      "btc_lead_ret_5m",
      "btc_liquidations_1h_usd"
    ]
  },
  "winner_status": "no_margin_passed_selection"
}