{
  "task": "task-667-b4-margin-sweep",
  "started_utc": "20260430T204654Z",
  "run_id": "20260430T204654Z",
  "coin": "bitcoin",
  "timeframe": "5m",
  "lookback_ms": 32832000000,
  "lookback_days": 380.0,
  "holdout_days": 14,
  "holdout_start_iso": "2026-04-16T20:46:54.025615Z",
  "round_trip_cost_pct": 0.3,
  "default_post_cost_safety_margin_pct": 0.1,
  "margins_swept": [
    0.002
  ],
  "selection_rule": {
    "drawdown_floor_pct": -5.0,
    "min_n_trades_holdout": 10,
    "ten_paper_proof_must_not_trip_dd_floor": true,
    "cal_dev_is_not_a_gate": true,
    "tie_break": "smallest passing margin",
    "calibration_method": "beta",
    "calibration_status": "under_confident_documented"
  },
  "ds_fixed_sizing_pct": 0.005,
  "frictions_source_file": "shared/trading-frictions.json",
  "runs": [
    {
      "margin_fraction": 0.002,
      "threshold_fraction": 0.005,
      "threshold_pct": 0.5,
      "n_train_inner": 70577,
      "n_val": 17644,
      "n_holdout": 4008,
      "base_rate_inner": 0.1570199923487822,
      "tau_post_beta": 0.3015189769273562,
      "long_beta": {
        "a": 1.0146992063116353,
        "b": -1.6845754328713762,
        "c": -0.5962948947147545,
        "converged": true,
        "nll": 0.2859563633222585,
        "fit_method": "scipy_l-bfgs-b"
      },
      "short_beta": {
        "a": 0.8599418321956163,
        "b": -1.4254941803039158,
        "c": -0.357347934843475,
        "converged": true,
        "nll": 0.2873750200402409,
        "fit_method": "scipy_l-bfgs-b"
      },
      "val_metrics": {
        "n_total_holdout": 17644,
        "n_trades": 2771,
        "abstain_rate": 0.8429494445703922,
        "precision": 0.8671959581378563,
        "win_rate": 0.6881992060627932,
        "avg_return_per_trade_pct": 0.5756450529021102,
        "net_pnl_pct_per_trade": 0.27564505290211017,
        "net_pnl_pct_total": 763.8124415917472,
        "profit_factor": 3.475072968790817,
        "max_drawdown_pct": -8.028182771253256,
        "cal_dev_post_calibration": 0.44852621298891465,
        "calibration_bins": [
          {
            "bin_lo": 0.30000000000000004,
            "bin_hi": 0.4,
            "n": 959,
            "mean_predicted": 0.34605147209971937,
            "empirical_correct_rate": 0.794577685088634,
            "abs_dev": 0.44852621298891465
          },
          {
            "bin_lo": 0.4,
            "bin_hi": 0.5,
            "n": 406,
            "mean_predicted": 0.4444245208001127,
            "empirical_correct_rate": 0.8448275862068966,
            "abs_dev": 0.4004030654067839
          },
          {
            "bin_lo": 0.5,
            "bin_hi": 0.6000000000000001,
            "n": 463,
            "mean_predicted": 0.5557784449881046,
            "empirical_correct_rate": 0.9136069114470843,
            "abs_dev": 0.3578284664589797
          },
          {
            "bin_lo": 0.6000000000000001,
            "bin_hi": 0.7000000000000001,
            "n": 484,
            "mean_predicted": 0.6517906383365254,
            "empirical_correct_rate": 0.9049586776859504,
            "abs_dev": 0.253168039349425
          },
          {
            "bin_lo": 0.7000000000000001,
            "bin_hi": 0.8,
            "n": 291,
            "mean_predicted": 0.7466626351392919,
            "empirical_correct_rate": 0.9381443298969072,
            "abs_dev": 0.19148169475761534
          },
          {
            "bin_lo": 0.8,
            "bin_hi": 0.9,
            "n": 168,
            "mean_predicted": 0.8326068135800159,
            "empirical_correct_rate": 0.9761904761904762,
            "abs_dev": 0.1435836626104603
          }
        ],
        "share_long": 0.4785276073619632,
        "share_short": 0.5214723926380368,
        "tau": 0.3015189769273562
      },
      "holdout_metrics": {
        "n_total_holdout": 4008,
        "n_trades": 323,
        "abstain_rate": 0.9194111776447106,
        "precision": 0.8978328173374613,
        "win_rate": 0.6904024767801857,
        "avg_return_per_trade_pct": 0.4990388145193942,
        "net_pnl_pct_per_trade": 0.1990388145193942,
        "net_pnl_pct_total": 64.28953708976434,
        "profit_factor": 3.5226811115701318,
        "max_drawdown_pct": -4.153302177676061,
        "cal_dev_post_calibration": 0.5383825020529477,
        "calibration_bins": [
          {
            "bin_lo": 0.30000000000000004,
            "bin_hi": 0.4,
            "n": 121,
            "mean_predicted": 0.3459150186082094,
            "empirical_correct_rate": 0.8842975206611571,
            "abs_dev": 0.5383825020529477
          },
          {
            "bin_lo": 0.4,
            "bin_hi": 0.5,
            "n": 50,
            "mean_predicted": 0.4461833414437128,
            "empirical_correct_rate": 0.84,
            "abs_dev": 0.39381665855628717
          },
          {
            "bin_lo": 0.5,
            "bin_hi": 0.6000000000000001,
            "n": 49,
            "mean_predicted": 0.5522855999092312,
            "empirical_correct_rate": 0.8979591836734694,
            "abs_dev": 0.3456735837642382
          },
          {
            "bin_lo": 0.6000000000000001,
            "bin_hi": 0.7000000000000001,
            "n": 57,
            "mean_predicted": 0.6472899579987511,
            "empirical_correct_rate": 0.9122807017543859,
            "abs_dev": 0.2649907437556348
          },
          {
            "bin_lo": 0.7000000000000001,
            "bin_hi": 0.8,
            "n": 41,
            "mean_predicted": 0.7521438764574816,
            "empirical_correct_rate": 0.975609756097561,
            "abs_dev": 0.22346587964007936
          },
          {
            "bin_lo": 0.8,
            "bin_hi": 0.9,
            "n": 5,
            "mean_predicted": 0.8240124304765253,
            "empirical_correct_rate": 1.0,
            "abs_dev": 0.17598756952347472
          }
        ],
        "share_long": 0.4613003095975232,
        "share_short": 0.5386996904024768,
        "tau": 0.3015189769273562
      },
      "paper_proof_summary": {
        "n_proofs_requested": 10,
        "n_proofs_emitted": 10,
        "trough_pct": -0.001673937340274101,
        "cum_pnl_pct": 0.018827832476005096,
        "would_trip_drawdown": false,
        "drawdown_floor_pct": -5.0,
        "sizing_pct": 0.005,
        "cost_fraction": 0.003,
        "tau": 0.3015189769273562
      },
      "passed_selection": true,
      "fail_reasons": [],
      "notes": [
        "tau_from_val_post_beta q=0.8430 tau=0.301519 base_rate_inner=0.157020"
      ]
    }
  ],
  "winner": {
    "margin_fraction": 0.002,
    "threshold_fraction": 0.005,
    "threshold_pct": 0.5,
    "tau_post_beta": 0.3015189769273562,
    "n_train_inner": 70577,
    "n_val": 17644,
    "n_holdout": 4008,
    "base_rate_inner": 0.1570199923487822,
    "long_beta": {
      "a": 1.0146992063116353,
      "b": -1.6845754328713762,
      "c": -0.5962948947147545,
      "converged": true,
      "nll": 0.2859563633222585,
      "fit_method": "scipy_l-bfgs-b"
    },
    "short_beta": {
      "a": 0.8599418321956163,
      "b": -1.4254941803039158,
      "c": -0.357347934843475,
      "converged": true,
      "nll": 0.2873750200402409,
      "fit_method": "scipy_l-bfgs-b"
    },
    "val_metrics": {
      "n_total_holdout": 17644,
      "n_trades": 2771,
      "abstain_rate": 0.8429494445703922,
      "precision": 0.8671959581378563,
      "win_rate": 0.6881992060627932,
      "avg_return_per_trade_pct": 0.5756450529021102,
      "net_pnl_pct_per_trade": 0.27564505290211017,
      "net_pnl_pct_total": 763.8124415917472,
      "profit_factor": 3.475072968790817,
      "max_drawdown_pct": -8.028182771253256,
      "cal_dev_post_calibration": 0.44852621298891465,
      "calibration_bins": [
        {
          "bin_lo": 0.30000000000000004,
          "bin_hi": 0.4,
          "n": 959,
          "mean_predicted": 0.34605147209971937,
          "empirical_correct_rate": 0.794577685088634,