{
  "task": "task-669-b5-two-stage-gating",
  "started_utc": "20260501T071540Z",
  "run_id": "20260501T071540Z",
  "coin": "bitcoin",
  "timeframe": "5m",
  "lookback_ms": 32832000000,
  "lookback_days": 380.0,
  "holdout_days": 14,
  "holdout_start_iso": "2026-04-17T07:15:40.866554Z",
  "round_trip_cost_pct": 0.3,
  "margin_fraction_held_constant": 0.005,
  "selection_rule": {
    "max_cal_dev_holdout": 0.2,
    "drawdown_floor_pct": -5.0,
    "min_n_trades_holdout": 10,
    "ten_paper_proof_must_not_trip_dd_floor": true,
    "tie_break": "lowest holdout cal_dev; ties break by highest profit_factor then highest n_trades",
    "calibration_status_target": "trustworthy"
  },
  "ds_fixed_sizing_pct": 0.005,
  "frictions_source_file": "shared/trading-frictions.json",
  "variants_attempted": [
    "unconditional_beta_baseline (b4 reference, not selectable)",
    "platt_two_stage",
    "isotonic_two_stage"
  ],
  "variants": [
    {
      "variant": "unconditional_beta_baseline",
      "calibration_method": "beta",
      "tau": 0.20898185580081555,
      "holdout_metrics": {
        "n_total_holdout": 3882,
        "n_trades": 113,
        "abstain_rate": 0.9708912931478619,
        "precision": 0.9203539823008849,
        "win_rate": 0.8230088495575221,
        "avg_return_per_trade_pct": 0.7138307912246461,
        "net_pnl_pct_per_trade": 0.41383079122464617,
        "net_pnl_pct_total": 46.76287940838501,
        "profit_factor": 9.637199722665137,
        "max_drawdown_pct": -1.5154170305365033,
        "cal_dev_post_calibration": 0.653094476572424,
        "calibration_bins": [
          {
            "bin_lo": 0.2,
            "bin_hi": 0.30000000000000004,
            "n": 42,
            "mean_predicted": 0.2516674281894808,
            "empirical_correct_rate": 0.9047619047619048,
            "abs_dev": 0.653094476572424
          },
          {
            "bin_lo": 0.30000000000000004,
            "bin_hi": 0.4,
            "n": 40,
            "mean_predicted": 0.3493973010352491,
            "empirical_correct_rate": 0.9,
            "abs_dev": 0.550602698964751
          },
          {
            "bin_lo": 0.4,
            "bin_hi": 0.5,
            "n": 6,
            "mean_predicted": 0.4434674688953921,
            "empirical_correct_rate": 1.0,
            "abs_dev": 0.5565325311046079
          },
          {
            "bin_lo": 0.5,
            "bin_hi": 0.6000000000000001,
            "n": 14,
            "mean_predicted": 0.5582104394294836,
            "empirical_correct_rate": 0.9285714285714286,
            "abs_dev": 0.37036098914194504
          },
          {
            "bin_lo": 0.6000000000000001,
            "bin_hi": 0.7000000000000001,
            "n": 10,
            "mean_predicted": 0.6458428977870918,
            "empirical_correct_rate": 1.0,
            "abs_dev": 0.3541571022129082
          }
        ],
        "share_long": 0.48672566371681414,
        "share_short": 0.5132743362831859,
        "tau": 0.20898185580081555
      },
      "is_baseline": true
    },
    {
      "variant": "platt_two_stage",
      "calibration_method": "platt",
      "tau": 0.8129390157323899,
      "n_train_inner": 70678,
      "n_val": 17669,
      "n_holdout": 3882,
      "base_rate_inner": 0.06586207872322364,
      "diag_long": {
        "head": "long",
        "first_stage_tau": 0.8301200671303657,
        "n_fired_chose_side": 506,
        "n_pos_kept": 458,
        "n_neg_kept": 48,
        "empirical_rate_on_fired_subset": 0.9051383399209486,
        "fallback_to_first_stage": false
      },
      "diag_short": {
        "head": "short",
        "first_stage_tau": 0.8301200671303657,
        "n_fired_chose_side": 658,
        "n_pos_kept": 584,
        "n_neg_kept": 74,
        "empirical_rate_on_fired_subset": 0.8875379939209727,
        "fallback_to_first_stage": false
      },
      "platt_long": [
        -4.226860804561078,
        -0.43117086409829836
      ],
      "platt_short": [
        -5.015736804511691,
        -0.24523551744424077
      ],
      "iso_long_n_knots": null,
      "iso_short_n_knots": null,
      "val_metrics": {
        "n_total_holdout": 17669,
        "n_trades": 1164,
        "abstain_rate": 0.9341219084271889,
        "precision": 0.8908934707903781,
        "win_rate": 0.7646048109965635,
        "avg_return_per_trade_pct": 0.7714220328132978,
        "net_pnl_pct_per_trade": 0.4714220328132978,
        "net_pnl_pct_total": 548.7352461946787,
        "profit_factor": 6.272426344254991,
        "max_drawdown_pct": -3.78717826171866,
        "cal_dev_post_calibration": 0.010451435239714812,
        "calibration_bins": [
          {
            "bin_lo": 0.8,
            "bin_hi": 0.9,
            "n": 629,
            "mean_predicted": 0.8535549335831919,
            "empirical_correct_rate": 0.8537360890302067,
            "abs_dev": 0.00018115544701480246
          },
          {
            "bin_lo": 0.9,
            "bin_hi": 1.0,
            "n": 535,
            "mean_predicted": 0.9450308744920513,
            "empirical_correct_rate": 0.9345794392523364,
            "abs_dev": 0.010451435239714812
          }
        ],
        "share_long": 0.48109965635738833,
        "share_short": 0.5189003436426117,
        "tau": 0.8129390157323899
      },
      "holdout_metrics": {
        "n_total_holdout": 3882,
        "n_trades": 115,
        "abstain_rate": 0.9703760947964967,
        "precision": 0.9217391304347826,
        "win_rate": 0.808695652173913,
        "avg_return_per_trade_pct": 0.7043794542801899,
        "net_pnl_pct_per_trade": 0.4043794542801899,
        "net_pnl_pct_total": 46.503637242221835,
        "profit_factor": 8.96807210423464,
        "max_drawdown_pct": -1.456162762393115,
        "cal_dev_post_calibration": 0.04549342163379255,
        "calibration_bins": [
          {
            "bin_lo": 0.8,
            "bin_hi": 0.9,
            "n": 76,
            "mean_predicted": 0.8624013152083128,
            "empirical_correct_rate": 0.9078947368421053,
            "abs_dev": 0.04549342163379255
          },
          {
            "bin_lo": 0.9,
            "bin_hi": 1.0,
            "n": 39,
            "mean_predicted": 0.9369316351000194,
            "empirical_correct_rate": 0.9487179487179487,
            "abs_dev": 0.011786313617929256
          }
        ],
        "share_long": 0.5130434782608696,
        "share_short": 0.48695652173913045,
        "tau": 0.8129390157323899
      },
      "paper_proof_summary": {
        "n_proofs_requested": 10,
        "n_proofs_emitted": 10,
        "trough_pct": 0.0,
        "cum_pnl_pct": 0.04533782874381881,
        "would_trip_drawdown": false,
        "drawdown_floor_pct": -5.0,
        "sizing_pct": 0.005,
        "cost_fraction": 0.003,
        "tau": 0.8129390157323899
      },
      "passed_trustworthy_gate": true,
      "fail_reasons": [],
      "notes": [
        "platt_two_stage_calibration_target=directional_correctness (long: fwd>0; short: fwd<0) \u2014 aligns calibrator to the `signed_ret > 0` rule used by cal_dev in `_compute_metrics_post_calibration`",
        "platt_two_stage_first_stage_unconditional_platt_directional long_params=(-7.5696,0.3917) short_params=(-8.3891,0.3841)",
        "platt_two_stage_first_stage_tau=0.830120 n_fired_chose_long=506 n_fired_chose_short=658",
        "platt_two_stage_tau_from_val_post_calibration q=0.9341 tau=0.812939 base_rate_inner=0.065862"
      ],
      "is_baseline": false
    },
    {
      "variant": "isotonic_two_stage",
      "calibration_method": "isotonic",
      "tau": 0.75,
      "n_train_inner": 70678,
      "n_val": 17669,
      "n_holdout": 3882,
      "base_rate_inner": 0.06586207872322364,
      "diag_long": {
        "head": "long",
        "first_stage_tau": 0.8301200671303657,
        "n_fired_chose_side": 506,
        "n_pos_kept": 458,
        "n_neg_kept": 48,
        "empirical_rate_on_fired_subset": 0.9051383399209486,