{
  "task": "task-669-b5-two-stage-gating",
  "started_utc": "20260501T071624Z",
  "run_id": "20260501T071624Z",
  "coin": "bitcoin",
  "timeframe": "5m",
  "lookback_ms": 32832000000,
  "lookback_days": 380.0,
  "holdout_days": 14,
  "holdout_start_iso": "2026-04-17T07:16:24.438531Z",
  "round_trip_cost_pct": 0.3,
  "margin_fraction_held_constant": 0.005,
  "selection_rule": {
    "max_cal_dev_holdout": 0.2,
    "drawdown_floor_pct": -5.0,
    "min_n_trades_holdout": 10,
    "ten_paper_proof_must_not_trip_dd_floor": true,
    "tie_break": "lowest holdout cal_dev; ties break by highest profit_factor then highest n_trades",
    "calibration_status_target": "trustworthy"
  },
  "ds_fixed_sizing_pct": 0.005,
  "frictions_source_file": "shared/trading-frictions.json",
  "variants_attempted": [
    "unconditional_beta_baseline (b4 reference, not selectable)",
    "platt_two_stage",
    "isotonic_two_stage"
  ],
  "variants": [
    {
      "variant": "unconditional_beta_baseline",
      "calibration_method": "beta",
      "tau": 0.2018221426513811,
      "holdout_metrics": {
        "n_total_holdout": 3882,
        "n_trades": 119,
        "abstain_rate": 0.9693456980937661,
        "precision": 0.8991596638655462,
        "win_rate": 0.7815126050420168,
        "avg_return_per_trade_pct": 0.6388787973207211,
        "net_pnl_pct_per_trade": 0.338878797320721,
        "net_pnl_pct_total": 40.3265768811658,
        "profit_factor": 6.199044327554211,
        "max_drawdown_pct": -2.3353658229947447,
        "cal_dev_post_calibration": 0.5966442266362226,
        "calibration_bins": [
          {
            "bin_lo": 0.2,
            "bin_hi": 0.30000000000000004,
            "n": 31,
            "mean_predicted": 0.2420654507831323,
            "empirical_correct_rate": 0.8387096774193549,
            "abs_dev": 0.5966442266362226
          },
          {
            "bin_lo": 0.30000000000000004,
            "bin_hi": 0.4,
            "n": 23,
            "mean_predicted": 0.36021468023620984,
            "empirical_correct_rate": 0.9130434782608695,
            "abs_dev": 0.5528287980246597
          },
          {
            "bin_lo": 0.4,
            "bin_hi": 0.5,
            "n": 32,
            "mean_predicted": 0.4398139944000435,
            "empirical_correct_rate": 0.90625,
            "abs_dev": 0.4664360055999565
          },
          {
            "bin_lo": 0.5,
            "bin_hi": 0.6000000000000001,
            "n": 19,
            "mean_predicted": 0.5370370289181651,
            "empirical_correct_rate": 0.9473684210526315,
            "abs_dev": 0.41033139213446645
          },
          {
            "bin_lo": 0.6000000000000001,
            "bin_hi": 0.7000000000000001,
            "n": 9,
            "mean_predicted": 0.6510725334956471,
            "empirical_correct_rate": 0.8888888888888888,
            "abs_dev": 0.23781635539324175
          }
        ],
        "share_long": 0.4117647058823529,
        "share_short": 0.5882352941176471,
        "tau": 0.2018221426513811
      },
      "is_baseline": true
    },
    {
      "variant": "platt_two_stage",
      "calibration_method": "platt",
      "tau": 0.7706099535257283,
      "n_train_inner": 70678,
      "n_val": 17669,
      "n_holdout": 3882,
      "base_rate_inner": 0.06586207872322364,
      "diag_long": {
        "head": "long",
        "first_stage_tau": 0.823465749218472,
        "n_fired_chose_side": 485,
        "n_pos_kept": 431,
        "n_neg_kept": 54,
        "empirical_rate_on_fired_subset": 0.8886597938144329,
        "fallback_to_first_stage": false
      },
      "diag_short": {
        "head": "short",
        "first_stage_tau": 0.823465749218472,
        "n_fired_chose_side": 679,
        "n_pos_kept": 609,
        "n_neg_kept": 70,
        "empirical_rate_on_fired_subset": 0.8969072164948454,
        "fallback_to_first_stage": false
      },
      "platt_long": [
        -8.149986718765524,
        1.1002263736473517
      ],
      "platt_short": [
        -6.871851993368625,
        0.39456968732827735
      ],
      "iso_long_n_knots": null,
      "iso_short_n_knots": null,
      "val_metrics": {
        "n_total_holdout": 17669,
        "n_trades": 1164,
        "abstain_rate": 0.9341219084271889,
        "precision": 0.8951890034364262,
        "win_rate": 0.7628865979381443,
        "avg_return_per_trade_pct": 0.7686935970477767,
        "net_pnl_pct_per_trade": 0.46869359704777674,
        "net_pnl_pct_total": 545.5593469636121,
        "profit_factor": 6.413290437524799,
        "max_drawdown_pct": -5.2003293546177165,
        "cal_dev_post_calibration": 0.010847797180580931,
        "calibration_bins": [
          {
            "bin_lo": 0.7000000000000001,
            "bin_hi": 0.8,
            "n": 117,
            "mean_predicted": 0.7840239976912139,
            "empirical_correct_rate": 0.7948717948717948,
            "abs_dev": 0.010847797180580931
          },
          {
            "bin_lo": 0.8,
            "bin_hi": 0.9,
            "n": 353,
            "mean_predicted": 0.8486848713049459,
            "empirical_correct_rate": 0.8441926345609065,
            "abs_dev": 0.004492236744039313
          },
          {
            "bin_lo": 0.9,
            "bin_hi": 1.0,
            "n": 694,
            "mean_predicted": 0.9409381540894918,
            "empirical_correct_rate": 0.9380403458213257,
            "abs_dev": 0.002897808268166102
          }
        ],
        "share_long": 0.36254295532646047,
        "share_short": 0.6374570446735395,
        "tau": 0.7706099535257283
      },
      "holdout_metrics": {
        "n_total_holdout": 3882,
        "n_trades": 122,
        "abstain_rate": 0.9685729005667182,
        "precision": 0.8934426229508197,
        "win_rate": 0.7868852459016393,
        "avg_return_per_trade_pct": 0.6364272473948994,
        "net_pnl_pct_per_trade": 0.33642724739489943,
        "net_pnl_pct_total": 41.04412418217773,
        "profit_factor": 6.083628893533481,
        "max_drawdown_pct": -1.929488784346388,
        "cal_dev_post_calibration": 0.0808903086155559,
        "calibration_bins": [
          {
            "bin_lo": 0.7000000000000001,
            "bin_hi": 0.8,
            "n": 15,
            "mean_predicted": 0.7846479900948888,
            "empirical_correct_rate": 0.7333333333333333,
            "abs_dev": 0.051314656761555555
          },
          {
            "bin_lo": 0.8,
            "bin_hi": 0.9,
            "n": 45,
            "mean_predicted": 0.8524430247177774,
            "empirical_correct_rate": 0.9333333333333333,
            "abs_dev": 0.0808903086155559
          },
          {
            "bin_lo": 0.9,
            "bin_hi": 1.0,
            "n": 62,
            "mean_predicted": 0.9409119427454822,
            "empirical_correct_rate": 0.9032258064516129,
            "abs_dev": 0.0376861362938693
          }
        ],
        "share_long": 0.3770491803278688,
        "share_short": 0.6229508196721312,
        "tau": 0.7706099535257283
      },
      "paper_proof_summary": {
        "n_proofs_requested": 10,
        "n_proofs_emitted": 10,
        "trough_pct": -0.0016739373402852031,
        "cum_pnl_pct": 0.027655388277752418,
        "would_trip_drawdown": false,
        "drawdown_floor_pct": -5.0,
        "sizing_pct": 0.005,
        "cost_fraction": 0.003,
        "tau": 0.7706099535257283
      },
      "passed_trustworthy_gate": true,
      "fail_reasons": [],