{
  "coin_id": "__specialist_mean_reversion__",
  "timeframe": "1d",
  "version": "20260429T211652Z",
  "feature_names": [
    "ret1",
    "ret5",
    "ret10",
    "momentum",
    "realizedVol",
    "rsi14",
    "macdLine",
    "macdSignal",
    "macdHist",
    "atr14",
    "atrPct",
    "ema9",
    "ema21",
    "emaSpreadPct",
    "distFromEma9Pct",
    "distFromEma21Pct",
    "bbUpper",
    "bbMiddle",
    "bbLower",
    "bbWidth",
    "bbPctB",
    "bbWidthPct",
    "volZScore60",
    "funding_rate",
    "open_interest_z",
    "liquidations_1h_usd",
    "bid_ask_spread_bps",
    "btc_lead_ret_5m",
    "eth_lead_ret_5m",
    "btc_liquidations_1h_usd",
    "eth_liquidations_1h_usd",
    "sol_liquidations_1h_usd",
    "session_asia",
    "session_eu",
    "session_us",
    "hour_of_day_sin",
    "hour_of_day_cos",
    "coin_idx"
  ],
  "coin_vocab": [
    "bonk",
    "floki-inu",
    "pepe"
  ],
  "n_train_rows": 728,
  "n_test_rows": 605,
  "metrics": {
    "auc": 0.49643216154391245,
    "log_loss": 3.19018384351405,
    "brier": 0.3647150422661973,
    "directional_accuracy": 0.3454545454545454
  },
  "baseline_metrics": {
    "auc": 0.48351078660449237,
    "log_loss": 1.1653352164975277,
    "brier": 0.2353699828734149,
    "directional_accuracy": 0.3371900826446281
  },
  "threshold_pct": 1.4249999999999998,
  "horizon_candles": 1,
  "class_return_means_pct": [
    -2.247877641669117,
    0.043734305406427754,
    2.912909854889755
  ],
  "fold_metrics": [
    {
      "fold": 0,
      "n_train": 121,
      "n_test": 121,
      "auc": 0.5354858112644393,
      "log_loss": 2.599412644674284,
      "brier": 0.3287201872762924,
      "directional_accuracy": 0.38016528925619836,
      "baseline_auc": 0.5163151063882389,
      "baseline_log_loss": 1.2037145864021004,
      "baseline_brier": 0.23887336916244892,
      "baseline_directional_accuracy": 0.32231404958677684,
      "best_params": {
        "objective": "multiclass",
        "num_class": 3,
        "metric": "multi_logloss",
        "num_leaves": 31,
        "learning_rate": 0.09340308327072934,
        "min_child_samples": 9,
        "feature_fraction": 0.9,
        "bagging_fraction": 0.9,
        "bagging_freq": 5,
        "verbose": -1,
        "deterministic": true,
        "seed": 42
      },
      "feature_importance": [
        136.4749436727725,
        156.89317032066174,
        134.74145915196277,
        109.11467100540176,
        149.54189592646435,
        151.243422341533,
        63.41728872479871,
        101.8972419577185,
        167.8982676579617,
        113.48811317142099,
        179.1742303429637,
        91.28384127886966,
        35.38507986208424,
        186.98309362167493,
        148.30164563492872,
        112.27937041735277,
        51.021964240819216,
        27.05786321219057,
        56.25176474999171,
        110.02708339248784,
        217.274706593249,
        263.37549076462165,
        176.6610896331258,
        0.0,
        0.0,
        0.0,
        0.0,
        0.0,
        0.0,
        0.0,
        0.0,
        0.0,
        0.0,
        0.0,
        0.0,
        0.0,
        0.0,
        0.0
      ],
      "feature_names": [
        "ret1",
        "ret5",
        "ret10",
        "momentum",
        "realizedVol",
        "rsi14",
        "macdLine",
        "macdSignal",
        "macdHist",
        "atr14",
        "atrPct",
        "ema9",
        "ema21",
        "emaSpreadPct",
        "distFromEma9Pct",
        "distFromEma21Pct",
        "bbUpper",
        "bbMiddle",
        "bbLower",
        "bbWidth",
        "bbPctB",
        "bbWidthPct",
        "volZScore60",
        "funding_rate",
        "open_interest_z",
        "liquidations_1h_usd",
        "bid_ask_spread_bps",
        "btc_lead_ret_5m",
        "eth_lead_ret_5m",
        "btc_liquidations_1h_usd",
        "eth_liquidations_1h_usd",
        "sol_liquidations_1h_usd",
        "session_asia",
        "session_eu",
        "session_us",
        "hour_of_day_sin",
        "hour_of_day_cos",
        "coin_idx"
      ]
    },
    {
      "fold": 1,
      "n_train": 242,
      "n_test": 121,
      "auc": 0.4928377815098354,
      "log_loss": 3.1868497512557896,
      "brier": 0.3535806695984738,
      "directional_accuracy": 0.371900826446281,
      "baseline_auc": 0.44961726302758825,
      "baseline_log_loss": 1.218285399115477,
      "baseline_brier": 0.2482999743514678,
      "baseline_directional_accuracy": 0.30578512396694213,
      "best_params": {
        "objective": "multiclass",
        "num_class": 3,
        "metric": "multi_logloss",
        "num_leaves": 31,
        "learning_rate": 0.09340308327072934,
        "min_child_samples": 9,
        "feature_fraction": 0.9,
        "bagging_fraction": 0.9,
        "bagging_freq": 5,
        "verbose": -1,
        "deterministic": true,
        "seed": 42
      },
      "feature_importance": [
        310.04962757538306,
        237.52714975291747,
        379.9572785969358,
        252.5025847570796,
        429.14433907862986,
        362.3192417480459,
        199.87937186312047,
        222.1930949636153,
        218.4779981351021,
        254.23854496190324,
        292.17653427287587,
        161.81799907650566,
        57.322572048797156,
        406.0437500164553,
        183.2119088617619,
        233.25283599298564,
        73.80621706538659,
        44.52916088189522,
        172.4489190968743,
        305.6041891655477,
        321.478921921298,
        278.9841376172699,
        224.72033644118346,
        0.0,
        0.0,
        0.0,
        0.0,
        0.0,
        0.0,
        0.0,
        0.0,
        0.0,
        0.0,
        0.0,
        0.0,
        0.0,
        0.0,
        111.15512184749241
      ],
      "feature_names": [
        "ret1",
        "ret5",
        "ret10",
        "momentum",
        "realizedVol",
        "rsi14",
        "macdLine",
        "macdSignal",
        "macdHist",
        "atr14",
        "atrPct",
        "ema9",
        "ema21",
        "emaSpreadPct",
        "distFromEma9Pct",
        "distFromEma21Pct",
        "bbUpper",
        "bbMiddle",
        "bbLower",
        "bbWidth",
        "bbPctB",
        "bbWidthPct",
        "volZScore60",
        "funding_rate",
        "open_interest_z",
        "liquidations_1h_usd",
        "bid_ask_spread_bps",
        "btc_lead_ret_5m",
        "eth_lead_ret_5m",
        "btc_liquidations_1h_usd",
        "eth_liquidations_1h_usd",
        "sol_liquidations_1h_usd",
        "session_asia",
        "session_eu",
        "session_us",
        "hour_of_day_sin",
        "hour_of_day_cos",
        "coin_idx"
      ]
    },
    {
      "fold": 2,
      "n_train": 363,
      "n_test": 121,
      "auc": 0.4145887245079045,
      "log_loss": 4.556514024398717,
      "brier": 0.4208592823392871,
      "directional_accuracy": 0.2975206611570248,
      "baseline_auc": 0.41509496634740833,
      "baseline_log_loss": 1.2000630142628992,
      "baseline_brier": 0.24391450963668207,
      "baseline_directional_accuracy": 0.3140495867768595,
      "best_params": {
        "objective": "multiclass",
        "num_class": 3,
        "metric": "multi_logloss",
        "num_leaves": 31,
        "learning_rate": 0.09340308327072934,
        "min_child_samples": 9,
        "feature_fraction": 0.9,
        "bagging_fraction": 0.9,
        "bagging_freq": 5,
        "verbose": -1,
        "deterministic": true,
        "seed": 42
      },