{
  "coin_id": "pepe",
  "timeframe": "1h",
  "version": "20260422T092825Z",
  "feature_names": [
    "ret1",
    "ret5",
    "ret10",
    "momentum",
    "realizedVol",
    "rsi14",
    "macdLine",
    "macdSignal",
    "macdHist",
    "atr14",
    "atrPct",
    "ema9",
    "ema21",
    "emaSpreadPct",
    "distFromEma9Pct",
    "distFromEma21Pct",
    "bbUpper",
    "bbMiddle",
    "bbLower",
    "bbWidth",
    "bbPctB",
    "bbWidthPct",
    "news_etf_flow",
    "news_regulatory_risk",
    "news_exchange_outage",
    "news_macro_shock",
    "news_whale_move",
    "news_exploit_or_hack",
    "news_stablecoin_event",
    "news_narrative_rotation",
    "news_listing_or_delisting",
    "news_protocol_upgrade",
    "news_high_volume_breakout",
    "news_unusual_volatility",
    "coin_idx"
  ],
  "coin_vocab": [
    "pepe"
  ],
  "n_train_rows": 685,
  "n_test_rows": 570,
  "metrics": {
    "auc": 0.5120803287223368,
    "log_loss": 2.285498561415777,
    "brier": 0.3290028825319195,
    "directional_accuracy": 0.35964912280701755
  },
  "baseline_metrics": {
    "auc": 0.5180003094222498,
    "log_loss": 1.1063878531631235,
    "brier": 0.2241189215862061,
    "directional_accuracy": 0.33859649122807023
  },
  "threshold_pct": 0.2,
  "horizon_candles": 1,
  "class_return_means_pct": [
    -0.6885548231689306,
    -0.003610273061710507,
    0.7892217724066657
  ],
  "fold_metrics": [
    {
      "fold": 0,
      "n_train": 114,
      "n_test": 114,
      "auc": 0.5180340690030613,
      "log_loss": 1.608236897831229,
      "brier": 0.2764892226552093,
      "directional_accuracy": 0.38596491228070173,
      "baseline_auc": 0.4936714412489606,
      "baseline_log_loss": 1.1496964633019355,
      "baseline_brier": 0.23272961720392307,
      "baseline_directional_accuracy": 0.2543859649122807,
      "best_params": {
        "objective": "multiclass",
        "num_class": 3,
        "metric": "multi_logloss",
        "num_leaves": 63,
        "learning_rate": 0.0938393881004349,
        "min_child_samples": 23,
        "feature_fraction": 0.9,
        "bagging_fraction": 0.9,
        "bagging_freq": 5,
        "verbose": -1,
        "deterministic": true,
        "seed": 42
      }
    },
    {
      "fold": 1,
      "n_train": 228,
      "n_test": 114,
      "auc": 0.5056935181935183,
      "log_loss": 1.9995089866772973,
      "brier": 0.3202682679602175,
      "directional_accuracy": 0.3508771929824561,
      "baseline_auc": 0.5592122967122968,
      "baseline_log_loss": 1.100937950961918,
      "baseline_brier": 0.22247122271406913,
      "baseline_directional_accuracy": 0.39473684210526316,
      "best_params": {
        "objective": "multiclass",
        "num_class": 3,
        "metric": "multi_logloss",
        "num_leaves": 31,
        "learning_rate": 0.04488170057528786,
        "min_child_samples": 9,
        "feature_fraction": 0.9,
        "bagging_fraction": 0.9,
        "bagging_freq": 5,
        "verbose": -1,
        "deterministic": true,
        "seed": 42
      }
    },
    {
      "fold": 2,
      "n_train": 342,
      "n_test": 114,
      "auc": 0.49119245524296673,
      "log_loss": 2.1874336475323966,
      "brier": 0.34513279016295967,
      "directional_accuracy": 0.3157894736842105,
      "baseline_auc": 0.4842977408354647,
      "baseline_log_loss": 1.1118350952880816,
      "baseline_brier": 0.2259727552810448,
      "baseline_directional_accuracy": 0.32456140350877194,
      "best_params": {
        "objective": "multiclass",
        "num_class": 3,
        "metric": "multi_logloss",
        "num_leaves": 63,
        "learning_rate": 0.06807764614983679,
        "min_child_samples": 12,
        "feature_fraction": 0.9,
        "bagging_fraction": 0.9,
        "bagging_freq": 5,
        "verbose": -1,
        "deterministic": true,
        "seed": 42
      }
    },
    {
      "fold": 3,
      "n_train": 456,
      "n_test": 114,
      "auc": 0.5408273679373423,
      "log_loss": 3.1031998567896837,
      "brier": 0.3529076159956233,
      "directional_accuracy": 0.3684210526315789,
      "baseline_auc": 0.5466330718781699,
      "baseline_log_loss": 1.0881728145686613,
      "baseline_brier": 0.22054167900409774,
      "baseline_directional_accuracy": 0.35964912280701755,
      "best_params": {
        "objective": "multiclass",
        "num_class": 3,
        "metric": "multi_logloss",
        "num_leaves": 15,
        "learning_rate": 0.09230320822645494,
        "min_child_samples": 6,
        "feature_fraction": 0.9,
        "bagging_fraction": 0.9,
        "bagging_freq": 5,
        "verbose": -1,
        "deterministic": true,
        "seed": 42
      }
    },
    {
      "fold": 4,
      "n_train": 570,
      "n_test": 114,
      "auc": 0.5046542332347959,
      "log_loss": 2.529113418248279,
      "brier": 0.35021651588558783,
      "directional_accuracy": 0.37719298245614036,
      "baseline_auc": 0.506186996436357,
      "baseline_log_loss": 1.081296941695022,
      "baseline_brier": 0.21887933372789592,
      "baseline_directional_accuracy": 0.35964912280701755,
      "best_params": {
        "objective": "multiclass",
        "num_class": 3,
        "metric": "multi_logloss",
        "num_leaves": 63,
        "learning_rate": 0.0938393881004349,
        "min_child_samples": 23,
        "feature_fraction": 0.9,
        "bagging_fraction": 0.9,
        "bagging_freq": 5,
        "verbose": -1,
        "deterministic": true,
        "seed": 42
      }
    }
  ],
  "note": "Per-coin model for pepe/1h.",
  "directional_call_share": 0.9927007299270073,
  "directional_call_share_n": 137,
  "directional_call_share_source": "holdout",
  "model_kind": "lightgbm",
  "prior_probs": [],
  "has_regression_head": true,
  "regression_head_stats": {
    "n_train_rows": 395,
    "n_holdout_rows": 99,
    "abs_pred_p50_pct": 0.7363579188140523,
    "abs_pred_p95_pct": 0.8071981489328267,
    "abs_pred_max_pct": 0.870902331959975,
    "mae_pct": 0.3239632489884842,
    "best_iteration": 2
  }
}