{
  "coin_id": "bonk",
  "timeframe": "5m",
  "version": "20260422T083429Z",
  "feature_names": [
    "ret1",
    "ret5",
    "ret10",
    "momentum",
    "realizedVol",
    "rsi14",
    "macdLine",
    "macdSignal",
    "macdHist",
    "atr14",
    "atrPct",
    "ema9",
    "ema21",
    "emaSpreadPct",
    "distFromEma9Pct",
    "distFromEma21Pct",
    "bbUpper",
    "bbMiddle",
    "bbLower",
    "bbWidth",
    "bbPctB",
    "bbWidthPct",
    "news_etf_flow",
    "news_regulatory_risk",
    "news_exchange_outage",
    "news_macro_shock",
    "news_whale_move",
    "news_exploit_or_hack",
    "news_stablecoin_event",
    "news_narrative_rotation",
    "news_listing_or_delisting",
    "news_protocol_upgrade",
    "news_high_volume_breakout",
    "news_unusual_volatility",
    "coin_idx"
  ],
  "coin_vocab": [
    "bonk"
  ],
  "n_train_rows": 117,
  "n_test_rows": 66,
  "metrics": {
    "auc": 0.600198564956047,
    "log_loss": 1.9121603810147627,
    "brier": 0.24440450567572525,
    "directional_accuracy": 0.5454545454545454
  },
  "baseline_metrics": {
    "auc": 0.5856079363819302,
    "log_loss": 1.2319516880180188,
    "brier": 0.20415060465580262,
    "directional_accuracy": 0.5909090909090909
  },
  "threshold_pct": 0.1,
  "horizon_candles": 1,
  "class_return_means_pct": [
    -0.21136172791354477,
    -0.002530814494257383,
    0.30750712328482405
  ],
  "fold_metrics": [
    {
      "fold": 0,
      "n_train": 50,
      "n_test": 22,
      "auc": 0.4971816796894197,
      "log_loss": 3.356709507627313,
      "brier": 0.33009288532079345,
      "directional_accuracy": 0.45454545454545453,
      "baseline_auc": 0.6641677723721068,
      "baseline_log_loss": 1.5767086899004885,
      "baseline_brier": 0.22183601072637082,
      "baseline_directional_accuracy": 0.6363636363636364,
      "best_params": {
        "objective": "multiclass",
        "num_class": 3,
        "metric": "multi_logloss",
        "num_leaves": 31,
        "learning_rate": 0.09340308327072934,
        "min_child_samples": 9,
        "feature_fraction": 0.9,
        "bagging_fraction": 0.9,
        "bagging_freq": 5,
        "verbose": -1,
        "deterministic": true,
        "seed": 42
      }
    },
    {
      "fold": 1,
      "n_train": 72,
      "n_test": 22,
      "auc": 0.6311451076156958,
      "log_loss": 1.3152317865296452,
      "brier": 0.26262736626307265,
      "directional_accuracy": 0.4090909090909091,
      "baseline_auc": 0.5843149225502167,
      "baseline_log_loss": 1.2762524724236946,
      "baseline_brier": 0.26335145994363807,
      "baseline_directional_accuracy": 0.36363636363636365,
      "best_params": {
        "objective": "multiclass",
        "num_class": 3,
        "metric": "multi_logloss",
        "num_leaves": 63,
        "learning_rate": 0.0938393881004349,
        "min_child_samples": 23,
        "feature_fraction": 0.9,
        "bagging_fraction": 0.9,
        "bagging_freq": 5,
        "verbose": -1,
        "deterministic": true,
        "seed": 42
      }
    },
    {
      "fold": 2,
      "n_train": 94,
      "n_test": 22,
      "auc": 0.6722689075630252,
      "log_loss": 1.0645398488873294,
      "brier": 0.14049326544330965,
      "directional_accuracy": 0.7727272727272727,
      "baseline_auc": 0.5083411142234672,
      "baseline_log_loss": 0.8428939017298732,
      "baseline_brier": 0.12726434329739897,
      "baseline_directional_accuracy": 0.7727272727272727,
      "best_params": {
        "objective": "multiclass",
        "num_class": 3,
        "metric": "multi_logloss",
        "num_leaves": 63,
        "learning_rate": 0.06807764614983679,
        "min_child_samples": 12,
        "feature_fraction": 0.9,
        "bagging_fraction": 0.9,
        "bagging_freq": 5,
        "verbose": -1,
        "deterministic": true,
        "seed": 42
      }
    }
  ],
  "note": "Per-coin model for bonk/5m.",
  "directional_call_share": 0.041666666666666664,
  "directional_call_share_n": 24,
  "directional_call_share_source": "holdout",
  "model_kind": "lightgbm",
  "prior_probs": []
}