{
  "coin_id": "bonk",
  "timeframe": "2h",
  "version": "20260425T095658Z",
  "feature_names": [
    "ret1",
    "ret5",
    "ret10",
    "momentum",
    "realizedVol",
    "rsi14",
    "macdLine",
    "macdSignal",
    "macdHist",
    "atr14",
    "atrPct",
    "ema9",
    "ema21",
    "emaSpreadPct",
    "distFromEma9Pct",
    "distFromEma21Pct",
    "bbUpper",
    "bbMiddle",
    "bbLower",
    "bbWidth",
    "bbPctB",
    "bbWidthPct",
    "funding_rate",
    "open_interest_z",
    "liquidations_1h_usd",
    "bid_ask_spread_bps",
    "btc_lead_ret_5m",
    "eth_lead_ret_5m",
    "btc_liquidations_1h_usd",
    "eth_liquidations_1h_usd",
    "sol_liquidations_1h_usd",
    "session_asia",
    "session_eu",
    "session_us",
    "hour_of_day_sin",
    "hour_of_day_cos",
    "coin_idx"
  ],
  "coin_vocab": [
    "bonk"
  ],
  "n_train_rows": 4318,
  "n_test_rows": 3595,
  "metrics": {
    "auc": 0.5144377832832221,
    "log_loss": 3.3352676150642715,
    "brier": 0.33710887328796896,
    "directional_accuracy": 0.40751043115438107
  },
  "baseline_metrics": {
    "auc": 0.5361224167781617,
    "log_loss": 1.03892955587106,
    "brier": 0.2100981420824135,
    "directional_accuracy": 0.44700973574408903
  },
  "threshold_pct": 0.5225,
  "horizon_candles": 4,
  "class_return_means_pct": [
    -2.7149543749911356,
    -0.0071202036073651715,
    2.968768612288731
  ],
  "fold_metrics": [
    {
      "fold": 0,
      "n_train": 719,
      "n_test": 719,
      "auc": 0.49667233879186656,
      "log_loss": 3.855771576553206,
      "brier": 0.3457429354700389,
      "directional_accuracy": 0.4478442280945758,
      "baseline_auc": 0.5605287437861524,
      "baseline_log_loss": 0.9801133160304274,
      "baseline_brier": 0.1989754564126245,
      "baseline_directional_accuracy": 0.5062586926286509,
      "best_params": {
        "objective": "multiclass",
        "num_class": 3,
        "metric": "multi_logloss",
        "num_leaves": 63,
        "learning_rate": 0.03024728699832923,
        "min_child_samples": 5,
        "feature_fraction": 0.9,
        "bagging_fraction": 0.9,
        "bagging_freq": 5,
        "verbose": -1,
        "deterministic": true,
        "seed": 42
      },
      "feature_importance": [
        1776.1098899065307,
        1234.7157478667355,
        1001.4640815129808,
        1314.632226643958,
        1675.7909340614985,
        970.935273452865,
        1277.3321431755057,
        1213.2408571114972,
        1338.1498717104857,
        1334.8150893939408,
        1564.8047838004306,
        1291.3641329535594,
        789.7605157947124,
        724.2946100281665,
        992.1098763248832,
        558.0259036192625,
        864.4276457920462,
        536.052513171073,
        940.4998377397427,
        1208.908036763597,
        1123.963631052332,
        914.1535077328724,
        0.0,
        0.0,
        0.0,
        0.0,
        0.0,
        0.0,
        0.0,
        0.0,
        0.0,
        100.6460305813281,
        54.49810568749035,
        98.01479736465096,
        785.0502090807694,
        510.29911259078693,
        0.0
      ],
      "feature_names": [
        "ret1",
        "ret5",
        "ret10",
        "momentum",
        "realizedVol",
        "rsi14",
        "macdLine",
        "macdSignal",
        "macdHist",
        "atr14",
        "atrPct",
        "ema9",
        "ema21",
        "emaSpreadPct",
        "distFromEma9Pct",
        "distFromEma21Pct",
        "bbUpper",
        "bbMiddle",
        "bbLower",
        "bbWidth",
        "bbPctB",
        "bbWidthPct",
        "funding_rate",
        "open_interest_z",
        "liquidations_1h_usd",
        "bid_ask_spread_bps",
        "btc_lead_ret_5m",
        "eth_lead_ret_5m",
        "btc_liquidations_1h_usd",
        "eth_liquidations_1h_usd",
        "sol_liquidations_1h_usd",
        "session_asia",
        "session_eu",
        "session_us",
        "hour_of_day_sin",
        "hour_of_day_cos",
        "coin_idx"
      ]
    },
    {
      "fold": 1,
      "n_train": 1438,
      "n_test": 719,
      "auc": 0.5045162318260897,
      "log_loss": 3.3459948510221964,
      "brier": 0.323217500456376,
      "directional_accuracy": 0.4478442280945758,
      "baseline_auc": 0.531382115320727,
      "baseline_log_loss": 1.0350639717981602,
      "baseline_brier": 0.20911109582691423,
      "baseline_directional_accuracy": 0.4478442280945758,
      "best_params": {
        "objective": "multiclass",
        "num_class": 3,
        "metric": "multi_logloss",
        "num_leaves": 15,
        "learning_rate": 0.1155097780450273,
        "min_child_samples": 8,
        "feature_fraction": 0.9,
        "bagging_fraction": 0.9,
        "bagging_freq": 5,
        "verbose": -1,
        "deterministic": true,
        "seed": 42
      },
      "feature_importance": [
        976.4793576103766,
        807.302460272047,
        569.2036317377315,
        688.3163358310994,
        981.2109808780951,
        505.81256276887143,
        512.2469017811018,
        712.987055981037,
        708.3120432657488,
        794.7692283905235,
        875.405757386492,
        687.439810601034,
        546.0406592521467,
        543.0180114116738,
        604.5141181480358,
        326.2739916103528,
        688.1771040288077,
        346.6393840058081,
        565.8431191848213,
        626.4956096282185,
        490.98814872548246,
        561.3978814368929,
        0.0,
        0.0,
        0.0,
        0.0,
        0.0,
        0.0,
        0.0,
        0.0,
        0.0,
        43.53895002564241,
        19.094472793178284,
        42.89409601605439,
        326.67808050333406,
        211.63745361485053,
        0.0
      ],
      "feature_names": [
        "ret1",
        "ret5",
        "ret10",
        "momentum",
        "realizedVol",
        "rsi14",
        "macdLine",
        "macdSignal",
        "macdHist",
        "atr14",
        "atrPct",
        "ema9",
        "ema21",
        "emaSpreadPct",
        "distFromEma9Pct",
        "distFromEma21Pct",
        "bbUpper",
        "bbMiddle",
        "bbLower",
        "bbWidth",
        "bbPctB",
        "bbWidthPct",
        "funding_rate",
        "open_interest_z",
        "liquidations_1h_usd",
        "bid_ask_spread_bps",
        "btc_lead_ret_5m",
        "eth_lead_ret_5m",
        "btc_liquidations_1h_usd",
        "eth_liquidations_1h_usd",
        "sol_liquidations_1h_usd",
        "session_asia",
        "session_eu",
        "session_us",
        "hour_of_day_sin",
        "hour_of_day_cos",
        "coin_idx"
      ]
    },
    {
      "fold": 2,
      "n_train": 2157,
      "n_test": 719,
      "auc": 0.5172347390867804,
      "log_loss": 5.801915084748947,
      "brier": 0.40586980590657573,
      "directional_accuracy": 0.36439499304589706,
      "baseline_auc": 0.5186616250821364,
      "baseline_log_loss": 1.0608050121273478,
      "baseline_brier": 0.21461427363591237,
      "baseline_directional_accuracy": 0.4228094575799722,
      "best_params": {
        "objective": "multiclass",
        "num_class": 3,
        "metric": "multi_logloss",
        "num_leaves": 63,
        "learning_rate": 0.12475654588566905,
        "min_child_samples": 7,
        "feature_fraction": 0.9,
        "bagging_fraction": 0.9,
        "bagging_freq": 5,
        "verbose": -1,
        "deterministic": true,
        "seed": 42
      },