{
  "coin_id": "render-token",
  "timeframe": "1m",
  "version": "20260422T153818Z",
  "feature_names": [
    "ret1",
    "ret5",
    "ret10",
    "momentum",
    "realizedVol",
    "rsi14",
    "macdLine",
    "macdSignal",
    "macdHist",
    "atr14",
    "atrPct",
    "ema9",
    "ema21",
    "emaSpreadPct",
    "distFromEma9Pct",
    "distFromEma21Pct",
    "bbUpper",
    "bbMiddle",
    "bbLower",
    "bbWidth",
    "bbPctB",
    "bbWidthPct",
    "news_etf_flow",
    "news_regulatory_risk",
    "news_exchange_outage",
    "news_macro_shock",
    "news_whale_move",
    "news_exploit_or_hack",
    "news_stablecoin_event",
    "news_narrative_rotation",
    "news_listing_or_delisting",
    "news_protocol_upgrade",
    "news_high_volume_breakout",
    "news_unusual_volatility",
    "coin_idx"
  ],
  "coin_vocab": [
    "render-token"
  ],
  "n_train_rows": 1713,
  "n_test_rows": 1425,
  "metrics": {
    "auc": 0.526596011869673,
    "log_loss": 2.7324827748322438,
    "brier": 0.29478984879340675,
    "directional_accuracy": 0.47368421052631576
  },
  "baseline_metrics": {
    "auc": 0.5416035598434685,
    "log_loss": 1.115933430808206,
    "brier": 0.1944126840894917,
    "directional_accuracy": 0.5754385964912281
  },
  "threshold_pct": 0.03,
  "horizon_candles": 1,
  "class_return_means_pct": [
    -0.49675439610982847,
    0.00028362923096036865,
    0.48304082222057204
  ],
  "fold_metrics": [
    {
      "fold": 0,
      "n_train": 285,
      "n_test": 285,
      "auc": 0.4883421384073423,
      "log_loss": 2.4145563699870567,
      "brier": 0.30022337849773983,
      "directional_accuracy": 0.45964912280701753,
      "baseline_auc": 0.5650056845167456,
      "baseline_log_loss": 0.8489355717055541,
      "baseline_brier": 0.18416761156977635,
      "baseline_directional_accuracy": 0.4982456140350877,
      "best_params": {
        "objective": "multiclass",
        "num_class": 3,
        "metric": "multi_logloss",
        "num_leaves": 31,
        "learning_rate": 0.1,
        "min_child_samples": 5,
        "feature_fraction": 0.9,
        "bagging_fraction": 0.9,
        "bagging_freq": 5,
        "verbose": -1,
        "deterministic": true,
        "seed": 42
      }
    },
    {
      "fold": 1,
      "n_train": 570,
      "n_test": 285,
      "auc": 0.5201650702311748,
      "log_loss": 5.848519911638155,
      "brier": 0.45529920153662884,
      "directional_accuracy": 0.21403508771929824,
      "baseline_auc": 0.49022332532321916,
      "baseline_log_loss": 2.380397587191903,
      "baseline_brier": 0.347911866584959,
      "baseline_directional_accuracy": 0.22456140350877193,
      "best_params": {
        "objective": "multiclass",
        "num_class": 3,
        "metric": "multi_logloss",
        "num_leaves": 31,
        "learning_rate": 0.1,
        "min_child_samples": 5,
        "feature_fraction": 0.9,
        "bagging_fraction": 0.9,
        "bagging_freq": 5,
        "verbose": -1,
        "deterministic": true,
        "seed": 42
      }
    },
    {
      "fold": 2,
      "n_train": 855,
      "n_test": 285,
      "auc": 0.4941669395464004,
      "log_loss": 2.780324000472099,
      "brier": 0.33072290469199683,
      "directional_accuracy": 0.40350877192982454,
      "baseline_auc": 0.4823922570338341,
      "baseline_log_loss": 0.731816841498622,
      "baseline_brier": 0.13414753069458615,
      "baseline_directional_accuracy": 0.7578947368421053,
      "best_params": {
        "objective": "multiclass",
        "num_class": 3,
        "metric": "multi_logloss",
        "num_leaves": 31,
        "learning_rate": 0.1,
        "min_child_samples": 5,
        "feature_fraction": 0.9,
        "bagging_fraction": 0.9,
        "bagging_freq": 5,
        "verbose": -1,
        "deterministic": true,
        "seed": 42
      }
    },
    {
      "fold": 3,
      "n_train": 1140,
      "n_test": 285,
      "auc": 0.5786188227279587,
      "log_loss": 1.3174005210114388,
      "brier": 0.18974686525274767,
      "directional_accuracy": 0.6526315789473685,
      "baseline_auc": 0.5945482131172727,
      "baseline_log_loss": 0.7921914284634373,
      "baseline_brier": 0.14837918226295588,
      "baseline_directional_accuracy": 0.7052631578947368,
      "best_params": {
        "objective": "multiclass",
        "num_class": 3,
        "metric": "multi_logloss",
        "num_leaves": 31,
        "learning_rate": 0.1,
        "min_child_samples": 5,
        "feature_fraction": 0.9,
        "bagging_fraction": 0.9,
        "bagging_freq": 5,
        "verbose": -1,
        "deterministic": true,
        "seed": 42
      }
    },
    {
      "fold": 4,
      "n_train": 1425,
      "n_test": 285,
      "auc": 0.551687088435489,
      "log_loss": 1.301613071052468,
      "brier": 0.1979568939879205,
      "directional_accuracy": 0.6385964912280702,
      "baseline_auc": 0.5758483192262716,
      "baseline_log_loss": 0.8263257251815138,
      "baseline_brier": 0.1574572293351811,
      "baseline_directional_accuracy": 0.6912280701754386,
      "best_params": {
        "objective": "multiclass",
        "num_class": 3,
        "metric": "multi_logloss",
        "num_leaves": 31,
        "learning_rate": 0.1,
        "min_child_samples": 5,
        "feature_fraction": 0.9,
        "bagging_fraction": 0.9,
        "bagging_freq": 5,
        "verbose": -1,
        "deterministic": true,
        "seed": 42
      }
    }
  ],
  "note": "Per-coin model for render-token/1m.",
  "directional_call_share": 0.0,
  "directional_call_share_n": 343,
  "directional_call_share_source": "holdout",
  "model_kind": "lightgbm",
  "prior_probs": [],
  "has_regression_head": true,
  "regression_head_stats": {
    "n_train_rows": 739,
    "n_holdout_rows": 185,
    "abs_pred_p50_pct": 0.13999141559853262,
    "abs_pred_p95_pct": 0.43027012696071115,
    "abs_pred_max_pct": 0.9278660899510872,
    "mae_pct": 0.11886314883181677,
    "best_iteration": 48
  },
  "gates_alignment": {
    "n": 343,
    "source": "holdout",
    "min_directional_edge": 0.05,
    "min_expected_return_pct": 0.15,
    "aligned_share": 0.597667638483965,
    "aligned_loud_share": 0.01749271137026239,
    "aligned_quiet_share": 0.5801749271137027,
    "loud_classifier_quiet_regressor_share": 0.3935860058309038,
    "quiet_classifier_loud_regressor_share": 0.008746355685131196,
    "dir_edge_p50": 0.03833457565754447,
    "dir_edge_p95": 0.17946263451345687,
    "abs_magnitude_pct_p50": 0.13999141559853262,
    "abs_magnitude_pct_p95": 0.14999949776725477
  }
}