{
  "coin_id": "celestia",
  "timeframe": "2h",
  "version": "20260429T151346Z",
  "feature_names": [
    "ret1",
    "ret5",
    "ret10",
    "momentum",
    "realizedVol",
    "rsi14",
    "macdLine",
    "macdSignal",
    "macdHist",
    "atr14",
    "atrPct",
    "ema9",
    "ema21",
    "emaSpreadPct",
    "distFromEma9Pct",
    "distFromEma21Pct",
    "bbUpper",
    "bbMiddle",
    "bbLower",
    "bbWidth",
    "bbPctB",
    "bbWidthPct",
    "volZScore60",
    "funding_rate",
    "open_interest_z",
    "liquidations_1h_usd",
    "bid_ask_spread_bps",
    "btc_lead_ret_5m",
    "eth_lead_ret_5m",
    "btc_liquidations_1h_usd",
    "eth_liquidations_1h_usd",
    "sol_liquidations_1h_usd",
    "session_asia",
    "session_eu",
    "session_us",
    "hour_of_day_sin",
    "hour_of_day_cos",
    "coin_idx"
  ],
  "coin_vocab": [
    "celestia"
  ],
  "n_train_rows": 4267,
  "n_test_rows": 3555,
  "metrics": {
    "auc": 0.5098362095382983,
    "log_loss": 3.1242981326741686,
    "brier": 0.34589410138714394,
    "directional_accuracy": 0.3938115330520394
  },
  "baseline_metrics": {
    "auc": 0.5137545874425374,
    "log_loss": 1.0544595665520695,
    "brier": 0.2136804791380044,
    "directional_accuracy": 0.40590717299578055
  },
  "threshold_pct": 0.5225,
  "horizon_candles": 4,
  "class_return_means_pct": [
    -2.612458767161554,
    -0.010151256232170698,
    2.648128287656159
  ],
  "fold_metrics": [
    {
      "fold": 0,
      "n_train": 711,
      "n_test": 711,
      "auc": 0.4653542026147887,
      "log_loss": 3.273609612007338,
      "brier": 0.35608063650219085,
      "directional_accuracy": 0.37834036568213786,
      "baseline_auc": 0.4962573021440522,
      "baseline_log_loss": 1.0707111005799619,
      "baseline_brier": 0.21694438796746707,
      "baseline_directional_accuracy": 0.41350210970464135,
      "best_params": {
        "objective": "multiclass",
        "num_class": 3,
        "metric": "multi_logloss",
        "num_leaves": 31,
        "learning_rate": 0.09340308327072934,
        "min_child_samples": 9,
        "feature_fraction": 0.9,
        "bagging_fraction": 0.9,
        "bagging_freq": 5,
        "verbose": -1,
        "deterministic": true,
        "seed": 42
      },
      "feature_importance": [
        804.4914582162746,
        774.2204406604287,
        830.2367253281991,
        836.1986284912564,
        845.1466794391745,
        783.2741115328972,
        595.7596365653444,
        678.7631526114419,
        891.1921623590752,
        953.3394468343467,
        1101.4947809028672,
        797.0172812136007,
        530.3204655164736,
        700.1886560979183,
        621.4605352111976,
        576.8054964711773,
        474.56013040652033,
        368.3326337438193,
        822.6755099328002,
        650.355735467223,
        664.9163387045846,
        993.5502804555581,
        1021.1148302211077,
        0.0,
        0.0,
        0.0,
        0.0,
        0.0,
        0.0,
        0.0,
        0.0,
        0.0,
        35.93106093001552,
        118.21714893402532,
        97.04671462147962,
        349.195543883543,
        387.1444939011126,
        0.0
      ],
      "feature_names": [
        "ret1",
        "ret5",
        "ret10",
        "momentum",
        "realizedVol",
        "rsi14",
        "macdLine",
        "macdSignal",
        "macdHist",
        "atr14",
        "atrPct",
        "ema9",
        "ema21",
        "emaSpreadPct",
        "distFromEma9Pct",
        "distFromEma21Pct",
        "bbUpper",
        "bbMiddle",
        "bbLower",
        "bbWidth",
        "bbPctB",
        "bbWidthPct",
        "volZScore60",
        "funding_rate",
        "open_interest_z",
        "liquidations_1h_usd",
        "bid_ask_spread_bps",
        "btc_lead_ret_5m",
        "eth_lead_ret_5m",
        "btc_liquidations_1h_usd",
        "eth_liquidations_1h_usd",
        "sol_liquidations_1h_usd",
        "session_asia",
        "session_eu",
        "session_us",
        "hour_of_day_sin",
        "hour_of_day_cos",
        "coin_idx"
      ]
    },
    {
      "fold": 1,
      "n_train": 1422,
      "n_test": 711,
      "auc": 0.5212617861099423,
      "log_loss": 2.3084298269853623,
      "brier": 0.3253739500504506,
      "directional_accuracy": 0.38959212376933894,
      "baseline_auc": 0.5045049488462386,
      "baseline_log_loss": 1.0655798221333366,
      "baseline_brier": 0.21594437468557456,
      "baseline_directional_accuracy": 0.3755274261603376,
      "best_params": {
        "objective": "multiclass",
        "num_class": 3,
        "metric": "multi_logloss",
        "num_leaves": 31,
        "learning_rate": 0.09340308327072934,
        "min_child_samples": 9,
        "feature_fraction": 0.9,
        "bagging_fraction": 0.9,
        "bagging_freq": 5,
        "verbose": -1,
        "deterministic": true,
        "seed": 42
      },
      "feature_importance": [
        1640.0581071544439,
        1301.5437615662813,
        1733.229019029066,
        1833.8298013061285,
        2062.7018283810467,
        1179.0738940276206,
        1134.3564096316695,
        1517.1997699532658,
        1883.5558305718005,
        1670.2070104125887,
        1819.260115582496,
        1093.6902819387615,
        896.482494501397,
        1624.0171696860343,
        1235.373076558113,
        1050.8601798322052,
        1715.8591821473092,
        923.9306190852076,
        1635.4186726137996,
        1616.7741072662175,
        1207.6277363393456,
        1762.494532752782,
        1748.2185578066856,
        0.0,
        0.0,
        0.0,
        0.0,
        0.0,
        0.0,
        0.0,
        0.0,
        0.0,
        86.13856430351734,
        130.52096734195948,
        94.07526063546538,
        702.8465248364955,
        608.477146755904,
        0.0
      ],
      "feature_names": [
        "ret1",
        "ret5",
        "ret10",
        "momentum",
        "realizedVol",
        "rsi14",
        "macdLine",
        "macdSignal",
        "macdHist",
        "atr14",
        "atrPct",
        "ema9",
        "ema21",
        "emaSpreadPct",
        "distFromEma9Pct",
        "distFromEma21Pct",
        "bbUpper",
        "bbMiddle",
        "bbLower",
        "bbWidth",
        "bbPctB",
        "bbWidthPct",
        "volZScore60",
        "funding_rate",
        "open_interest_z",
        "liquidations_1h_usd",
        "bid_ask_spread_bps",
        "btc_lead_ret_5m",
        "eth_lead_ret_5m",
        "btc_liquidations_1h_usd",
        "eth_liquidations_1h_usd",
        "sol_liquidations_1h_usd",
        "session_asia",
        "session_eu",
        "session_us",
        "hour_of_day_sin",
        "hour_of_day_cos",
        "coin_idx"
      ]
    },
    {
      "fold": 2,
      "n_train": 2133,
      "n_test": 711,
      "auc": 0.5239882225729334,
      "log_loss": 2.3779277434618584,
      "brier": 0.339094445683597,
      "directional_accuracy": 0.38677918424753865,
      "baseline_auc": 0.5234994076587328,
      "baseline_log_loss": 1.0398741349451857,
      "baseline_brier": 0.21187045975997787,
      "baseline_directional_accuracy": 0.3670886075949367,
      "best_params": {
        "objective": "multiclass",
        "num_class": 3,
        "metric": "multi_logloss",
        "num_leaves": 15,
        "learning_rate": 0.055614520992955205,
        "min_child_samples": 17,
        "feature_fraction": 0.9,
        "bagging_fraction": 0.9,
        "bagging_freq": 5,
        "verbose": -1,
        "deterministic": true,
        "seed": 42
      },