{
  "coin_id": "pepe",
  "timeframe": "6h",
  "version": "20260429T163319Z",
  "feature_names": [
    "ret1",
    "ret5",
    "ret10",
    "momentum",
    "realizedVol",
    "rsi14",
    "macdLine",
    "macdSignal",
    "macdHist",
    "atr14",
    "atrPct",
    "ema9",
    "ema21",
    "emaSpreadPct",
    "distFromEma9Pct",
    "distFromEma21Pct",
    "bbUpper",
    "bbMiddle",
    "bbLower",
    "bbWidth",
    "bbPctB",
    "bbWidthPct",
    "volZScore60",
    "funding_rate",
    "open_interest_z",
    "liquidations_1h_usd",
    "bid_ask_spread_bps",
    "btc_lead_ret_5m",
    "eth_lead_ret_5m",
    "btc_liquidations_1h_usd",
    "eth_liquidations_1h_usd",
    "sol_liquidations_1h_usd",
    "session_asia",
    "session_eu",
    "session_us",
    "hour_of_day_sin",
    "hour_of_day_cos",
    "coin_idx"
  ],
  "coin_vocab": [
    "pepe"
  ],
  "n_train_rows": 1396,
  "n_test_rows": 1160,
  "metrics": {
    "auc": 0.5240396067889447,
    "log_loss": 3.6723354218895436,
    "brier": 0.349032738828979,
    "directional_accuracy": 0.4137931034482758
  },
  "baseline_metrics": {
    "auc": 0.5228306271646045,
    "log_loss": 1.048393560279798,
    "brier": 0.21220182746128743,
    "directional_accuracy": 0.43534482758620696
  },
  "threshold_pct": 0.8075,
  "horizon_candles": 4,
  "class_return_means_pct": [
    -4.333156341170978,
    -0.02200490991841554,
    4.823951969905227
  ],
  "fold_metrics": [
    {
      "fold": 0,
      "n_train": 232,
      "n_test": 232,
      "auc": 0.4882620361044585,
      "log_loss": 4.498310598556837,
      "brier": 0.3448840021080888,
      "directional_accuracy": 0.45689655172413796,
      "baseline_auc": 0.5252033489054875,
      "baseline_log_loss": 1.0508408852675644,
      "baseline_brier": 0.21655254791456072,
      "baseline_directional_accuracy": 0.4353448275862069,
      "best_params": {
        "objective": "multiclass",
        "num_class": 3,
        "metric": "multi_logloss",
        "num_leaves": 31,
        "learning_rate": 0.09340308327072934,
        "min_child_samples": 9,
        "feature_fraction": 0.9,
        "bagging_fraction": 0.9,
        "bagging_freq": 5,
        "verbose": -1,
        "deterministic": true,
        "seed": 42
      },
      "feature_importance": [
        236.2834141715768,
        306.1176278209497,
        181.10854184074816,
        464.21199193097357,
        85.20317347132968,
        181.98632728103482,
        237.80815588732102,
        90.93188755003011,
        214.1216547552637,
        248.8392203601392,
        251.20851942757469,
        320.2748630893371,
        257.8160457109558,
        130.94333540109403,
        164.34179489091665,
        74.5328429267949,
        228.82986465036615,
        234.6355293062791,
        318.07399902487174,
        208.0618667000249,
        539.735904065797,
        518.4959929948828,
        276.908208899863,
        0.0,
        0.0,
        0.0,
        0.0,
        0.0,
        0.0,
        0.0,
        0.0,
        0.0,
        84.92785005051337,
        22.964895247059758,
        12.464828643746785,
        87.93952787303414,
        68.74718179228148,
        0.0
      ],
      "feature_names": [
        "ret1",
        "ret5",
        "ret10",
        "momentum",
        "realizedVol",
        "rsi14",
        "macdLine",
        "macdSignal",
        "macdHist",
        "atr14",
        "atrPct",
        "ema9",
        "ema21",
        "emaSpreadPct",
        "distFromEma9Pct",
        "distFromEma21Pct",
        "bbUpper",
        "bbMiddle",
        "bbLower",
        "bbWidth",
        "bbPctB",
        "bbWidthPct",
        "volZScore60",
        "funding_rate",
        "open_interest_z",
        "liquidations_1h_usd",
        "bid_ask_spread_bps",
        "btc_lead_ret_5m",
        "eth_lead_ret_5m",
        "btc_liquidations_1h_usd",
        "eth_liquidations_1h_usd",
        "sol_liquidations_1h_usd",
        "session_asia",
        "session_eu",
        "session_us",
        "hour_of_day_sin",
        "hour_of_day_cos",
        "coin_idx"
      ]
    },
    {
      "fold": 1,
      "n_train": 464,
      "n_test": 232,
      "auc": 0.5508641898243033,
      "log_loss": 3.9519257139827415,
      "brier": 0.3387927603513085,
      "directional_accuracy": 0.4353448275862069,
      "baseline_auc": 0.5208284042108763,
      "baseline_log_loss": 1.08778314500255,
      "baseline_brier": 0.21867097112679015,
      "baseline_directional_accuracy": 0.41379310344827586,
      "best_params": {
        "objective": "multiclass",
        "num_class": 3,
        "metric": "multi_logloss",
        "num_leaves": 31,
        "learning_rate": 0.09340308327072934,
        "min_child_samples": 9,
        "feature_fraction": 0.9,
        "bagging_fraction": 0.9,
        "bagging_freq": 5,
        "verbose": -1,
        "deterministic": true,
        "seed": 42
      },
      "feature_importance": [
        533.6127562269475,
        596.8547117598639,
        451.6273760711174,
        688.6866503659495,
        357.32477263601595,
        411.73149479759377,
        370.99609917611656,
        571.8329442500326,
        818.1107342495072,
        480.59324819481026,
        455.90583709179697,
        478.39798629686175,
        555.8039860364818,
        339.1895891313659,
        389.9653825810909,
        246.99784573452234,
        447.7867396873624,
        376.6654901692975,
        741.6087523868223,
        414.62775822846606,
        502.281308700122,
        621.4174371855044,
        569.640304403536,
        0.0,
        0.0,
        0.0,
        0.0,
        0.0,
        0.0,
        0.0,
        0.0,
        0.0,
        126.20055402443359,
        18.857988955671317,
        9.814301003472792,
        105.14611744396461,
        112.98850059326469,
        0.0
      ],
      "feature_names": [
        "ret1",
        "ret5",
        "ret10",
        "momentum",
        "realizedVol",
        "rsi14",
        "macdLine",
        "macdSignal",
        "macdHist",
        "atr14",
        "atrPct",
        "ema9",
        "ema21",
        "emaSpreadPct",
        "distFromEma9Pct",
        "distFromEma21Pct",
        "bbUpper",
        "bbMiddle",
        "bbLower",
        "bbWidth",
        "bbPctB",
        "bbWidthPct",
        "volZScore60",
        "funding_rate",
        "open_interest_z",
        "liquidations_1h_usd",
        "bid_ask_spread_bps",
        "btc_lead_ret_5m",
        "eth_lead_ret_5m",
        "btc_liquidations_1h_usd",
        "eth_liquidations_1h_usd",
        "sol_liquidations_1h_usd",
        "session_asia",
        "session_eu",
        "session_us",
        "hour_of_day_sin",
        "hour_of_day_cos",
        "coin_idx"
      ]
    },
    {
      "fold": 2,
      "n_train": 696,
      "n_test": 232,
      "auc": 0.46661266006450314,
      "log_loss": 4.65870436975842,
      "brier": 0.39856752823858344,
      "directional_accuracy": 0.375,
      "baseline_auc": 0.5150559372585864,
      "baseline_log_loss": 1.0728995967188504,
      "baseline_brier": 0.21437465556048144,
      "baseline_directional_accuracy": 0.44396551724137934,
      "best_params": {
        "objective": "multiclass",
        "num_class": 3,
        "metric": "multi_logloss",
        "num_leaves": 31,
        "learning_rate": 0.09340308327072934,
        "min_child_samples": 9,
        "feature_fraction": 0.9,
        "bagging_fraction": 0.9,
        "bagging_freq": 5,
        "verbose": -1,
        "deterministic": true,
        "seed": 42
      },