{
  "coin_id": "injective-protocol",
  "timeframe": "1m",
  "version": "20260422T073556Z",
  "feature_names": [
    "ret1",
    "ret5",
    "ret10",
    "momentum",
    "realizedVol",
    "rsi14",
    "macdLine",
    "macdSignal",
    "macdHist",
    "atr14",
    "atrPct",
    "ema9",
    "ema21",
    "emaSpreadPct",
    "distFromEma9Pct",
    "distFromEma21Pct",
    "bbUpper",
    "bbMiddle",
    "bbLower",
    "bbWidth",
    "bbPctB",
    "bbWidthPct",
    "news_etf_flow",
    "news_regulatory_risk",
    "news_exchange_outage",
    "news_macro_shock",
    "news_whale_move",
    "news_exploit_or_hack",
    "news_stablecoin_event",
    "news_narrative_rotation",
    "news_listing_or_delisting",
    "news_protocol_upgrade",
    "news_high_volume_breakout",
    "news_unusual_volatility",
    "coin_idx"
  ],
  "coin_vocab": [
    "injective-protocol"
  ],
  "n_train_rows": 621,
  "n_test_rows": 515,
  "metrics": {
    "auc": 0.6269400467426087,
    "log_loss": 1.6142994313832055,
    "brier": 0.21794372595942774,
    "directional_accuracy": 0.5980582524271846
  },
  "baseline_metrics": {
    "auc": 0.5379248010094404,
    "log_loss": 0.76286202089482,
    "brier": 0.14319741428461422,
    "directional_accuracy": 0.7359223300970874
  },
  "threshold_pct": 0.03,
  "horizon_candles": 1,
  "class_return_means_pct": [
    -0.08502268769488018,
    0.0010865684171992463,
    0.11489747871452095
  ],
  "fold_metrics": [
    {
      "fold": 0,
      "n_train": 103,
      "n_test": 103,
      "auc": 0.5954997900650074,
      "log_loss": 2.1304902576335163,
      "brier": 0.24919524816260621,
      "directional_accuracy": 0.5825242718446602,
      "baseline_auc": 0.5239704739704739,
      "baseline_log_loss": 0.7360608185760703,
      "baseline_brier": 0.13649924582834677,
      "baseline_directional_accuracy": 0.7475728155339806,
      "best_params": {
        "objective": "multiclass",
        "num_class": 3,
        "metric": "multi_logloss",
        "num_leaves": 15,
        "learning_rate": 0.09230320822645494,
        "min_child_samples": 6,
        "feature_fraction": 0.9,
        "bagging_fraction": 0.9,
        "bagging_freq": 5,
        "verbose": -1,
        "deterministic": true,
        "seed": 42
      }
    },
    {
      "fold": 1,
      "n_train": 206,
      "n_test": 103,
      "auc": 0.5126919463463216,
      "log_loss": 1.7451104053162587,
      "brier": 0.3050786794313598,
      "directional_accuracy": 0.33980582524271846,
      "baseline_auc": 0.4857602384569914,
      "baseline_log_loss": 0.7214640038074681,
      "baseline_brier": 0.1297243444925631,
      "baseline_directional_accuracy": 0.7669902912621359,
      "best_params": {
        "objective": "multiclass",
        "num_class": 3,
        "metric": "multi_logloss",
        "num_leaves": 63,
        "learning_rate": 0.0938393881004349,
        "min_child_samples": 23,
        "feature_fraction": 0.9,
        "bagging_fraction": 0.9,
        "bagging_freq": 5,
        "verbose": -1,
        "deterministic": true,
        "seed": 42
      }
    },
    {
      "fold": 2,
      "n_train": 309,
      "n_test": 103,
      "auc": 0.7178044749555047,
      "log_loss": 1.3538844354987227,
      "brier": 0.15456281071636258,
      "directional_accuracy": 0.7378640776699029,
      "baseline_auc": 0.5559280557564311,
      "baseline_log_loss": 0.6748119248496052,
      "baseline_brier": 0.12388620622588033,
      "baseline_directional_accuracy": 0.7766990291262136,
      "best_params": {
        "objective": "multiclass",
        "num_class": 3,
        "metric": "multi_logloss",
        "num_leaves": 15,
        "learning_rate": 0.09230320822645494,
        "min_child_samples": 6,
        "feature_fraction": 0.9,
        "bagging_fraction": 0.9,
        "bagging_freq": 5,
        "verbose": -1,
        "deterministic": true,
        "seed": 42
      }
    },
    {
      "fold": 3,
      "n_train": 412,
      "n_test": 103,
      "auc": 0.6307626952777481,
      "log_loss": 1.722417824947148,
      "brier": 0.21363030877338654,
      "directional_accuracy": 0.6310679611650486,
      "baseline_auc": 0.5727063390389429,
      "baseline_log_loss": 0.8808530925114247,
      "baseline_brier": 0.1717364317764304,
      "baseline_directional_accuracy": 0.6601941747572816,
      "best_params": {
        "objective": "multiclass",
        "num_class": 3,
        "metric": "multi_logloss",
        "num_leaves": 15,
        "learning_rate": 0.09230320822645494,
        "min_child_samples": 6,
        "feature_fraction": 0.9,
        "bagging_fraction": 0.9,
        "bagging_freq": 5,
        "verbose": -1,
        "deterministic": true,
        "seed": 42
      }
    },
    {
      "fold": 4,
      "n_train": 515,
      "n_test": 103,
      "auc": 0.6779413270684618,
      "log_loss": 1.1195942335203817,
      "brier": 0.16725158271342358,
      "directional_accuracy": 0.6990291262135923,
      "baseline_auc": 0.5512588978243627,
      "baseline_log_loss": 0.8011202647295317,
      "baseline_brier": 0.1541408430998504,
      "baseline_directional_accuracy": 0.7281553398058253,
      "best_params": {
        "objective": "multiclass",
        "num_class": 3,
        "metric": "multi_logloss",
        "num_leaves": 15,
        "learning_rate": 0.09230320822645494,
        "min_child_samples": 6,
        "feature_fraction": 0.9,
        "bagging_fraction": 0.9,
        "bagging_freq": 5,
        "verbose": -1,
        "deterministic": true,
        "seed": 42
      }
    }
  ],
  "note": "Per-coin model for injective-protocol/1m.",
  "directional_call_share": 0.008,
  "directional_call_share_n": 125,
  "directional_call_share_source": "holdout",
  "model_kind": "lightgbm",
  "prior_probs": []
}