{
  "coin_id": "celestia",
  "timeframe": "1m",
  "version": "20260422T120414Z",
  "feature_names": [
    "ret1",
    "ret5",
    "ret10",
    "momentum",
    "realizedVol",
    "rsi14",
    "macdLine",
    "macdSignal",
    "macdHist",
    "atr14",
    "atrPct",
    "ema9",
    "ema21",
    "emaSpreadPct",
    "distFromEma9Pct",
    "distFromEma21Pct",
    "bbUpper",
    "bbMiddle",
    "bbLower",
    "bbWidth",
    "bbPctB",
    "bbWidthPct",
    "news_etf_flow",
    "news_regulatory_risk",
    "news_exchange_outage",
    "news_macro_shock",
    "news_whale_move",
    "news_exploit_or_hack",
    "news_stablecoin_event",
    "news_narrative_rotation",
    "news_listing_or_delisting",
    "news_protocol_upgrade",
    "news_high_volume_breakout",
    "news_unusual_volatility",
    "coin_idx"
  ],
  "coin_vocab": [
    "celestia"
  ],
  "n_train_rows": 1595,
  "n_test_rows": 1330,
  "metrics": {
    "auc": 0.5412846706647171,
    "log_loss": 1.8042635976780903,
    "brier": 0.25778335957248805,
    "directional_accuracy": 0.5112781954887218
  },
  "baseline_metrics": {
    "auc": 0.520864881059628,
    "log_loss": 1.0399750178554312,
    "brier": 0.19510031206771247,
    "directional_accuracy": 0.5413533834586467
  },
  "threshold_pct": 0.03,
  "horizon_candles": 1,
  "class_return_means_pct": [
    -0.4415464593098689,
    0.0008650966393546169,
    0.4892912526230855
  ],
  "fold_metrics": [
    {
      "fold": 0,
      "n_train": 265,
      "n_test": 266,
      "auc": 0.5415983207347519,
      "log_loss": 1.4269679986786388,
      "brier": 0.2688647274230804,
      "directional_accuracy": 0.45112781954887216,
      "baseline_auc": 0.47070238022092253,
      "baseline_log_loss": 0.8370625818099916,
      "baseline_brier": 0.18233474429456323,
      "baseline_directional_accuracy": 0.46616541353383456,
      "best_params": {
        "objective": "multiclass",
        "num_class": 3,
        "metric": "multi_logloss",
        "num_leaves": 63,
        "learning_rate": 0.0938393881004349,
        "min_child_samples": 23,
        "feature_fraction": 0.9,
        "bagging_fraction": 0.9,
        "bagging_freq": 5,
        "verbose": -1,
        "deterministic": true,
        "seed": 42
      }
    },
    {
      "fold": 1,
      "n_train": 531,
      "n_test": 266,
      "auc": 0.5017981309246908,
      "log_loss": 3.6409501441407084,
      "brier": 0.3923631345248035,
      "directional_accuracy": 0.31203007518796994,
      "baseline_auc": 0.5534670869346361,
      "baseline_log_loss": 1.7040410607814838,
      "baseline_brier": 0.2852967170179668,
      "baseline_directional_accuracy": 0.29699248120300753,
      "best_params": {
        "objective": "multiclass",
        "num_class": 3,
        "metric": "multi_logloss",
        "num_leaves": 31,
        "learning_rate": 0.04488170057528786,
        "min_child_samples": 9,
        "feature_fraction": 0.9,
        "bagging_fraction": 0.9,
        "bagging_freq": 5,
        "verbose": -1,
        "deterministic": true,
        "seed": 42
      }
    },
    {
      "fold": 2,
      "n_train": 797,
      "n_test": 266,
      "auc": 0.4786678523535592,
      "log_loss": 1.5076493413071517,
      "brier": 0.23193421155948732,
      "directional_accuracy": 0.556390977443609,
      "baseline_auc": 0.4414518832081548,
      "baseline_log_loss": 1.0360389084483463,
      "baseline_brier": 0.20261188833026308,
      "baseline_directional_accuracy": 0.5375939849624061,
      "best_params": {
        "objective": "multiclass",
        "num_class": 3,
        "metric": "multi_logloss",
        "num_leaves": 31,
        "learning_rate": 0.04488170057528786,
        "min_child_samples": 9,
        "feature_fraction": 0.9,
        "bagging_fraction": 0.9,
        "bagging_freq": 5,
        "verbose": -1,
        "deterministic": true,
        "seed": 42
      }
    },
    {
      "fold": 3,
      "n_train": 1063,
      "n_test": 266,
      "auc": 0.5916404337945008,
      "log_loss": 1.530306207443223,
      "brier": 0.22813948857122032,
      "directional_accuracy": 0.5714285714285714,
      "baseline_auc": 0.6057962446197971,
      "baseline_log_loss": 0.7813244263667127,
      "baseline_brier": 0.14583300919549746,
      "baseline_directional_accuracy": 0.7142857142857143,
      "best_params": {
        "objective": "multiclass",
        "num_class": 3,
        "metric": "multi_logloss",
        "num_leaves": 63,
        "learning_rate": 0.0938393881004349,
        "min_child_samples": 23,
        "feature_fraction": 0.9,
        "bagging_fraction": 0.9,
        "bagging_freq": 5,
        "verbose": -1,
        "deterministic": true,
        "seed": 42
      }
    },
    {
      "fold": 4,
      "n_train": 1329,
      "n_test": 266,
      "auc": 0.5927186155160828,
      "log_loss": 0.9154442968207298,
      "brier": 0.16761523578384882,
      "directional_accuracy": 0.6654135338345865,
      "baseline_auc": 0.5329068103146292,
      "baseline_log_loss": 0.8414081118706213,
      "baseline_brier": 0.15942520150027176,
      "baseline_directional_accuracy": 0.6917293233082706,
      "best_params": {
        "objective": "multiclass",
        "num_class": 3,
        "metric": "multi_logloss",
        "num_leaves": 15,
        "learning_rate": 0.060113218328857784,
        "min_child_samples": 16,
        "feature_fraction": 0.9,
        "bagging_fraction": 0.9,
        "bagging_freq": 5,
        "verbose": -1,
        "deterministic": true,
        "seed": 42
      }
    }
  ],
  "note": "Per-coin model for celestia/1m.",
  "directional_call_share": 0.006269592476489028,
  "directional_call_share_n": 319,
  "directional_call_share_source": "holdout",
  "model_kind": "lightgbm",
  "prior_probs": [],
  "has_regression_head": true,
  "regression_head_stats": {
    "n_train_rows": 727,
    "n_holdout_rows": 182,
    "abs_pred_p50_pct": 0.11166660503093429,
    "abs_pred_p95_pct": 0.39983550117425964,
    "abs_pred_max_pct": 0.6255852851140407,
    "mae_pct": 0.11229280224792053,
    "best_iteration": 66
  },
  "gates_alignment": {
    "n": 319,
    "source": "holdout",
    "min_directional_edge": 0.05,
    "min_expected_return_pct": 0.15,
    "aligned_share": 0.5736677115987461,
    "aligned_loud_share": 0.04075235109717868,
    "aligned_quiet_share": 0.5329153605015674,
    "loud_classifier_quiet_regressor_share": 0.3761755485893417,
    "quiet_classifier_loud_regressor_share": 0.050156739811912224,
    "dir_edge_p50": 0.0394844962798363,
    "dir_edge_p95": 0.15221341329270177,
    "abs_magnitude_pct_p50": 0.11058099413214872,
    "abs_magnitude_pct_p95": 0.18982761790309743
  }
}