{
  "coin_id": "celestia",
  "timeframe": "5m",
  "version": "20260422T141020Z",
  "feature_names": [
    "ret1",
    "ret5",
    "ret10",
    "momentum",
    "realizedVol",
    "rsi14",
    "macdLine",
    "macdSignal",
    "macdHist",
    "atr14",
    "atrPct",
    "ema9",
    "ema21",
    "emaSpreadPct",
    "distFromEma9Pct",
    "distFromEma21Pct",
    "bbUpper",
    "bbMiddle",
    "bbLower",
    "bbWidth",
    "bbPctB",
    "bbWidthPct",
    "news_etf_flow",
    "news_regulatory_risk",
    "news_exchange_outage",
    "news_macro_shock",
    "news_whale_move",
    "news_exploit_or_hack",
    "news_stablecoin_event",
    "news_narrative_rotation",
    "news_listing_or_delisting",
    "news_protocol_upgrade",
    "news_high_volume_breakout",
    "news_unusual_volatility",
    "coin_idx"
  ],
  "coin_vocab": [
    "celestia"
  ],
  "n_train_rows": 868,
  "n_test_rows": 720,
  "metrics": {
    "auc": 0.5117283115449688,
    "log_loss": 3.0145055562134293,
    "brier": 0.3380769544747037,
    "directional_accuracy": 0.41527777777777775
  },
  "baseline_metrics": {
    "auc": 0.4827378521874531,
    "log_loss": 1.02137724642861,
    "brier": 0.2086202115286428,
    "directional_accuracy": 0.4180555555555555
  },
  "threshold_pct": 0.04,
  "horizon_candles": 1,
  "class_return_means_pct": [
    -0.5224509436061961,
    -0.0007786270132038295,
    0.5954818526013917
  ],
  "fold_metrics": [
    {
      "fold": 0,
      "n_train": 144,
      "n_test": 144,
      "auc": 0.522017997753133,
      "log_loss": 2.8721024757648546,
      "brier": 0.33514733374384637,
      "directional_accuracy": 0.4236111111111111,
      "baseline_auc": 0.5065280293333063,
      "baseline_log_loss": 0.9999502778933534,
      "baseline_brier": 0.20064500201459554,
      "baseline_directional_accuracy": 0.4861111111111111,
      "best_params": {
        "objective": "multiclass",
        "num_class": 3,
        "metric": "multi_logloss",
        "num_leaves": 31,
        "learning_rate": 0.1,
        "min_child_samples": 5,
        "feature_fraction": 0.9,
        "bagging_fraction": 0.9,
        "bagging_freq": 5,
        "verbose": -1,
        "deterministic": true,
        "seed": 42
      }
    },
    {
      "fold": 1,
      "n_train": 288,
      "n_test": 144,
      "auc": 0.5690576041710121,
      "log_loss": 2.646554269301861,
      "brier": 0.3039952038879681,
      "directional_accuracy": 0.4861111111111111,
      "baseline_auc": 0.5249922964393249,
      "baseline_log_loss": 0.963977348282949,
      "baseline_brier": 0.19830336680020097,
      "baseline_directional_accuracy": 0.4583333333333333,
      "best_params": {
        "objective": "multiclass",
        "num_class": 3,
        "metric": "multi_logloss",
        "num_leaves": 31,
        "learning_rate": 0.1,
        "min_child_samples": 5,
        "feature_fraction": 0.9,
        "bagging_fraction": 0.9,
        "bagging_freq": 5,
        "verbose": -1,
        "deterministic": true,
        "seed": 42
      }
    },
    {
      "fold": 2,
      "n_train": 432,
      "n_test": 144,
      "auc": 0.48583434515771257,
      "log_loss": 2.6944439546649064,
      "brier": 0.2980288879923179,
      "directional_accuracy": 0.4791666666666667,
      "baseline_auc": 0.4955030203063248,
      "baseline_log_loss": 0.8770879050228623,
      "baseline_brier": 0.1842900965231454,
      "baseline_directional_accuracy": 0.4861111111111111,
      "best_params": {
        "objective": "multiclass",
        "num_class": 3,
        "metric": "multi_logloss",
        "num_leaves": 31,
        "learning_rate": 0.1,
        "min_child_samples": 5,
        "feature_fraction": 0.9,
        "bagging_fraction": 0.9,
        "bagging_freq": 5,
        "verbose": -1,
        "deterministic": true,
        "seed": 42
      }
    },
    {
      "fold": 3,
      "n_train": 576,
      "n_test": 144,
      "auc": 0.48299249926726073,
      "log_loss": 3.8260421022276185,
      "brier": 0.3645426660883106,
      "directional_accuracy": 0.3611111111111111,
      "baseline_auc": 0.49019170233586956,
      "baseline_log_loss": 1.1136643279875658,
      "baseline_brier": 0.22673527056251122,
      "baseline_directional_accuracy": 0.3402777777777778,
      "best_params": {
        "objective": "multiclass",
        "num_class": 3,
        "metric": "multi_logloss",
        "num_leaves": 31,
        "learning_rate": 0.1,
        "min_child_samples": 5,
        "feature_fraction": 0.9,
        "bagging_fraction": 0.9,
        "bagging_freq": 5,
        "verbose": -1,
        "deterministic": true,
        "seed": 42
      }
    },
    {
      "fold": 4,
      "n_train": 720,
      "n_test": 144,
      "auc": 0.49873911137572496,
      "log_loss": 3.0333849791079053,
      "brier": 0.3886706806610755,
      "directional_accuracy": 0.3263888888888889,
      "baseline_auc": 0.3964742125224397,
      "baseline_log_loss": 1.1522063729563194,
      "baseline_brier": 0.23312732174276088,
      "baseline_directional_accuracy": 0.3194444444444444,
      "best_params": {
        "objective": "multiclass",
        "num_class": 3,
        "metric": "multi_logloss",
        "num_leaves": 31,
        "learning_rate": 0.1,
        "min_child_samples": 5,
        "feature_fraction": 0.9,
        "bagging_fraction": 0.9,
        "bagging_freq": 5,
        "verbose": -1,
        "deterministic": true,
        "seed": 42
      }
    }
  ],
  "note": "Per-coin model for celestia/5m.",
  "directional_call_share": 0.9712643678160919,
  "directional_call_share_n": 174,
  "directional_call_share_source": "holdout",
  "model_kind": "lightgbm",
  "prior_probs": [],
  "has_regression_head": true,
  "regression_head_stats": {
    "n_train_rows": 602,
    "n_holdout_rows": 151,
    "abs_pred_p50_pct": 0.5863605722649289,
    "abs_pred_p95_pct": 0.6200546159784633,
    "abs_pred_max_pct": 0.6761747639560963,
    "mae_pct": 0.4407871076460155,
    "best_iteration": 5
  },
  "gates_alignment": {
    "n": 174,
    "source": "holdout",
    "min_directional_edge": 0.05,
    "min_expected_return_pct": 0.15,
    "aligned_share": 0.45977011494252873,
    "aligned_loud_share": 0.45977011494252873,
    "aligned_quiet_share": 0.0,
    "loud_classifier_quiet_regressor_share": 0.0,
    "quiet_classifier_loud_regressor_share": 0.5402298850574713,
    "dir_edge_p50": 0.04124074726824112,
    "dir_edge_p95": 0.2574493444576877,
    "abs_magnitude_pct_p50": 0.5884502919320185,
    "abs_magnitude_pct_p95": 0.6200546159784633
  }
}