{
  "coin_id": "injective-protocol",
  "timeframe": "5m",
  "version": "20260422T094638Z",
  "feature_names": [
    "ret1",
    "ret5",
    "ret10",
    "momentum",
    "realizedVol",
    "rsi14",
    "macdLine",
    "macdSignal",
    "macdHist",
    "atr14",
    "atrPct",
    "ema9",
    "ema21",
    "emaSpreadPct",
    "distFromEma9Pct",
    "distFromEma21Pct",
    "bbUpper",
    "bbMiddle",
    "bbLower",
    "bbWidth",
    "bbPctB",
    "bbWidthPct",
    "news_etf_flow",
    "news_regulatory_risk",
    "news_exchange_outage",
    "news_macro_shock",
    "news_whale_move",
    "news_exploit_or_hack",
    "news_stablecoin_event",
    "news_narrative_rotation",
    "news_listing_or_delisting",
    "news_protocol_upgrade",
    "news_high_volume_breakout",
    "news_unusual_volatility",
    "coin_idx"
  ],
  "coin_vocab": [
    "injective-protocol"
  ],
  "n_train_rows": 837,
  "n_test_rows": 695,
  "metrics": {
    "auc": 0.49574916154272375,
    "log_loss": 3.0219513033438474,
    "brier": 0.3453171604876327,
    "directional_accuracy": 0.38561151079136685
  },
  "baseline_metrics": {
    "auc": 0.5092459204071373,
    "log_loss": 1.067751201520241,
    "brier": 0.2151581527992017,
    "directional_accuracy": 0.44316546762589926
  },
  "threshold_pct": 0.1,
  "horizon_candles": 1,
  "class_return_means_pct": [
    -0.5065020959163804,
    -0.008288645447556845,
    0.5145853039377161
  ],
  "fold_metrics": [
    {
      "fold": 0,
      "n_train": 139,
      "n_test": 139,
      "auc": 0.5782236255014462,
      "log_loss": 3.0871764605375756,
      "brier": 0.33276829780467787,
      "directional_accuracy": 0.4316546762589928,
      "baseline_auc": 0.5069044050999946,
      "baseline_log_loss": 1.0504044661930214,
      "baseline_brier": 0.21328144110368372,
      "baseline_directional_accuracy": 0.45323741007194246,
      "best_params": {
        "objective": "multiclass",
        "num_class": 3,
        "metric": "multi_logloss",
        "num_leaves": 31,
        "learning_rate": 0.1,
        "min_child_samples": 5,
        "feature_fraction": 0.9,
        "bagging_fraction": 0.9,
        "bagging_freq": 5,
        "verbose": -1,
        "deterministic": true,
        "seed": 42
      }
    },
    {
      "fold": 1,
      "n_train": 278,
      "n_test": 139,
      "auc": 0.48117048643036275,
      "log_loss": 3.1065628702191543,
      "brier": 0.33747079161877114,
      "directional_accuracy": 0.4028776978417266,
      "baseline_auc": 0.4847208743222047,
      "baseline_log_loss": 1.0754568339887058,
      "baseline_brier": 0.2161256756777619,
      "baseline_directional_accuracy": 0.4460431654676259,
      "best_params": {
        "objective": "multiclass",
        "num_class": 3,
        "metric": "multi_logloss",
        "num_leaves": 31,
        "learning_rate": 0.1,
        "min_child_samples": 5,
        "feature_fraction": 0.9,
        "bagging_fraction": 0.9,
        "bagging_freq": 5,
        "verbose": -1,
        "deterministic": true,
        "seed": 42
      }
    },
    {
      "fold": 2,
      "n_train": 417,
      "n_test": 139,
      "auc": 0.4977091053157488,
      "log_loss": 3.2020905686078507,
      "brier": 0.34411894567774626,
      "directional_accuracy": 0.41007194244604317,
      "baseline_auc": 0.49250432265148786,
      "baseline_log_loss": 1.0549625939636094,
      "baseline_brier": 0.21298021824042668,
      "baseline_directional_accuracy": 0.41007194244604317,
      "best_params": {
        "objective": "multiclass",
        "num_class": 3,
        "metric": "multi_logloss",
        "num_leaves": 31,
        "learning_rate": 0.1,
        "min_child_samples": 5,
        "feature_fraction": 0.9,
        "bagging_fraction": 0.9,
        "bagging_freq": 5,
        "verbose": -1,
        "deterministic": true,
        "seed": 42
      }
    },
    {
      "fold": 3,
      "n_train": 556,
      "n_test": 139,
      "auc": 0.4061244789693066,
      "log_loss": 3.4293644111472723,
      "brier": 0.38513895078997945,
      "directional_accuracy": 0.2949640287769784,
      "baseline_auc": 0.5504170350722075,
      "baseline_log_loss": 1.1501456934453558,
      "baseline_brier": 0.23288850579544643,
      "baseline_directional_accuracy": 0.3597122302158273,
      "best_params": {
        "objective": "multiclass",
        "num_class": 3,
        "metric": "multi_logloss",
        "num_leaves": 31,
        "learning_rate": 0.1,
        "min_child_samples": 5,
        "feature_fraction": 0.9,
        "bagging_fraction": 0.9,
        "bagging_freq": 5,
        "verbose": -1,
        "deterministic": true,
        "seed": 42
      }
    },
    {
      "fold": 4,
      "n_train": 695,
      "n_test": 139,
      "auc": 0.5155181114967545,
      "log_loss": 2.2845622062073856,
      "brier": 0.32708881654698896,
      "directional_accuracy": 0.38848920863309355,
      "baseline_auc": 0.5116829648897917,
      "baseline_log_loss": 1.0077864200105133,
      "baseline_brier": 0.20051492317868982,
      "baseline_directional_accuracy": 0.5467625899280576,
      "best_params": {
        "objective": "multiclass",
        "num_class": 3,
        "metric": "multi_logloss",
        "num_leaves": 31,
        "learning_rate": 0.1,
        "min_child_samples": 5,
        "feature_fraction": 0.9,
        "bagging_fraction": 0.9,
        "bagging_freq": 5,
        "verbose": -1,
        "deterministic": true,
        "seed": 42
      }
    }
  ],
  "note": "Per-coin model for injective-protocol/5m.",
  "directional_call_share": 0.02976190476190476,
  "directional_call_share_n": 168,
  "directional_call_share_source": "holdout",
  "model_kind": "lightgbm",
  "prior_probs": [],
  "has_regression_head": true,
  "regression_head_stats": {
    "n_train_rows": 500,
    "n_holdout_rows": 126,
    "abs_pred_p50_pct": 0.5574732071409442,
    "abs_pred_p95_pct": 0.6821070679787751,
    "abs_pred_max_pct": 0.7342767163473505,
    "mae_pct": 0.3214711729510347,
    "best_iteration": 19
  },
  "gates_alignment": {
    "n": 168,
    "source": "holdout",
    "min_directional_edge": 0.05,
    "min_expected_return_pct": 0.15,
    "aligned_share": 0.375,
    "aligned_loud_share": 0.375,
    "aligned_quiet_share": 0.0,
    "loud_classifier_quiet_regressor_share": 0.0,
    "quiet_classifier_loud_regressor_share": 0.625,
    "dir_edge_p50": 0.0495608265795392,
    "dir_edge_p95": 0.3967917274294047,
    "abs_magnitude_pct_p50": 0.5412350752087062,
    "abs_magnitude_pct_p95": 0.6516101643388075
  }
}