{
  "coin_id": "dogwifcoin",
  "timeframe": "2h",
  "version": "20260422T172104Z",
  "feature_names": [
    "ret1",
    "ret5",
    "ret10",
    "momentum",
    "realizedVol",
    "rsi14",
    "macdLine",
    "macdSignal",
    "macdHist",
    "atr14",
    "atrPct",
    "ema9",
    "ema21",
    "emaSpreadPct",
    "distFromEma9Pct",
    "distFromEma21Pct",
    "bbUpper",
    "bbMiddle",
    "bbLower",
    "bbWidth",
    "bbPctB",
    "bbWidthPct",
    "news_etf_flow",
    "news_regulatory_risk",
    "news_exchange_outage",
    "news_macro_shock",
    "news_whale_move",
    "news_exploit_or_hack",
    "news_stablecoin_event",
    "news_narrative_rotation",
    "news_listing_or_delisting",
    "news_protocol_upgrade",
    "news_high_volume_breakout",
    "news_unusual_volatility",
    "coin_idx"
  ],
  "coin_vocab": [
    "dogwifcoin"
  ],
  "n_train_rows": 325,
  "n_test_rows": 270,
  "metrics": {
    "auc": 0.507505150734168,
    "log_loss": 3.5316494722611,
    "brier": 0.37015209612240857,
    "directional_accuracy": 0.34444444444444444
  },
  "baseline_metrics": {
    "auc": 0.5414634840935056,
    "log_loss": 1.1739389665375735,
    "brier": 0.23039837253753354,
    "directional_accuracy": 0.3333333333333333
  },
  "threshold_pct": 0.28,
  "horizon_candles": 1,
  "class_return_means_pct": [
    -1.0552435770253838,
    0.0069462630027898944,
    1.2213154508126278
  ],
  "fold_metrics": [
    {
      "fold": 0,
      "n_train": 54,
      "n_test": 54,
      "auc": 0.5117026551746782,
      "log_loss": 3.887166641857242,
      "brier": 0.3291328245729323,
      "directional_accuracy": 0.4444444444444444,
      "baseline_auc": 0.42996304800465485,
      "baseline_log_loss": 1.1793914951437516,
      "baseline_brier": 0.23971641935826504,
      "baseline_directional_accuracy": 0.2962962962962963,
      "best_params": {
        "objective": "multiclass",
        "num_class": 3,
        "metric": "multi_logloss",
        "num_leaves": 31,
        "learning_rate": 0.1712881989933416,
        "min_child_samples": 8,
        "feature_fraction": 0.9,
        "bagging_fraction": 0.9,
        "bagging_freq": 5,
        "verbose": -1,
        "deterministic": true,
        "seed": 42
      }
    },
    {
      "fold": 1,
      "n_train": 108,
      "n_test": 54,
      "auc": 0.5651009625902021,
      "log_loss": 2.7983415778811587,
      "brier": 0.35762710966973793,
      "directional_accuracy": 0.3148148148148148,
      "baseline_auc": 0.49487873171517355,
      "baseline_log_loss": 1.4124474654420713,
      "baseline_brier": 0.2504673211279571,
      "baseline_directional_accuracy": 0.2962962962962963,
      "best_params": {
        "objective": "multiclass",
        "num_class": 3,
        "metric": "multi_logloss",
        "num_leaves": 31,
        "learning_rate": 0.08443942153126549,
        "min_child_samples": 22,
        "feature_fraction": 0.9,
        "bagging_fraction": 0.9,
        "bagging_freq": 5,
        "verbose": -1,
        "deterministic": true,
        "seed": 42
      }
    },
    {
      "fold": 2,
      "n_train": 162,
      "n_test": 54,
      "auc": 0.49455484896661367,
      "log_loss": 4.792639439428854,
      "brier": 0.41314235470920585,
      "directional_accuracy": 0.3333333333333333,
      "baseline_auc": 0.6098569157392687,
      "baseline_log_loss": 1.1193157956484363,
      "baseline_brier": 0.2255589636566325,
      "baseline_directional_accuracy": 0.35185185185185186,
      "best_params": {
        "objective": "multiclass",
        "num_class": 3,
        "metric": "multi_logloss",
        "num_leaves": 15,
        "learning_rate": 0.05224820442488064,
        "min_child_samples": 13,
        "feature_fraction": 0.9,
        "bagging_fraction": 0.9,
        "bagging_freq": 5,
        "verbose": -1,
        "deterministic": true,
        "seed": 42
      }
    },
    {
      "fold": 3,
      "n_train": 216,
      "n_test": 54,
      "auc": 0.5642992424242425,
      "log_loss": 2.0117917882294836,
      "brier": 0.31569166526340287,
      "directional_accuracy": 0.37037037037037035,
      "baseline_auc": 0.6161931818181818,
      "baseline_log_loss": 1.0609126971524983,
      "baseline_brier": 0.21422279234921215,
      "baseline_directional_accuracy": 0.3888888888888889,
      "best_params": {
        "objective": "multiclass",
        "num_class": 3,
        "metric": "multi_logloss",
        "num_leaves": 63,
        "learning_rate": 0.03090894330169033,
        "min_child_samples": 21,
        "feature_fraction": 0.9,
        "bagging_fraction": 0.9,
        "bagging_freq": 5,
        "verbose": -1,
        "deterministic": true,
        "seed": 42
      }
    },
    {
      "fold": 4,
      "n_train": 270,
      "n_test": 54,
      "auc": 0.40186804451510333,
      "log_loss": 4.1683079139087615,
      "brier": 0.4351665263967637,
      "directional_accuracy": 0.25925925925925924,
      "baseline_auc": 0.5564255431902491,
      "baseline_log_loss": 1.0976273793011095,
      "baseline_brier": 0.222026366195601,
      "baseline_directional_accuracy": 0.3333333333333333,
      "best_params": {
        "objective": "multiclass",
        "num_class": 3,
        "metric": "multi_logloss",
        "num_leaves": 15,
        "learning_rate": 0.12499609090888131,
        "min_child_samples": 6,
        "feature_fraction": 0.9,
        "bagging_fraction": 0.9,
        "bagging_freq": 5,
        "verbose": -1,
        "deterministic": true,
        "seed": 42
      }
    }
  ],
  "note": "Per-coin model for dogwifcoin/2h.",
  "directional_call_share": 0.9692307692307692,
  "directional_call_share_n": 65,
  "directional_call_share_source": "holdout",
  "model_kind": "lightgbm",
  "prior_probs": [],
  "has_regression_head": true,
  "regression_head_stats": {
    "n_train_rows": 191,
    "n_holdout_rows": 48,
    "abs_pred_p50_pct": 1.2039392407618537,
    "abs_pred_p95_pct": 1.2046428268499034,
    "abs_pred_max_pct": 1.2294219766032555,
    "mae_pct": 0.49806693187706946,
    "best_iteration": 1
  },
  "gates_alignment": {
    "n": 65,
    "source": "holdout",
    "min_directional_edge": 0.05,
    "min_expected_return_pct": 0.15,
    "aligned_share": 1.0,
    "aligned_loud_share": 1.0,
    "aligned_quiet_share": 0.0,
    "loud_classifier_quiet_regressor_share": 0.0,
    "quiet_classifier_loud_regressor_share": 0.0,
    "dir_edge_p50": 0.10529138362531282,
    "dir_edge_p95": 0.44330484330484304,
    "abs_magnitude_pct_p50": 1.2039392407618537,
    "abs_magnitude_pct_p95": 1.2046428268499034
  }
}