{
  "coin_id": "worldcoin-wld",
  "timeframe": "1h",
  "version": "20260422T095046Z",
  "feature_names": [
    "ret1",
    "ret5",
    "ret10",
    "momentum",
    "realizedVol",
    "rsi14",
    "macdLine",
    "macdSignal",
    "macdHist",
    "atr14",
    "atrPct",
    "ema9",
    "ema21",
    "emaSpreadPct",
    "distFromEma9Pct",
    "distFromEma21Pct",
    "bbUpper",
    "bbMiddle",
    "bbLower",
    "bbWidth",
    "bbPctB",
    "bbWidthPct",
    "news_etf_flow",
    "news_regulatory_risk",
    "news_exchange_outage",
    "news_macro_shock",
    "news_whale_move",
    "news_exploit_or_hack",
    "news_stablecoin_event",
    "news_narrative_rotation",
    "news_listing_or_delisting",
    "news_protocol_upgrade",
    "news_high_volume_breakout",
    "news_unusual_volatility",
    "coin_idx"
  ],
  "coin_vocab": [
    "worldcoin-wld"
  ],
  "n_train_rows": 685,
  "n_test_rows": 570,
  "metrics": {
    "auc": 0.5388361238183406,
    "log_loss": 3.1045721277580762,
    "brier": 0.3483201945251622,
    "directional_accuracy": 0.39824561403508774
  },
  "baseline_metrics": {
    "auc": 0.5224021734167716,
    "log_loss": 1.047772521507902,
    "brier": 0.21261342816817397,
    "directional_accuracy": 0.3807017543859649
  },
  "threshold_pct": 0.2,
  "horizon_candles": 1,
  "class_return_means_pct": [
    -0.8769371722517306,
    0.003879903726372875,
    0.885248648924509
  ],
  "fold_metrics": [
    {
      "fold": 0,
      "n_train": 114,
      "n_test": 114,
      "auc": 0.6102531262916335,
      "log_loss": 2.5128572967319123,
      "brier": 0.27303387079789126,
      "directional_accuracy": 0.5087719298245614,
      "baseline_auc": 0.44177741921708336,
      "baseline_log_loss": 0.9988602980203908,
      "baseline_brier": 0.2041437948390623,
      "baseline_directional_accuracy": 0.37719298245614036,
      "best_params": {
        "objective": "multiclass",
        "num_class": 3,
        "metric": "multi_logloss",
        "num_leaves": 31,
        "learning_rate": 0.1,
        "min_child_samples": 5,
        "feature_fraction": 0.9,
        "bagging_fraction": 0.9,
        "bagging_freq": 5,
        "verbose": -1,
        "deterministic": true,
        "seed": 42
      }
    },
    {
      "fold": 1,
      "n_train": 228,
      "n_test": 114,
      "auc": 0.4995240101178798,
      "log_loss": 3.7781298982798743,
      "brier": 0.40445733869756256,
      "directional_accuracy": 0.34210526315789475,
      "baseline_auc": 0.46221710051690895,
      "baseline_log_loss": 1.125514969120821,
      "baseline_brier": 0.22672027623677796,
      "baseline_directional_accuracy": 0.3157894736842105,
      "best_params": {
        "objective": "multiclass",
        "num_class": 3,
        "metric": "multi_logloss",
        "num_leaves": 31,
        "learning_rate": 0.1,
        "min_child_samples": 5,
        "feature_fraction": 0.9,
        "bagging_fraction": 0.9,
        "bagging_freq": 5,
        "verbose": -1,
        "deterministic": true,
        "seed": 42
      }
    },
    {
      "fold": 2,
      "n_train": 342,
      "n_test": 114,
      "auc": 0.5914365796617143,
      "log_loss": 3.4905593963264336,
      "brier": 0.3486725764399478,
      "directional_accuracy": 0.42105263157894735,
      "baseline_auc": 0.5959505460712956,
      "baseline_log_loss": 1.0483241935147318,
      "baseline_brier": 0.21308432249848508,
      "baseline_directional_accuracy": 0.39473684210526316,
      "best_params": {
        "objective": "multiclass",
        "num_class": 3,
        "metric": "multi_logloss",
        "num_leaves": 31,
        "learning_rate": 0.1,
        "min_child_samples": 5,
        "feature_fraction": 0.9,
        "bagging_fraction": 0.9,
        "bagging_freq": 5,
        "verbose": -1,
        "deterministic": true,
        "seed": 42
      }
    },
    {
      "fold": 3,
      "n_train": 456,
      "n_test": 114,
      "auc": 0.491127277740181,
      "log_loss": 2.9641126237078,
      "brier": 0.361384293305411,
      "directional_accuracy": 0.37719298245614036,
      "baseline_auc": 0.5126098528114656,
      "baseline_log_loss": 1.00178769980346,
      "baseline_brier": 0.20357988404095753,
      "baseline_directional_accuracy": 0.42105263157894735,
      "best_params": {
        "objective": "multiclass",
        "num_class": 3,
        "metric": "multi_logloss",
        "num_leaves": 31,
        "learning_rate": 0.1,
        "min_child_samples": 5,
        "feature_fraction": 0.9,
        "bagging_fraction": 0.9,
        "bagging_freq": 5,
        "verbose": -1,
        "deterministic": true,
        "seed": 42
      }
    },
    {
      "fold": 4,
      "n_train": 570,
      "n_test": 114,
      "auc": 0.5018396252802947,
      "log_loss": 2.777201423744362,
      "brier": 0.35405289338499846,
      "directional_accuracy": 0.34210526315789475,
      "baseline_auc": 0.5994559484671046,
      "baseline_log_loss": 1.064375447080106,
      "baseline_brier": 0.21553886322558702,
      "baseline_directional_accuracy": 0.39473684210526316,
      "best_params": {
        "objective": "multiclass",
        "num_class": 3,
        "metric": "multi_logloss",
        "num_leaves": 31,
        "learning_rate": 0.1,
        "min_child_samples": 5,
        "feature_fraction": 0.9,
        "bagging_fraction": 0.9,
        "bagging_freq": 5,
        "verbose": -1,
        "deterministic": true,
        "seed": 42
      }
    }
  ],
  "note": "Per-coin model for worldcoin-wld/1h.",
  "directional_call_share": 1.0,
  "directional_call_share_n": 137,
  "directional_call_share_source": "holdout",
  "model_kind": "lightgbm",
  "prior_probs": [],
  "has_regression_head": true,
  "regression_head_stats": {
    "n_train_rows": 442,
    "n_holdout_rows": 111,
    "abs_pred_p50_pct": 0.8451893411026421,
    "abs_pred_p95_pct": 0.9957433798890829,
    "abs_pred_max_pct": 1.1429051658376015,
    "mae_pct": 0.495569569066477,
    "best_iteration": 8
  },
  "gates_alignment": {
    "n": 137,
    "source": "holdout",
    "min_directional_edge": 0.05,
    "min_expected_return_pct": 0.15,
    "aligned_share": 1.0,
    "aligned_loud_share": 1.0,
    "aligned_quiet_share": 0.0,
    "loud_classifier_quiet_regressor_share": 0.0,
    "quiet_classifier_loud_regressor_share": 0.0,
    "dir_edge_p50": 0.14621840924414686,
    "dir_edge_p95": 0.2516838796587337,
    "abs_magnitude_pct_p50": 0.8368113827803816,
    "abs_magnitude_pct_p95": 0.9916943811076644
  }
}