{
  "coin_id": "injective-protocol",
  "timeframe": "1m",
  "version": "20260422T082116Z",
  "feature_names": [
    "ret1",
    "ret5",
    "ret10",
    "momentum",
    "realizedVol",
    "rsi14",
    "macdLine",
    "macdSignal",
    "macdHist",
    "atr14",
    "atrPct",
    "ema9",
    "ema21",
    "emaSpreadPct",
    "distFromEma9Pct",
    "distFromEma21Pct",
    "bbUpper",
    "bbMiddle",
    "bbLower",
    "bbWidth",
    "bbPctB",
    "bbWidthPct",
    "news_etf_flow",
    "news_regulatory_risk",
    "news_exchange_outage",
    "news_macro_shock",
    "news_whale_move",
    "news_exploit_or_hack",
    "news_stablecoin_event",
    "news_narrative_rotation",
    "news_listing_or_delisting",
    "news_protocol_upgrade",
    "news_high_volume_breakout",
    "news_unusual_volatility",
    "coin_idx"
  ],
  "coin_vocab": [
    "injective-protocol"
  ],
  "n_train_rows": 667,
  "n_test_rows": 555,
  "metrics": {
    "auc": 0.630829076025314,
    "log_loss": 1.451862126379587,
    "brier": 0.18787359427776773,
    "directional_accuracy": 0.6504504504504504
  },
  "baseline_metrics": {
    "auc": 0.5365174158005612,
    "log_loss": 0.756577657846083,
    "brier": 0.14172429290240302,
    "directional_accuracy": 0.7297297297297296
  },
  "threshold_pct": 0.03,
  "horizon_candles": 1,
  "class_return_means_pct": [
    -0.08435923301526416,
    0.0010656600328957612,
    0.1095316254600403
  ],
  "fold_metrics": [
    {
      "fold": 0,
      "n_train": 111,
      "n_test": 111,
      "auc": 0.6309881774902154,
      "log_loss": 1.872139288211322,
      "brier": 0.20912801200219167,
      "directional_accuracy": 0.6216216216216216,
      "baseline_auc": 0.5452917744766222,
      "baseline_log_loss": 0.6893718954064606,
      "baseline_brier": 0.12531048814079748,
      "baseline_directional_accuracy": 0.7747747747747747,
      "best_params": {
        "objective": "multiclass",
        "num_class": 3,
        "metric": "multi_logloss",
        "num_leaves": 31,
        "learning_rate": 0.09340308327072934,
        "min_child_samples": 9,
        "feature_fraction": 0.9,
        "bagging_fraction": 0.9,
        "bagging_freq": 5,
        "verbose": -1,
        "deterministic": true,
        "seed": 42
      }
    },
    {
      "fold": 1,
      "n_train": 222,
      "n_test": 111,
      "auc": 0.5670353993884959,
      "log_loss": 1.3529072833225824,
      "brier": 0.19734330933195396,
      "directional_accuracy": 0.6126126126126126,
      "baseline_auc": 0.4674479950637211,
      "baseline_log_loss": 0.7527910586464721,
      "baseline_brier": 0.13789318229718753,
      "baseline_directional_accuracy": 0.7477477477477478,
      "best_params": {
        "objective": "multiclass",
        "num_class": 3,
        "metric": "multi_logloss",
        "num_leaves": 31,
        "learning_rate": 0.04488170057528786,
        "min_child_samples": 9,
        "feature_fraction": 0.9,
        "bagging_fraction": 0.9,
        "bagging_freq": 5,
        "verbose": -1,
        "deterministic": true,
        "seed": 42
      }
    },
    {
      "fold": 2,
      "n_train": 333,
      "n_test": 111,
      "auc": 0.7247796139896199,
      "log_loss": 1.1366398074377293,
      "brier": 0.1658489913292004,
      "directional_accuracy": 0.6756756756756757,
      "baseline_auc": 0.5704235861178438,
      "baseline_log_loss": 0.6932566808448349,
      "baseline_brier": 0.1281355617100373,
      "baseline_directional_accuracy": 0.7657657657657657,
      "best_params": {
        "objective": "multiclass",
        "num_class": 3,
        "metric": "multi_logloss",
        "num_leaves": 63,
        "learning_rate": 0.06807764614983679,
        "min_child_samples": 12,
        "feature_fraction": 0.9,
        "bagging_fraction": 0.9,
        "bagging_freq": 5,
        "verbose": -1,
        "deterministic": true,
        "seed": 42
      }
    },
    {
      "fold": 3,
      "n_train": 444,
      "n_test": 111,
      "auc": 0.6445385186613256,
      "log_loss": 1.5302897374769504,
      "brier": 0.2072925161495427,
      "directional_accuracy": 0.6306306306306306,
      "baseline_auc": 0.5862649780651307,
      "baseline_log_loss": 0.9042713473201676,
      "baseline_brier": 0.1763382944009726,
      "baseline_directional_accuracy": 0.6486486486486487,
      "best_params": {
        "objective": "multiclass",
        "num_class": 3,
        "metric": "multi_logloss",
        "num_leaves": 31,
        "learning_rate": 0.04488170057528786,
        "min_child_samples": 9,
        "feature_fraction": 0.9,
        "bagging_fraction": 0.9,
        "bagging_freq": 5,
        "verbose": -1,
        "deterministic": true,
        "seed": 42
      }
    },
    {
      "fold": 4,
      "n_train": 555,
      "n_test": 111,
      "auc": 0.5868036705969133,
      "log_loss": 1.3673345154493513,
      "brier": 0.1597551425759499,
      "directional_accuracy": 0.7117117117117117,
      "baseline_auc": 0.5131587452794883,
      "baseline_log_loss": 0.7431973070124794,
      "baseline_brier": 0.1409439379630202,
      "baseline_directional_accuracy": 0.7117117117117117,
      "best_params": {
        "objective": "multiclass",
        "num_class": 3,
        "metric": "multi_logloss",
        "num_leaves": 63,
        "learning_rate": 0.0938393881004349,
        "min_child_samples": 23,
        "feature_fraction": 0.9,
        "bagging_fraction": 0.9,
        "bagging_freq": 5,
        "verbose": -1,
        "deterministic": true,
        "seed": 42
      }
    }
  ],
  "note": "Per-coin model for injective-protocol/1m.",
  "directional_call_share": 0.007462686567164179,
  "directional_call_share_n": 134,
  "directional_call_share_source": "holdout",
  "model_kind": "lightgbm",
  "prior_probs": []
}