{
  "prior_probs": [
    0.07692307692307693,
    0.23076923076923078,
    0.6923076923076923
  ],
  "class_return_means_pct": [
    -1.5,
    1.1496002499948874,
    3.177401178443092
  ]
}