{
  "coin_id": "floki-inu",
  "timeframe": "1m",
  "version": "20260422T065608Z",
  "feature_names": [
    "ret1",
    "ret5",
    "ret10",
    "momentum",
    "realizedVol",
    "rsi14",
    "macdLine",
    "macdSignal",
    "macdHist",
    "atr14",
    "atrPct",
    "ema9",
    "ema21",
    "emaSpreadPct",
    "distFromEma9Pct",
    "distFromEma21Pct",
    "bbUpper",
    "bbMiddle",
    "bbLower",
    "bbWidth",
    "bbPctB",
    "bbWidthPct",
    "news_etf_flow",
    "news_regulatory_risk",
    "news_exchange_outage",
    "news_macro_shock",
    "news_whale_move",
    "news_exploit_or_hack",
    "news_stablecoin_event",
    "news_narrative_rotation",
    "news_listing_or_delisting",
    "news_protocol_upgrade",
    "news_high_volume_breakout",
    "news_unusual_volatility",
    "coin_idx"
  ],
  "coin_vocab": [
    "floki-inu"
  ],
  "n_train_rows": 582,
  "n_test_rows": 485,
  "metrics": {
    "auc": 0.6156894064409134,
    "log_loss": 1.7076545428053862,
    "brier": 0.23881104090185584,
    "directional_accuracy": 0.5525773195876289
  },
  "baseline_metrics": {
    "auc": 0.5394907306627351,
    "log_loss": 0.8335267105279687,
    "brier": 0.15780519033148185,
    "directional_accuracy": 0.7030927835051547
  },
  "threshold_pct": 0.03,
  "horizon_candles": 1,
  "class_return_means_pct": [
    -0.08720096562023986,
    0.00023736686344473298,
    0.12144546152856818
  ],
  "fold_metrics": [
    {
      "fold": 0,
      "n_train": 97,
      "n_test": 97,
      "auc": 0.6635412612759136,
      "log_loss": 1.5426774087267816,
      "brier": 0.207935454991831,
      "directional_accuracy": 0.6082474226804123,
      "baseline_auc": 0.5550288214865727,
      "baseline_log_loss": 0.8989560143520137,
      "baseline_brier": 0.174697366773658,
      "baseline_directional_accuracy": 0.6494845360824743,
      "best_params": {
        "objective": "multiclass",
        "num_class": 3,
        "metric": "multi_logloss",
        "num_leaves": 15,
        "learning_rate": 0.09230320822645494,
        "min_child_samples": 6,
        "feature_fraction": 0.9,
        "bagging_fraction": 0.9,
        "bagging_freq": 5,
        "verbose": -1,
        "deterministic": true,
        "seed": 42
      }
    },
    {
      "fold": 1,
      "n_train": 194,
      "n_test": 97,
      "auc": 0.48740619784796496,
      "log_loss": 2.555862650604346,
      "brier": 0.34993096075509555,
      "directional_accuracy": 0.35051546391752575,
      "baseline_auc": 0.4309252475919143,
      "baseline_log_loss": 0.8566542592044053,
      "baseline_brier": 0.16257224157973935,
      "baseline_directional_accuracy": 0.7216494845360825,
      "best_params": {
        "objective": "multiclass",
        "num_class": 3,
        "metric": "multi_logloss",
        "num_leaves": 63,
        "learning_rate": 0.0938393881004349,
        "min_child_samples": 23,
        "feature_fraction": 0.9,
        "bagging_fraction": 0.9,
        "bagging_freq": 5,
        "verbose": -1,
        "deterministic": true,
        "seed": 42
      }
    },
    {
      "fold": 2,
      "n_train": 291,
      "n_test": 97,
      "auc": 0.5810579792273156,
      "log_loss": 1.404131641300326,
      "brier": 0.1899426396356152,
      "directional_accuracy": 0.6701030927835051,
      "baseline_auc": 0.5931603463067995,
      "baseline_log_loss": 0.8105201244037291,
      "baseline_brier": 0.15117292175337557,
      "baseline_directional_accuracy": 0.711340206185567,
      "best_params": {
        "objective": "multiclass",
        "num_class": 3,
        "metric": "multi_logloss",
        "num_leaves": 63,
        "learning_rate": 0.06807764614983679,
        "min_child_samples": 12,
        "feature_fraction": 0.9,
        "bagging_fraction": 0.9,
        "bagging_freq": 5,
        "verbose": -1,
        "deterministic": true,
        "seed": 42
      }
    },
    {
      "fold": 3,
      "n_train": 388,
      "n_test": 97,
      "auc": 0.7210245029328477,
      "log_loss": 1.0767842479011693,
      "brier": 0.19930429458753293,
      "directional_accuracy": 0.5670103092783505,
      "baseline_auc": 0.5631322754612768,
      "baseline_log_loss": 0.6014909713358773,
      "baseline_brier": 0.10485867997377867,
      "baseline_directional_accuracy": 0.8247422680412371,
      "best_params": {
        "objective": "multiclass",
        "num_class": 3,
        "metric": "multi_logloss",
        "num_leaves": 31,
        "learning_rate": 0.04488170057528786,
        "min_child_samples": 9,
        "feature_fraction": 0.9,
        "bagging_fraction": 0.9,
        "bagging_freq": 5,
        "verbose": -1,
        "deterministic": true,
        "seed": 42
      }
    },
    {
      "fold": 4,
      "n_train": 485,
      "n_test": 97,
      "auc": 0.6254170909205256,
      "log_loss": 1.9588167654943078,
      "brier": 0.24694185453920445,
      "directional_accuracy": 0.5670103092783505,
      "baseline_auc": 0.5552069624671122,
      "baseline_log_loss": 1.0000121833438183,
      "baseline_brier": 0.19572474157685774,
      "baseline_directional_accuracy": 0.6082474226804123,
      "best_params": {
        "objective": "multiclass",
        "num_class": 3,
        "metric": "multi_logloss",
        "num_leaves": 63,
        "learning_rate": 0.06807764614983679,
        "min_child_samples": 12,
        "feature_fraction": 0.9,
        "bagging_fraction": 0.9,
        "bagging_freq": 5,
        "verbose": -1,
        "deterministic": true,
        "seed": 42
      }
    }
  ],
  "note": "Per-coin model for floki-inu/1m.",
  "directional_call_share": 0.08547008547008547,
  "directional_call_share_n": 117,
  "directional_call_share_source": "holdout",
  "model_kind": "lightgbm",
  "prior_probs": []
}