{
  "coin_id": "celestia",
  "timeframe": "1m",
  "version": "20260422T081956Z",
  "feature_names": [
    "ret1",
    "ret5",
    "ret10",
    "momentum",
    "realizedVol",
    "rsi14",
    "macdLine",
    "macdSignal",
    "macdHist",
    "atr14",
    "atrPct",
    "ema9",
    "ema21",
    "emaSpreadPct",
    "distFromEma9Pct",
    "distFromEma21Pct",
    "bbUpper",
    "bbMiddle",
    "bbLower",
    "bbWidth",
    "bbPctB",
    "bbWidthPct",
    "news_etf_flow",
    "news_regulatory_risk",
    "news_exchange_outage",
    "news_macro_shock",
    "news_whale_move",
    "news_exploit_or_hack",
    "news_stablecoin_event",
    "news_narrative_rotation",
    "news_listing_or_delisting",
    "news_protocol_upgrade",
    "news_high_volume_breakout",
    "news_unusual_volatility",
    "coin_idx"
  ],
  "coin_vocab": [
    "celestia"
  ],
  "n_train_rows": 667,
  "n_test_rows": 555,
  "metrics": {
    "auc": 0.556279284225299,
    "log_loss": 1.5954789662765356,
    "brier": 0.22212216203034757,
    "directional_accuracy": 0.5837837837837838
  },
  "baseline_metrics": {
    "auc": 0.5208176666010581,
    "log_loss": 0.7906305051169424,
    "brier": 0.14888205647369018,
    "directional_accuracy": 0.7063063063063063
  },
  "threshold_pct": 0.03,
  "horizon_candles": 1,
  "class_return_means_pct": [
    -0.09288340825748796,
    0.0008950515478399588,
    0.10712673510370123
  ],
  "fold_metrics": [
    {
      "fold": 0,
      "n_train": 111,
      "n_test": 111,
      "auc": 0.4792154845896937,
      "log_loss": 2.1566449998089787,
      "brier": 0.3272067565893278,
      "directional_accuracy": 0.38738738738738737,
      "baseline_auc": 0.45717315033171807,
      "baseline_log_loss": 0.9453643176506968,
      "baseline_brier": 0.1863206855400168,
      "baseline_directional_accuracy": 0.5855855855855856,
      "best_params": {
        "objective": "multiclass",
        "num_class": 3,
        "metric": "multi_logloss",
        "num_leaves": 31,
        "learning_rate": 0.04488170057528786,
        "min_child_samples": 9,
        "feature_fraction": 0.9,
        "bagging_fraction": 0.9,
        "bagging_freq": 5,
        "verbose": -1,
        "deterministic": true,
        "seed": 42
      }
    },
    {
      "fold": 1,
      "n_train": 222,
      "n_test": 111,
      "auc": 0.5974219049550883,
      "log_loss": 1.0804422203177968,
      "brier": 0.19067839024073985,
      "directional_accuracy": 0.5855855855855856,
      "baseline_auc": 0.5034965129461515,
      "baseline_log_loss": 0.7656133111859238,
      "baseline_brier": 0.1415122652166128,
      "baseline_directional_accuracy": 0.7387387387387387,
      "best_params": {
        "objective": "multiclass",
        "num_class": 3,
        "metric": "multi_logloss",
        "num_leaves": 63,
        "learning_rate": 0.0938393881004349,
        "min_child_samples": 23,
        "feature_fraction": 0.9,
        "bagging_fraction": 0.9,
        "bagging_freq": 5,
        "verbose": -1,
        "deterministic": true,
        "seed": 42
      }
    },
    {
      "fold": 2,
      "n_train": 333,
      "n_test": 111,
      "auc": 0.6022996862652036,
      "log_loss": 1.519829394666954,
      "brier": 0.17589512378418384,
      "directional_accuracy": 0.6846846846846847,
      "baseline_auc": 0.5602008272697928,
      "baseline_log_loss": 0.6873897367260161,
      "baseline_brier": 0.12419599315240332,
      "baseline_directional_accuracy": 0.7837837837837838,
      "best_params": {
        "objective": "multiclass",
        "num_class": 3,
        "metric": "multi_logloss",
        "num_leaves": 15,
        "learning_rate": 0.09230320822645494,
        "min_child_samples": 6,
        "feature_fraction": 0.9,
        "bagging_fraction": 0.9,
        "bagging_freq": 5,
        "verbose": -1,
        "deterministic": true,
        "seed": 42
      }
    },
    {
      "fold": 3,
      "n_train": 444,
      "n_test": 111,
      "auc": 0.5870855757611387,
      "log_loss": 1.4298953532424685,
      "brier": 0.19408346336531648,
      "directional_accuracy": 0.6576576576576577,
      "baseline_auc": 0.5357197632988561,
      "baseline_log_loss": 0.7547800279111962,
      "baseline_brier": 0.141043144399703,
      "baseline_directional_accuracy": 0.7387387387387387,
      "best_params": {
        "objective": "multiclass",
        "num_class": 3,
        "metric": "multi_logloss",
        "num_leaves": 15,
        "learning_rate": 0.09230320822645494,
        "min_child_samples": 6,
        "feature_fraction": 0.9,
        "bagging_fraction": 0.9,
        "bagging_freq": 5,
        "verbose": -1,
        "deterministic": true,
        "seed": 42
      }
    },
    {
      "fold": 4,
      "n_train": 555,
      "n_test": 111,
      "auc": 0.5153737695553705,
      "log_loss": 1.7905828633464815,
      "brier": 0.22274707617217002,
      "directional_accuracy": 0.6036036036036037,
      "baseline_auc": 0.547498079158772,
      "baseline_log_loss": 0.8000051321108793,
      "baseline_brier": 0.15133819405971496,
      "baseline_directional_accuracy": 0.6846846846846847,
      "best_params": {
        "objective": "multiclass",
        "num_class": 3,
        "metric": "multi_logloss",
        "num_leaves": 15,
        "learning_rate": 0.09230320822645494,
        "min_child_samples": 6,
        "feature_fraction": 0.9,
        "bagging_fraction": 0.9,
        "bagging_freq": 5,
        "verbose": -1,
        "deterministic": true,
        "seed": 42
      }
    }
  ],
  "note": "Per-coin model for celestia/1m.",
  "directional_call_share": 0.014925373134328358,
  "directional_call_share_n": 134,
  "directional_call_share_source": "holdout",
  "model_kind": "lightgbm",
  "prior_probs": []
}