{
  "coin_id": "dogwifcoin",
  "timeframe": "2h",
  "version": "20260429T151735Z",
  "feature_names": [
    "ret1",
    "ret5",
    "ret10",
    "momentum",
    "realizedVol",
    "rsi14",
    "macdLine",
    "macdSignal",
    "macdHist",
    "atr14",
    "atrPct",
    "ema9",
    "ema21",
    "emaSpreadPct",
    "distFromEma9Pct",
    "distFromEma21Pct",
    "bbUpper",
    "bbMiddle",
    "bbLower",
    "bbWidth",
    "bbPctB",
    "bbWidthPct",
    "volZScore60",
    "funding_rate",
    "open_interest_z",
    "liquidations_1h_usd",
    "bid_ask_spread_bps",
    "btc_lead_ret_5m",
    "eth_lead_ret_5m",
    "btc_liquidations_1h_usd",
    "eth_liquidations_1h_usd",
    "sol_liquidations_1h_usd",
    "session_asia",
    "session_eu",
    "session_us",
    "hour_of_day_sin",
    "hour_of_day_cos",
    "coin_idx"
  ],
  "coin_vocab": [
    "dogwifcoin"
  ],
  "n_train_rows": 4267,
  "n_test_rows": 3555,
  "metrics": {
    "auc": 0.5144370642975599,
    "log_loss": 2.7611218658991774,
    "brier": 0.3408747382680068,
    "directional_accuracy": 0.3977496483825598
  },
  "baseline_metrics": {
    "auc": 0.5332271735438906,
    "log_loss": 1.0517713912697988,
    "brier": 0.21368490032206772,
    "directional_accuracy": 0.42081575246132213
  },
  "threshold_pct": 0.5225,
  "horizon_candles": 4,
  "class_return_means_pct": [
    -2.8639337928040502,
    0.01057558373455705,
    3.1099779844136664
  ],
  "fold_metrics": [
    {
      "fold": 0,
      "n_train": 711,
      "n_test": 711,
      "auc": 0.5225526950557314,
      "log_loss": 2.7674652893627836,
      "brier": 0.32296521232043585,
      "directional_accuracy": 0.4317862165963432,
      "baseline_auc": 0.5651447070697019,
      "baseline_log_loss": 1.0253096967805082,
      "baseline_brier": 0.20792183491933128,
      "baseline_directional_accuracy": 0.4641350210970464,
      "best_params": {
        "objective": "multiclass",
        "num_class": 3,
        "metric": "multi_logloss",
        "num_leaves": 31,
        "learning_rate": 0.09340308327072934,
        "min_child_samples": 9,
        "feature_fraction": 0.9,
        "bagging_fraction": 0.9,
        "bagging_freq": 5,
        "verbose": -1,
        "deterministic": true,
        "seed": 42
      },
      "feature_importance": [
        732.9519245874981,
        942.4365256114106,
        870.1500186499907,
        1109.5744274081953,
        1020.4188126047084,
        588.028487898322,
        729.7537175048492,
        957.9352327481174,
        1313.5089028295479,
        596.3669229134975,
        749.3599826607388,
        438.6279700977175,
        481.7425889711012,
        834.4908937171858,
        940.3223896627605,
        568.9618249585328,
        802.9212183233758,
        558.0483178478171,
        1022.9497928946803,
        506.0264638372755,
        801.1499276426621,
        627.0862653579388,
        1190.8299700266216,
        0.0,
        0.0,
        0.0,
        0.0,
        0.0,
        0.0,
        0.0,
        0.0,
        0.0,
        46.58476936779334,
        66.7761208852171,
        79.01122149595176,
        372.8559192419634,
        398.0902443199011,
        0.0
      ],
      "feature_names": [
        "ret1",
        "ret5",
        "ret10",
        "momentum",
        "realizedVol",
        "rsi14",
        "macdLine",
        "macdSignal",
        "macdHist",
        "atr14",
        "atrPct",
        "ema9",
        "ema21",
        "emaSpreadPct",
        "distFromEma9Pct",
        "distFromEma21Pct",
        "bbUpper",
        "bbMiddle",
        "bbLower",
        "bbWidth",
        "bbPctB",
        "bbWidthPct",
        "volZScore60",
        "funding_rate",
        "open_interest_z",
        "liquidations_1h_usd",
        "bid_ask_spread_bps",
        "btc_lead_ret_5m",
        "eth_lead_ret_5m",
        "btc_liquidations_1h_usd",
        "eth_liquidations_1h_usd",
        "sol_liquidations_1h_usd",
        "session_asia",
        "session_eu",
        "session_us",
        "hour_of_day_sin",
        "hour_of_day_cos",
        "coin_idx"
      ]
    },
    {
      "fold": 1,
      "n_train": 1422,
      "n_test": 711,
      "auc": 0.48349766226504526,
      "log_loss": 2.376341316023096,
      "brier": 0.32386428089525116,
      "directional_accuracy": 0.4092827004219409,
      "baseline_auc": 0.553511246416559,
      "baseline_log_loss": 1.0405056957693575,
      "baseline_brier": 0.21083184613880923,
      "baseline_directional_accuracy": 0.4542897327707454,
      "best_params": {
        "objective": "multiclass",
        "num_class": 3,
        "metric": "multi_logloss",
        "num_leaves": 31,
        "learning_rate": 0.09340308327072934,
        "min_child_samples": 9,
        "feature_fraction": 0.9,
        "bagging_fraction": 0.9,
        "bagging_freq": 5,
        "verbose": -1,
        "deterministic": true,
        "seed": 42
      },
      "feature_importance": [
        1661.5853299424052,
        1490.0098700234666,
        1855.3245758004487,
        1724.6310297902673,
        1804.4482613634318,
        1489.5985512081534,
        1412.2369166407734,
        1607.1674204170704,
        2062.496798709035,
        1557.327639712952,
        1675.789428120479,
        1479.5848890375346,
        1074.324669712223,
        1342.9548389930278,
        1388.895391093567,
        1240.912184190005,
        1337.9689288493246,
        983.0201278477907,
        1570.9725314956158,
        1578.6774848829955,
        1469.767155321315,
        1425.3711884953082,
        2303.4850907474756,
        0.0,
        0.0,
        0.0,
        0.0,
        0.0,
        0.0,
        0.0,
        0.0,
        0.0,
        143.98123555071652,
        85.43289029598236,
        208.74963139928877,
        652.330924058333,
        844.4109114669263,
        0.0
      ],
      "feature_names": [
        "ret1",
        "ret5",
        "ret10",
        "momentum",
        "realizedVol",
        "rsi14",
        "macdLine",
        "macdSignal",
        "macdHist",
        "atr14",
        "atrPct",
        "ema9",
        "ema21",
        "emaSpreadPct",
        "distFromEma9Pct",
        "distFromEma21Pct",
        "bbUpper",
        "bbMiddle",
        "bbLower",
        "bbWidth",
        "bbPctB",
        "bbWidthPct",
        "volZScore60",
        "funding_rate",
        "open_interest_z",
        "liquidations_1h_usd",
        "bid_ask_spread_bps",
        "btc_lead_ret_5m",
        "eth_lead_ret_5m",
        "btc_liquidations_1h_usd",
        "eth_liquidations_1h_usd",
        "sol_liquidations_1h_usd",
        "session_asia",
        "session_eu",
        "session_us",
        "hour_of_day_sin",
        "hour_of_day_cos",
        "coin_idx"
      ]
    },
    {
      "fold": 2,
      "n_train": 2133,
      "n_test": 711,
      "auc": 0.5530626312898886,
      "log_loss": 2.9433378227555007,
      "brier": 0.3540945864478595,
      "directional_accuracy": 0.40646976090014064,
      "baseline_auc": 0.5114605730734098,
      "baseline_log_loss": 1.0637705464463774,
      "baseline_brier": 0.21724711346593853,
      "baseline_directional_accuracy": 0.4022503516174402,
      "best_params": {
        "objective": "multiclass",
        "num_class": 3,
        "metric": "multi_logloss",
        "num_leaves": 31,
        "learning_rate": 0.03375764281784098,
        "min_child_samples": 25,
        "feature_fraction": 0.9,
        "bagging_fraction": 0.9,
        "bagging_freq": 5,
        "verbose": -1,
        "deterministic": true,
        "seed": 42
      },