{
  "coin_id": "dogwifcoin",
  "timeframe": "5m",
  "version": "20260422T113713Z",
  "feature_names": [
    "ret1",
    "ret5",
    "ret10",
    "momentum",
    "realizedVol",
    "rsi14",
    "macdLine",
    "macdSignal",
    "macdHist",
    "atr14",
    "atrPct",
    "ema9",
    "ema21",
    "emaSpreadPct",
    "distFromEma9Pct",
    "distFromEma21Pct",
    "bbUpper",
    "bbMiddle",
    "bbLower",
    "bbWidth",
    "bbPctB",
    "bbWidthPct",
    "news_etf_flow",
    "news_regulatory_risk",
    "news_exchange_outage",
    "news_macro_shock",
    "news_whale_move",
    "news_exploit_or_hack",
    "news_stablecoin_event",
    "news_narrative_rotation",
    "news_listing_or_delisting",
    "news_protocol_upgrade",
    "news_high_volume_breakout",
    "news_unusual_volatility",
    "coin_idx"
  ],
  "coin_vocab": [
    "dogwifcoin"
  ],
  "n_train_rows": 858,
  "n_test_rows": 715,
  "metrics": {
    "auc": 0.5117176739475162,
    "log_loss": 2.9598889121104643,
    "brier": 0.3268153560411974,
    "directional_accuracy": 0.45034965034965035
  },
  "baseline_metrics": {
    "auc": 0.4934307474213604,
    "log_loss": 0.9716763652088289,
    "brier": 0.2008126112335439,
    "directional_accuracy": 0.43916083916083914
  },
  "threshold_pct": 0.04,
  "horizon_candles": 1,
  "class_return_means_pct": [
    -0.5224675487616537,
    0.0026011099966230093,
    0.581053088794928
  ],
  "fold_metrics": [
    {
      "fold": 0,
      "n_train": 143,
      "n_test": 143,
      "auc": 0.5855935085360143,
      "log_loss": 3.264173723125141,
      "brier": 0.30685872459311314,
      "directional_accuracy": 0.5244755244755245,
      "baseline_auc": 0.5353254685659563,
      "baseline_log_loss": 0.8852837213873643,
      "baseline_brier": 0.18356998055767246,
      "baseline_directional_accuracy": 0.5104895104895105,
      "best_params": {
        "objective": "multiclass",
        "num_class": 3,
        "metric": "multi_logloss",
        "num_leaves": 31,
        "learning_rate": 0.1,
        "min_child_samples": 5,
        "feature_fraction": 0.9,
        "bagging_fraction": 0.9,
        "bagging_freq": 5,
        "verbose": -1,
        "deterministic": true,
        "seed": 42
      }
    },
    {
      "fold": 1,
      "n_train": 286,
      "n_test": 143,
      "auc": 0.49612600366539206,
      "log_loss": 2.9452279139968813,
      "brier": 0.3175233633201286,
      "directional_accuracy": 0.4755244755244755,
      "baseline_auc": 0.5464006349127675,
      "baseline_log_loss": 0.8602417191550658,
      "baseline_brier": 0.1871797633188147,
      "baseline_directional_accuracy": 0.4965034965034965,
      "best_params": {
        "objective": "multiclass",
        "num_class": 3,
        "metric": "multi_logloss",
        "num_leaves": 31,
        "learning_rate": 0.1,
        "min_child_samples": 5,
        "feature_fraction": 0.9,
        "bagging_fraction": 0.9,
        "bagging_freq": 5,
        "verbose": -1,
        "deterministic": true,
        "seed": 42
      }
    },
    {
      "fold": 2,
      "n_train": 429,
      "n_test": 143,
      "auc": 0.45467862796513225,
      "log_loss": 1.990657005700448,
      "brier": 0.2692210651140719,
      "directional_accuracy": 0.5104895104895105,
      "baseline_auc": 0.396423203825637,
      "baseline_log_loss": 0.7796541030561391,
      "baseline_brier": 0.1755679400629954,
      "baseline_directional_accuracy": 0.45454545454545453,
      "best_params": {
        "objective": "multiclass",
        "num_class": 3,
        "metric": "multi_logloss",
        "num_leaves": 31,
        "learning_rate": 0.1,
        "min_child_samples": 5,
        "feature_fraction": 0.9,
        "bagging_fraction": 0.9,
        "bagging_freq": 5,
        "verbose": -1,
        "deterministic": true,
        "seed": 42
      }
    },
    {
      "fold": 3,
      "n_train": 572,
      "n_test": 143,
      "auc": 0.5306948506119791,
      "log_loss": 3.630166253681422,
      "brier": 0.37225315531748215,
      "directional_accuracy": 0.3776223776223776,
      "baseline_auc": 0.550084220466548,
      "baseline_log_loss": 1.123729660093548,
      "baseline_brier": 0.2181057997798588,
      "baseline_directional_accuracy": 0.3986013986013986,
      "best_params": {
        "objective": "multiclass",
        "num_class": 3,
        "metric": "multi_logloss",
        "num_leaves": 31,
        "learning_rate": 0.1,
        "min_child_samples": 5,
        "feature_fraction": 0.9,
        "bagging_fraction": 0.9,
        "bagging_freq": 5,
        "verbose": -1,
        "deterministic": true,
        "seed": 42
      }
    },
    {
      "fold": 4,
      "n_train": 715,
      "n_test": 143,
      "auc": 0.4914953789590634,
      "log_loss": 2.969219664048429,
      "brier": 0.368220471861191,
      "directional_accuracy": 0.36363636363636365,
      "baseline_auc": 0.4389202093358928,
      "baseline_log_loss": 1.2094726223520278,
      "baseline_brier": 0.23963957244837827,
      "baseline_directional_accuracy": 0.3356643356643357,
      "best_params": {
        "objective": "multiclass",
        "num_class": 3,
        "metric": "multi_logloss",
        "num_leaves": 31,
        "learning_rate": 0.1,
        "min_child_samples": 5,
        "feature_fraction": 0.9,
        "bagging_fraction": 0.9,
        "bagging_freq": 5,
        "verbose": -1,
        "deterministic": true,
        "seed": 42
      }
    }
  ],
  "note": "Per-coin model for dogwifcoin/5m.",
  "directional_call_share": 0.9709302325581395,
  "directional_call_share_n": 172,
  "directional_call_share_source": "holdout",
  "model_kind": "lightgbm",
  "prior_probs": [],
  "has_regression_head": true,
  "regression_head_stats": {
    "n_train_rows": 621,
    "n_holdout_rows": 156,
    "abs_pred_p50_pct": 0.6260814644670378,
    "abs_pred_p95_pct": 0.6481013220122329,
    "abs_pred_max_pct": 0.65517897831585,
    "mae_pct": 0.47459424611948553,
    "best_iteration": 1
  },
  "gates_alignment": {
    "n": 172,
    "source": "holdout",
    "min_directional_edge": 0.05,
    "min_expected_return_pct": 0.15,
    "aligned_share": 0.813953488372093,
    "aligned_loud_share": 0.813953488372093,
    "aligned_quiet_share": 0.0,
    "loud_classifier_quiet_regressor_share": 0.0,
    "quiet_classifier_loud_regressor_share": 0.18604651162790697,
    "dir_edge_p50": 0.07863325856606374,
    "dir_edge_p95": 0.27333005893909623,
    "abs_magnitude_pct_p50": 0.6260814644670378,
    "abs_magnitude_pct_p95": 0.6481013220122329
  }
}