{
  "coin_id": "sei-network",
  "timeframe": "5m",
  "version": "20260422T154402Z",
  "feature_names": [
    "ret1",
    "ret5",
    "ret10",
    "momentum",
    "realizedVol",
    "rsi14",
    "macdLine",
    "macdSignal",
    "macdHist",
    "atr14",
    "atrPct",
    "ema9",
    "ema21",
    "emaSpreadPct",
    "distFromEma9Pct",
    "distFromEma21Pct",
    "bbUpper",
    "bbMiddle",
    "bbLower",
    "bbWidth",
    "bbPctB",
    "bbWidthPct",
    "news_etf_flow",
    "news_regulatory_risk",
    "news_exchange_outage",
    "news_macro_shock",
    "news_whale_move",
    "news_exploit_or_hack",
    "news_stablecoin_event",
    "news_narrative_rotation",
    "news_listing_or_delisting",
    "news_protocol_upgrade",
    "news_high_volume_breakout",
    "news_unusual_volatility",
    "coin_idx"
  ],
  "coin_vocab": [
    "sei-network"
  ],
  "n_train_rows": 886,
  "n_test_rows": 735,
  "metrics": {
    "auc": 0.5025159784822145,
    "log_loss": 2.901317045277046,
    "brier": 0.32689598842014,
    "directional_accuracy": 0.42857142857142855
  },
  "baseline_metrics": {
    "auc": 0.526144072103389,
    "log_loss": 1.033920854127646,
    "brier": 0.20916140967954436,
    "directional_accuracy": 0.4285714285714285
  },
  "threshold_pct": 0.04,
  "horizon_candles": 1,
  "class_return_means_pct": [
    -0.4382033725924965,
    -0.0022204276186975243,
    0.4840285414545611
  ],
  "fold_metrics": [
    {
      "fold": 0,
      "n_train": 147,
      "n_test": 147,
      "auc": 0.4762684443690916,
      "log_loss": 2.4300931616353463,
      "brier": 0.32431652276388584,
      "directional_accuracy": 0.40816326530612246,
      "baseline_auc": 0.5114648002130348,
      "baseline_log_loss": 1.0466864114895322,
      "baseline_brier": 0.21569287670941262,
      "baseline_directional_accuracy": 0.42857142857142855,
      "best_params": {
        "objective": "multiclass",
        "num_class": 3,
        "metric": "multi_logloss",
        "num_leaves": 31,
        "learning_rate": 0.1,
        "min_child_samples": 5,
        "feature_fraction": 0.9,
        "bagging_fraction": 0.9,
        "bagging_freq": 5,
        "verbose": -1,
        "deterministic": true,
        "seed": 42
      }
    },
    {
      "fold": 1,
      "n_train": 294,
      "n_test": 147,
      "auc": 0.500834629680145,
      "log_loss": 2.8489990805799525,
      "brier": 0.30557897968360875,
      "directional_accuracy": 0.47619047619047616,
      "baseline_auc": 0.4989774747831848,
      "baseline_log_loss": 0.9140842646744288,
      "baseline_brier": 0.1914890566259815,
      "baseline_directional_accuracy": 0.48299319727891155,
      "best_params": {
        "objective": "multiclass",
        "num_class": 3,
        "metric": "multi_logloss",
        "num_leaves": 31,
        "learning_rate": 0.1,
        "min_child_samples": 5,
        "feature_fraction": 0.9,
        "bagging_fraction": 0.9,
        "bagging_freq": 5,
        "verbose": -1,
        "deterministic": true,
        "seed": 42
      }
    },
    {
      "fold": 2,
      "n_train": 441,
      "n_test": 147,
      "auc": 0.5271790257198213,
      "log_loss": 2.4148685838640693,
      "brier": 0.30485819906547507,
      "directional_accuracy": 0.43537414965986393,
      "baseline_auc": 0.580330366255013,
      "baseline_log_loss": 0.8397337633791101,
      "baseline_brier": 0.1797185446744508,
      "baseline_directional_accuracy": 0.5170068027210885,
      "best_params": {
        "objective": "multiclass",
        "num_class": 3,
        "metric": "multi_logloss",
        "num_leaves": 31,
        "learning_rate": 0.1,
        "min_child_samples": 5,
        "feature_fraction": 0.9,
        "bagging_fraction": 0.9,
        "bagging_freq": 5,
        "verbose": -1,
        "deterministic": true,
        "seed": 42
      }
    },
    {
      "fold": 3,
      "n_train": 588,
      "n_test": 147,
      "auc": 0.49458788321016844,
      "log_loss": 3.943733499096702,
      "brier": 0.35049424624067244,
      "directional_accuracy": 0.43537414965986393,
      "baseline_auc": 0.49263984176815817,
      "baseline_log_loss": 1.270518026890328,
      "baseline_brier": 0.2390336358686225,
      "baseline_directional_accuracy": 0.32653061224489793,
      "best_params": {
        "objective": "multiclass",
        "num_class": 3,
        "metric": "multi_logloss",
        "num_leaves": 31,
        "learning_rate": 0.1,
        "min_child_samples": 5,
        "feature_fraction": 0.9,
        "bagging_fraction": 0.9,
        "bagging_freq": 5,
        "verbose": -1,
        "deterministic": true,
        "seed": 42
      }
    },
    {
      "fold": 4,
      "n_train": 735,
      "n_test": 147,
      "auc": 0.5137099094318464,
      "log_loss": 2.8688909012091592,
      "brier": 0.34923199434705804,
      "directional_accuracy": 0.3877551020408163,
      "baseline_auc": 0.5473078774975543,
      "baseline_log_loss": 1.098581804204831,
      "baseline_brier": 0.21987293451925438,
      "baseline_directional_accuracy": 0.3877551020408163,
      "best_params": {
        "objective": "multiclass",
        "num_class": 3,
        "metric": "multi_logloss",
        "num_leaves": 31,
        "learning_rate": 0.1,
        "min_child_samples": 5,
        "feature_fraction": 0.9,
        "bagging_fraction": 0.9,
        "bagging_freq": 5,
        "verbose": -1,
        "deterministic": true,
        "seed": 42
      }
    }
  ],
  "note": "Per-coin model for sei-network/5m.",
  "directional_call_share": 1.0,
  "directional_call_share_n": 178,
  "directional_call_share_source": "holdout",
  "model_kind": "lightgbm",
  "prior_probs": [],
  "has_regression_head": true,
  "regression_head_stats": {
    "n_train_rows": 622,
    "n_holdout_rows": 156,
    "abs_pred_p50_pct": 0.45790510760103625,
    "abs_pred_p95_pct": 0.6549769171311931,
    "abs_pred_max_pct": 0.6894062171684789,
    "mae_pct": 0.3479471396337705,
    "best_iteration": 6
  },
  "gates_alignment": {
    "n": 178,
    "source": "holdout",
    "min_directional_edge": 0.05,
    "min_expected_return_pct": 0.15,
    "aligned_share": 0.601123595505618,
    "aligned_loud_share": 0.601123595505618,
    "aligned_quiet_share": 0.0,
    "loud_classifier_quiet_regressor_share": 0.0,
    "quiet_classifier_loud_regressor_share": 0.398876404494382,
    "dir_edge_p50": 0.13714242074958666,
    "dir_edge_p95": 0.4707448390743068,
    "abs_magnitude_pct_p50": 0.45790510760103625,
    "abs_magnitude_pct_p95": 0.6894062171684789
  }
}