{
  "coin_id": "floki-inu",
  "timeframe": "2h",
  "version": "20260422T102655Z",
  "feature_names": [
    "ret1",
    "ret5",
    "ret10",
    "momentum",
    "realizedVol",
    "rsi14",
    "macdLine",
    "macdSignal",
    "macdHist",
    "atr14",
    "atrPct",
    "ema9",
    "ema21",
    "emaSpreadPct",
    "distFromEma9Pct",
    "distFromEma21Pct",
    "bbUpper",
    "bbMiddle",
    "bbLower",
    "bbWidth",
    "bbPctB",
    "bbWidthPct",
    "news_etf_flow",
    "news_regulatory_risk",
    "news_exchange_outage",
    "news_macro_shock",
    "news_whale_move",
    "news_exploit_or_hack",
    "news_stablecoin_event",
    "news_narrative_rotation",
    "news_listing_or_delisting",
    "news_protocol_upgrade",
    "news_high_volume_breakout",
    "news_unusual_volatility",
    "coin_idx"
  ],
  "coin_vocab": [
    "floki-inu"
  ],
  "n_train_rows": 326,
  "n_test_rows": 270,
  "metrics": {
    "auc": 0.5584123269980888,
    "log_loss": 3.1940030972312967,
    "brier": 0.33700057480475565,
    "directional_accuracy": 0.41111111111111115
  },
  "baseline_metrics": {
    "auc": 0.5627233554042006,
    "log_loss": 1.1087407512137222,
    "brier": 0.22540062319043735,
    "directional_accuracy": 0.40740740740740733
  },
  "threshold_pct": 0.28,
  "horizon_candles": 1,
  "class_return_means_pct": [
    -0.8541304199819651,
    -0.0017716031803854625,
    1.1664016339039645
  ],
  "fold_metrics": [
    {
      "fold": 0,
      "n_train": 54,
      "n_test": 54,
      "auc": 0.5396189458689459,
      "log_loss": 4.33670016039108,
      "brier": 0.3734727259059078,
      "directional_accuracy": 0.3888888888888889,
      "baseline_auc": 0.5730371602082128,
      "baseline_log_loss": 1.1578724393663629,
      "baseline_brier": 0.23182368979490844,
      "baseline_directional_accuracy": 0.46296296296296297,
      "best_params": {
        "objective": "multiclass",
        "num_class": 3,
        "metric": "multi_logloss",
        "num_leaves": 31,
        "learning_rate": 0.1,
        "min_child_samples": 5,
        "feature_fraction": 0.9,
        "bagging_fraction": 0.9,
        "bagging_freq": 5,
        "verbose": -1,
        "deterministic": true,
        "seed": 42
      }
    },
    {
      "fold": 1,
      "n_train": 108,
      "n_test": 54,
      "auc": 0.5479331813697139,
      "log_loss": 3.7116999888961457,
      "brier": 0.3468555663335751,
      "directional_accuracy": 0.4074074074074074,
      "baseline_auc": 0.5301059965146652,
      "baseline_log_loss": 1.1970895930320855,
      "baseline_brier": 0.24774198024486746,
      "baseline_directional_accuracy": 0.37037037037037035,
      "best_params": {
        "objective": "multiclass",
        "num_class": 3,
        "metric": "multi_logloss",
        "num_leaves": 31,
        "learning_rate": 0.1,
        "min_child_samples": 5,
        "feature_fraction": 0.9,
        "bagging_fraction": 0.9,
        "bagging_freq": 5,
        "verbose": -1,
        "deterministic": true,
        "seed": 42
      }
    },
    {
      "fold": 2,
      "n_train": 162,
      "n_test": 54,
      "auc": 0.5817586958669856,
      "log_loss": 3.3178282677335424,
      "brier": 0.3334992226189822,
      "directional_accuracy": 0.42592592592592593,
      "baseline_auc": 0.6131650616333572,
      "baseline_log_loss": 1.0821560191836095,
      "baseline_brier": 0.21688193026127855,
      "baseline_directional_accuracy": 0.4074074074074074,
      "best_params": {
        "objective": "multiclass",
        "num_class": 3,
        "metric": "multi_logloss",
        "num_leaves": 31,
        "learning_rate": 0.1,
        "min_child_samples": 5,
        "feature_fraction": 0.9,
        "bagging_fraction": 0.9,
        "bagging_freq": 5,
        "verbose": -1,
        "deterministic": true,
        "seed": 42
      }
    },
    {
      "fold": 3,
      "n_train": 216,
      "n_test": 54,
      "auc": 0.5515659237881461,
      "log_loss": 2.3331115669271205,
      "brier": 0.3290650533417931,
      "directional_accuracy": 0.4074074074074074,
      "baseline_auc": 0.5558374752819198,
      "baseline_log_loss": 1.0532075726004264,
      "baseline_brier": 0.2180486281164794,
      "baseline_directional_accuracy": 0.3888888888888889,
      "best_params": {
        "objective": "multiclass",
        "num_class": 3,
        "metric": "multi_logloss",
        "num_leaves": 31,
        "learning_rate": 0.1,
        "min_child_samples": 5,
        "feature_fraction": 0.9,
        "bagging_fraction": 0.9,
        "bagging_freq": 5,
        "verbose": -1,
        "deterministic": true,
        "seed": 42
      }
    },
    {
      "fold": 4,
      "n_train": 270,
      "n_test": 54,
      "auc": 0.5711848880966529,
      "log_loss": 2.2706755022085945,
      "brier": 0.3021103058235199,
      "directional_accuracy": 0.42592592592592593,
      "baseline_auc": 0.5414710833828481,
      "baseline_log_loss": 1.0533781318861275,
      "baseline_brier": 0.21250688753465288,
      "baseline_directional_accuracy": 0.4074074074074074,
      "best_params": {
        "objective": "multiclass",
        "num_class": 3,
        "metric": "multi_logloss",
        "num_leaves": 31,
        "learning_rate": 0.1,
        "min_child_samples": 5,
        "feature_fraction": 0.9,
        "bagging_fraction": 0.9,
        "bagging_freq": 5,
        "verbose": -1,
        "deterministic": true,
        "seed": 42
      }
    }
  ],
  "note": "Per-coin model for floki-inu/2h.",
  "directional_call_share": 1.0,
  "directional_call_share_n": 66,
  "directional_call_share_source": "holdout",
  "model_kind": "lightgbm",
  "prior_probs": [],
  "has_regression_head": true,
  "regression_head_stats": {
    "n_train_rows": 194,
    "n_holdout_rows": 49,
    "abs_pred_p50_pct": 1.0267545623825538,
    "abs_pred_p95_pct": 1.2341792873585757,
    "abs_pred_max_pct": 1.2743352220659705,
    "mae_pct": 0.4429510857114667,
    "best_iteration": 7
  },
  "gates_alignment": {
    "n": 66,
    "source": "holdout",
    "min_directional_edge": 0.05,
    "min_expected_return_pct": 0.15,
    "aligned_share": 0.8636363636363636,
    "aligned_loud_share": 0.8636363636363636,
    "aligned_quiet_share": 0.0,
    "loud_classifier_quiet_regressor_share": 0.0,
    "quiet_classifier_loud_regressor_share": 0.13636363636363635,
    "dir_edge_p50": 0.1869775626924769,
    "dir_edge_p95": 0.2500000000000001,
    "abs_magnitude_pct_p50": 1.0242789010317903,
    "abs_magnitude_pct_p95": 1.2341792873585757
  }
}