{
  "coin_id": "sei-network",
  "timeframe": "1m",
  "version": "20260422T111100Z",
  "feature_names": [
    "ret1",
    "ret5",
    "ret10",
    "momentum",
    "realizedVol",
    "rsi14",
    "macdLine",
    "macdSignal",
    "macdHist",
    "atr14",
    "atrPct",
    "ema9",
    "ema21",
    "emaSpreadPct",
    "distFromEma9Pct",
    "distFromEma21Pct",
    "bbUpper",
    "bbMiddle",
    "bbLower",
    "bbWidth",
    "bbPctB",
    "bbWidthPct",
    "news_etf_flow",
    "news_regulatory_risk",
    "news_exchange_outage",
    "news_macro_shock",
    "news_whale_move",
    "news_exploit_or_hack",
    "news_stablecoin_event",
    "news_narrative_rotation",
    "news_listing_or_delisting",
    "news_protocol_upgrade",
    "news_high_volume_breakout",
    "news_unusual_volatility",
    "coin_idx"
  ],
  "coin_vocab": [
    "sei-network"
  ],
  "n_train_rows": 1541,
  "n_test_rows": 1285,
  "metrics": {
    "auc": 0.5586908034427,
    "log_loss": 2.867676710236844,
    "brier": 0.3133324565542543,
    "directional_accuracy": 0.4653696498054474
  },
  "baseline_metrics": {
    "auc": 0.5466556848489857,
    "log_loss": 1.0088663212728397,
    "brier": 0.1897870114252733,
    "directional_accuracy": 0.5805447470817121
  },
  "threshold_pct": 0.03,
  "horizon_candles": 1,
  "class_return_means_pct": [
    -0.38185539021883624,
    0.0012026542790667732,
    0.421572011707596
  ],
  "fold_metrics": [
    {
      "fold": 0,
      "n_train": 256,
      "n_test": 257,
      "auc": 0.5534856443961423,
      "log_loss": 2.2599393825424485,
      "brier": 0.2790267000221622,
      "directional_accuracy": 0.5097276264591439,
      "baseline_auc": 0.5255327641993724,
      "baseline_log_loss": 0.8757356424254994,
      "baseline_brier": 0.1861005219099062,
      "baseline_directional_accuracy": 0.5252918287937743,
      "best_params": {
        "objective": "multiclass",
        "num_class": 3,
        "metric": "multi_logloss",
        "num_leaves": 31,
        "learning_rate": 0.1,
        "min_child_samples": 5,
        "feature_fraction": 0.9,
        "bagging_fraction": 0.9,
        "bagging_freq": 5,
        "verbose": -1,
        "deterministic": true,
        "seed": 42
      }
    },
    {
      "fold": 1,
      "n_train": 513,
      "n_test": 257,
      "auc": 0.49642992459577,
      "log_loss": 5.68619558567326,
      "brier": 0.4223106935435079,
      "directional_accuracy": 0.32684824902723736,
      "baseline_auc": 0.5747831124496231,
      "baseline_log_loss": 1.5813029347880831,
      "baseline_brier": 0.27684435451203315,
      "baseline_directional_accuracy": 0.31906614785992216,
      "best_params": {
        "objective": "multiclass",
        "num_class": 3,
        "metric": "multi_logloss",
        "num_leaves": 31,
        "learning_rate": 0.1,
        "min_child_samples": 5,
        "feature_fraction": 0.9,
        "bagging_fraction": 0.9,
        "bagging_freq": 5,
        "verbose": -1,
        "deterministic": true,
        "seed": 42
      }
    },
    {
      "fold": 2,
      "n_train": 770,
      "n_test": 257,
      "auc": 0.558098610339647,
      "log_loss": 1.7830500009751307,
      "brier": 0.2622095948779637,
      "directional_accuracy": 0.5214007782101168,
      "baseline_auc": 0.4749669333529682,
      "baseline_log_loss": 0.6923831197171957,
      "baseline_brier": 0.12581357930484546,
      "baseline_directional_accuracy": 0.7976653696498055,
      "best_params": {
        "objective": "multiclass",
        "num_class": 3,
        "metric": "multi_logloss",
        "num_leaves": 31,
        "learning_rate": 0.1,
        "min_child_samples": 5,
        "feature_fraction": 0.9,
        "bagging_fraction": 0.9,
        "bagging_freq": 5,
        "verbose": -1,
        "deterministic": true,
        "seed": 42
      }
    },
    {
      "fold": 3,
      "n_train": 1027,
      "n_test": 257,
      "auc": 0.6058714363088202,
      "log_loss": 1.9171245403816415,
      "brier": 0.198163709132546,
      "directional_accuracy": 0.669260700389105,
      "baseline_auc": 0.6102068393833066,
      "baseline_log_loss": 0.8545460071580262,
      "baseline_brier": 0.1510256038816793,
      "baseline_directional_accuracy": 0.7120622568093385,
      "best_params": {
        "objective": "multiclass",
        "num_class": 3,
        "metric": "multi_logloss",
        "num_leaves": 31,
        "learning_rate": 0.1,
        "min_child_samples": 5,
        "feature_fraction": 0.9,
        "bagging_fraction": 0.9,
        "bagging_freq": 5,
        "verbose": -1,
        "deterministic": true,
        "seed": 42
      }
    },
    {
      "fold": 4,
      "n_train": 1284,
      "n_test": 257,
      "auc": 0.5795684015731195,
      "log_loss": 2.6920740416117375,
      "brier": 0.40495158519509183,
      "directional_accuracy": 0.29961089494163423,
      "baseline_auc": 0.5477887748596584,
      "baseline_log_loss": 1.0403639022753939,
      "baseline_brier": 0.2091509975179023,
      "baseline_directional_accuracy": 0.5486381322957199,
      "best_params": {
        "objective": "multiclass",
        "num_class": 3,
        "metric": "multi_logloss",
        "num_leaves": 31,
        "learning_rate": 0.1,
        "min_child_samples": 5,
        "feature_fraction": 0.9,
        "bagging_fraction": 0.9,
        "bagging_freq": 5,
        "verbose": -1,
        "deterministic": true,
        "seed": 42
      }
    }
  ],
  "note": "Per-coin model for sei-network/1m.",
  "directional_call_share": 0.05825242718446602,
  "directional_call_share_n": 309,
  "directional_call_share_source": "holdout",
  "model_kind": "lightgbm",
  "prior_probs": [],
  "has_regression_head": true,
  "regression_head_stats": {
    "n_train_rows": 713,
    "n_holdout_rows": 179,
    "abs_pred_p50_pct": 0.21563008968743322,
    "abs_pred_p95_pct": 0.7017976970808021,
    "abs_pred_max_pct": 1.0196921651597142,
    "mae_pct": 0.22095491214674368,
    "best_iteration": 20
  },
  "gates_alignment": {
    "n": 309,
    "source": "holdout",
    "min_directional_edge": 0.05,
    "min_expected_return_pct": 0.15,
    "aligned_share": 0.8381877022653722,
    "aligned_loud_share": 0.8381877022653722,
    "aligned_quiet_share": 0.0,
    "loud_classifier_quiet_regressor_share": 0.0,
    "quiet_classifier_loud_regressor_share": 0.16181229773462782,
    "dir_edge_p50": 0.09234559262984501,
    "dir_edge_p95": 0.39455774791548315,
    "abs_magnitude_pct_p50": 0.21563008968743322,
    "abs_magnitude_pct_p95": 0.7206483552071378
  }
}