{
  "coin_id": "bonk",
  "timeframe": "1h",
  "version": "20260422T151953Z",
  "feature_names": [
    "ret1",
    "ret5",
    "ret10",
    "momentum",
    "realizedVol",
    "rsi14",
    "macdLine",
    "macdSignal",
    "macdHist",
    "atr14",
    "atrPct",
    "ema9",
    "ema21",
    "emaSpreadPct",
    "distFromEma9Pct",
    "distFromEma21Pct",
    "bbUpper",
    "bbMiddle",
    "bbLower",
    "bbWidth",
    "bbPctB",
    "bbWidthPct",
    "news_etf_flow",
    "news_regulatory_risk",
    "news_exchange_outage",
    "news_macro_shock",
    "news_whale_move",
    "news_exploit_or_hack",
    "news_stablecoin_event",
    "news_narrative_rotation",
    "news_listing_or_delisting",
    "news_protocol_upgrade",
    "news_high_volume_breakout",
    "news_unusual_volatility",
    "coin_idx"
  ],
  "coin_vocab": [
    "bonk"
  ],
  "n_train_rows": 684,
  "n_test_rows": 570,
  "metrics": {
    "auc": 0.5216681261727094,
    "log_loss": 3.0978775057635586,
    "brier": 0.36928938126351424,
    "directional_accuracy": 0.3508771929824561
  },
  "baseline_metrics": {
    "auc": 0.5052086847336994,
    "log_loss": 1.1317319649271176,
    "brier": 0.22822120645017346,
    "directional_accuracy": 0.39824561403508774
  },
  "threshold_pct": 0.2,
  "horizon_candles": 1,
  "class_return_means_pct": [
    -0.6498166723257138,
    -0.013574216577025197,
    0.7635657350909005
  ],
  "fold_metrics": [
    {
      "fold": 0,
      "n_train": 114,
      "n_test": 114,
      "auc": 0.5570983742359252,
      "log_loss": 3.4941951870333305,
      "brier": 0.37539381446401915,
      "directional_accuracy": 0.37719298245614036,
      "baseline_auc": 0.5180966038221878,
      "baseline_log_loss": 1.1721646599845181,
      "baseline_brier": 0.2338841032692456,
      "baseline_directional_accuracy": 0.39473684210526316,
      "best_params": {
        "objective": "multiclass",
        "num_class": 3,
        "metric": "multi_logloss",
        "num_leaves": 31,
        "learning_rate": 0.1,
        "min_child_samples": 5,
        "feature_fraction": 0.9,
        "bagging_fraction": 0.9,
        "bagging_freq": 5,
        "verbose": -1,
        "deterministic": true,
        "seed": 42
      }
    },
    {
      "fold": 1,
      "n_train": 228,
      "n_test": 114,
      "auc": 0.5423119432950646,
      "log_loss": 3.3622787059207213,
      "brier": 0.38720066532267533,
      "directional_accuracy": 0.32456140350877194,
      "baseline_auc": 0.5443664987772889,
      "baseline_log_loss": 1.1454004971856055,
      "baseline_brier": 0.23169649056608646,
      "baseline_directional_accuracy": 0.4298245614035088,
      "best_params": {
        "objective": "multiclass",
        "num_class": 3,
        "metric": "multi_logloss",
        "num_leaves": 31,
        "learning_rate": 0.1,
        "min_child_samples": 5,
        "feature_fraction": 0.9,
        "bagging_fraction": 0.9,
        "bagging_freq": 5,
        "verbose": -1,
        "deterministic": true,
        "seed": 42
      }
    },
    {
      "fold": 2,
      "n_train": 342,
      "n_test": 114,
      "auc": 0.5316797181579105,
      "log_loss": 2.8211262285441494,
      "brier": 0.35488241918604396,
      "directional_accuracy": 0.38596491228070173,
      "baseline_auc": 0.49480719342215185,
      "baseline_log_loss": 1.1165610860682833,
      "baseline_brier": 0.22569128857728124,
      "baseline_directional_accuracy": 0.4298245614035088,
      "best_params": {
        "objective": "multiclass",
        "num_class": 3,
        "metric": "multi_logloss",
        "num_leaves": 31,
        "learning_rate": 0.1,
        "min_child_samples": 5,
        "feature_fraction": 0.9,
        "bagging_fraction": 0.9,
        "bagging_freq": 5,
        "verbose": -1,
        "deterministic": true,
        "seed": 42
      }
    },
    {
      "fold": 3,
      "n_train": 456,
      "n_test": 114,
      "auc": 0.4693386297318572,
      "log_loss": 3.0917178573456185,
      "brier": 0.3836287308601382,
      "directional_accuracy": 0.30701754385964913,
      "baseline_auc": 0.49206229275376473,
      "baseline_log_loss": 1.100955887533414,
      "baseline_brier": 0.22234874377722283,
      "baseline_directional_accuracy": 0.3684210526315789,
      "best_params": {
        "objective": "multiclass",
        "num_class": 3,
        "metric": "multi_logloss",
        "num_leaves": 31,
        "learning_rate": 0.1,
        "min_child_samples": 5,
        "feature_fraction": 0.9,
        "bagging_fraction": 0.9,
        "bagging_freq": 5,
        "verbose": -1,
        "deterministic": true,
        "seed": 42
      }
    },
    {
      "fold": 4,
      "n_train": 570,
      "n_test": 114,
      "auc": 0.5079119654427894,
      "log_loss": 2.7200695499739744,
      "brier": 0.3453412764846946,
      "directional_accuracy": 0.35964912280701755,
      "baseline_auc": 0.47671083489310373,
      "baseline_log_loss": 1.1235776938637665,
      "baseline_brier": 0.2274854060610311,
      "baseline_directional_accuracy": 0.3684210526315789,
      "best_params": {
        "objective": "multiclass",
        "num_class": 3,
        "metric": "multi_logloss",
        "num_leaves": 31,
        "learning_rate": 0.1,
        "min_child_samples": 5,
        "feature_fraction": 0.9,
        "bagging_fraction": 0.9,
        "bagging_freq": 5,
        "verbose": -1,
        "deterministic": true,
        "seed": 42
      }
    }
  ],
  "note": "Per-coin model for bonk/1h.",
  "directional_call_share": 0.8905109489051095,
  "directional_call_share_n": 137,
  "directional_call_share_source": "holdout",
  "model_kind": "lightgbm",
  "prior_probs": [],
  "has_regression_head": true,
  "regression_head_stats": {
    "n_train_rows": 380,
    "n_holdout_rows": 95,
    "abs_pred_p50_pct": 0.7650901022864072,
    "abs_pred_p95_pct": 0.8668978123856751,
    "abs_pred_max_pct": 0.9215528418495552,
    "mae_pct": 0.34914893727865326,
    "best_iteration": 5
  },
  "gates_alignment": {
    "n": 137,
    "source": "holdout",
    "min_directional_edge": 0.05,
    "min_expected_return_pct": 0.15,
    "aligned_share": 0.8540145985401459,
    "aligned_loud_share": 0.8540145985401459,
    "aligned_quiet_share": 0.0,
    "loud_classifier_quiet_regressor_share": 0.0,
    "quiet_classifier_loud_regressor_share": 0.145985401459854,
    "dir_edge_p50": 0.058491062039957964,
    "dir_edge_p95": 0.19116772823779182,
    "abs_magnitude_pct_p50": 0.7481926519910084,
    "abs_magnitude_pct_p95": 0.8658955024683237
  }
}