{
  "coin_id": "celestia",
  "timeframe": "5m",
  "version": "20260422T154151Z",
  "feature_names": [
    "ret1",
    "ret5",
    "ret10",
    "momentum",
    "realizedVol",
    "rsi14",
    "macdLine",
    "macdSignal",
    "macdHist",
    "atr14",
    "atrPct",
    "ema9",
    "ema21",
    "emaSpreadPct",
    "distFromEma9Pct",
    "distFromEma21Pct",
    "bbUpper",
    "bbMiddle",
    "bbLower",
    "bbWidth",
    "bbPctB",
    "bbWidthPct",
    "news_etf_flow",
    "news_regulatory_risk",
    "news_exchange_outage",
    "news_macro_shock",
    "news_whale_move",
    "news_exploit_or_hack",
    "news_stablecoin_event",
    "news_narrative_rotation",
    "news_listing_or_delisting",
    "news_protocol_upgrade",
    "news_high_volume_breakout",
    "news_unusual_volatility",
    "coin_idx"
  ],
  "coin_vocab": [
    "celestia"
  ],
  "n_train_rows": 886,
  "n_test_rows": 735,
  "metrics": {
    "auc": 0.5079243956436047,
    "log_loss": 3.1346905264549014,
    "brier": 0.33016532078328364,
    "directional_accuracy": 0.4448979591836735
  },
  "baseline_metrics": {
    "auc": 0.4826353114855865,
    "log_loss": 1.0204929451332638,
    "brier": 0.2079153962390734,
    "directional_accuracy": 0.435374149659864
  },
  "threshold_pct": 0.04,
  "horizon_candles": 1,
  "class_return_means_pct": [
    -0.5156136628068174,
    -0.0007613718612969745,
    0.5837881464720494
  ],
  "fold_metrics": [
    {
      "fold": 0,
      "n_train": 147,
      "n_test": 147,
      "auc": 0.5220432172719139,
      "log_loss": 2.9823040400281795,
      "brier": 0.32585201437538985,
      "directional_accuracy": 0.4557823129251701,
      "baseline_auc": 0.5080601448294118,
      "baseline_log_loss": 1.0065328931895396,
      "baseline_brier": 0.2015465795374993,
      "baseline_directional_accuracy": 0.4965986394557823,
      "best_params": {
        "objective": "multiclass",
        "num_class": 3,
        "metric": "multi_logloss",
        "num_leaves": 31,
        "learning_rate": 0.1,
        "min_child_samples": 5,
        "feature_fraction": 0.9,
        "bagging_fraction": 0.9,
        "bagging_freq": 5,
        "verbose": -1,
        "deterministic": true,
        "seed": 42
      }
    },
    {
      "fold": 1,
      "n_train": 294,
      "n_test": 147,
      "auc": 0.5464245061075704,
      "log_loss": 2.9559018101322687,
      "brier": 0.31058478053427047,
      "directional_accuracy": 0.48299319727891155,
      "baseline_auc": 0.5353468968574714,
      "baseline_log_loss": 0.9519803630100978,
      "baseline_brier": 0.1962809918200367,
      "baseline_directional_accuracy": 0.4557823129251701,
      "best_params": {
        "objective": "multiclass",
        "num_class": 3,
        "metric": "multi_logloss",
        "num_leaves": 31,
        "learning_rate": 0.1,
        "min_child_samples": 5,
        "feature_fraction": 0.9,
        "bagging_fraction": 0.9,
        "bagging_freq": 5,
        "verbose": -1,
        "deterministic": true,
        "seed": 42
      }
    },
    {
      "fold": 2,
      "n_train": 441,
      "n_test": 147,
      "auc": 0.47117066076770886,
      "log_loss": 2.923428962421379,
      "brier": 0.32125788185023596,
      "directional_accuracy": 0.42857142857142855,
      "baseline_auc": 0.42488779876839583,
      "baseline_log_loss": 0.8923023688382983,
      "baseline_brier": 0.1883887595413342,
      "baseline_directional_accuracy": 0.4557823129251701,
      "best_params": {
        "objective": "multiclass",
        "num_class": 3,
        "metric": "multi_logloss",
        "num_leaves": 31,
        "learning_rate": 0.1,
        "min_child_samples": 5,
        "feature_fraction": 0.9,
        "bagging_fraction": 0.9,
        "bagging_freq": 5,
        "verbose": -1,
        "deterministic": true,
        "seed": 42
      }
    },
    {
      "fold": 3,
      "n_train": 588,
      "n_test": 147,
      "auc": 0.4744462070542134,
      "log_loss": 3.5480946644073823,
      "brier": 0.324356617254182,
      "directional_accuracy": 0.46938775510204084,
      "baseline_auc": 0.5094344757604682,
      "baseline_log_loss": 1.110140753428335,
      "baseline_brier": 0.22214606881861063,
      "baseline_directional_accuracy": 0.4489795918367347,
      "best_params": {
        "objective": "multiclass",
        "num_class": 3,
        "metric": "multi_logloss",
        "num_leaves": 31,
        "learning_rate": 0.1,
        "min_child_samples": 5,
        "feature_fraction": 0.9,
        "bagging_fraction": 0.9,
        "bagging_freq": 5,
        "verbose": -1,
        "deterministic": true,
        "seed": 42
      }
    },
    {
      "fold": 4,
      "n_train": 735,
      "n_test": 147,
      "auc": 0.525537387016617,
      "log_loss": 3.263723155285297,
      "brier": 0.3687753099023401,
      "directional_accuracy": 0.3877551020408163,
      "baseline_auc": 0.43544724121218553,
      "baseline_log_loss": 1.1415083472000478,
      "baseline_brier": 0.23121458147788623,
      "baseline_directional_accuracy": 0.3197278911564626,
      "best_params": {
        "objective": "multiclass",
        "num_class": 3,
        "metric": "multi_logloss",
        "num_leaves": 31,
        "learning_rate": 0.1,
        "min_child_samples": 5,
        "feature_fraction": 0.9,
        "bagging_fraction": 0.9,
        "bagging_freq": 5,
        "verbose": -1,
        "deterministic": true,
        "seed": 42
      }
    }
  ],
  "note": "Per-coin model for celestia/5m.",
  "directional_call_share": 1.0,
  "directional_call_share_n": 178,
  "directional_call_share_source": "holdout",
  "model_kind": "lightgbm",
  "prior_probs": [],
  "has_regression_head": true,
  "regression_head_stats": {
    "n_train_rows": 616,
    "n_holdout_rows": 154,
    "abs_pred_p50_pct": 0.35786067760531487,
    "abs_pred_p95_pct": 0.6275917600045128,
    "abs_pred_max_pct": 0.828822301676206,
    "mae_pct": 0.2941408975045763,
    "best_iteration": 45
  },
  "gates_alignment": {
    "n": 178,
    "source": "holdout",
    "min_directional_edge": 0.05,
    "min_expected_return_pct": 0.15,
    "aligned_share": 0.9101123595505618,
    "aligned_loud_share": 0.9101123595505618,
    "aligned_quiet_share": 0.0,
    "loud_classifier_quiet_regressor_share": 0.0,
    "quiet_classifier_loud_regressor_share": 0.0898876404494382,
    "dir_edge_p50": 0.060832603369004035,
    "dir_edge_p95": 0.35902574379528296,
    "abs_magnitude_pct_p50": 0.36589023571103074,
    "abs_magnitude_pct_p95": 0.6372711785488724
  }
}