{
  "coin_id": "injective-protocol",
  "timeframe": "1m",
  "version": "20260422T194533Z",
  "feature_names": [
    "ret1",
    "ret5",
    "ret10",
    "momentum",
    "realizedVol",
    "rsi14",
    "macdLine",
    "macdSignal",
    "macdHist",
    "atr14",
    "atrPct",
    "ema9",
    "ema21",
    "emaSpreadPct",
    "distFromEma9Pct",
    "distFromEma21Pct",
    "bbUpper",
    "bbMiddle",
    "bbLower",
    "bbWidth",
    "bbPctB",
    "bbWidthPct",
    "news_etf_flow",
    "news_regulatory_risk",
    "news_exchange_outage",
    "news_macro_shock",
    "news_whale_move",
    "news_exploit_or_hack",
    "news_stablecoin_event",
    "news_narrative_rotation",
    "news_listing_or_delisting",
    "news_protocol_upgrade",
    "news_high_volume_breakout",
    "news_unusual_volatility",
    "coin_idx"
  ],
  "coin_vocab": [
    "injective-protocol"
  ],
  "n_train_rows": 1954,
  "n_test_rows": 1625,
  "metrics": {
    "auc": 0.5654796723667896,
    "log_loss": 2.8520651740199554,
    "brier": 0.2880749279575434,
    "directional_accuracy": 0.504
  },
  "baseline_metrics": {
    "auc": 0.5362447946328666,
    "log_loss": 0.9855081721251512,
    "brier": 0.19196210455060742,
    "directional_accuracy": 0.5483076923076924
  },
  "threshold_pct": 0.03,
  "horizon_candles": 1,
  "class_return_means_pct": [
    -0.336216795369665,
    1.0064877007357213e-05,
    0.36865194750739183
  ],
  "fold_metrics": [
    {
      "fold": 0,
      "n_train": 325,
      "n_test": 325,
      "auc": 0.5108898129383177,
      "log_loss": 3.1666452983122557,
      "brier": 0.3115931082153267,
      "directional_accuracy": 0.47692307692307695,
      "baseline_auc": 0.5604843545218721,
      "baseline_log_loss": 0.9038381774045883,
      "baseline_brier": 0.1938188402584644,
      "baseline_directional_accuracy": 0.46153846153846156,
      "best_params": {
        "objective": "multiclass",
        "num_class": 3,
        "metric": "multi_logloss",
        "num_leaves": 15,
        "learning_rate": 0.060113218328857784,
        "min_child_samples": 16,
        "feature_fraction": 0.9,
        "bagging_fraction": 0.9,
        "bagging_freq": 5,
        "verbose": -1,
        "deterministic": true,
        "seed": 42
      }
    },
    {
      "fold": 1,
      "n_train": 650,
      "n_test": 325,
      "auc": 0.4931583288632622,
      "log_loss": 5.105793738966519,
      "brier": 0.5048594358013709,
      "directional_accuracy": 0.12307692307692308,
      "baseline_auc": 0.477429321910712,
      "baseline_log_loss": 1.7092234647088984,
      "baseline_brier": 0.3339291217812476,
      "baseline_directional_accuracy": 0.1076923076923077,
      "best_params": {
        "objective": "multiclass",
        "num_class": 3,
        "metric": "multi_logloss",
        "num_leaves": 63,
        "learning_rate": 0.158608611243407,
        "min_child_samples": 19,
        "feature_fraction": 0.9,
        "bagging_fraction": 0.9,
        "bagging_freq": 5,
        "verbose": -1,
        "deterministic": true,
        "seed": 42
      }
    },
    {
      "fold": 2,
      "n_train": 975,
      "n_test": 325,
      "auc": 0.6240885507771133,
      "log_loss": 1.641131383919126,
      "brier": 0.21987031624544384,
      "directional_accuracy": 0.6092307692307692,
      "baseline_auc": 0.5662155250502113,
      "baseline_log_loss": 0.844884315473052,
      "baseline_brier": 0.16050399972508597,
      "baseline_directional_accuracy": 0.6707692307692308,
      "best_params": {
        "objective": "multiclass",
        "num_class": 3,
        "metric": "multi_logloss",
        "num_leaves": 31,
        "learning_rate": 0.0334595604673032,
        "min_child_samples": 24,
        "feature_fraction": 0.9,
        "bagging_fraction": 0.9,
        "bagging_freq": 5,
        "verbose": -1,
        "deterministic": true,
        "seed": 42
      }
    },
    {
      "fold": 3,
      "n_train": 1300,
      "n_test": 325,
      "auc": 0.6036326243316488,
      "log_loss": 1.9119673681770124,
      "brier": 0.18673158688661964,
      "directional_accuracy": 0.6676923076923077,
      "baseline_auc": 0.5545528091469426,
      "baseline_log_loss": 0.6941642447137516,
      "baseline_brier": 0.12717644048192217,
      "baseline_directional_accuracy": 0.7692307692307693,
      "best_params": {
        "objective": "multiclass",
        "num_class": 3,
        "metric": "multi_logloss",
        "num_leaves": 15,
        "learning_rate": 0.13688629767137406,
        "min_child_samples": 24,
        "feature_fraction": 0.9,
        "bagging_fraction": 0.9,
        "bagging_freq": 5,
        "verbose": -1,
        "deterministic": true,
        "seed": 42
      }
    },
    {
      "fold": 4,
      "n_train": 1625,
      "n_test": 325,
      "auc": 0.5956290449236064,
      "log_loss": 2.4347880807248616,
      "brier": 0.21732019263895586,
      "directional_accuracy": 0.6430769230769231,
      "baseline_auc": 0.5225419625345952,
      "baseline_log_loss": 0.7754306583254656,
      "baseline_brier": 0.1443821205063169,
      "baseline_directional_accuracy": 0.7323076923076923,
      "best_params": {
        "objective": "multiclass",
        "num_class": 3,
        "metric": "multi_logloss",
        "num_leaves": 15,
        "learning_rate": 0.14470144360071943,
        "min_child_samples": 10,
        "feature_fraction": 0.9,
        "bagging_fraction": 0.9,
        "bagging_freq": 5,
        "verbose": -1,
        "deterministic": true,
        "seed": 42
      }
    }
  ],
  "note": "Per-coin model for injective-protocol/1m.",
  "directional_call_share": 0.0,
  "directional_call_share_n": 391,
  "directional_call_share_source": "holdout",
  "model_kind": "lightgbm",
  "prior_probs": [],
  "has_regression_head": true,
  "regression_head_stats": {
    "n_train_rows": 768,
    "n_holdout_rows": 193,
    "abs_pred_p50_pct": 0.07241514440778325,
    "abs_pred_p95_pct": 0.4461508670696453,
    "abs_pred_max_pct": 1.0561777483779984,
    "mae_pct": 0.07373195091834972,
    "best_iteration": 291
  },
  "gates_alignment": {
    "n": 391,
    "source": "holdout",
    "min_directional_edge": 0.05,
    "min_expected_return_pct": 0.15,
    "aligned_share": 0.6828644501278772,
    "aligned_loud_share": 0.010230179028132993,
    "aligned_quiet_share": 0.6726342710997443,
    "loud_classifier_quiet_regressor_share": 0.2813299232736573,
    "quiet_classifier_loud_regressor_share": 0.03580562659846547,
    "dir_edge_p50": 0.028876514711552073,
    "dir_edge_p95": 0.20821917808219176,
    "abs_magnitude_pct_p50": 0.07032140492345369,
    "abs_magnitude_pct_p95": 0.14635693421291138
  },
  "specialist_kind": null,
  "regime_subset": [],
  "feature_schema_hash": "726b9f4d8d8b",
  "training_window": {
    "start": "2026-03-25T06:00:00+00:00",
    "end": "2026-04-22T19:37:00+00:00"
  }
}