{
  "coin_id": "celestia",
  "timeframe": "1m",
  "version": "20260422T200327Z",
  "feature_names": [
    "ret1",
    "ret5",
    "ret10",
    "momentum",
    "realizedVol",
    "rsi14",
    "macdLine",
    "macdSignal",
    "macdHist",
    "atr14",
    "atrPct",
    "ema9",
    "ema21",
    "emaSpreadPct",
    "distFromEma9Pct",
    "distFromEma21Pct",
    "bbUpper",
    "bbMiddle",
    "bbLower",
    "bbWidth",
    "bbPctB",
    "bbWidthPct",
    "news_etf_flow",
    "news_regulatory_risk",
    "news_exchange_outage",
    "news_macro_shock",
    "news_whale_move",
    "news_exploit_or_hack",
    "news_stablecoin_event",
    "news_narrative_rotation",
    "news_listing_or_delisting",
    "news_protocol_upgrade",
    "news_high_volume_breakout",
    "news_unusual_volatility",
    "coin_idx"
  ],
  "coin_vocab": [
    "celestia"
  ],
  "n_train_rows": 1953,
  "n_test_rows": 1625,
  "metrics": {
    "auc": 0.5603122734962768,
    "log_loss": 3.6751599623853606,
    "brier": 0.29330050558746545,
    "directional_accuracy": 0.515076923076923
  },
  "baseline_metrics": {
    "auc": 0.5367805560650457,
    "log_loss": 1.1785155905801674,
    "brier": 0.20908713635914683,
    "directional_accuracy": 0.5403076923076923
  },
  "threshold_pct": 0.03,
  "horizon_candles": 1,
  "class_return_means_pct": [
    -0.3961303007490655,
    0.000673926813380643,
    0.45050478653437875
  ],
  "fold_metrics": [
    {
      "fold": 0,
      "n_train": 325,
      "n_test": 325,
      "auc": 0.5246436154079467,
      "log_loss": 2.3611520930808534,
      "brier": 0.2891665272593904,
      "directional_accuracy": 0.48923076923076925,
      "baseline_auc": 0.49702553285355827,
      "baseline_log_loss": 0.873790167594647,
      "baseline_brier": 0.1880038680753364,
      "baseline_directional_accuracy": 0.48,
      "best_params": {
        "objective": "multiclass",
        "num_class": 3,
        "metric": "multi_logloss",
        "num_leaves": 63,
        "learning_rate": 0.030365454062068937,
        "min_child_samples": 8,
        "feature_fraction": 0.9,
        "bagging_fraction": 0.9,
        "bagging_freq": 5,
        "verbose": -1,
        "deterministic": true,
        "seed": 42
      }
    },
    {
      "fold": 1,
      "n_train": 650,
      "n_test": 325,
      "auc": 0.5068719160373938,
      "log_loss": 10.401054855354403,
      "brier": 0.5550224115152839,
      "directional_accuracy": 0.1476923076923077,
      "baseline_auc": 0.5338950152129017,
      "baseline_log_loss": 2.525643174670513,
      "baseline_brier": 0.3840414988896029,
      "baseline_directional_accuracy": 0.1476923076923077,
      "best_params": {
        "objective": "multiclass",
        "num_class": 3,
        "metric": "multi_logloss",
        "num_leaves": 63,
        "learning_rate": 0.08097820151383524,
        "min_child_samples": 15,
        "feature_fraction": 0.9,
        "bagging_fraction": 0.9,
        "bagging_freq": 5,
        "verbose": -1,
        "deterministic": true,
        "seed": 42
      }
    },
    {
      "fold": 2,
      "n_train": 975,
      "n_test": 325,
      "auc": 0.6014272187856178,
      "log_loss": 1.653321693968568,
      "brier": 0.21398199117241648,
      "directional_accuracy": 0.6276923076923077,
      "baseline_auc": 0.6043194631774845,
      "baseline_log_loss": 0.7889402015447422,
      "baseline_brier": 0.14749371426796856,
      "baseline_directional_accuracy": 0.7138461538461538,
      "best_params": {
        "objective": "multiclass",
        "num_class": 3,
        "metric": "multi_logloss",
        "num_leaves": 31,
        "learning_rate": 0.03596985648010983,
        "min_child_samples": 25,
        "feature_fraction": 0.9,
        "bagging_fraction": 0.9,
        "bagging_freq": 5,
        "verbose": -1,
        "deterministic": true,
        "seed": 42
      }
    },
    {
      "fold": 3,
      "n_train": 1300,
      "n_test": 325,
      "auc": 0.5599004265923375,
      "log_loss": 2.3607094830189483,
      "brier": 0.21256604540153967,
      "directional_accuracy": 0.6461538461538462,
      "baseline_auc": 0.5415164269883209,
      "baseline_log_loss": 0.8389870313299773,
      "baseline_brier": 0.15950114807200946,
      "baseline_directional_accuracy": 0.6892307692307692,
      "best_params": {
        "objective": "multiclass",
        "num_class": 3,
        "metric": "multi_logloss",
        "num_leaves": 63,
        "learning_rate": 0.04882298694169445,
        "min_child_samples": 26,
        "feature_fraction": 0.9,
        "bagging_fraction": 0.9,
        "bagging_freq": 5,
        "verbose": -1,
        "deterministic": true,
        "seed": 42
      }
    },
    {
      "fold": 4,
      "n_train": 1625,
      "n_test": 325,
      "auc": 0.6087181906580884,
      "log_loss": 1.5995616865040305,
      "brier": 0.19576555258869668,
      "directional_accuracy": 0.6646153846153846,
      "baseline_auc": 0.5071463420929635,
      "baseline_log_loss": 0.8652173777609569,
      "baseline_brier": 0.166395452490817,
      "baseline_directional_accuracy": 0.6707692307692308,
      "best_params": {
        "objective": "multiclass",
        "num_class": 3,
        "metric": "multi_logloss",
        "num_leaves": 15,
        "learning_rate": 0.09230320822645494,
        "min_child_samples": 6,
        "feature_fraction": 0.9,
        "bagging_fraction": 0.9,
        "bagging_freq": 5,
        "verbose": -1,
        "deterministic": true,
        "seed": 42
      }
    }
  ],
  "note": "Per-coin model for celestia/1m.",
  "directional_call_share": 0.0025575447570332483,
  "directional_call_share_n": 391,
  "directional_call_share_source": "holdout",
  "model_kind": "lightgbm",
  "prior_probs": [],
  "has_regression_head": true,
  "regression_head_stats": {
    "n_train_rows": 820,
    "n_holdout_rows": 206,
    "abs_pred_p50_pct": 0.09685919462268139,
    "abs_pred_p95_pct": 0.14578885382601522,
    "abs_pred_max_pct": 0.2709144749676274,
    "mae_pct": 0.05588598069024775,
    "best_iteration": 98
  },
  "gates_alignment": {
    "n": 391,
    "source": "holdout",
    "min_directional_edge": 0.05,
    "min_expected_return_pct": 0.15,
    "aligned_share": 0.47570332480818417,
    "aligned_loud_share": 0.010230179028132993,
    "aligned_quiet_share": 0.46547314578005117,
    "loud_classifier_quiet_regressor_share": 0.5089514066496164,
    "quiet_classifier_loud_regressor_share": 0.015345268542199489,
    "dir_edge_p50": 0.052331345175602534,
    "dir_edge_p95": 0.2054794520547945,
    "abs_magnitude_pct_p50": 0.09449060476804963,
    "abs_magnitude_pct_p95": 0.13235862873656884
  },
  "specialist_kind": null,
  "regime_subset": [],
  "feature_schema_hash": "726b9f4d8d8b",
  "training_window": {
    "start": "2026-03-25T07:00:00+00:00",
    "end": "2026-04-22T19:37:00+00:00"
  }
}