{
  "coin_id": "bonk",
  "timeframe": "5m",
  "version": "20260422T143934Z",
  "feature_names": [
    "ret1",
    "ret5",
    "ret10",
    "momentum",
    "realizedVol",
    "rsi14",
    "macdLine",
    "macdSignal",
    "macdHist",
    "atr14",
    "atrPct",
    "ema9",
    "ema21",
    "emaSpreadPct",
    "distFromEma9Pct",
    "distFromEma21Pct",
    "bbUpper",
    "bbMiddle",
    "bbLower",
    "bbWidth",
    "bbPctB",
    "bbWidthPct",
    "news_etf_flow",
    "news_regulatory_risk",
    "news_exchange_outage",
    "news_macro_shock",
    "news_whale_move",
    "news_exploit_or_hack",
    "news_stablecoin_event",
    "news_narrative_rotation",
    "news_listing_or_delisting",
    "news_protocol_upgrade",
    "news_high_volume_breakout",
    "news_unusual_volatility",
    "coin_idx"
  ],
  "coin_vocab": [
    "bonk"
  ],
  "n_train_rows": 916,
  "n_test_rows": 760,
  "metrics": {
    "auc": 0.4815239760593508,
    "log_loss": 3.0759165374546633,
    "brier": 0.34235681104274357,
    "directional_accuracy": 0.42105263157894735
  },
  "baseline_metrics": {
    "auc": 0.517139027516902,
    "log_loss": 0.9997708462237203,
    "brier": 0.203755378400295,
    "directional_accuracy": 0.4657894736842104
  },
  "threshold_pct": 0.04,
  "horizon_candles": 1,
  "class_return_means_pct": [
    -0.4324071503267495,
    -0.00041498793275635877,
    0.5159667433727305
  ],
  "fold_metrics": [
    {
      "fold": 0,
      "n_train": 152,
      "n_test": 152,
      "auc": 0.5274305047969808,
      "log_loss": 2.998580016257578,
      "brier": 0.350002431026605,
      "directional_accuracy": 0.40789473684210525,
      "baseline_auc": 0.5489967428472374,
      "baseline_log_loss": 0.9365044246497473,
      "baseline_brier": 0.19122758593126163,
      "baseline_directional_accuracy": 0.5131578947368421,
      "best_params": {
        "objective": "multiclass",
        "num_class": 3,
        "metric": "multi_logloss",
        "num_leaves": 31,
        "learning_rate": 0.1,
        "min_child_samples": 5,
        "feature_fraction": 0.9,
        "bagging_fraction": 0.9,
        "bagging_freq": 5,
        "verbose": -1,
        "deterministic": true,
        "seed": 42
      }
    },
    {
      "fold": 1,
      "n_train": 304,
      "n_test": 152,
      "auc": 0.5050375742576185,
      "log_loss": 2.437943323843952,
      "brier": 0.275691124760488,
      "directional_accuracy": 0.5328947368421053,
      "baseline_auc": 0.589086630257794,
      "baseline_log_loss": 0.9700108863717879,
      "baseline_brier": 0.19098734149558802,
      "baseline_directional_accuracy": 0.5,
      "best_params": {
        "objective": "multiclass",
        "num_class": 3,
        "metric": "multi_logloss",
        "num_leaves": 31,
        "learning_rate": 0.1,
        "min_child_samples": 5,
        "feature_fraction": 0.9,
        "bagging_fraction": 0.9,
        "bagging_freq": 5,
        "verbose": -1,
        "deterministic": true,
        "seed": 42
      }
    },
    {
      "fold": 2,
      "n_train": 456,
      "n_test": 152,
      "auc": 0.5538937634575218,
      "log_loss": 1.8765483040066997,
      "brier": 0.2764858648887239,
      "directional_accuracy": 0.506578947368421,
      "baseline_auc": 0.5425964028669565,
      "baseline_log_loss": 0.826959127479253,
      "baseline_brier": 0.17701035402787912,
      "baseline_directional_accuracy": 0.5592105263157895,
      "best_params": {
        "objective": "multiclass",
        "num_class": 3,
        "metric": "multi_logloss",
        "num_leaves": 31,
        "learning_rate": 0.1,
        "min_child_samples": 5,
        "feature_fraction": 0.9,
        "bagging_fraction": 0.9,
        "bagging_freq": 5,
        "verbose": -1,
        "deterministic": true,
        "seed": 42
      }
    },
    {
      "fold": 3,
      "n_train": 608,
      "n_test": 152,
      "auc": 0.3733066728997518,
      "log_loss": 4.1411685724922105,
      "brier": 0.38221013041557694,
      "directional_accuracy": 0.3815789473684211,
      "baseline_auc": 0.4414632946042323,
      "baseline_log_loss": 1.1122796959367154,
      "baseline_brier": 0.22782234341940744,
      "baseline_directional_accuracy": 0.3881578947368421,
      "best_params": {
        "objective": "multiclass",
        "num_class": 3,
        "metric": "multi_logloss",
        "num_leaves": 31,
        "learning_rate": 0.1,
        "min_child_samples": 5,
        "feature_fraction": 0.9,
        "bagging_fraction": 0.9,
        "bagging_freq": 5,
        "verbose": -1,
        "deterministic": true,
        "seed": 42
      }
    },
    {
      "fold": 4,
      "n_train": 760,
      "n_test": 152,
      "auc": 0.44795136488488113,
      "log_loss": 3.9253424706728772,
      "brier": 0.4273945041223239,
      "directional_accuracy": 0.27631578947368424,
      "baseline_auc": 0.46355206700829005,
      "baseline_log_loss": 1.1531000966810978,
      "baseline_brier": 0.23172926712733896,
      "baseline_directional_accuracy": 0.3684210526315789,
      "best_params": {
        "objective": "multiclass",
        "num_class": 3,
        "metric": "multi_logloss",
        "num_leaves": 31,
        "learning_rate": 0.1,
        "min_child_samples": 5,
        "feature_fraction": 0.9,
        "bagging_fraction": 0.9,
        "bagging_freq": 5,
        "verbose": -1,
        "deterministic": true,
        "seed": 42
      }
    }
  ],
  "note": "Per-coin model for bonk/5m.",
  "directional_call_share": 1.0,
  "directional_call_share_n": 184,
  "directional_call_share_source": "holdout",
  "model_kind": "lightgbm",
  "prior_probs": [],
  "has_regression_head": true,
  "regression_head_stats": {
    "n_train_rows": 643,
    "n_holdout_rows": 161,
    "abs_pred_p50_pct": 0.36446100504811607,
    "abs_pred_p95_pct": 0.5955107809182891,
    "abs_pred_max_pct": 1.0248844600057931,
    "mae_pct": 0.26183289188603115,
    "best_iteration": 30
  },
  "gates_alignment": {
    "n": 184,
    "source": "holdout",
    "min_directional_edge": 0.05,
    "min_expected_return_pct": 0.15,
    "aligned_share": 0.09239130434782608,
    "aligned_loud_share": 0.09239130434782608,
    "aligned_quiet_share": 0.0,
    "loud_classifier_quiet_regressor_share": 0.0,
    "quiet_classifier_loud_regressor_share": 0.907608695652174,
    "dir_edge_p50": 0.02545895884257854,
    "dir_edge_p95": 0.20347071583514098,
    "abs_magnitude_pct_p50": 0.36289330730591185,
    "abs_magnitude_pct_p95": 0.6087539179942251
  }
}