{
  "coin_id": "injective-protocol",
  "timeframe": "1m",
  "version": "20260422T113118Z",
  "feature_names": [
    "ret1",
    "ret5",
    "ret10",
    "momentum",
    "realizedVol",
    "rsi14",
    "macdLine",
    "macdSignal",
    "macdHist",
    "atr14",
    "atrPct",
    "ema9",
    "ema21",
    "emaSpreadPct",
    "distFromEma9Pct",
    "distFromEma21Pct",
    "bbUpper",
    "bbMiddle",
    "bbLower",
    "bbWidth",
    "bbPctB",
    "bbWidthPct",
    "news_etf_flow",
    "news_regulatory_risk",
    "news_exchange_outage",
    "news_macro_shock",
    "news_whale_move",
    "news_exploit_or_hack",
    "news_stablecoin_event",
    "news_narrative_rotation",
    "news_listing_or_delisting",
    "news_protocol_upgrade",
    "news_high_volume_breakout",
    "news_unusual_volatility",
    "coin_idx"
  ],
  "coin_vocab": [
    "injective-protocol"
  ],
  "n_train_rows": 1562,
  "n_test_rows": 1300,
  "metrics": {
    "auc": 0.5743100183883982,
    "log_loss": 1.6032412108848306,
    "brier": 0.23024375244847564,
    "directional_accuracy": 0.5438461538461539
  },
  "baseline_metrics": {
    "auc": 0.569425419019142,
    "log_loss": 0.9677516164050941,
    "brier": 0.18158384359696558,
    "directional_accuracy": 0.5946153846153847
  },
  "threshold_pct": 0.03,
  "horizon_candles": 1,
  "class_return_means_pct": [
    -0.3643750780010478,
    0.00035172537155766294,
    0.4036530402768913
  ],
  "fold_metrics": [
    {
      "fold": 0,
      "n_train": 260,
      "n_test": 260,
      "auc": 0.5337038735805618,
      "log_loss": 1.5055957476439163,
      "brier": 0.24276979318254757,
      "directional_accuracy": 0.48846153846153845,
      "baseline_auc": 0.5828422549731237,
      "baseline_log_loss": 0.8553136439666571,
      "baseline_brier": 0.1822423559244212,
      "baseline_directional_accuracy": 0.5230769230769231,
      "best_params": {
        "objective": "multiclass",
        "num_class": 3,
        "metric": "multi_logloss",
        "num_leaves": 63,
        "learning_rate": 0.0938393881004349,
        "min_child_samples": 23,
        "feature_fraction": 0.9,
        "bagging_fraction": 0.9,
        "bagging_freq": 5,
        "verbose": -1,
        "deterministic": true,
        "seed": 42
      }
    },
    {
      "fold": 1,
      "n_train": 520,
      "n_test": 260,
      "auc": 0.4742424380917483,
      "log_loss": 2.9078983981707593,
      "brier": 0.3603563493502544,
      "directional_accuracy": 0.27307692307692305,
      "baseline_auc": 0.594761402058109,
      "baseline_log_loss": 1.7001525125951842,
      "baseline_brier": 0.29998174038364045,
      "baseline_directional_accuracy": 0.27307692307692305,
      "best_params": {
        "objective": "multiclass",
        "num_class": 3,
        "metric": "multi_logloss",
        "num_leaves": 15,
        "learning_rate": 0.060113218328857784,
        "min_child_samples": 16,
        "feature_fraction": 0.9,
        "bagging_fraction": 0.9,
        "bagging_freq": 5,
        "verbose": -1,
        "deterministic": true,
        "seed": 42
      }
    },
    {
      "fold": 2,
      "n_train": 780,
      "n_test": 260,
      "auc": 0.5730732603277003,
      "log_loss": 1.266188488255369,
      "brier": 0.18317597508596858,
      "directional_accuracy": 0.6576923076923077,
      "baseline_auc": 0.5170034722163912,
      "baseline_log_loss": 0.7270212880525797,
      "baseline_brier": 0.1334159559018824,
      "baseline_directional_accuracy": 0.7576923076923077,
      "best_params": {
        "objective": "multiclass",
        "num_class": 3,
        "metric": "multi_logloss",
        "num_leaves": 63,
        "learning_rate": 0.0938393881004349,
        "min_child_samples": 23,
        "feature_fraction": 0.9,
        "bagging_fraction": 0.9,
        "bagging_freq": 5,
        "verbose": -1,
        "deterministic": true,
        "seed": 42
      }
    },
    {
      "fold": 3,
      "n_train": 1040,
      "n_test": 260,
      "auc": 0.6342213411980197,
      "log_loss": 1.4799919910356425,
      "brier": 0.22680886418092205,
      "directional_accuracy": 0.5653846153846154,
      "baseline_auc": 0.5902421880703081,
      "baseline_log_loss": 0.8637528861868768,
      "baseline_brier": 0.16532441587683103,
      "baseline_directional_accuracy": 0.65,
      "best_params": {
        "objective": "multiclass",
        "num_class": 3,
        "metric": "multi_logloss",
        "num_leaves": 63,
        "learning_rate": 0.0938393881004349,
        "min_child_samples": 23,
        "feature_fraction": 0.9,
        "bagging_fraction": 0.9,
        "bagging_freq": 5,
        "verbose": -1,
        "deterministic": true,
        "seed": 42
      }
    },
    {
      "fold": 4,
      "n_train": 1300,
      "n_test": 260,
      "auc": 0.6563091787439613,
      "log_loss": 0.856531429318465,
      "brier": 0.13810778044268554,
      "directional_accuracy": 0.7346153846153847,
      "baseline_auc": 0.5622777777777778,
      "baseline_log_loss": 0.692517751224172,
      "baseline_brier": 0.1269547498980529,
      "baseline_directional_accuracy": 0.7692307692307693,
      "best_params": {
        "objective": "multiclass",
        "num_class": 3,
        "metric": "multi_logloss",
        "num_leaves": 15,
        "learning_rate": 0.060113218328857784,
        "min_child_samples": 16,
        "feature_fraction": 0.9,
        "bagging_fraction": 0.9,
        "bagging_freq": 5,
        "verbose": -1,
        "deterministic": true,
        "seed": 42
      }
    }
  ],
  "note": "Per-coin model for injective-protocol/1m.",
  "directional_call_share": 0.019169329073482427,
  "directional_call_share_n": 313,
  "directional_call_share_source": "holdout",
  "model_kind": "lightgbm",
  "prior_probs": [],
  "has_regression_head": true,
  "regression_head_stats": {
    "n_train_rows": 690,
    "n_holdout_rows": 173,
    "abs_pred_p50_pct": 0.11868852906008466,
    "abs_pred_p95_pct": 0.47745316044416003,
    "abs_pred_max_pct": 0.8584130742403477,
    "mae_pct": 0.10625711775124112,
    "best_iteration": 48
  },
  "gates_alignment": {
    "n": 313,
    "source": "holdout",
    "min_directional_edge": 0.05,
    "min_expected_return_pct": 0.15,
    "aligned_share": 0.3865814696485623,
    "aligned_loud_share": 0.07987220447284345,
    "aligned_quiet_share": 0.30670926517571884,
    "loud_classifier_quiet_regressor_share": 0.5782747603833865,
    "quiet_classifier_loud_regressor_share": 0.03514376996805112,
    "dir_edge_p50": 0.07864857380227085,
    "dir_edge_p95": 0.20807553592521466,
    "abs_magnitude_pct_p50": 0.11699761778774842,
    "abs_magnitude_pct_p95": 0.4189462157006119
  }
}