{
  "coin_id": "celestia",
  "timeframe": "6h",
  "version": "20260425T102205Z",
  "feature_names": [
    "ret1",
    "ret5",
    "ret10",
    "momentum",
    "realizedVol",
    "rsi14",
    "macdLine",
    "macdSignal",
    "macdHist",
    "atr14",
    "atrPct",
    "ema9",
    "ema21",
    "emaSpreadPct",
    "distFromEma9Pct",
    "distFromEma21Pct",
    "bbUpper",
    "bbMiddle",
    "bbLower",
    "bbWidth",
    "bbPctB",
    "bbWidthPct",
    "funding_rate",
    "open_interest_z",
    "liquidations_1h_usd",
    "bid_ask_spread_bps",
    "btc_lead_ret_5m",
    "eth_lead_ret_5m",
    "btc_liquidations_1h_usd",
    "eth_liquidations_1h_usd",
    "sol_liquidations_1h_usd",
    "session_asia",
    "session_eu",
    "session_us",
    "hour_of_day_sin",
    "hour_of_day_cos",
    "coin_idx"
  ],
  "coin_vocab": [
    "celestia"
  ],
  "n_train_rows": 1413,
  "n_test_rows": 1175,
  "metrics": {
    "auc": 0.5204613467680999,
    "log_loss": 4.422372409812873,
    "brier": 0.3544742689013754,
    "directional_accuracy": 0.42042553191489357
  },
  "baseline_metrics": {
    "auc": 0.528159250474588,
    "log_loss": 1.0961454823075205,
    "brier": 0.22168158977814745,
    "directional_accuracy": 0.41617021276595745
  },
  "threshold_pct": 0.8075,
  "horizon_candles": 4,
  "class_return_means_pct": [
    -4.499863023017888,
    0.005249425522782249,
    4.761004328501336
  ],
  "fold_metrics": [
    {
      "fold": 0,
      "n_train": 235,
      "n_test": 235,
      "auc": 0.5297742283200588,
      "log_loss": 4.865264267892392,
      "brier": 0.34102378257159033,
      "directional_accuracy": 0.4595744680851064,
      "baseline_auc": 0.504944015597708,
      "baseline_log_loss": 1.1646550929927808,
      "baseline_brier": 0.23922236655607435,
      "baseline_directional_accuracy": 0.43829787234042555,
      "best_params": {
        "objective": "multiclass",
        "num_class": 3,
        "metric": "multi_logloss",
        "num_leaves": 63,
        "learning_rate": 0.07394512178682972,
        "min_child_samples": 11,
        "feature_fraction": 0.9,
        "bagging_fraction": 0.9,
        "bagging_freq": 5,
        "verbose": -1,
        "deterministic": true,
        "seed": 42
      },
      "feature_importance": [
        316.23481392713455,
        162.4363315807607,
        66.54602106706426,
        188.37917551750144,
        231.12957217442002,
        104.51709000311246,
        284.2740258564154,
        171.6189827328115,
        227.51774019505729,
        103.85378013215953,
        232.03955163851134,
        166.5220344307876,
        111.07203079851149,
        187.32148430755328,
        112.6373040532173,
        73.56098800815278,
        97.20728427941464,
        43.22793355531268,
        109.90531927849536,
        114.90073436684291,
        118.76025510508319,
        283.8427553090422,
        0.0,
        0.0,
        0.0,
        0.0,
        0.0,
        0.0,
        0.0,
        0.0,
        0.0,
        9.281275682681619,
        2.6133760708627287,
        4.766140222968578,
        13.96924054013543,
        80.6390661417984,
        0.0
      ],
      "feature_names": [
        "ret1",
        "ret5",
        "ret10",
        "momentum",
        "realizedVol",
        "rsi14",
        "macdLine",
        "macdSignal",
        "macdHist",
        "atr14",
        "atrPct",
        "ema9",
        "ema21",
        "emaSpreadPct",
        "distFromEma9Pct",
        "distFromEma21Pct",
        "bbUpper",
        "bbMiddle",
        "bbLower",
        "bbWidth",
        "bbPctB",
        "bbWidthPct",
        "funding_rate",
        "open_interest_z",
        "liquidations_1h_usd",
        "bid_ask_spread_bps",
        "btc_lead_ret_5m",
        "eth_lead_ret_5m",
        "btc_liquidations_1h_usd",
        "eth_liquidations_1h_usd",
        "sol_liquidations_1h_usd",
        "session_asia",
        "session_eu",
        "session_us",
        "hour_of_day_sin",
        "hour_of_day_cos",
        "coin_idx"
      ]
    },
    {
      "fold": 1,
      "n_train": 470,
      "n_test": 235,
      "auc": 0.5214018879106598,
      "log_loss": 4.28753624439274,
      "brier": 0.350399528286927,
      "directional_accuracy": 0.425531914893617,
      "baseline_auc": 0.5007525580332598,
      "baseline_log_loss": 1.2075150007000743,
      "baseline_brier": 0.2385628438668662,
      "baseline_directional_accuracy": 0.3446808510638298,
      "best_params": {
        "objective": "multiclass",
        "num_class": 3,
        "metric": "multi_logloss",
        "num_leaves": 63,
        "learning_rate": 0.1817508687048362,
        "min_child_samples": 28,
        "feature_fraction": 0.9,
        "bagging_fraction": 0.9,
        "bagging_freq": 5,
        "verbose": -1,
        "deterministic": true,
        "seed": 42
      },
      "feature_importance": [
        211.9529598092172,
        64.42818852673281,
        138.94301129608732,
        202.8779156091198,
        246.63761158830067,
        100.21653962052027,
        91.6167687203949,
        218.80262661019174,
        251.39224617356194,
        109.3007285273377,
        132.47062968274582,
        112.32122739518013,
        69.93997039567648,
        150.7508673963404,
        139.7219929368874,
        111.9005784765115,
        87.47127898445893,
        69.05452745234741,
        145.98903648137122,
        176.84445837850652,
        79.38464652976492,
        171.5697025716846,
        0.0,
        0.0,
        0.0,
        0.0,
        0.0,
        0.0,
        0.0,
        0.0,
        0.0,
        5.955383397194055,
        1.7979678726278507,
        6.267326230580693,
        18.300108340163206,
        42.16473297585783,
        0.0
      ],
      "feature_names": [
        "ret1",
        "ret5",
        "ret10",
        "momentum",
        "realizedVol",
        "rsi14",
        "macdLine",
        "macdSignal",
        "macdHist",
        "atr14",
        "atrPct",
        "ema9",
        "ema21",
        "emaSpreadPct",
        "distFromEma9Pct",
        "distFromEma21Pct",
        "bbUpper",
        "bbMiddle",
        "bbLower",
        "bbWidth",
        "bbPctB",
        "bbWidthPct",
        "funding_rate",
        "open_interest_z",
        "liquidations_1h_usd",
        "bid_ask_spread_bps",
        "btc_lead_ret_5m",
        "eth_lead_ret_5m",
        "btc_liquidations_1h_usd",
        "eth_liquidations_1h_usd",
        "sol_liquidations_1h_usd",
        "session_asia",
        "session_eu",
        "session_us",
        "hour_of_day_sin",
        "hour_of_day_cos",
        "coin_idx"
      ]
    },
    {
      "fold": 2,
      "n_train": 705,
      "n_test": 235,
      "auc": 0.5080644136308962,
      "log_loss": 5.732725712184492,
      "brier": 0.43332836858820895,
      "directional_accuracy": 0.3191489361702128,
      "baseline_auc": 0.5557401831876269,
      "baseline_log_loss": 1.024087758430884,
      "baseline_brier": 0.2109611131010181,
      "baseline_directional_accuracy": 0.37872340425531914,
      "best_params": {
        "objective": "multiclass",
        "num_class": 3,
        "metric": "multi_logloss",
        "num_leaves": 31,
        "learning_rate": 0.04488170057528786,
        "min_child_samples": 9,
        "feature_fraction": 0.9,
        "bagging_fraction": 0.9,
        "bagging_freq": 5,
        "verbose": -1,
        "deterministic": true,
        "seed": 42
      },