{
  "coin_id": "render-token",
  "timeframe": "2h",
  "version": "20260422T152842Z",
  "feature_names": [
    "ret1",
    "ret5",
    "ret10",
    "momentum",
    "realizedVol",
    "rsi14",
    "macdLine",
    "macdSignal",
    "macdHist",
    "atr14",
    "atrPct",
    "ema9",
    "ema21",
    "emaSpreadPct",
    "distFromEma9Pct",
    "distFromEma21Pct",
    "bbUpper",
    "bbMiddle",
    "bbLower",
    "bbWidth",
    "bbPctB",
    "bbWidthPct",
    "news_etf_flow",
    "news_regulatory_risk",
    "news_exchange_outage",
    "news_macro_shock",
    "news_whale_move",
    "news_exploit_or_hack",
    "news_stablecoin_event",
    "news_narrative_rotation",
    "news_listing_or_delisting",
    "news_protocol_upgrade",
    "news_high_volume_breakout",
    "news_unusual_volatility",
    "coin_idx"
  ],
  "coin_vocab": [
    "render-token"
  ],
  "n_train_rows": 325,
  "n_test_rows": 270,
  "metrics": {
    "auc": 0.49784702549404736,
    "log_loss": 2.966149987834793,
    "brier": 0.37784027504588913,
    "directional_accuracy": 0.3407407407407407
  },
  "baseline_metrics": {
    "auc": 0.5510839155181253,
    "log_loss": 1.0979975447416304,
    "brier": 0.22048729598553649,
    "directional_accuracy": 0.437037037037037
  },
  "threshold_pct": 0.28,
  "horizon_candles": 1,
  "class_return_means_pct": [
    -1.019622836300451,
    -0.009179676734848872,
    1.1397763905823508
  ],
  "fold_metrics": [
    {
      "fold": 0,
      "n_train": 54,
      "n_test": 54,
      "auc": 0.3852853528806342,
      "log_loss": 2.9305730430384194,
      "brier": 0.3861914675456477,
      "directional_accuracy": 0.2962962962962963,
      "baseline_auc": 0.5123162530149826,
      "baseline_log_loss": 1.1363821626854924,
      "baseline_brier": 0.22627418466846808,
      "baseline_directional_accuracy": 0.4444444444444444,
      "best_params": {
        "objective": "multiclass",
        "num_class": 3,
        "metric": "multi_logloss",
        "num_leaves": 31,
        "learning_rate": 0.1,
        "min_child_samples": 5,
        "feature_fraction": 0.9,
        "bagging_fraction": 0.9,
        "bagging_freq": 5,
        "verbose": -1,
        "deterministic": true,
        "seed": 42
      }
    },
    {
      "fold": 1,
      "n_train": 108,
      "n_test": 54,
      "auc": 0.5355694879832811,
      "log_loss": 2.89167705727528,
      "brier": 0.36692041919005236,
      "directional_accuracy": 0.3333333333333333,
      "baseline_auc": 0.500268992487883,
      "baseline_log_loss": 1.0522049681525656,
      "baseline_brier": 0.21305830550160773,
      "baseline_directional_accuracy": 0.46296296296296297,
      "best_params": {
        "objective": "multiclass",
        "num_class": 3,
        "metric": "multi_logloss",
        "num_leaves": 31,
        "learning_rate": 0.1,
        "min_child_samples": 5,
        "feature_fraction": 0.9,
        "bagging_fraction": 0.9,
        "bagging_freq": 5,
        "verbose": -1,
        "deterministic": true,
        "seed": 42
      }
    },
    {
      "fold": 2,
      "n_train": 162,
      "n_test": 54,
      "auc": 0.5404358507556182,
      "log_loss": 2.8478912459800196,
      "brier": 0.3654490007743875,
      "directional_accuracy": 0.3888888888888889,
      "baseline_auc": 0.5608570477756524,
      "baseline_log_loss": 1.0614617780640292,
      "baseline_brier": 0.21646428087661232,
      "baseline_directional_accuracy": 0.4074074074074074,
      "best_params": {
        "objective": "multiclass",
        "num_class": 3,
        "metric": "multi_logloss",
        "num_leaves": 31,
        "learning_rate": 0.1,
        "min_child_samples": 5,
        "feature_fraction": 0.9,
        "bagging_fraction": 0.9,
        "bagging_freq": 5,
        "verbose": -1,
        "deterministic": true,
        "seed": 42
      }
    },
    {
      "fold": 3,
      "n_train": 216,
      "n_test": 54,
      "auc": 0.5480781488550736,
      "log_loss": 2.33122560156096,
      "brier": 0.3433690824500594,
      "directional_accuracy": 0.3888888888888889,
      "baseline_auc": 0.6548885362072784,
      "baseline_log_loss": 1.0421250826895825,
      "baseline_brier": 0.20699762881683845,
      "baseline_directional_accuracy": 0.5,
      "best_params": {
        "objective": "multiclass",
        "num_class": 3,
        "metric": "multi_logloss",
        "num_leaves": 31,
        "learning_rate": 0.1,
        "min_child_samples": 5,
        "feature_fraction": 0.9,
        "bagging_fraction": 0.9,
        "bagging_freq": 5,
        "verbose": -1,
        "deterministic": true,
        "seed": 42
      }
    },
    {
      "fold": 4,
      "n_train": 270,
      "n_test": 54,
      "auc": 0.4798662869956299,
      "log_loss": 3.829382991319287,
      "brier": 0.4272714052692985,
      "directional_accuracy": 0.2962962962962963,
      "baseline_auc": 0.52708874810483,
      "baseline_log_loss": 1.1978137321164821,
      "baseline_brier": 0.2396420800641558,
      "baseline_directional_accuracy": 0.37037037037037035,
      "best_params": {
        "objective": "multiclass",
        "num_class": 3,
        "metric": "multi_logloss",
        "num_leaves": 31,
        "learning_rate": 0.1,
        "min_child_samples": 5,
        "feature_fraction": 0.9,
        "bagging_fraction": 0.9,
        "bagging_freq": 5,
        "verbose": -1,
        "deterministic": true,
        "seed": 42
      }
    }
  ],
  "note": "Per-coin model for render-token/2h.",
  "directional_call_share": 0.8461538461538461,
  "directional_call_share_n": 65,
  "directional_call_share_source": "holdout",
  "model_kind": "lightgbm",
  "prior_probs": [],
  "has_regression_head": true,
  "regression_head_stats": {
    "n_train_rows": 204,
    "n_holdout_rows": 52,
    "abs_pred_p50_pct": 1.1583657101681064,
    "abs_pred_p95_pct": 1.171262128655316,
    "abs_pred_max_pct": 1.202423754977245,
    "mae_pct": 0.48399355946582284,
    "best_iteration": 1
  },
  "gates_alignment": {
    "n": 65,
    "source": "holdout",
    "min_directional_edge": 0.05,
    "min_expected_return_pct": 0.15,
    "aligned_share": 0.6615384615384615,
    "aligned_loud_share": 0.6615384615384615,
    "aligned_quiet_share": 0.0,
    "loud_classifier_quiet_regressor_share": 0.0,
    "quiet_classifier_loud_regressor_share": 0.3384615384615385,
    "dir_edge_p50": 0.06574394463667821,
    "dir_edge_p95": 0.15619775106144104,
    "abs_magnitude_pct_p50": 1.156472115364729,
    "abs_magnitude_pct_p95": 1.170987364784775
  }
}