{
  "coin_id": "celestia",
  "timeframe": "1d",
  "version": "20260429T165405Z",
  "feature_names": [
    "ret1",
    "ret5",
    "ret10",
    "momentum",
    "realizedVol",
    "rsi14",
    "macdLine",
    "macdSignal",
    "macdHist",
    "atr14",
    "atrPct",
    "ema9",
    "ema21",
    "emaSpreadPct",
    "distFromEma9Pct",
    "distFromEma21Pct",
    "bbUpper",
    "bbMiddle",
    "bbLower",
    "bbWidth",
    "bbPctB",
    "bbWidthPct",
    "volZScore60",
    "funding_rate",
    "open_interest_z",
    "liquidations_1h_usd",
    "bid_ask_spread_bps",
    "btc_lead_ret_5m",
    "eth_lead_ret_5m",
    "btc_liquidations_1h_usd",
    "eth_liquidations_1h_usd",
    "sol_liquidations_1h_usd",
    "session_asia",
    "session_eu",
    "session_us",
    "hour_of_day_sin",
    "hour_of_day_cos",
    "coin_idx"
  ],
  "coin_vocab": [
    "celestia"
  ],
  "n_train_rows": 876,
  "n_test_rows": 730,
  "metrics": {
    "auc": 0.5031437443608682,
    "log_loss": 2.8119445736389457,
    "brier": 0.34508427986443235,
    "directional_accuracy": 0.38356164383561636
  },
  "baseline_metrics": {
    "auc": 0.5271550555368851,
    "log_loss": 1.1569903192648892,
    "brier": 0.2305947070069664,
    "directional_accuracy": 0.4
  },
  "threshold_pct": 1.4249999999999998,
  "horizon_candles": 1,
  "class_return_means_pct": [
    -5.037892490528335,
    -0.052276991801863494,
    5.630576717132869
  ],
  "fold_metrics": [
    {
      "fold": 0,
      "n_train": 146,
      "n_test": 146,
      "auc": 0.5082631884054435,
      "log_loss": 3.401252395726535,
      "brier": 0.38083628716157386,
      "directional_accuracy": 0.3561643835616438,
      "baseline_auc": 0.5281147265816896,
      "baseline_log_loss": 1.41213230066047,
      "baseline_brier": 0.268078404570145,
      "baseline_directional_accuracy": 0.4246575342465753,
      "best_params": {
        "objective": "multiclass",
        "num_class": 3,
        "metric": "multi_logloss",
        "num_leaves": 31,
        "learning_rate": 0.09340308327072934,
        "min_child_samples": 9,
        "feature_fraction": 0.9,
        "bagging_fraction": 0.9,
        "bagging_freq": 5,
        "verbose": -1,
        "deterministic": true,
        "seed": 42
      },
      "feature_importance": [
        268.4531877464615,
        194.27550834883004,
        182.55884842388332,
        280.29343851003796,
        154.17392285680398,
        157.43698674207553,
        68.0933969700709,
        109.84833142347634,
        357.1838098890148,
        271.86755034234375,
        287.54329561116174,
        66.24198075057939,
        138.01559771224856,
        33.06212763302028,
        125.05740126594901,
        50.384541417472064,
        188.4461967535317,
        85.32472823979333,
        146.68636236572638,
        168.85678162937984,
        135.56048948131502,
        120.83206836041063,
        332.05362193472683,
        0.0,
        0.0,
        0.0,
        0.0,
        0.0,
        0.0,
        0.0,
        0.0,
        0.0,
        0.0,
        0.0,
        0.0,
        0.0,
        0.0,
        0.0
      ],
      "feature_names": [
        "ret1",
        "ret5",
        "ret10",
        "momentum",
        "realizedVol",
        "rsi14",
        "macdLine",
        "macdSignal",
        "macdHist",
        "atr14",
        "atrPct",
        "ema9",
        "ema21",
        "emaSpreadPct",
        "distFromEma9Pct",
        "distFromEma21Pct",
        "bbUpper",
        "bbMiddle",
        "bbLower",
        "bbWidth",
        "bbPctB",
        "bbWidthPct",
        "volZScore60",
        "funding_rate",
        "open_interest_z",
        "liquidations_1h_usd",
        "bid_ask_spread_bps",
        "btc_lead_ret_5m",
        "eth_lead_ret_5m",
        "btc_liquidations_1h_usd",
        "eth_liquidations_1h_usd",
        "sol_liquidations_1h_usd",
        "session_asia",
        "session_eu",
        "session_us",
        "hour_of_day_sin",
        "hour_of_day_cos",
        "coin_idx"
      ]
    },
    {
      "fold": 1,
      "n_train": 292,
      "n_test": 146,
      "auc": 0.4938985109587091,
      "log_loss": 3.104715010251574,
      "brier": 0.35456178012139833,
      "directional_accuracy": 0.3835616438356164,
      "baseline_auc": 0.4906058873297728,
      "baseline_log_loss": 1.1264715189055932,
      "baseline_brier": 0.22769512008145934,
      "baseline_directional_accuracy": 0.3698630136986301,
      "best_params": {
        "objective": "multiclass",
        "num_class": 3,
        "metric": "multi_logloss",
        "num_leaves": 31,
        "learning_rate": 0.09340308327072934,
        "min_child_samples": 9,
        "feature_fraction": 0.9,
        "bagging_fraction": 0.9,
        "bagging_freq": 5,
        "verbose": -1,
        "deterministic": true,
        "seed": 42
      },
      "feature_importance": [
        544.5249258610203,
        304.5162361251423,
        368.01506311740377,
        774.8983416317787,
        241.24922265310306,
        299.5649233353324,
        258.64641461201245,
        263.8150355583057,
        308.05467035960464,
        304.7259416587185,
        562.0147986371913,
        161.2798355020932,
        130.18629856524058,
        237.97977593174437,
        317.39352946548024,
        247.708781317604,
        139.8749934550724,
        54.96918037184514,
        235.549757652916,
        325.46021576743806,
        250.62443091050955,
        412.42586261362885,
        590.8176187986974,
        0.0,
        0.0,
        0.0,
        0.0,
        0.0,
        0.0,
        0.0,
        0.0,
        0.0,
        0.0,
        0.0,
        0.0,
        0.0,
        0.0,
        0.0
      ],
      "feature_names": [
        "ret1",
        "ret5",
        "ret10",
        "momentum",
        "realizedVol",
        "rsi14",
        "macdLine",
        "macdSignal",
        "macdHist",
        "atr14",
        "atrPct",
        "ema9",
        "ema21",
        "emaSpreadPct",
        "distFromEma9Pct",
        "distFromEma21Pct",
        "bbUpper",
        "bbMiddle",
        "bbLower",
        "bbWidth",
        "bbPctB",
        "bbWidthPct",
        "volZScore60",
        "funding_rate",
        "open_interest_z",
        "liquidations_1h_usd",
        "bid_ask_spread_bps",
        "btc_lead_ret_5m",
        "eth_lead_ret_5m",
        "btc_liquidations_1h_usd",
        "eth_liquidations_1h_usd",
        "sol_liquidations_1h_usd",
        "session_asia",
        "session_eu",
        "session_us",
        "hour_of_day_sin",
        "hour_of_day_cos",
        "coin_idx"
      ]
    },
    {
      "fold": 2,
      "n_train": 438,
      "n_test": 146,
      "auc": 0.5418832570189326,
      "log_loss": 2.8059700094874303,
      "brier": 0.33348211153727064,
      "directional_accuracy": 0.3972602739726027,
      "baseline_auc": 0.5428079769819294,
      "baseline_log_loss": 1.0916566079771108,
      "baseline_brier": 0.22198436429658094,
      "baseline_directional_accuracy": 0.410958904109589,
      "best_params": {
        "objective": "multiclass",
        "num_class": 3,
        "metric": "multi_logloss",
        "num_leaves": 31,
        "learning_rate": 0.09340308327072934,
        "min_child_samples": 9,
        "feature_fraction": 0.9,
        "bagging_fraction": 0.9,
        "bagging_freq": 5,
        "verbose": -1,
        "deterministic": true,
        "seed": 42
      },