{
  "coin_id": "render-token",
  "timeframe": "1h",
  "version": "20260422T085357Z",
  "feature_names": [
    "ret1",
    "ret5",
    "ret10",
    "momentum",
    "realizedVol",
    "rsi14",
    "macdLine",
    "macdSignal",
    "macdHist",
    "atr14",
    "atrPct",
    "ema9",
    "ema21",
    "emaSpreadPct",
    "distFromEma9Pct",
    "distFromEma21Pct",
    "bbUpper",
    "bbMiddle",
    "bbLower",
    "bbWidth",
    "bbPctB",
    "bbWidthPct",
    "news_etf_flow",
    "news_regulatory_risk",
    "news_exchange_outage",
    "news_macro_shock",
    "news_whale_move",
    "news_exploit_or_hack",
    "news_stablecoin_event",
    "news_narrative_rotation",
    "news_listing_or_delisting",
    "news_protocol_upgrade",
    "news_high_volume_breakout",
    "news_unusual_volatility",
    "coin_idx"
  ],
  "coin_vocab": [
    "render-token"
  ],
  "n_train_rows": 685,
  "n_test_rows": 570,
  "metrics": {
    "auc": 0.5200447834011108,
    "log_loss": 2.224890313762546,
    "brier": 0.3197682593935721,
    "directional_accuracy": 0.3736842105263158
  },
  "baseline_metrics": {
    "auc": 0.5172047139769163,
    "log_loss": 1.0949198651210428,
    "brier": 0.2219084051220072,
    "directional_accuracy": 0.37894736842105264
  },
  "threshold_pct": 0.2,
  "horizon_candles": 1,
  "class_return_means_pct": [
    -0.7954224538653435,
    0.0019100495844696075,
    0.8293033909651958
  ],
  "fold_metrics": [
    {
      "fold": 0,
      "n_train": 114,
      "n_test": 114,
      "auc": 0.5308678855244838,
      "log_loss": 3.2280033709415616,
      "brier": 0.34909861402280334,
      "directional_accuracy": 0.39473684210526316,
      "baseline_auc": 0.48637447646787474,
      "baseline_log_loss": 1.0888799551018717,
      "baseline_brier": 0.22144934614827413,
      "baseline_directional_accuracy": 0.4298245614035088,
      "best_params": {
        "objective": "multiclass",
        "num_class": 3,
        "metric": "multi_logloss",
        "num_leaves": 15,
        "learning_rate": 0.09230320822645494,
        "min_child_samples": 6,
        "feature_fraction": 0.9,
        "bagging_fraction": 0.9,
        "bagging_freq": 5,
        "verbose": -1,
        "deterministic": true,
        "seed": 42
      }
    },
    {
      "fold": 1,
      "n_train": 228,
      "n_test": 114,
      "auc": 0.5389071128412214,
      "log_loss": 1.6909560101177612,
      "brier": 0.299380808505542,
      "directional_accuracy": 0.35964912280701755,
      "baseline_auc": 0.5228785175490602,
      "baseline_log_loss": 1.0961382479562114,
      "baseline_brier": 0.22266632707432774,
      "baseline_directional_accuracy": 0.39473684210526316,
      "best_params": {
        "objective": "multiclass",
        "num_class": 3,
        "metric": "multi_logloss",
        "num_leaves": 15,
        "learning_rate": 0.060113218328857784,
        "min_child_samples": 16,
        "feature_fraction": 0.9,
        "bagging_fraction": 0.9,
        "bagging_freq": 5,
        "verbose": -1,
        "deterministic": true,
        "seed": 42
      }
    },
    {
      "fold": 2,
      "n_train": 342,
      "n_test": 114,
      "auc": 0.44109061492969337,
      "log_loss": 2.0522081768323233,
      "brier": 0.352215252252343,
      "directional_accuracy": 0.2982456140350877,
      "baseline_auc": 0.5081841382997272,
      "baseline_log_loss": 1.1158654069165315,
      "baseline_brier": 0.2255987386412688,
      "baseline_directional_accuracy": 0.3333333333333333,
      "best_params": {
        "objective": "multiclass",
        "num_class": 3,
        "metric": "multi_logloss",
        "num_leaves": 31,
        "learning_rate": 0.04488170057528786,
        "min_child_samples": 9,
        "feature_fraction": 0.9,
        "bagging_fraction": 0.9,
        "bagging_freq": 5,
        "verbose": -1,
        "deterministic": true,
        "seed": 42
      }
    },
    {
      "fold": 3,
      "n_train": 456,
      "n_test": 114,
      "auc": 0.5777918069584737,
      "log_loss": 1.3271090846745834,
      "brier": 0.2456230852802561,
      "directional_accuracy": 0.4649122807017544,
      "baseline_auc": 0.5625,
      "baseline_log_loss": 1.0574660575727202,
      "baseline_brier": 0.2137551506936327,
      "baseline_directional_accuracy": 0.43859649122807015,
      "best_params": {
        "objective": "multiclass",
        "num_class": 3,
        "metric": "multi_logloss",
        "num_leaves": 31,
        "learning_rate": 0.04488170057528786,
        "min_child_samples": 9,
        "feature_fraction": 0.9,
        "bagging_fraction": 0.9,
        "bagging_freq": 5,
        "verbose": -1,
        "deterministic": true,
        "seed": 42
      }
    },
    {
      "fold": 4,
      "n_train": 570,
      "n_test": 114,
      "auc": 0.5115664967516819,
      "log_loss": 2.8261749262465,
      "brier": 0.35252353690691596,
      "directional_accuracy": 0.3508771929824561,
      "baseline_auc": 0.5060864375679192,
      "baseline_log_loss": 1.1162496580578793,
      "baseline_brier": 0.22607246305253262,
      "baseline_directional_accuracy": 0.2982456140350877,
      "best_params": {
        "objective": "multiclass",
        "num_class": 3,
        "metric": "multi_logloss",
        "num_leaves": 31,
        "learning_rate": 0.09340308327072934,
        "min_child_samples": 9,
        "feature_fraction": 0.9,
        "bagging_fraction": 0.9,
        "bagging_freq": 5,
        "verbose": -1,
        "deterministic": true,
        "seed": 42
      }
    }
  ],
  "note": "Per-coin model for render-token/1h.",
  "directional_call_share": 0.9854014598540146,
  "directional_call_share_n": 137,
  "directional_call_share_source": "holdout",
  "model_kind": "lightgbm",
  "prior_probs": []
}