{
  "coin_id": "render-token",
  "timeframe": "1m",
  "version": "20260422T104610Z",
  "feature_names": [
    "ret1",
    "ret5",
    "ret10",
    "momentum",
    "realizedVol",
    "rsi14",
    "macdLine",
    "macdSignal",
    "macdHist",
    "atr14",
    "atrPct",
    "ema9",
    "ema21",
    "emaSpreadPct",
    "distFromEma9Pct",
    "distFromEma21Pct",
    "bbUpper",
    "bbMiddle",
    "bbLower",
    "bbWidth",
    "bbPctB",
    "bbWidthPct",
    "news_etf_flow",
    "news_regulatory_risk",
    "news_exchange_outage",
    "news_macro_shock",
    "news_whale_move",
    "news_exploit_or_hack",
    "news_stablecoin_event",
    "news_narrative_rotation",
    "news_listing_or_delisting",
    "news_protocol_upgrade",
    "news_high_volume_breakout",
    "news_unusual_volatility",
    "coin_idx"
  ],
  "coin_vocab": [
    "render-token"
  ],
  "n_train_rows": 1512,
  "n_test_rows": 1260,
  "metrics": {
    "auc": 0.5386870510492507,
    "log_loss": 2.38386659894356,
    "brier": 0.2900419578539005,
    "directional_accuracy": 0.4658730158730159
  },
  "baseline_metrics": {
    "auc": 0.5374182955873968,
    "log_loss": 0.9463596662138528,
    "brier": 0.17795568560328984,
    "directional_accuracy": 0.6023809523809524
  },
  "threshold_pct": 0.03,
  "horizon_candles": 1,
  "class_return_means_pct": [
    -0.5243357273523076,
    0.00029471963677042516,
    0.5189344956853218
  ],
  "fold_metrics": [
    {
      "fold": 0,
      "n_train": 252,
      "n_test": 252,
      "auc": 0.5135636212835225,
      "log_loss": 2.1440691310524995,
      "brier": 0.3081677724449834,
      "directional_accuracy": 0.44047619047619047,
      "baseline_auc": 0.5423829102694345,
      "baseline_log_loss": 0.8755645247173469,
      "baseline_brier": 0.18859682768842645,
      "baseline_directional_accuracy": 0.49603174603174605,
      "best_params": {
        "objective": "multiclass",
        "num_class": 3,
        "metric": "multi_logloss",
        "num_leaves": 31,
        "learning_rate": 0.1,
        "min_child_samples": 5,
        "feature_fraction": 0.9,
        "bagging_fraction": 0.9,
        "bagging_freq": 5,
        "verbose": -1,
        "deterministic": true,
        "seed": 42
      }
    },
    {
      "fold": 1,
      "n_train": 504,
      "n_test": 252,
      "auc": 0.5398086638803224,
      "log_loss": 4.266955185585102,
      "brier": 0.3894325167613986,
      "directional_accuracy": 0.3253968253968254,
      "baseline_auc": 0.5430011250146174,
      "baseline_log_loss": 1.5374980602902504,
      "baseline_brier": 0.2707439478803077,
      "baseline_directional_accuracy": 0.3333333333333333,
      "best_params": {
        "objective": "multiclass",
        "num_class": 3,
        "metric": "multi_logloss",
        "num_leaves": 31,
        "learning_rate": 0.1,
        "min_child_samples": 5,
        "feature_fraction": 0.9,
        "bagging_fraction": 0.9,
        "bagging_freq": 5,
        "verbose": -1,
        "deterministic": true,
        "seed": 42
      }
    },
    {
      "fold": 2,
      "n_train": 756,
      "n_test": 252,
      "auc": 0.5444251543209876,
      "log_loss": 2.507132692558034,
      "brier": 0.33337563725249025,
      "directional_accuracy": 0.3412698412698413,
      "baseline_auc": 0.4977085927911342,
      "baseline_log_loss": 0.7350928608858274,
      "baseline_brier": 0.1339562399593026,
      "baseline_directional_accuracy": 0.7619047619047619,
      "best_params": {
        "objective": "multiclass",
        "num_class": 3,
        "metric": "multi_logloss",
        "num_leaves": 31,
        "learning_rate": 0.1,
        "min_child_samples": 5,
        "feature_fraction": 0.9,
        "bagging_fraction": 0.9,
        "bagging_freq": 5,
        "verbose": -1,
        "deterministic": true,
        "seed": 42
      }
    },
    {
      "fold": 3,
      "n_train": 1008,
      "n_test": 252,
      "auc": 0.5189542553477023,
      "log_loss": 1.678006161477479,
      "brier": 0.22049138082807884,
      "directional_accuracy": 0.5912698412698413,
      "baseline_auc": 0.5031464587564308,
      "baseline_log_loss": 0.7986173651475544,
      "baseline_brier": 0.14986997397440938,
      "baseline_directional_accuracy": 0.7182539682539683,
      "best_params": {
        "objective": "multiclass",
        "num_class": 3,
        "metric": "multi_logloss",
        "num_leaves": 31,
        "learning_rate": 0.1,
        "min_child_samples": 5,
        "feature_fraction": 0.9,
        "bagging_fraction": 0.9,
        "bagging_freq": 5,
        "verbose": -1,
        "deterministic": true,
        "seed": 42
      }
    },
    {
      "fold": 4,
      "n_train": 1260,
      "n_test": 252,
      "auc": 0.5766835604137192,
      "log_loss": 1.3231698240446874,
      "brier": 0.19874248198255143,
      "directional_accuracy": 0.6309523809523809,
      "baseline_auc": 0.6008523911053673,
      "baseline_log_loss": 0.7850255200282854,
      "baseline_brier": 0.14661143851400305,
      "baseline_directional_accuracy": 0.7023809523809523,
      "best_params": {
        "objective": "multiclass",
        "num_class": 3,
        "metric": "multi_logloss",
        "num_leaves": 31,
        "learning_rate": 0.1,
        "min_child_samples": 5,
        "feature_fraction": 0.9,
        "bagging_fraction": 0.9,
        "bagging_freq": 5,
        "verbose": -1,
        "deterministic": true,
        "seed": 42
      }
    }
  ],
  "note": "Per-coin model for render-token/1m.",
  "directional_call_share": 0.0,
  "directional_call_share_n": 303,
  "directional_call_share_source": "holdout",
  "model_kind": "lightgbm",
  "prior_probs": [],
  "has_regression_head": true,
  "regression_head_stats": {
    "n_train_rows": 688,
    "n_holdout_rows": 173,
    "abs_pred_p50_pct": 0.17485342258446093,
    "abs_pred_p95_pct": 0.26883753804532523,
    "abs_pred_max_pct": 0.48988685970137036,
    "mae_pct": 0.14801843913301574,
    "best_iteration": 40
  },
  "gates_alignment": {
    "n": 303,
    "source": "holdout",
    "min_directional_edge": 0.05,
    "min_expected_return_pct": 0.15,
    "aligned_share": 0.38283828382838286,
    "aligned_loud_share": 0.38283828382838286,
    "aligned_quiet_share": 0.0,
    "loud_classifier_quiet_regressor_share": 0.0,
    "quiet_classifier_loud_regressor_share": 0.6171617161716172,
    "dir_edge_p50": 0.045714424862577346,
    "dir_edge_p95": 0.1783489654184864,
    "abs_magnitude_pct_p50": 0.21465000094515369,
    "abs_magnitude_pct_p95": 0.2772036056089032
  }
}