{
  "coin_id": "bonk",
  "timeframe": "6h",
  "version": "20260429T173902Z",
  "feature_names": [
    "ret1",
    "ret5",
    "ret10",
    "momentum",
    "realizedVol",
    "rsi14",
    "macdLine",
    "macdSignal",
    "macdHist",
    "atr14",
    "atrPct",
    "ema9",
    "ema21",
    "emaSpreadPct",
    "distFromEma9Pct",
    "distFromEma21Pct",
    "bbUpper",
    "bbMiddle",
    "bbLower",
    "bbWidth",
    "bbPctB",
    "bbWidthPct",
    "volZScore60",
    "funding_rate",
    "open_interest_z",
    "liquidations_1h_usd",
    "bid_ask_spread_bps",
    "btc_lead_ret_5m",
    "eth_lead_ret_5m",
    "btc_liquidations_1h_usd",
    "eth_liquidations_1h_usd",
    "sol_liquidations_1h_usd",
    "session_asia",
    "session_eu",
    "session_us",
    "hour_of_day_sin",
    "hour_of_day_cos",
    "coin_idx"
  ],
  "coin_vocab": [
    "bonk"
  ],
  "n_train_rows": 1396,
  "n_test_rows": 1160,
  "metrics": {
    "auc": 0.521543186559212,
    "log_loss": 3.561644476484383,
    "brier": 0.3448165440594429,
    "directional_accuracy": 0.41724137931034483
  },
  "baseline_metrics": {
    "auc": 0.5124330468021944,
    "log_loss": 1.039368516226047,
    "brier": 0.21007407046565457,
    "directional_accuracy": 0.45775862068965517
  },
  "threshold_pct": 0.8075,
  "horizon_candles": 4,
  "class_return_means_pct": [
    -4.571172110283201,
    -0.030747743751987397,
    5.307930467182084
  ],
  "fold_metrics": [
    {
      "fold": 0,
      "n_train": 232,
      "n_test": 232,
      "auc": 0.544294287860318,
      "log_loss": 4.339894583008124,
      "brier": 0.3513614697050825,
      "directional_accuracy": 0.4396551724137931,
      "baseline_auc": 0.5271906673397937,
      "baseline_log_loss": 1.0647184397526799,
      "baseline_brier": 0.21878096386745968,
      "baseline_directional_accuracy": 0.4525862068965517,
      "best_params": {
        "objective": "multiclass",
        "num_class": 3,
        "metric": "multi_logloss",
        "num_leaves": 31,
        "learning_rate": 0.09340308327072934,
        "min_child_samples": 9,
        "feature_fraction": 0.9,
        "bagging_fraction": 0.9,
        "bagging_freq": 5,
        "verbose": -1,
        "deterministic": true,
        "seed": 42
      },
      "feature_importance": [
        331.94944556337043,
        269.98333238260176,
        214.5680475736752,
        627.6632185497264,
        157.71934864059054,
        189.81768448782896,
        145.15915086313598,
        445.18554431841324,
        350.86201211974685,
        670.1106343186783,
        231.1745244299419,
        297.9497290722996,
        190.73784352961704,
        174.8505662873187,
        255.15847677259268,
        142.2238497369921,
        163.02415276089803,
        173.3879425592987,
        225.27680596486303,
        213.83877843478407,
        298.03167017844845,
        261.6748544761024,
        226.88129112564286,
        0.0,
        0.0,
        0.0,
        0.0,
        0.0,
        0.0,
        0.0,
        0.0,
        0.0,
        11.769220252077503,
        17.500190230988665,
        18.46031831535769,
        39.806018101403474,
        102.1877175587615,
        0.0
      ],
      "feature_names": [
        "ret1",
        "ret5",
        "ret10",
        "momentum",
        "realizedVol",
        "rsi14",
        "macdLine",
        "macdSignal",
        "macdHist",
        "atr14",
        "atrPct",
        "ema9",
        "ema21",
        "emaSpreadPct",
        "distFromEma9Pct",
        "distFromEma21Pct",
        "bbUpper",
        "bbMiddle",
        "bbLower",
        "bbWidth",
        "bbPctB",
        "bbWidthPct",
        "volZScore60",
        "funding_rate",
        "open_interest_z",
        "liquidations_1h_usd",
        "bid_ask_spread_bps",
        "btc_lead_ret_5m",
        "eth_lead_ret_5m",
        "btc_liquidations_1h_usd",
        "eth_liquidations_1h_usd",
        "sol_liquidations_1h_usd",
        "session_asia",
        "session_eu",
        "session_us",
        "hour_of_day_sin",
        "hour_of_day_cos",
        "coin_idx"
      ]
    },
    {
      "fold": 1,
      "n_train": 464,
      "n_test": 232,
      "auc": 0.4756973851957671,
      "log_loss": 3.685856063980369,
      "brier": 0.3570151587786878,
      "directional_accuracy": 0.3922413793103448,
      "baseline_auc": 0.4728952746718944,
      "baseline_log_loss": 0.9871547955937917,
      "baseline_brier": 0.201772620120427,
      "baseline_directional_accuracy": 0.44396551724137934,
      "best_params": {
        "objective": "multiclass",
        "num_class": 3,
        "metric": "multi_logloss",
        "num_leaves": 31,
        "learning_rate": 0.09340308327072934,
        "min_child_samples": 9,
        "feature_fraction": 0.9,
        "bagging_fraction": 0.9,
        "bagging_freq": 5,
        "verbose": -1,
        "deterministic": true,
        "seed": 42
      },
      "feature_importance": [
        606.6115911780688,
        462.9368506650958,
        588.8596872477274,
        933.3203507589355,
        760.4350684952599,
        280.44950539488144,
        433.4264791377178,
        672.4286169758198,
        753.3074329369095,
        981.0223015149983,
        623.0240862495167,
        519.3567064136582,
        296.73428829327713,
        375.7748216298705,
        411.5201096748246,
        154.58816447139088,
        561.6244986579293,
        250.1814428120415,
        387.4609730506088,
        607.7446565031729,
        407.9820388176834,
        414.03151087911715,
        763.5042933808191,
        0.0,
        0.0,
        0.0,
        0.0,
        0.0,
        0.0,
        0.0,
        0.0,
        0.0,
        10.303352347511463,
        49.34620751647375,
        20.799193885539353,
        33.17103641524227,
        262.42510003935786,
        0.0
      ],
      "feature_names": [
        "ret1",
        "ret5",
        "ret10",
        "momentum",
        "realizedVol",
        "rsi14",
        "macdLine",
        "macdSignal",
        "macdHist",
        "atr14",
        "atrPct",
        "ema9",
        "ema21",
        "emaSpreadPct",
        "distFromEma9Pct",
        "distFromEma21Pct",
        "bbUpper",
        "bbMiddle",
        "bbLower",
        "bbWidth",
        "bbPctB",
        "bbWidthPct",
        "volZScore60",
        "funding_rate",
        "open_interest_z",
        "liquidations_1h_usd",
        "bid_ask_spread_bps",
        "btc_lead_ret_5m",
        "eth_lead_ret_5m",
        "btc_liquidations_1h_usd",
        "eth_liquidations_1h_usd",
        "sol_liquidations_1h_usd",
        "session_asia",
        "session_eu",
        "session_us",
        "hour_of_day_sin",
        "hour_of_day_cos",
        "coin_idx"
      ]
    },
    {
      "fold": 2,
      "n_train": 696,
      "n_test": 232,
      "auc": 0.5152784104010505,
      "log_loss": 3.295245170008364,
      "brier": 0.3618645851471638,
      "directional_accuracy": 0.36637931034482757,
      "baseline_auc": 0.5204228490937511,
      "baseline_log_loss": 1.0465691451957981,
      "baseline_brier": 0.208166677974717,
      "baseline_directional_accuracy": 0.47413793103448276,
      "best_params": {
        "objective": "multiclass",
        "num_class": 3,
        "metric": "multi_logloss",
        "num_leaves": 31,
        "learning_rate": 0.09340308327072934,
        "min_child_samples": 9,
        "feature_fraction": 0.9,
        "bagging_fraction": 0.9,
        "bagging_freq": 5,
        "verbose": -1,
        "deterministic": true,
        "seed": 42
      },