{
  "coin_id": "injective-protocol",
  "timeframe": "1m",
  "version": "20260422T140615Z",
  "feature_names": [
    "ret1",
    "ret5",
    "ret10",
    "momentum",
    "realizedVol",
    "rsi14",
    "macdLine",
    "macdSignal",
    "macdHist",
    "atr14",
    "atrPct",
    "ema9",
    "ema21",
    "emaSpreadPct",
    "distFromEma9Pct",
    "distFromEma21Pct",
    "bbUpper",
    "bbMiddle",
    "bbLower",
    "bbWidth",
    "bbPctB",
    "bbWidthPct",
    "news_etf_flow",
    "news_regulatory_risk",
    "news_exchange_outage",
    "news_macro_shock",
    "news_whale_move",
    "news_exploit_or_hack",
    "news_stablecoin_event",
    "news_narrative_rotation",
    "news_listing_or_delisting",
    "news_protocol_upgrade",
    "news_high_volume_breakout",
    "news_unusual_volatility",
    "coin_idx"
  ],
  "coin_vocab": [
    "injective-protocol"
  ],
  "n_train_rows": 1624,
  "n_test_rows": 1350,
  "metrics": {
    "auc": 0.5602242396649928,
    "log_loss": 2.203416092788845,
    "brier": 0.2576088085591039,
    "directional_accuracy": 0.5355555555555556
  },
  "baseline_metrics": {
    "auc": 0.5740694447506319,
    "log_loss": 0.9905206873112855,
    "brier": 0.18404309496439786,
    "directional_accuracy": 0.5955555555555556
  },
  "threshold_pct": 0.03,
  "horizon_candles": 1,
  "class_return_means_pct": [
    -0.35964615195671135,
    0.00017543587603954794,
    0.39840660855004717
  ],
  "fold_metrics": [
    {
      "fold": 0,
      "n_train": 270,
      "n_test": 270,
      "auc": 0.5334466442925592,
      "log_loss": 2.367743888594307,
      "brier": 0.2925966610993543,
      "directional_accuracy": 0.48148148148148145,
      "baseline_auc": 0.6040389830577247,
      "baseline_log_loss": 0.8468688638019253,
      "baseline_brier": 0.18273397525379567,
      "baseline_directional_accuracy": 0.5296296296296297,
      "best_params": {
        "objective": "multiclass",
        "num_class": 3,
        "metric": "multi_logloss",
        "num_leaves": 31,
        "learning_rate": 0.1,
        "min_child_samples": 5,
        "feature_fraction": 0.9,
        "bagging_fraction": 0.9,
        "bagging_freq": 5,
        "verbose": -1,
        "deterministic": true,
        "seed": 42
      }
    },
    {
      "fold": 1,
      "n_train": 540,
      "n_test": 270,
      "auc": 0.5098381903585202,
      "log_loss": 4.309893576146898,
      "brier": 0.4088670463232815,
      "directional_accuracy": 0.26666666666666666,
      "baseline_auc": 0.5963030321498718,
      "baseline_log_loss": 1.8470061968924936,
      "baseline_brier": 0.3173036397712597,
      "baseline_directional_accuracy": 0.25555555555555554,
      "best_params": {
        "objective": "multiclass",
        "num_class": 3,
        "metric": "multi_logloss",
        "num_leaves": 31,
        "learning_rate": 0.1,
        "min_child_samples": 5,
        "feature_fraction": 0.9,
        "bagging_fraction": 0.9,
        "bagging_freq": 5,
        "verbose": -1,
        "deterministic": true,
        "seed": 42
      }
    },
    {
      "fold": 2,
      "n_train": 810,
      "n_test": 270,
      "auc": 0.5442451525835424,
      "log_loss": 1.641813214973081,
      "brier": 0.21345988210965183,
      "directional_accuracy": 0.6074074074074074,
      "baseline_auc": 0.5075658070066659,
      "baseline_log_loss": 0.7214454765963745,
      "baseline_brier": 0.1322075897616156,
      "baseline_directional_accuracy": 0.762962962962963,
      "best_params": {
        "objective": "multiclass",
        "num_class": 3,
        "metric": "multi_logloss",
        "num_leaves": 31,
        "learning_rate": 0.1,
        "min_child_samples": 5,
        "feature_fraction": 0.9,
        "bagging_fraction": 0.9,
        "bagging_freq": 5,
        "verbose": -1,
        "deterministic": true,
        "seed": 42
      }
    },
    {
      "fold": 3,
      "n_train": 1080,
      "n_test": 270,
      "auc": 0.5953501493661265,
      "log_loss": 1.5058653477754953,
      "brier": 0.22340041194843582,
      "directional_accuracy": 0.5703703703703704,
      "baseline_auc": 0.6154052544936355,
      "baseline_log_loss": 0.8456838445588666,
      "baseline_brier": 0.16123056377720904,
      "baseline_directional_accuracy": 0.6592592592592592,
      "best_params": {
        "objective": "multiclass",
        "num_class": 3,
        "metric": "multi_logloss",
        "num_leaves": 31,
        "learning_rate": 0.1,
        "min_child_samples": 5,
        "feature_fraction": 0.9,
        "bagging_fraction": 0.9,
        "bagging_freq": 5,
        "verbose": -1,
        "deterministic": true,
        "seed": 42
      }
    },
    {
      "fold": 4,
      "n_train": 1350,
      "n_test": 270,
      "auc": 0.6182410617242159,
      "log_loss": 1.1917644364544433,
      "brier": 0.14972004131479613,
      "directional_accuracy": 0.7518518518518519,
      "baseline_auc": 0.5470341470452619,
      "baseline_log_loss": 0.6915990547067679,
      "baseline_brier": 0.1267397062581093,
      "baseline_directional_accuracy": 0.7703703703703704,
      "best_params": {
        "objective": "multiclass",
        "num_class": 3,
        "metric": "multi_logloss",
        "num_leaves": 31,
        "learning_rate": 0.1,
        "min_child_samples": 5,
        "feature_fraction": 0.9,
        "bagging_fraction": 0.9,
        "bagging_freq": 5,
        "verbose": -1,
        "deterministic": true,
        "seed": 42
      }
    }
  ],
  "note": "Per-coin model for injective-protocol/1m.",
  "directional_call_share": 0.006153846153846154,
  "directional_call_share_n": 325,
  "directional_call_share_source": "holdout",
  "model_kind": "lightgbm",
  "prior_probs": [],
  "has_regression_head": true,
  "regression_head_stats": {
    "n_train_rows": 700,
    "n_holdout_rows": 175,
    "abs_pred_p50_pct": 0.10125549327004348,
    "abs_pred_p95_pct": 0.47877060687837414,
    "abs_pred_max_pct": 0.7957372054873632,
    "mae_pct": 0.09371321807516275,
    "best_iteration": 105
  },
  "gates_alignment": {
    "n": 325,
    "source": "holdout",
    "min_directional_edge": 0.05,
    "min_expected_return_pct": 0.15,
    "aligned_share": 0.5723076923076923,
    "aligned_loud_share": 0.052307692307692305,
    "aligned_quiet_share": 0.52,
    "loud_classifier_quiet_regressor_share": 0.38461538461538464,
    "quiet_classifier_loud_regressor_share": 0.043076923076923075,
    "dir_edge_p50": 0.030474840538625085,
    "dir_edge_p95": 0.10899388804841151,
    "abs_magnitude_pct_p50": 0.1087697332462933,
    "abs_magnitude_pct_p95": 0.17523006841828143
  }
}