{
  "coin_id": "render-token",
  "timeframe": "1m",
  "version": "20260422T101520Z",
  "feature_names": [
    "ret1",
    "ret5",
    "ret10",
    "momentum",
    "realizedVol",
    "rsi14",
    "macdLine",
    "macdSignal",
    "macdHist",
    "atr14",
    "atrPct",
    "ema9",
    "ema21",
    "emaSpreadPct",
    "distFromEma9Pct",
    "distFromEma21Pct",
    "bbUpper",
    "bbMiddle",
    "bbLower",
    "bbWidth",
    "bbPctB",
    "bbWidthPct",
    "news_etf_flow",
    "news_regulatory_risk",
    "news_exchange_outage",
    "news_macro_shock",
    "news_whale_move",
    "news_exploit_or_hack",
    "news_stablecoin_event",
    "news_narrative_rotation",
    "news_listing_or_delisting",
    "news_protocol_upgrade",
    "news_high_volume_breakout",
    "news_unusual_volatility",
    "coin_idx"
  ],
  "coin_vocab": [
    "render-token"
  ],
  "n_train_rows": 1486,
  "n_test_rows": 1235,
  "metrics": {
    "auc": 0.5411735569131948,
    "log_loss": 2.294532221845915,
    "brier": 0.27813197351900554,
    "directional_accuracy": 0.48663967611336034
  },
  "baseline_metrics": {
    "auc": 0.5268688051589756,
    "log_loss": 0.9287690447258019,
    "brier": 0.17524859698933432,
    "directional_accuracy": 0.6129554655870445
  },
  "threshold_pct": 0.03,
  "horizon_candles": 1,
  "class_return_means_pct": [
    -0.5262436845476652,
    0.00020024330992989242,
    0.527122820620648
  ],
  "fold_metrics": [
    {
      "fold": 0,
      "n_train": 247,
      "n_test": 247,
      "auc": 0.5160284357170443,
      "log_loss": 2.2121673717406973,
      "brier": 0.2946943718281955,
      "directional_accuracy": 0.4817813765182186,
      "baseline_auc": 0.5405354291834387,
      "baseline_log_loss": 0.8592106070998131,
      "baseline_brier": 0.18399994790162857,
      "baseline_directional_accuracy": 0.4939271255060729,
      "best_params": {
        "objective": "multiclass",
        "num_class": 3,
        "metric": "multi_logloss",
        "num_leaves": 31,
        "learning_rate": 0.1,
        "min_child_samples": 5,
        "feature_fraction": 0.9,
        "bagging_fraction": 0.9,
        "bagging_freq": 5,
        "verbose": -1,
        "deterministic": true,
        "seed": 42
      }
    },
    {
      "fold": 1,
      "n_train": 494,
      "n_test": 247,
      "auc": 0.5335464933503716,
      "log_loss": 4.029560881473135,
      "brier": 0.3689876705177724,
      "directional_accuracy": 0.340080971659919,
      "baseline_auc": 0.5088631853198265,
      "baseline_log_loss": 1.4589890751826666,
      "baseline_brier": 0.2628796253865855,
      "baseline_directional_accuracy": 0.3765182186234818,
      "best_params": {
        "objective": "multiclass",
        "num_class": 3,
        "metric": "multi_logloss",
        "num_leaves": 31,
        "learning_rate": 0.1,
        "min_child_samples": 5,
        "feature_fraction": 0.9,
        "bagging_fraction": 0.9,
        "bagging_freq": 5,
        "verbose": -1,
        "deterministic": true,
        "seed": 42
      }
    },
    {
      "fold": 2,
      "n_train": 741,
      "n_test": 247,
      "auc": 0.5212302305693167,
      "log_loss": 2.365803407558959,
      "brier": 0.34289841593438664,
      "directional_accuracy": 0.340080971659919,
      "baseline_auc": 0.50315201367638,
      "baseline_log_loss": 0.7618745112318857,
      "baseline_brier": 0.13839943632715712,
      "baseline_directional_accuracy": 0.757085020242915,
      "best_params": {
        "objective": "multiclass",
        "num_class": 3,
        "metric": "multi_logloss",
        "num_leaves": 31,
        "learning_rate": 0.1,
        "min_child_samples": 5,
        "feature_fraction": 0.9,
        "bagging_fraction": 0.9,
        "bagging_freq": 5,
        "verbose": -1,
        "deterministic": true,
        "seed": 42
      }
    },
    {
      "fold": 3,
      "n_train": 988,
      "n_test": 247,
      "auc": 0.5579280581226912,
      "log_loss": 1.6862560733611938,
      "brier": 0.20848067744892237,
      "directional_accuracy": 0.6194331983805668,
      "baseline_auc": 0.4991108862892922,
      "baseline_log_loss": 0.8195154044149715,
      "baseline_brier": 0.15420666752323417,
      "baseline_directional_accuracy": 0.708502024291498,
      "best_params": {
        "objective": "multiclass",
        "num_class": 3,
        "metric": "multi_logloss",
        "num_leaves": 31,
        "learning_rate": 0.1,
        "min_child_samples": 5,
        "feature_fraction": 0.9,
        "bagging_fraction": 0.9,
        "bagging_freq": 5,
        "verbose": -1,
        "deterministic": true,
        "seed": 42
      }
    },
    {
      "fold": 4,
      "n_train": 1235,
      "n_test": 247,
      "auc": 0.5771345668065501,
      "log_loss": 1.1788733750955906,
      "brier": 0.17559873186575078,
      "directional_accuracy": 0.6518218623481782,
      "baseline_auc": 0.5826825113259405,
      "baseline_log_loss": 0.7442556256996724,
      "baseline_brier": 0.13675730780806625,
      "baseline_directional_accuracy": 0.728744939271255,
      "best_params": {
        "objective": "multiclass",
        "num_class": 3,
        "metric": "multi_logloss",
        "num_leaves": 31,
        "learning_rate": 0.1,
        "min_child_samples": 5,
        "feature_fraction": 0.9,
        "bagging_fraction": 0.9,
        "bagging_freq": 5,
        "verbose": -1,
        "deterministic": true,
        "seed": 42
      }
    }
  ],
  "note": "Per-coin model for render-token/1m.",
  "directional_call_share": 0.0,
  "directional_call_share_n": 298,
  "directional_call_share_source": "holdout",
  "model_kind": "lightgbm",
  "prior_probs": [],
  "has_regression_head": true,
  "regression_head_stats": {
    "n_train_rows": 680,
    "n_holdout_rows": 171,
    "abs_pred_p50_pct": 0.16581652514438708,
    "abs_pred_p95_pct": 0.39209804207103577,
    "abs_pred_max_pct": 0.9210125321124214,
    "mae_pct": 0.1433080815954186,
    "best_iteration": 43
  },
  "gates_alignment": {
    "n": 298,
    "source": "holdout",
    "min_directional_edge": 0.05,
    "min_expected_return_pct": 0.15,
    "aligned_share": 0.5,
    "aligned_loud_share": 0.5,
    "aligned_quiet_share": 0.0,
    "loud_classifier_quiet_regressor_share": 0.0,
    "quiet_classifier_loud_regressor_share": 0.5,
    "dir_edge_p50": 0.04801496225254173,
    "dir_edge_p95": 0.14922885768381194,
    "abs_magnitude_pct_p50": 0.15764895199705795,
    "abs_magnitude_pct_p95": 0.5166803778527778
  }
}