{
  "coin_id": "dogwifcoin",
  "timeframe": "5m",
  "version": "20260422T141042Z",
  "feature_names": [
    "ret1",
    "ret5",
    "ret10",
    "momentum",
    "realizedVol",
    "rsi14",
    "macdLine",
    "macdSignal",
    "macdHist",
    "atr14",
    "atrPct",
    "ema9",
    "ema21",
    "emaSpreadPct",
    "distFromEma9Pct",
    "distFromEma21Pct",
    "bbUpper",
    "bbMiddle",
    "bbLower",
    "bbWidth",
    "bbPctB",
    "bbWidthPct",
    "news_etf_flow",
    "news_regulatory_risk",
    "news_exchange_outage",
    "news_macro_shock",
    "news_whale_move",
    "news_exploit_or_hack",
    "news_stablecoin_event",
    "news_narrative_rotation",
    "news_listing_or_delisting",
    "news_protocol_upgrade",
    "news_high_volume_breakout",
    "news_unusual_volatility",
    "coin_idx"
  ],
  "coin_vocab": [
    "dogwifcoin"
  ],
  "n_train_rows": 868,
  "n_test_rows": 720,
  "metrics": {
    "auc": 0.5224605912523406,
    "log_loss": 2.6808374794288867,
    "brier": 0.3235683447919899,
    "directional_accuracy": 0.44305555555555554
  },
  "baseline_metrics": {
    "auc": 0.49921096113273944,
    "log_loss": 0.9755784212681465,
    "brier": 0.20021446117657787,
    "directional_accuracy": 0.46111111111111114
  },
  "threshold_pct": 0.04,
  "horizon_candles": 1,
  "class_return_means_pct": [
    -0.5179852954664367,
    0.0017298610224799967,
    0.5788482852790726
  ],
  "fold_metrics": [
    {
      "fold": 0,
      "n_train": 144,
      "n_test": 144,
      "auc": 0.5299308788291442,
      "log_loss": 2.761083643497807,
      "brier": 0.2887192735370882,
      "directional_accuracy": 0.5277777777777778,
      "baseline_auc": 0.5494463420623759,
      "baseline_log_loss": 0.8958024581547063,
      "baseline_brier": 0.18297192361275882,
      "baseline_directional_accuracy": 0.5208333333333334,
      "best_params": {
        "objective": "multiclass",
        "num_class": 3,
        "metric": "multi_logloss",
        "num_leaves": 31,
        "learning_rate": 0.1,
        "min_child_samples": 5,
        "feature_fraction": 0.9,
        "bagging_fraction": 0.9,
        "bagging_freq": 5,
        "verbose": -1,
        "deterministic": true,
        "seed": 42
      }
    },
    {
      "fold": 1,
      "n_train": 288,
      "n_test": 144,
      "auc": 0.5523275987031275,
      "log_loss": 2.3629223156423422,
      "brier": 0.2947040679460459,
      "directional_accuracy": 0.4722222222222222,
      "baseline_auc": 0.5413346797949087,
      "baseline_log_loss": 0.8499877348123456,
      "baseline_brier": 0.18562418465342959,
      "baseline_directional_accuracy": 0.5486111111111112,
      "best_params": {
        "objective": "multiclass",
        "num_class": 3,
        "metric": "multi_logloss",
        "num_leaves": 31,
        "learning_rate": 0.1,
        "min_child_samples": 5,
        "feature_fraction": 0.9,
        "bagging_fraction": 0.9,
        "bagging_freq": 5,
        "verbose": -1,
        "deterministic": true,
        "seed": 42
      }
    },
    {
      "fold": 2,
      "n_train": 432,
      "n_test": 144,
      "auc": 0.48269443077908497,
      "log_loss": 2.0400152131304155,
      "brier": 0.2738254948321485,
      "directional_accuracy": 0.5277777777777778,
      "baseline_auc": 0.4470181367390369,
      "baseline_log_loss": 0.7770943577958533,
      "baseline_brier": 0.1759187817566167,
      "baseline_directional_accuracy": 0.4444444444444444,
      "best_params": {
        "objective": "multiclass",
        "num_class": 3,
        "metric": "multi_logloss",
        "num_leaves": 31,
        "learning_rate": 0.1,
        "min_child_samples": 5,
        "feature_fraction": 0.9,
        "bagging_fraction": 0.9,
        "bagging_freq": 5,
        "verbose": -1,
        "deterministic": true,
        "seed": 42
      }
    },
    {
      "fold": 3,
      "n_train": 576,
      "n_test": 144,
      "auc": 0.5485937770473358,
      "log_loss": 3.254916382853131,
      "brier": 0.39076927279911944,
      "directional_accuracy": 0.3402777777777778,
      "baseline_auc": 0.507245334915759,
      "baseline_log_loss": 1.1613285919229324,
      "baseline_brier": 0.21933313813504687,
      "baseline_directional_accuracy": 0.4166666666666667,
      "best_params": {
        "objective": "multiclass",
        "num_class": 3,
        "metric": "multi_logloss",
        "num_leaves": 31,
        "learning_rate": 0.1,
        "min_child_samples": 5,
        "feature_fraction": 0.9,
        "bagging_fraction": 0.9,
        "bagging_freq": 5,
        "verbose": -1,
        "deterministic": true,
        "seed": 42
      }
    },
    {
      "fold": 4,
      "n_train": 720,
      "n_test": 144,
      "auc": 0.49875627090301,
      "log_loss": 2.985249842020738,
      "brier": 0.3698236148455476,
      "directional_accuracy": 0.3472222222222222,
      "baseline_auc": 0.4510103121516165,
      "baseline_log_loss": 1.193678963654896,
      "baseline_brier": 0.2372242777250375,
      "baseline_directional_accuracy": 0.375,
      "best_params": {
        "objective": "multiclass",
        "num_class": 3,
        "metric": "multi_logloss",
        "num_leaves": 31,
        "learning_rate": 0.1,
        "min_child_samples": 5,
        "feature_fraction": 0.9,
        "bagging_fraction": 0.9,
        "bagging_freq": 5,
        "verbose": -1,
        "deterministic": true,
        "seed": 42
      }
    }
  ],
  "note": "Per-coin model for dogwifcoin/5m.",
  "directional_call_share": 0.9712643678160919,
  "directional_call_share_n": 174,
  "directional_call_share_source": "holdout",
  "model_kind": "lightgbm",
  "prior_probs": [],
  "has_regression_head": true,
  "regression_head_stats": {
    "n_train_rows": 625,
    "n_holdout_rows": 157,
    "abs_pred_p50_pct": 0.622985696421596,
    "abs_pred_p95_pct": 0.6305855705868155,
    "abs_pred_max_pct": 0.6452010850824894,
    "mae_pct": 0.4770162894041607,
    "best_iteration": 2
  },
  "gates_alignment": {
    "n": 174,
    "source": "holdout",
    "min_directional_edge": 0.05,
    "min_expected_return_pct": 0.15,
    "aligned_share": 0.6954022988505747,
    "aligned_loud_share": 0.6954022988505747,
    "aligned_quiet_share": 0.0,
    "loud_classifier_quiet_regressor_share": 0.0,
    "quiet_classifier_loud_regressor_share": 0.3045977011494253,
    "dir_edge_p50": 0.07207417903671809,
    "dir_edge_p95": 0.30320176649185765,
    "abs_magnitude_pct_p50": 0.622985696421596,
    "abs_magnitude_pct_p95": 0.641111047735827
  }
}