{
  "coin_id": "celestia",
  "timeframe": "1m",
  "version": "20260422T093641Z",
  "feature_names": [
    "ret1",
    "ret5",
    "ret10",
    "momentum",
    "realizedVol",
    "rsi14",
    "macdLine",
    "macdSignal",
    "macdHist",
    "atr14",
    "atrPct",
    "ema9",
    "ema21",
    "emaSpreadPct",
    "distFromEma9Pct",
    "distFromEma21Pct",
    "bbUpper",
    "bbMiddle",
    "bbLower",
    "bbWidth",
    "bbPctB",
    "bbWidthPct",
    "news_etf_flow",
    "news_regulatory_risk",
    "news_exchange_outage",
    "news_macro_shock",
    "news_whale_move",
    "news_exploit_or_hack",
    "news_stablecoin_event",
    "news_narrative_rotation",
    "news_listing_or_delisting",
    "news_protocol_upgrade",
    "news_high_volume_breakout",
    "news_unusual_volatility",
    "coin_idx"
  ],
  "coin_vocab": [
    "celestia"
  ],
  "n_train_rows": 1452,
  "n_test_rows": 1210,
  "metrics": {
    "auc": 0.5265614767691184,
    "log_loss": 1.83885452418047,
    "brier": 0.24453107731107915,
    "directional_accuracy": 0.5272727272727272
  },
  "baseline_metrics": {
    "auc": 0.5322260535063882,
    "log_loss": 1.0536092169355935,
    "brier": 0.19480282120585238,
    "directional_accuracy": 0.5413223140495868
  },
  "threshold_pct": 0.03,
  "horizon_candles": 1,
  "class_return_means_pct": [
    -0.4604849441187613,
    0.0009964935026359287,
    0.5129541186527484
  ],
  "fold_metrics": [
    {
      "fold": 0,
      "n_train": 242,
      "n_test": 242,
      "auc": 0.531900712610705,
      "log_loss": 2.072909308838899,
      "brier": 0.28144694120620434,
      "directional_accuracy": 0.49173553719008267,
      "baseline_auc": 0.4792251429178552,
      "baseline_log_loss": 0.8902741140563027,
      "baseline_brier": 0.18606084591187647,
      "baseline_directional_accuracy": 0.5041322314049587,
      "best_params": {
        "objective": "multiclass",
        "num_class": 3,
        "metric": "multi_logloss",
        "num_leaves": 15,
        "learning_rate": 0.09230320822645494,
        "min_child_samples": 6,
        "feature_fraction": 0.9,
        "bagging_fraction": 0.9,
        "bagging_freq": 5,
        "verbose": -1,
        "deterministic": true,
        "seed": 42
      }
    },
    {
      "fold": 1,
      "n_train": 484,
      "n_test": 242,
      "auc": 0.3603805525486914,
      "log_loss": 2.7182770336276234,
      "brier": 0.29860644610202597,
      "directional_accuracy": 0.35537190082644626,
      "baseline_auc": 0.5554462602182787,
      "baseline_log_loss": 1.2594665168251797,
      "baseline_brier": 0.2398099832216922,
      "baseline_directional_accuracy": 0.34710743801652894,
      "best_params": {
        "objective": "multiclass",
        "num_class": 3,
        "metric": "multi_logloss",
        "num_leaves": 15,
        "learning_rate": 0.060113218328857784,
        "min_child_samples": 16,
        "feature_fraction": 0.9,
        "bagging_fraction": 0.9,
        "bagging_freq": 5,
        "verbose": -1,
        "deterministic": true,
        "seed": 42
      }
    },
    {
      "fold": 2,
      "n_train": 726,
      "n_test": 242,
      "auc": 0.5627837472671703,
      "log_loss": 1.5646628572191936,
      "brier": 0.24337951801110522,
      "directional_accuracy": 0.5082644628099173,
      "baseline_auc": 0.483221444132167,
      "baseline_log_loss": 1.5402017904431158,
      "baseline_brier": 0.2526749702045559,
      "baseline_directional_accuracy": 0.4297520661157025,
      "best_params": {
        "objective": "multiclass",
        "num_class": 3,
        "metric": "multi_logloss",
        "num_leaves": 63,
        "learning_rate": 0.06807764614983679,
        "min_child_samples": 12,
        "feature_fraction": 0.9,
        "bagging_fraction": 0.9,
        "bagging_freq": 5,
        "verbose": -1,
        "deterministic": true,
        "seed": 42
      }
    },
    {
      "fold": 3,
      "n_train": 968,
      "n_test": 242,
      "auc": 0.5469526648136548,
      "log_loss": 1.2786737416718497,
      "brier": 0.18335838553165498,
      "directional_accuracy": 0.6735537190082644,
      "baseline_auc": 0.5424645016300592,
      "baseline_log_loss": 0.742763572108683,
      "baseline_brier": 0.1369489275030218,
      "baseline_directional_accuracy": 0.756198347107438,
      "best_params": {
        "objective": "multiclass",
        "num_class": 3,
        "metric": "multi_logloss",
        "num_leaves": 63,
        "learning_rate": 0.0938393881004349,
        "min_child_samples": 23,
        "feature_fraction": 0.9,
        "bagging_fraction": 0.9,
        "bagging_freq": 5,
        "verbose": -1,
        "deterministic": true,
        "seed": 42
      }
    },
    {
      "fold": 4,
      "n_train": 1210,
      "n_test": 242,
      "auc": 0.6307897066053701,
      "log_loss": 1.5597496795447847,
      "brier": 0.21586409570440512,
      "directional_accuracy": 0.6074380165289256,
      "baseline_auc": 0.6007729186335807,
      "baseline_log_loss": 0.8353400912446856,
      "baseline_brier": 0.15851937918811557,
      "baseline_directional_accuracy": 0.6694214876033058,
      "best_params": {
        "objective": "multiclass",
        "num_class": 3,
        "metric": "multi_logloss",
        "num_leaves": 63,
        "learning_rate": 0.0938393881004349,
        "min_child_samples": 23,
        "feature_fraction": 0.9,
        "bagging_fraction": 0.9,
        "bagging_freq": 5,
        "verbose": -1,
        "deterministic": true,
        "seed": 42
      }
    }
  ],
  "note": "Per-coin model for celestia/1m.",
  "directional_call_share": 0.07216494845360824,
  "directional_call_share_n": 291,
  "directional_call_share_source": "holdout",
  "model_kind": "lightgbm",
  "prior_probs": [],
  "has_regression_head": true,
  "regression_head_stats": {
    "n_train_rows": 691,
    "n_holdout_rows": 173,
    "abs_pred_p50_pct": 0.1278497921115462,
    "abs_pred_p95_pct": 0.4206969938008453,
    "abs_pred_max_pct": 0.6987132743172709,
    "mae_pct": 0.12090096260760543,
    "best_iteration": 57
  }
}