{
  "coin_id": "bonk",
  "timeframe": "1h",
  "version": "20260429T140238Z",
  "feature_names": [
    "ret1",
    "ret5",
    "ret10",
    "momentum",
    "realizedVol",
    "rsi14",
    "macdLine",
    "macdSignal",
    "macdHist",
    "atr14",
    "atrPct",
    "ema9",
    "ema21",
    "emaSpreadPct",
    "distFromEma9Pct",
    "distFromEma21Pct",
    "bbUpper",
    "bbMiddle",
    "bbLower",
    "bbWidth",
    "bbPctB",
    "bbWidthPct",
    "volZScore60",
    "funding_rate",
    "open_interest_z",
    "liquidations_1h_usd",
    "bid_ask_spread_bps",
    "btc_lead_ret_5m",
    "eth_lead_ret_5m",
    "btc_liquidations_1h_usd",
    "eth_liquidations_1h_usd",
    "sol_liquidations_1h_usd",
    "session_asia",
    "session_eu",
    "session_us",
    "hour_of_day_sin",
    "hour_of_day_cos",
    "coin_idx"
  ],
  "coin_vocab": [
    "bonk"
  ],
  "n_train_rows": 8573,
  "n_test_rows": 7145,
  "metrics": {
    "auc": 0.5195178785676842,
    "log_loss": 2.6406587678475995,
    "brier": 0.3225353257141769,
    "directional_accuracy": 0.38768369489153254
  },
  "baseline_metrics": {
    "auc": 0.5385202021152307,
    "log_loss": 1.0660282490387385,
    "brier": 0.21601230615273753,
    "directional_accuracy": 0.4009797060881735
  },
  "threshold_pct": 0.4275,
  "horizon_candles": 4,
  "class_return_means_pct": [
    -1.9587354521834874,
    -0.014212101765187184,
    2.1213650683391974
  ],
  "fold_metrics": [
    {
      "fold": 0,
      "n_train": 1428,
      "n_test": 1429,
      "auc": 0.5045528455868514,
      "log_loss": 2.758831214859469,
      "brier": 0.3355484959524173,
      "directional_accuracy": 0.42617214835549333,
      "baseline_auc": 0.532905092764382,
      "baseline_log_loss": 1.0447507502805977,
      "baseline_brier": 0.21179245372639136,
      "baseline_directional_accuracy": 0.4289713086074178,
      "best_params": {
        "objective": "multiclass",
        "num_class": 3,
        "metric": "multi_logloss",
        "num_leaves": 31,
        "learning_rate": 0.09340308327072934,
        "min_child_samples": 9,
        "feature_fraction": 0.9,
        "bagging_fraction": 0.9,
        "bagging_freq": 5,
        "verbose": -1,
        "deterministic": true,
        "seed": 42
      },
      "feature_importance": [
        1798.167001914233,
        1546.2441598977894,
        1527.0533067341894,
        1818.8128197137266,
        1691.3736485913396,
        1321.6968231238425,
        1329.11539770104,
        1904.9881452918053,
        1719.287844862789,
        1737.0241872407496,
        1828.113956777379,
        962.463461715728,
        1041.6109160408378,
        1328.3166118301451,
        1328.0575932543725,
        971.9600976891816,
        1358.2007415667176,
        1148.0069740395993,
        1098.5092224143445,
        1726.6337605696172,
        1156.4643555246294,
        1790.6147540137172,
        1607.3870750665665,
        0.0,
        0.0,
        0.0,
        0.0,
        0.0,
        0.0,
        0.0,
        0.0,
        0.0,
        115.68145552277565,
        51.83523226156831,
        36.573646921664476,
        745.1886995974928,
        1058.2932033129036,
        0.0
      ],
      "feature_names": [
        "ret1",
        "ret5",
        "ret10",
        "momentum",
        "realizedVol",
        "rsi14",
        "macdLine",
        "macdSignal",
        "macdHist",
        "atr14",
        "atrPct",
        "ema9",
        "ema21",
        "emaSpreadPct",
        "distFromEma9Pct",
        "distFromEma21Pct",
        "bbUpper",
        "bbMiddle",
        "bbLower",
        "bbWidth",
        "bbPctB",
        "bbWidthPct",
        "volZScore60",
        "funding_rate",
        "open_interest_z",
        "liquidations_1h_usd",
        "bid_ask_spread_bps",
        "btc_lead_ret_5m",
        "eth_lead_ret_5m",
        "btc_liquidations_1h_usd",
        "eth_liquidations_1h_usd",
        "sol_liquidations_1h_usd",
        "session_asia",
        "session_eu",
        "session_us",
        "hour_of_day_sin",
        "hour_of_day_cos",
        "coin_idx"
      ]
    },
    {
      "fold": 1,
      "n_train": 2857,
      "n_test": 1429,
      "auc": 0.5071905279936645,
      "log_loss": 3.0137758146732203,
      "brier": 0.34852693592138495,
      "directional_accuracy": 0.37578726382085376,
      "baseline_auc": 0.5210661145784631,
      "baseline_log_loss": 1.0677795040752942,
      "baseline_brier": 0.2165120518526499,
      "baseline_directional_accuracy": 0.40517844646606016,
      "best_params": {
        "objective": "multiclass",
        "num_class": 3,
        "metric": "multi_logloss",
        "num_leaves": 63,
        "learning_rate": 0.0988629509615005,
        "min_child_samples": 7,
        "feature_fraction": 0.9,
        "bagging_fraction": 0.9,
        "bagging_freq": 5,
        "verbose": -1,
        "deterministic": true,
        "seed": 42
      },
      "feature_importance": [
        1411.9088984226446,
        1403.8995239851197,
        1507.8685849898336,
        1506.3120999846915,
        1686.7293776610707,
        1301.6108881259172,
        1363.4380561602957,
        1670.1355163337307,
        1582.7018976806812,
        1523.6731551650769,
        1706.8227878402354,
        1174.1971473978901,
        888.5483060083709,
        1226.3254620151233,
        1247.1334778469786,
        1016.6580558722869,
        908.9845140738676,
        604.4422742565957,
        1104.322421130093,
        1619.0310834573481,
        1099.6554438940157,
        1711.7287614697161,
        1728.2068912323452,
        0.0,
        0.0,
        0.0,
        0.0,
        0.0,
        0.0,
        0.0,
        0.0,
        0.0,
        108.90125271615761,
        42.081668932536104,
        86.00071986849889,
        844.0712828349451,
        1077.497607401337,
        0.0
      ],
      "feature_names": [
        "ret1",
        "ret5",
        "ret10",
        "momentum",
        "realizedVol",
        "rsi14",
        "macdLine",
        "macdSignal",
        "macdHist",
        "atr14",
        "atrPct",
        "ema9",
        "ema21",
        "emaSpreadPct",
        "distFromEma9Pct",
        "distFromEma21Pct",
        "bbUpper",
        "bbMiddle",
        "bbLower",
        "bbWidth",
        "bbPctB",
        "bbWidthPct",
        "volZScore60",
        "funding_rate",
        "open_interest_z",
        "liquidations_1h_usd",
        "bid_ask_spread_bps",
        "btc_lead_ret_5m",
        "eth_lead_ret_5m",
        "btc_liquidations_1h_usd",
        "eth_liquidations_1h_usd",
        "sol_liquidations_1h_usd",
        "session_asia",
        "session_eu",
        "session_us",
        "hour_of_day_sin",
        "hour_of_day_cos",
        "coin_idx"
      ]
    },
    {
      "fold": 2,
      "n_train": 4286,
      "n_test": 1429,
      "auc": 0.486612649930942,
      "log_loss": 4.520553204790357,
      "brier": 0.3801799271642577,
      "directional_accuracy": 0.37858642407277815,
      "baseline_auc": 0.5418522308658621,
      "baseline_log_loss": 1.073957100121734,
      "baseline_brier": 0.21747893663916773,
      "baseline_directional_accuracy": 0.40307907627711687,
      "best_params": {
        "objective": "multiclass",
        "num_class": 3,
        "metric": "multi_logloss",
        "num_leaves": 31,
        "learning_rate": 0.1464063607935417,
        "min_child_samples": 7,
        "feature_fraction": 0.9,
        "bagging_fraction": 0.9,
        "bagging_freq": 5,
        "verbose": -1,
        "deterministic": true,
        "seed": 42
      },