{
  "coin_id": "pepe",
  "timeframe": "1m",
  "version": "20260422T094257Z",
  "feature_names": [
    "ret1",
    "ret5",
    "ret10",
    "momentum",
    "realizedVol",
    "rsi14",
    "macdLine",
    "macdSignal",
    "macdHist",
    "atr14",
    "atrPct",
    "ema9",
    "ema21",
    "emaSpreadPct",
    "distFromEma9Pct",
    "distFromEma21Pct",
    "bbUpper",
    "bbMiddle",
    "bbLower",
    "bbWidth",
    "bbPctB",
    "bbWidthPct",
    "news_etf_flow",
    "news_regulatory_risk",
    "news_exchange_outage",
    "news_macro_shock",
    "news_whale_move",
    "news_exploit_or_hack",
    "news_stablecoin_event",
    "news_narrative_rotation",
    "news_listing_or_delisting",
    "news_protocol_upgrade",
    "news_high_volume_breakout",
    "news_unusual_volatility",
    "coin_idx"
  ],
  "coin_vocab": [
    "pepe"
  ],
  "n_train_rows": 1977,
  "n_test_rows": 1645,
  "metrics": {
    "auc": 0.5307124520746935,
    "log_loss": 2.596771276185455,
    "brier": 0.308247038103191,
    "directional_accuracy": 0.4413373860182371
  },
  "baseline_metrics": {
    "auc": 0.5555501034244853,
    "log_loss": 1.0186997829127986,
    "brier": 0.20331424120362182,
    "directional_accuracy": 0.5088145896656535
  },
  "threshold_pct": 0.03,
  "horizon_candles": 1,
  "class_return_means_pct": [
    -0.323480036267317,
    0.0004202915311641979,
    0.38320129478738757
  ],
  "fold_metrics": [
    {
      "fold": 0,
      "n_train": 329,
      "n_test": 329,
      "auc": 0.5917350786196415,
      "log_loss": 2.4320140895603273,
      "brier": 0.2916559038433871,
      "directional_accuracy": 0.48936170212765956,
      "baseline_auc": 0.5604931368093365,
      "baseline_log_loss": 0.9924783265944045,
      "baseline_brier": 0.1991794367374539,
      "baseline_directional_accuracy": 0.48632218844984804,
      "best_params": {
        "objective": "multiclass",
        "num_class": 3,
        "metric": "multi_logloss",
        "num_leaves": 31,
        "learning_rate": 0.1,
        "min_child_samples": 5,
        "feature_fraction": 0.9,
        "bagging_fraction": 0.9,
        "bagging_freq": 5,
        "verbose": -1,
        "deterministic": true,
        "seed": 42
      }
    },
    {
      "fold": 1,
      "n_train": 658,
      "n_test": 329,
      "auc": 0.5662914432792321,
      "log_loss": 2.511239416781602,
      "brier": 0.3152773041557961,
      "directional_accuracy": 0.42249240121580545,
      "baseline_auc": 0.5777415697187326,
      "baseline_log_loss": 0.9896095347438272,
      "baseline_brier": 0.20239050628562902,
      "baseline_directional_accuracy": 0.45592705167173253,
      "best_params": {
        "objective": "multiclass",
        "num_class": 3,
        "metric": "multi_logloss",
        "num_leaves": 31,
        "learning_rate": 0.1,
        "min_child_samples": 5,
        "feature_fraction": 0.9,
        "bagging_fraction": 0.9,
        "bagging_freq": 5,
        "verbose": -1,
        "deterministic": true,
        "seed": 42
      }
    },
    {
      "fold": 2,
      "n_train": 987,
      "n_test": 329,
      "auc": 0.41611204807839436,
      "log_loss": 4.885897200213142,
      "brier": 0.4033967585418197,
      "directional_accuracy": 0.3343465045592705,
      "baseline_auc": 0.597226275121229,
      "baseline_log_loss": 1.2208643450526995,
      "baseline_brier": 0.24515942343498817,
      "baseline_directional_accuracy": 0.3252279635258359,
      "best_params": {
        "objective": "multiclass",
        "num_class": 3,
        "metric": "multi_logloss",
        "num_leaves": 31,
        "learning_rate": 0.1,
        "min_child_samples": 5,
        "feature_fraction": 0.9,
        "bagging_fraction": 0.9,
        "bagging_freq": 5,
        "verbose": -1,
        "deterministic": true,
        "seed": 42
      }
    },
    {
      "fold": 3,
      "n_train": 1316,
      "n_test": 329,
      "auc": 0.5297572627471071,
      "log_loss": 1.5778641777783353,
      "brier": 0.26171138607928096,
      "directional_accuracy": 0.5106382978723404,
      "baseline_auc": 0.5131927403432499,
      "baseline_log_loss": 0.9270501474406536,
      "baseline_brier": 0.18167562313213734,
      "baseline_directional_accuracy": 0.6869300911854104,
      "best_params": {
        "objective": "multiclass",
        "num_class": 3,
        "metric": "multi_logloss",
        "num_leaves": 31,
        "learning_rate": 0.1,
        "min_child_samples": 5,
        "feature_fraction": 0.9,
        "bagging_fraction": 0.9,
        "bagging_freq": 5,
        "verbose": -1,
        "deterministic": true,
        "seed": 42
      }
    },
    {
      "fold": 4,
      "n_train": 1645,
      "n_test": 329,
      "auc": 0.5496664276490927,
      "log_loss": 1.5768414965938675,
      "brier": 0.26919383789567103,
      "directional_accuracy": 0.44984802431610943,
      "baseline_auc": 0.5290967951298783,
      "baseline_log_loss": 0.9634965607324077,
      "baseline_brier": 0.18816621642790066,
      "baseline_directional_accuracy": 0.5896656534954408,
      "best_params": {
        "objective": "multiclass",
        "num_class": 3,
        "metric": "multi_logloss",
        "num_leaves": 31,
        "learning_rate": 0.1,
        "min_child_samples": 5,
        "feature_fraction": 0.9,
        "bagging_fraction": 0.9,
        "bagging_freq": 5,
        "verbose": -1,
        "deterministic": true,
        "seed": 42
      }
    }
  ],
  "note": "Per-coin model for pepe/1m.",
  "directional_call_share": 0.03535353535353535,
  "directional_call_share_n": 396,
  "directional_call_share_source": "holdout",
  "model_kind": "lightgbm",
  "prior_probs": [],
  "has_regression_head": true,
  "regression_head_stats": {
    "n_train_rows": 1040,
    "n_holdout_rows": 261,
    "abs_pred_p50_pct": 0.3684334349119505,
    "abs_pred_p95_pct": 0.4715245315503415,
    "abs_pred_max_pct": 0.6759831188465224,
    "mae_pct": 0.3042267384346483,
    "best_iteration": 14
  },
  "gates_alignment": {
    "n": 396,
    "source": "holdout",
    "min_directional_edge": 0.05,
    "min_expected_return_pct": 0.15,
    "aligned_share": 0.7575757575757576,
    "aligned_loud_share": 0.7575757575757576,
    "aligned_quiet_share": 0.0,
    "loud_classifier_quiet_regressor_share": 0.0,
    "quiet_classifier_loud_regressor_share": 0.24242424242424243,
    "dir_edge_p50": 0.101800484668843,
    "dir_edge_p95": 0.2705018359853121,
    "abs_magnitude_pct_p50": 0.3708802875139407,
    "abs_magnitude_pct_p95": 0.45818615913924343
  }
}