{
  "coin_id": "pepe",
  "timeframe": "1m",
  "version": "20260422T082203Z",
  "feature_names": [
    "ret1",
    "ret5",
    "ret10",
    "momentum",
    "realizedVol",
    "rsi14",
    "macdLine",
    "macdSignal",
    "macdHist",
    "atr14",
    "atrPct",
    "ema9",
    "ema21",
    "emaSpreadPct",
    "distFromEma9Pct",
    "distFromEma21Pct",
    "bbUpper",
    "bbMiddle",
    "bbLower",
    "bbWidth",
    "bbPctB",
    "bbWidthPct",
    "news_etf_flow",
    "news_regulatory_risk",
    "news_exchange_outage",
    "news_macro_shock",
    "news_whale_move",
    "news_exploit_or_hack",
    "news_stablecoin_event",
    "news_narrative_rotation",
    "news_listing_or_delisting",
    "news_protocol_upgrade",
    "news_high_volume_breakout",
    "news_unusual_volatility",
    "coin_idx"
  ],
  "coin_vocab": [
    "pepe"
  ],
  "n_train_rows": 667,
  "n_test_rows": 555,
  "metrics": {
    "auc": 0.5627700658961313,
    "log_loss": 2.2428374948474143,
    "brier": 0.2717944199691412,
    "directional_accuracy": 0.5099099099099099
  },
  "baseline_metrics": {
    "auc": 0.49921694948543555,
    "log_loss": 0.891615358562061,
    "brier": 0.17190622265660507,
    "directional_accuracy": 0.6540540540540539
  },
  "threshold_pct": 0.03,
  "horizon_candles": 1,
  "class_return_means_pct": [
    -0.08749299084629916,
    0.0009091430344624285,
    0.10412421854627077
  ],
  "fold_metrics": [
    {
      "fold": 0,
      "n_train": 111,
      "n_test": 111,
      "auc": 0.5066280192417246,
      "log_loss": 3.312858776893823,
      "brier": 0.3691140790054546,
      "directional_accuracy": 0.3783783783783784,
      "baseline_auc": 0.47064190105427217,
      "baseline_log_loss": 0.8894804229126856,
      "baseline_brier": 0.17169458677349456,
      "baseline_directional_accuracy": 0.6936936936936937,
      "best_params": {
        "objective": "multiclass",
        "num_class": 3,
        "metric": "multi_logloss",
        "num_leaves": 15,
        "learning_rate": 0.09230320822645494,
        "min_child_samples": 6,
        "feature_fraction": 0.9,
        "bagging_fraction": 0.9,
        "bagging_freq": 5,
        "verbose": -1,
        "deterministic": true,
        "seed": 42
      }
    },
    {
      "fold": 1,
      "n_train": 222,
      "n_test": 111,
      "auc": 0.6239066512111721,
      "log_loss": 1.7708364933939535,
      "brier": 0.21140023152793838,
      "directional_accuracy": 0.6216216216216216,
      "baseline_auc": 0.5394101668343189,
      "baseline_log_loss": 0.8085752383974041,
      "baseline_brier": 0.15125694667177988,
      "baseline_directional_accuracy": 0.7117117117117117,
      "best_params": {
        "objective": "multiclass",
        "num_class": 3,
        "metric": "multi_logloss",
        "num_leaves": 15,
        "learning_rate": 0.09230320822645494,
        "min_child_samples": 6,
        "feature_fraction": 0.9,
        "bagging_fraction": 0.9,
        "bagging_freq": 5,
        "verbose": -1,
        "deterministic": true,
        "seed": 42
      }
    },
    {
      "fold": 2,
      "n_train": 333,
      "n_test": 111,
      "auc": 0.49790500469263915,
      "log_loss": 2.512128830850712,
      "brier": 0.24596180410197457,
      "directional_accuracy": 0.5855855855855856,
      "baseline_auc": 0.5256695191507018,
      "baseline_log_loss": 0.814344204185663,
      "baseline_brier": 0.15356950297239644,
      "baseline_directional_accuracy": 0.7027027027027027,
      "best_params": {
        "objective": "multiclass",
        "num_class": 3,
        "metric": "multi_logloss",
        "num_leaves": 15,
        "learning_rate": 0.09230320822645494,
        "min_child_samples": 6,
        "feature_fraction": 0.9,
        "bagging_fraction": 0.9,
        "bagging_freq": 5,
        "verbose": -1,
        "deterministic": true,
        "seed": 42
      }
    },
    {
      "fold": 3,
      "n_train": 444,
      "n_test": 111,
      "auc": 0.5606770467384278,
      "log_loss": 1.8203850140836302,
      "brier": 0.24355346385486487,
      "directional_accuracy": 0.5765765765765766,
      "baseline_auc": 0.49605079489989984,
      "baseline_log_loss": 1.0168903566372325,
      "baseline_brier": 0.2003710052965327,
      "baseline_directional_accuracy": 0.5855855855855856,
      "best_params": {
        "objective": "multiclass",
        "num_class": 3,
        "metric": "multi_logloss",
        "num_leaves": 31,
        "learning_rate": 0.04488170057528786,
        "min_child_samples": 9,
        "feature_fraction": 0.9,
        "bagging_fraction": 0.9,
        "bagging_freq": 5,
        "verbose": -1,
        "deterministic": true,
        "seed": 42
      }
    },
    {
      "fold": 4,
      "n_train": 555,
      "n_test": 111,
      "auc": 0.6247336075966932,
      "log_loss": 1.797978359014954,
      "brier": 0.2889425213554734,
      "directional_accuracy": 0.38738738738738737,
      "baseline_auc": 0.464312365487985,
      "baseline_log_loss": 0.9287865706773194,
      "baseline_brier": 0.18263907156882173,
      "baseline_directional_accuracy": 0.5765765765765766,
      "best_params": {
        "objective": "multiclass",
        "num_class": 3,
        "metric": "multi_logloss",
        "num_leaves": 15,
        "learning_rate": 0.09230320822645494,
        "min_child_samples": 6,
        "feature_fraction": 0.9,
        "bagging_fraction": 0.9,
        "bagging_freq": 5,
        "verbose": -1,
        "deterministic": true,
        "seed": 42
      }
    }
  ],
  "note": "Per-coin model for pepe/1m.",
  "directional_call_share": 0.014925373134328358,
  "directional_call_share_n": 134,
  "directional_call_share_source": "holdout",
  "model_kind": "lightgbm",
  "prior_probs": []
}