{
  "coin_id": "floki-inu",
  "timeframe": "1m",
  "version": "20260422T072704Z",
  "feature_names": [
    "ret1",
    "ret5",
    "ret10",
    "momentum",
    "realizedVol",
    "rsi14",
    "macdLine",
    "macdSignal",
    "macdHist",
    "atr14",
    "atrPct",
    "ema9",
    "ema21",
    "emaSpreadPct",
    "distFromEma9Pct",
    "distFromEma21Pct",
    "bbUpper",
    "bbMiddle",
    "bbLower",
    "bbWidth",
    "bbPctB",
    "bbWidthPct",
    "news_etf_flow",
    "news_regulatory_risk",
    "news_exchange_outage",
    "news_macro_shock",
    "news_whale_move",
    "news_exploit_or_hack",
    "news_stablecoin_event",
    "news_narrative_rotation",
    "news_listing_or_delisting",
    "news_protocol_upgrade",
    "news_high_volume_breakout",
    "news_unusual_volatility",
    "coin_idx"
  ],
  "coin_vocab": [
    "floki-inu"
  ],
  "n_train_rows": 612,
  "n_test_rows": 510,
  "metrics": {
    "auc": 0.6144641800978532,
    "log_loss": 1.6281627251604434,
    "brier": 0.21760079974107666,
    "directional_accuracy": 0.6039215686274509
  },
  "baseline_metrics": {
    "auc": 0.5329123007581745,
    "log_loss": 0.8586750587072889,
    "brier": 0.16338454468944547,
    "directional_accuracy": 0.6901960784313725
  },
  "threshold_pct": 0.03,
  "horizon_candles": 1,
  "class_return_means_pct": [
    -0.0875422013572841,
    0.00043573053104719955,
    0.11818702897447159
  ],
  "fold_metrics": [
    {
      "fold": 0,
      "n_train": 102,
      "n_test": 102,
      "auc": 0.5886910729718653,
      "log_loss": 2.3836535413513276,
      "brier": 0.2565626392163413,
      "directional_accuracy": 0.5784313725490197,
      "baseline_auc": 0.5116170559538346,
      "baseline_log_loss": 0.9394075814121795,
      "baseline_brier": 0.18284167320024178,
      "baseline_directional_accuracy": 0.6372549019607843,
      "best_params": {
        "objective": "multiclass",
        "num_class": 3,
        "metric": "multi_logloss",
        "num_leaves": 15,
        "learning_rate": 0.09230320822645494,
        "min_child_samples": 6,
        "feature_fraction": 0.9,
        "bagging_fraction": 0.9,
        "bagging_freq": 5,
        "verbose": -1,
        "deterministic": true,
        "seed": 42
      }
    },
    {
      "fold": 1,
      "n_train": 204,
      "n_test": 102,
      "auc": 0.5398628940823141,
      "log_loss": 1.4719856987405695,
      "brier": 0.22470402326120145,
      "directional_accuracy": 0.5686274509803921,
      "baseline_auc": 0.44701350928299993,
      "baseline_log_loss": 0.8452331852123331,
      "baseline_brier": 0.1613664655896995,
      "baseline_directional_accuracy": 0.7156862745098039,
      "best_params": {
        "objective": "multiclass",
        "num_class": 3,
        "metric": "multi_logloss",
        "num_leaves": 31,
        "learning_rate": 0.04488170057528786,
        "min_child_samples": 9,
        "feature_fraction": 0.9,
        "bagging_fraction": 0.9,
        "bagging_freq": 5,
        "verbose": -1,
        "deterministic": true,
        "seed": 42
      }
    },
    {
      "fold": 2,
      "n_train": 306,
      "n_test": 102,
      "auc": 0.5976229442226413,
      "log_loss": 1.1457285031967048,
      "brier": 0.1837196722444289,
      "directional_accuracy": 0.6274509803921569,
      "baseline_auc": 0.5957806947868357,
      "baseline_log_loss": 0.711733140957833,
      "baseline_brier": 0.12665790288577725,
      "baseline_directional_accuracy": 0.7745098039215687,
      "best_params": {
        "objective": "multiclass",
        "num_class": 3,
        "metric": "multi_logloss",
        "num_leaves": 31,
        "learning_rate": 0.04488170057528786,
        "min_child_samples": 9,
        "feature_fraction": 0.9,
        "bagging_fraction": 0.9,
        "bagging_freq": 5,
        "verbose": -1,
        "deterministic": true,
        "seed": 42
      }
    },
    {
      "fold": 3,
      "n_train": 408,
      "n_test": 102,
      "auc": 0.7232236953179525,
      "log_loss": 1.5836401998898744,
      "brier": 0.1981107505050752,
      "directional_accuracy": 0.6666666666666666,
      "baseline_auc": 0.6166247769431289,
      "baseline_log_loss": 0.7377740141922233,
      "baseline_brier": 0.13817269560744136,
      "baseline_directional_accuracy": 0.7352941176470589,
      "best_params": {
        "objective": "multiclass",
        "num_class": 3,
        "metric": "multi_logloss",
        "num_leaves": 31,
        "learning_rate": 0.09340308327072934,
        "min_child_samples": 9,
        "feature_fraction": 0.9,
        "bagging_fraction": 0.9,
        "bagging_freq": 5,
        "verbose": -1,
        "deterministic": true,
        "seed": 42
      }
    },
    {
      "fold": 4,
      "n_train": 510,
      "n_test": 102,
      "auc": 0.6229202938944923,
      "log_loss": 1.55580568262374,
      "brier": 0.22490691347833658,
      "directional_accuracy": 0.5784313725490197,
      "baseline_auc": 0.4935254668240736,
      "baseline_log_loss": 1.059227371761875,
      "baseline_brier": 0.20788398616406736,
      "baseline_directional_accuracy": 0.5882352941176471,
      "best_params": {
        "objective": "multiclass",
        "num_class": 3,
        "metric": "multi_logloss",
        "num_leaves": 31,
        "learning_rate": 0.04488170057528786,
        "min_child_samples": 9,
        "feature_fraction": 0.9,
        "bagging_fraction": 0.9,
        "bagging_freq": 5,
        "verbose": -1,
        "deterministic": true,
        "seed": 42
      }
    }
  ],
  "note": "Per-coin model for floki-inu/1m.",
  "directional_call_share": 0.06504065040650407,
  "directional_call_share_n": 123,
  "directional_call_share_source": "holdout",
  "model_kind": "lightgbm",
  "prior_probs": []
}