{
  "coin_id": "injective-protocol",
  "timeframe": "6h",
  "version": "20260429T182700Z",
  "feature_names": [
    "ret1",
    "ret5",
    "ret10",
    "momentum",
    "realizedVol",
    "rsi14",
    "macdLine",
    "macdSignal",
    "macdHist",
    "atr14",
    "atrPct",
    "ema9",
    "ema21",
    "emaSpreadPct",
    "distFromEma9Pct",
    "distFromEma21Pct",
    "bbUpper",
    "bbMiddle",
    "bbLower",
    "bbWidth",
    "bbPctB",
    "bbWidthPct",
    "volZScore60",
    "funding_rate",
    "open_interest_z",
    "liquidations_1h_usd",
    "bid_ask_spread_bps",
    "btc_lead_ret_5m",
    "eth_lead_ret_5m",
    "btc_liquidations_1h_usd",
    "eth_liquidations_1h_usd",
    "sol_liquidations_1h_usd",
    "session_asia",
    "session_eu",
    "session_us",
    "hour_of_day_sin",
    "hour_of_day_cos",
    "coin_idx"
  ],
  "coin_vocab": [
    "injective-protocol"
  ],
  "n_train_rows": 1396,
  "n_test_rows": 1160,
  "metrics": {
    "auc": 0.5368044568497451,
    "log_loss": 3.883646408350701,
    "brier": 0.34174395611483993,
    "directional_accuracy": 0.41896551724137926
  },
  "baseline_metrics": {
    "auc": 0.528730633016335,
    "log_loss": 1.0820314194987652,
    "brier": 0.2214376296484298,
    "directional_accuracy": 0.41206896551724137
  },
  "threshold_pct": 0.8075,
  "horizon_candles": 4,
  "class_return_means_pct": [
    -4.40587615566057,
    -0.03051488521386076,
    4.395937484006034
  ],
  "fold_metrics": [
    {
      "fold": 0,
      "n_train": 232,
      "n_test": 232,
      "auc": 0.6203970797720798,
      "log_loss": 3.310244439929571,
      "brier": 0.3144000802611529,
      "directional_accuracy": 0.4525862068965517,
      "baseline_auc": 0.5551726493822082,
      "baseline_log_loss": 1.0708832663232881,
      "baseline_brier": 0.21403283754440292,
      "baseline_directional_accuracy": 0.44396551724137934,
      "best_params": {
        "objective": "multiclass",
        "num_class": 3,
        "metric": "multi_logloss",
        "num_leaves": 31,
        "learning_rate": 0.09340308327072934,
        "min_child_samples": 9,
        "feature_fraction": 0.9,
        "bagging_fraction": 0.9,
        "bagging_freq": 5,
        "verbose": -1,
        "deterministic": true,
        "seed": 42
      },
      "feature_importance": [
        248.84315406982503,
        243.21559859728498,
        300.25725539608527,
        479.82755850085914,
        287.5669064111694,
        234.64428659734443,
        294.98245736896286,
        385.90073550615034,
        188.62773664850167,
        191.06371225463047,
        187.46767376949794,
        336.32168256651937,
        397.70873041677146,
        203.4534538221389,
        104.77324181497934,
        200.24676218656873,
        170.98270773099222,
        273.8467323815411,
        359.098698030557,
        141.78572972344415,
        83.09333736253747,
        142.83259360899993,
        410.5375072959892,
        0.0,
        0.0,
        0.0,
        0.0,
        0.0,
        0.0,
        0.0,
        0.0,
        0.0,
        3.4535357231943635,
        102.3052877165717,
        15.697715406959599,
        38.23960861170781,
        60.78538735447137,
        0.0
      ],
      "feature_names": [
        "ret1",
        "ret5",
        "ret10",
        "momentum",
        "realizedVol",
        "rsi14",
        "macdLine",
        "macdSignal",
        "macdHist",
        "atr14",
        "atrPct",
        "ema9",
        "ema21",
        "emaSpreadPct",
        "distFromEma9Pct",
        "distFromEma21Pct",
        "bbUpper",
        "bbMiddle",
        "bbLower",
        "bbWidth",
        "bbPctB",
        "bbWidthPct",
        "volZScore60",
        "funding_rate",
        "open_interest_z",
        "liquidations_1h_usd",
        "bid_ask_spread_bps",
        "btc_lead_ret_5m",
        "eth_lead_ret_5m",
        "btc_liquidations_1h_usd",
        "eth_liquidations_1h_usd",
        "sol_liquidations_1h_usd",
        "session_asia",
        "session_eu",
        "session_us",
        "hour_of_day_sin",
        "hour_of_day_cos",
        "coin_idx"
      ]
    },
    {
      "fold": 1,
      "n_train": 464,
      "n_test": 232,
      "auc": 0.5261122457272888,
      "log_loss": 3.94270834700472,
      "brier": 0.3410548377441702,
      "directional_accuracy": 0.4224137931034483,
      "baseline_auc": 0.498379363837089,
      "baseline_log_loss": 1.0858249698817006,
      "baseline_brier": 0.22209239731465077,
      "baseline_directional_accuracy": 0.41379310344827586,
      "best_params": {
        "objective": "multiclass",
        "num_class": 3,
        "metric": "multi_logloss",
        "num_leaves": 31,
        "learning_rate": 0.09340308327072934,
        "min_child_samples": 9,
        "feature_fraction": 0.9,
        "bagging_fraction": 0.9,
        "bagging_freq": 5,
        "verbose": -1,
        "deterministic": true,
        "seed": 42
      },
      "feature_importance": [
        534.8661626004671,
        428.38217247966713,
        518.8303727290726,
        994.6292942596261,
        351.12187959831476,
        627.7392913209449,
        507.6245271331349,
        652.0513045985315,
        479.3666707429088,
        403.43059593921987,
        455.0118613558305,
        511.59800483740946,
        622.2619356170605,
        579.0293076223803,
        285.400728795591,
        382.58868380997774,
        529.2341916280611,
        462.3807619939498,
        529.3296772024933,
        404.59482805796233,
        266.1881247735964,
        484.83063175296013,
        732.0779205807594,
        0.0,
        0.0,
        0.0,
        0.0,
        0.0,
        0.0,
        0.0,
        0.0,
        0.0,
        44.34008424339481,
        52.088355534360744,
        18.7771114103125,
        42.59912121875823,
        109.47038076521494,
        0.0
      ],
      "feature_names": [
        "ret1",
        "ret5",
        "ret10",
        "momentum",
        "realizedVol",
        "rsi14",
        "macdLine",
        "macdSignal",
        "macdHist",
        "atr14",
        "atrPct",
        "ema9",
        "ema21",
        "emaSpreadPct",
        "distFromEma9Pct",
        "distFromEma21Pct",
        "bbUpper",
        "bbMiddle",
        "bbLower",
        "bbWidth",
        "bbPctB",
        "bbWidthPct",
        "volZScore60",
        "funding_rate",
        "open_interest_z",
        "liquidations_1h_usd",
        "bid_ask_spread_bps",
        "btc_lead_ret_5m",
        "eth_lead_ret_5m",
        "btc_liquidations_1h_usd",
        "eth_liquidations_1h_usd",
        "sol_liquidations_1h_usd",
        "session_asia",
        "session_eu",
        "session_us",
        "hour_of_day_sin",
        "hour_of_day_cos",
        "coin_idx"
      ]
    },
    {
      "fold": 2,
      "n_train": 696,
      "n_test": 232,
      "auc": 0.5108528826880943,
      "log_loss": 4.6872410430194495,
      "brier": 0.37318923641828344,
      "directional_accuracy": 0.39655172413793105,
      "baseline_auc": 0.5564029176192892,
      "baseline_log_loss": 1.1217809033612152,
      "baseline_brier": 0.2380415403325625,
      "baseline_directional_accuracy": 0.33189655172413796,
      "best_params": {
        "objective": "multiclass",
        "num_class": 3,
        "metric": "multi_logloss",
        "num_leaves": 31,
        "learning_rate": 0.09340308327072934,
        "min_child_samples": 9,
        "feature_fraction": 0.9,
        "bagging_fraction": 0.9,
        "bagging_freq": 5,
        "verbose": -1,
        "deterministic": true,
        "seed": 42
      },