{
  "coin_id": "dogwifcoin",
  "timeframe": "5m",
  "version": "20260422T151447Z",
  "feature_names": [
    "ret1",
    "ret5",
    "ret10",
    "momentum",
    "realizedVol",
    "rsi14",
    "macdLine",
    "macdSignal",
    "macdHist",
    "atr14",
    "atrPct",
    "ema9",
    "ema21",
    "emaSpreadPct",
    "distFromEma9Pct",
    "distFromEma21Pct",
    "bbUpper",
    "bbMiddle",
    "bbLower",
    "bbWidth",
    "bbPctB",
    "bbWidthPct",
    "news_etf_flow",
    "news_regulatory_risk",
    "news_exchange_outage",
    "news_macro_shock",
    "news_whale_move",
    "news_exploit_or_hack",
    "news_stablecoin_event",
    "news_narrative_rotation",
    "news_listing_or_delisting",
    "news_protocol_upgrade",
    "news_high_volume_breakout",
    "news_unusual_volatility",
    "coin_idx"
  ],
  "coin_vocab": [
    "dogwifcoin"
  ],
  "n_train_rows": 880,
  "n_test_rows": 730,
  "metrics": {
    "auc": 0.5106787740346463,
    "log_loss": 2.8488099100075517,
    "brier": 0.3216963070056168,
    "directional_accuracy": 0.45616438356164385
  },
  "baseline_metrics": {
    "auc": 0.49253479846001885,
    "log_loss": 0.9716997321206563,
    "brier": 0.1994361636408897,
    "directional_accuracy": 0.46438356164383565
  },
  "threshold_pct": 0.04,
  "horizon_candles": 1,
  "class_return_means_pct": [
    -0.5157714650370632,
    0.0020586188204323864,
    0.5710360067386637
  ],
  "fold_metrics": [
    {
      "fold": 0,
      "n_train": 146,
      "n_test": 146,
      "auc": 0.5505460260934715,
      "log_loss": 2.5953828528385627,
      "brier": 0.2965494189783978,
      "directional_accuracy": 0.5273972602739726,
      "baseline_auc": 0.5351447000372386,
      "baseline_log_loss": 0.894229272340639,
      "baseline_brier": 0.18237493277153408,
      "baseline_directional_accuracy": 0.5342465753424658,
      "best_params": {
        "objective": "multiclass",
        "num_class": 3,
        "metric": "multi_logloss",
        "num_leaves": 31,
        "learning_rate": 0.1,
        "min_child_samples": 5,
        "feature_fraction": 0.9,
        "bagging_fraction": 0.9,
        "bagging_freq": 5,
        "verbose": -1,
        "deterministic": true,
        "seed": 42
      }
    },
    {
      "fold": 1,
      "n_train": 292,
      "n_test": 146,
      "auc": 0.4878630064007032,
      "log_loss": 2.4376552814749095,
      "brier": 0.285339696892396,
      "directional_accuracy": 0.5205479452054794,
      "baseline_auc": 0.554061844969053,
      "baseline_log_loss": 0.8352934784146345,
      "baseline_brier": 0.1833626115935593,
      "baseline_directional_accuracy": 0.541095890410959,
      "best_params": {
        "objective": "multiclass",
        "num_class": 3,
        "metric": "multi_logloss",
        "num_leaves": 31,
        "learning_rate": 0.1,
        "min_child_samples": 5,
        "feature_fraction": 0.9,
        "bagging_fraction": 0.9,
        "bagging_freq": 5,
        "verbose": -1,
        "deterministic": true,
        "seed": 42
      }
    },
    {
      "fold": 2,
      "n_train": 438,
      "n_test": 146,
      "auc": 0.5506953802894151,
      "log_loss": 2.1755431024829437,
      "brier": 0.2829640000547465,
      "directional_accuracy": 0.5,
      "baseline_auc": 0.4024524030696359,
      "baseline_log_loss": 0.8094888639519849,
      "baseline_brier": 0.17853481009091476,
      "baseline_directional_accuracy": 0.4589041095890411,
      "best_params": {
        "objective": "multiclass",
        "num_class": 3,
        "metric": "multi_logloss",
        "num_leaves": 31,
        "learning_rate": 0.1,
        "min_child_samples": 5,
        "feature_fraction": 0.9,
        "bagging_fraction": 0.9,
        "bagging_freq": 5,
        "verbose": -1,
        "deterministic": true,
        "seed": 42
      }
    },
    {
      "fold": 3,
      "n_train": 584,
      "n_test": 146,
      "auc": 0.4634984259518067,
      "log_loss": 3.9765642362730125,
      "brier": 0.37550761182865755,
      "directional_accuracy": 0.3767123287671233,
      "baseline_auc": 0.4989085402498701,
      "baseline_log_loss": 1.1299104871185766,
      "baseline_brier": 0.2170793113135673,
      "baseline_directional_accuracy": 0.4041095890410959,
      "best_params": {
        "objective": "multiclass",
        "num_class": 3,
        "metric": "multi_logloss",
        "num_leaves": 31,
        "learning_rate": 0.1,
        "min_child_samples": 5,
        "feature_fraction": 0.9,
        "bagging_fraction": 0.9,
        "bagging_freq": 5,
        "verbose": -1,
        "deterministic": true,
        "seed": 42
      }
    },
    {
      "fold": 4,
      "n_train": 730,
      "n_test": 146,
      "auc": 0.5007910314378352,
      "log_loss": 3.0589040769683287,
      "brier": 0.368120807273886,
      "directional_accuracy": 0.3561643835616438,
      "baseline_auc": 0.4721065039742965,
      "baseline_log_loss": 1.1895765587774463,
      "baseline_brier": 0.23582915243487304,
      "baseline_directional_accuracy": 0.3835616438356164,
      "best_params": {
        "objective": "multiclass",
        "num_class": 3,
        "metric": "multi_logloss",
        "num_leaves": 31,
        "learning_rate": 0.1,
        "min_child_samples": 5,
        "feature_fraction": 0.9,
        "bagging_fraction": 0.9,
        "bagging_freq": 5,
        "verbose": -1,
        "deterministic": true,
        "seed": 42
      }
    }
  ],
  "note": "Per-coin model for dogwifcoin/5m.",
  "directional_call_share": 1.0,
  "directional_call_share_n": 176,
  "directional_call_share_source": "holdout",
  "model_kind": "lightgbm",
  "prior_probs": [],
  "has_regression_head": true,
  "regression_head_stats": {
    "n_train_rows": 633,
    "n_holdout_rows": 159,
    "abs_pred_p50_pct": 0.5901438027255427,
    "abs_pred_p95_pct": 0.6201772777725563,
    "abs_pred_max_pct": 0.7146739101107668,
    "mae_pct": 0.45377953410084515,
    "best_iteration": 4
  },
  "gates_alignment": {
    "n": 176,
    "source": "holdout",
    "min_directional_edge": 0.05,
    "min_expected_return_pct": 0.15,
    "aligned_share": 0.625,
    "aligned_loud_share": 0.625,
    "aligned_quiet_share": 0.0,
    "loud_classifier_quiet_regressor_share": 0.0,
    "quiet_classifier_loud_regressor_share": 0.375,
    "dir_edge_p50": 0.06032787202175599,
    "dir_edge_p95": 0.4068479355488419,
    "abs_magnitude_pct_p50": 0.5901438027255427,
    "abs_magnitude_pct_p95": 0.6201772777725563
  }
}