{
  "coin_id": "sei-network",
  "timeframe": "2h",
  "version": "20260422T145246Z",
  "feature_names": [
    "ret1",
    "ret5",
    "ret10",
    "momentum",
    "realizedVol",
    "rsi14",
    "macdLine",
    "macdSignal",
    "macdHist",
    "atr14",
    "atrPct",
    "ema9",
    "ema21",
    "emaSpreadPct",
    "distFromEma9Pct",
    "distFromEma21Pct",
    "bbUpper",
    "bbMiddle",
    "bbLower",
    "bbWidth",
    "bbPctB",
    "bbWidthPct",
    "news_etf_flow",
    "news_regulatory_risk",
    "news_exchange_outage",
    "news_macro_shock",
    "news_whale_move",
    "news_exploit_or_hack",
    "news_stablecoin_event",
    "news_narrative_rotation",
    "news_listing_or_delisting",
    "news_protocol_upgrade",
    "news_high_volume_breakout",
    "news_unusual_volatility",
    "coin_idx"
  ],
  "coin_vocab": [
    "sei-network"
  ],
  "n_train_rows": 326,
  "n_test_rows": 270,
  "metrics": {
    "auc": 0.5695976934354127,
    "log_loss": 3.001480111193284,
    "brier": 0.339832933106891,
    "directional_accuracy": 0.40740740740740744
  },
  "baseline_metrics": {
    "auc": 0.5400840925600127,
    "log_loss": 1.2247948542478504,
    "brier": 0.2396511024349704,
    "directional_accuracy": 0.3296296296296296
  },
  "threshold_pct": 0.28,
  "horizon_candles": 1,
  "class_return_means_pct": [
    -0.9341579807650044,
    0.011174271991184814,
    1.0555079904529376
  ],
  "fold_metrics": [
    {
      "fold": 0,
      "n_train": 54,
      "n_test": 54,
      "auc": 0.5432870370370371,
      "log_loss": 3.443915721674463,
      "brier": 0.32535477758065445,
      "directional_accuracy": 0.4444444444444444,
      "baseline_auc": 0.5895833333333335,
      "baseline_log_loss": 1.443883131419571,
      "baseline_brier": 0.25499913583850886,
      "baseline_directional_accuracy": 0.42592592592592593,
      "best_params": {
        "objective": "multiclass",
        "num_class": 3,
        "metric": "multi_logloss",
        "num_leaves": 31,
        "learning_rate": 0.1,
        "min_child_samples": 5,
        "feature_fraction": 0.9,
        "bagging_fraction": 0.9,
        "bagging_freq": 5,
        "verbose": -1,
        "deterministic": true,
        "seed": 42
      }
    },
    {
      "fold": 1,
      "n_train": 108,
      "n_test": 54,
      "auc": 0.6229994700582936,
      "log_loss": 3.272955054462433,
      "brier": 0.35089428291124714,
      "directional_accuracy": 0.4074074074074074,
      "baseline_auc": 0.6436804451510334,
      "baseline_log_loss": 1.28599297546013,
      "baseline_brier": 0.2549827528219318,
      "baseline_directional_accuracy": 0.3148148148148148,
      "best_params": {
        "objective": "multiclass",
        "num_class": 3,
        "metric": "multi_logloss",
        "num_leaves": 31,
        "learning_rate": 0.1,
        "min_child_samples": 5,
        "feature_fraction": 0.9,
        "bagging_fraction": 0.9,
        "bagging_freq": 5,
        "verbose": -1,
        "deterministic": true,
        "seed": 42
      }
    },
    {
      "fold": 2,
      "n_train": 162,
      "n_test": 54,
      "auc": 0.4615307531974198,
      "log_loss": 3.65628655177697,
      "brier": 0.4093240734103187,
      "directional_accuracy": 0.3148148148148148,
      "baseline_auc": 0.4950332589221477,
      "baseline_log_loss": 1.1238695311837001,
      "baseline_brier": 0.2269943902594549,
      "baseline_directional_accuracy": 0.37037037037037035,
      "best_params": {
        "objective": "multiclass",
        "num_class": 3,
        "metric": "multi_logloss",
        "num_leaves": 31,
        "learning_rate": 0.1,
        "min_child_samples": 5,
        "feature_fraction": 0.9,
        "bagging_fraction": 0.9,
        "bagging_freq": 5,
        "verbose": -1,
        "deterministic": true,
        "seed": 42
      }
    },
    {
      "fold": 3,
      "n_train": 216,
      "n_test": 54,
      "auc": 0.5974111818216565,
      "log_loss": 2.763974065011531,
      "brier": 0.3260660998948049,
      "directional_accuracy": 0.42592592592592593,
      "baseline_auc": 0.5222487386767573,
      "baseline_log_loss": 1.1297799556653438,
      "baseline_brier": 0.23026187527809303,
      "baseline_directional_accuracy": 0.2962962962962963,
      "best_params": {
        "objective": "multiclass",
        "num_class": 3,
        "metric": "multi_logloss",
        "num_leaves": 31,
        "learning_rate": 0.1,
        "min_child_samples": 5,
        "feature_fraction": 0.9,
        "bagging_fraction": 0.9,
        "bagging_freq": 5,
        "verbose": -1,
        "deterministic": true,
        "seed": 42
      }
    },
    {
      "fold": 4,
      "n_train": 270,
      "n_test": 54,
      "auc": 0.6227600250626566,
      "log_loss": 1.870269163041022,
      "brier": 0.28752543173742984,
      "directional_accuracy": 0.4444444444444444,
      "baseline_auc": 0.4498746867167919,
      "baseline_log_loss": 1.1404486775105076,
      "baseline_brier": 0.23101735797686343,
      "baseline_directional_accuracy": 0.24074074074074073,
      "best_params": {
        "objective": "multiclass",
        "num_class": 3,
        "metric": "multi_logloss",
        "num_leaves": 31,
        "learning_rate": 0.1,
        "min_child_samples": 5,
        "feature_fraction": 0.9,
        "bagging_fraction": 0.9,
        "bagging_freq": 5,
        "verbose": -1,
        "deterministic": true,
        "seed": 42
      }
    }
  ],
  "note": "Per-coin model for sei-network/2h.",
  "directional_call_share": 0.7272727272727273,
  "directional_call_share_n": 66,
  "directional_call_share_source": "holdout",
  "model_kind": "lightgbm",
  "prior_probs": [],
  "has_regression_head": true,
  "regression_head_stats": {
    "n_train_rows": 184,
    "n_holdout_rows": 47,
    "abs_pred_p50_pct": 0.8765392081666757,
    "abs_pred_p95_pct": 1.6940388514519564,
    "abs_pred_max_pct": 1.949970594274406,
    "mae_pct": 0.5123140955122732,
    "best_iteration": 76
  },
  "gates_alignment": {
    "n": 66,
    "source": "holdout",
    "min_directional_edge": 0.05,
    "min_expected_return_pct": 0.15,
    "aligned_share": 0.8636363636363636,
    "aligned_loud_share": 0.8636363636363636,
    "aligned_quiet_share": 0.0,
    "loud_classifier_quiet_regressor_share": 0.0,
    "quiet_classifier_loud_regressor_share": 0.13636363636363635,
    "dir_edge_p50": 0.08085694540428473,
    "dir_edge_p95": 0.271356783919598,
    "abs_magnitude_pct_p50": 0.8753658416018533,
    "abs_magnitude_pct_p95": 1.4130173842922766
  }
}