{
  "coin_id": "injective-protocol",
  "timeframe": "2h",
  "version": "20260422T172234Z",
  "feature_names": [
    "ret1",
    "ret5",
    "ret10",
    "momentum",
    "realizedVol",
    "rsi14",
    "macdLine",
    "macdSignal",
    "macdHist",
    "atr14",
    "atrPct",
    "ema9",
    "ema21",
    "emaSpreadPct",
    "distFromEma9Pct",
    "distFromEma21Pct",
    "bbUpper",
    "bbMiddle",
    "bbLower",
    "bbWidth",
    "bbPctB",
    "bbWidthPct",
    "news_etf_flow",
    "news_regulatory_risk",
    "news_exchange_outage",
    "news_macro_shock",
    "news_whale_move",
    "news_exploit_or_hack",
    "news_stablecoin_event",
    "news_narrative_rotation",
    "news_listing_or_delisting",
    "news_protocol_upgrade",
    "news_high_volume_breakout",
    "news_unusual_volatility",
    "coin_idx"
  ],
  "coin_vocab": [
    "injective-protocol"
  ],
  "n_train_rows": 325,
  "n_test_rows": 270,
  "metrics": {
    "auc": 0.5127149000198414,
    "log_loss": 3.539064762564112,
    "brier": 0.3666212416485425,
    "directional_accuracy": 0.337037037037037
  },
  "baseline_metrics": {
    "auc": 0.5210159882207093,
    "log_loss": 1.2271590324459285,
    "brier": 0.24298939573589626,
    "directional_accuracy": 0.3333333333333333
  },
  "threshold_pct": 0.28,
  "horizon_candles": 1,
  "class_return_means_pct": [
    -0.8671883996426439,
    0.009379586509942788,
    0.985546248591437
  ],
  "fold_metrics": [
    {
      "fold": 0,
      "n_train": 54,
      "n_test": 54,
      "auc": 0.4945945945945946,
      "log_loss": 3.505768988284379,
      "brier": 0.3952222230937505,
      "directional_accuracy": 0.2777777777777778,
      "baseline_auc": 0.4661499735029147,
      "baseline_log_loss": 1.4406431236913275,
      "baseline_brier": 0.2751106993492181,
      "baseline_directional_accuracy": 0.35185185185185186,
      "best_params": {
        "objective": "multiclass",
        "num_class": 3,
        "metric": "multi_logloss",
        "num_leaves": 63,
        "learning_rate": 0.07823776091893356,
        "min_child_samples": 18,
        "feature_fraction": 0.9,
        "bagging_fraction": 0.9,
        "bagging_freq": 5,
        "verbose": -1,
        "deterministic": true,
        "seed": 42
      }
    },
    {
      "fold": 1,
      "n_train": 108,
      "n_test": 54,
      "auc": 0.627700511214443,
      "log_loss": 1.2627741520222444,
      "brier": 0.2350105538378773,
      "directional_accuracy": 0.48148148148148145,
      "baseline_auc": 0.5718605590208616,
      "baseline_log_loss": 1.0872045936784094,
      "baseline_brier": 0.22047789135926274,
      "baseline_directional_accuracy": 0.42592592592592593,
      "best_params": {
        "objective": "multiclass",
        "num_class": 3,
        "metric": "multi_logloss",
        "num_leaves": 31,
        "learning_rate": 0.030103244551534635,
        "min_child_samples": 22,
        "feature_fraction": 0.9,
        "bagging_fraction": 0.9,
        "bagging_freq": 5,
        "verbose": -1,
        "deterministic": true,
        "seed": 42
      }
    },
    {
      "fold": 2,
      "n_train": 162,
      "n_test": 54,
      "auc": 0.49821937321937315,
      "log_loss": 5.991688892440637,
      "brier": 0.4202068835151907,
      "directional_accuracy": 0.3333333333333333,
      "baseline_auc": 0.5849715099715099,
      "baseline_log_loss": 1.1631646492976417,
      "baseline_brier": 0.2372735909331889,
      "baseline_directional_accuracy": 0.2962962962962963,
      "best_params": {
        "objective": "multiclass",
        "num_class": 3,
        "metric": "multi_logloss",
        "num_leaves": 15,
        "learning_rate": 0.10828462392773268,
        "min_child_samples": 10,
        "feature_fraction": 0.9,
        "bagging_fraction": 0.9,
        "bagging_freq": 5,
        "verbose": -1,
        "deterministic": true,
        "seed": 42
      }
    },
    {
      "fold": 3,
      "n_train": 216,
      "n_test": 54,
      "auc": 0.5252539797353432,
      "log_loss": 2.9320670649034097,
      "brier": 0.33905747354549853,
      "directional_accuracy": 0.3888888888888889,
      "baseline_auc": 0.4920475541461511,
      "baseline_log_loss": 1.3245524430294708,
      "baseline_brier": 0.255685020821671,
      "baseline_directional_accuracy": 0.25925925925925924,
      "best_params": {
        "objective": "multiclass",
        "num_class": 3,
        "metric": "multi_logloss",
        "num_leaves": 63,
        "learning_rate": 0.04564294821543724,
        "min_child_samples": 18,
        "feature_fraction": 0.9,
        "bagging_fraction": 0.9,
        "bagging_freq": 5,
        "verbose": -1,
        "deterministic": true,
        "seed": 42
      }
    },
    {
      "fold": 4,
      "n_train": 270,
      "n_test": 54,
      "auc": 0.4178060413354531,
      "log_loss": 4.003024715169891,
      "brier": 0.4436090742503956,
      "directional_accuracy": 0.2037037037037037,
      "baseline_auc": 0.49005034446210916,
      "baseline_log_loss": 1.1202303525327928,
      "baseline_brier": 0.2263997762161407,
      "baseline_directional_accuracy": 0.3333333333333333,
      "best_params": {
        "objective": "multiclass",
        "num_class": 3,
        "metric": "multi_logloss",
        "num_leaves": 15,
        "learning_rate": 0.09499661787039597,
        "min_child_samples": 10,
        "feature_fraction": 0.9,
        "bagging_fraction": 0.9,
        "bagging_freq": 5,
        "verbose": -1,
        "deterministic": true,
        "seed": 42
      }
    }
  ],
  "note": "Per-coin model for injective-protocol/2h.",
  "directional_call_share": 1.0,
  "directional_call_share_n": 65,
  "directional_call_share_source": "holdout",
  "model_kind": "lightgbm",
  "prior_probs": [],
  "has_regression_head": true,
  "regression_head_stats": {
    "n_train_rows": 171,
    "n_holdout_rows": 43,
    "abs_pred_p50_pct": 0.8963813457137934,
    "abs_pred_p95_pct": 1.131092499801479,
    "abs_pred_max_pct": 1.260980852038888,
    "mae_pct": 0.3988442032027657,
    "best_iteration": 5
  },
  "gates_alignment": {
    "n": 65,
    "source": "holdout",
    "min_directional_edge": 0.05,
    "min_expected_return_pct": 0.15,
    "aligned_share": 0.1076923076923077,
    "aligned_loud_share": 0.1076923076923077,
    "aligned_quiet_share": 0.0,
    "loud_classifier_quiet_regressor_share": 0.0,
    "quiet_classifier_loud_regressor_share": 0.8923076923076924,
    "dir_edge_p50": 0.03389830508474573,
    "dir_edge_p95": 0.0625,
    "abs_magnitude_pct_p50": 0.8857145874720469,
    "abs_magnitude_pct_p95": 1.1352733500821608
  }
}