{
  "coin_id": "dogwifcoin",
  "timeframe": "5m",
  "version": "20260422T084842Z",
  "feature_names": [
    "ret1",
    "ret5",
    "ret10",
    "momentum",
    "realizedVol",
    "rsi14",
    "macdLine",
    "macdSignal",
    "macdHist",
    "atr14",
    "atrPct",
    "ema9",
    "ema21",
    "emaSpreadPct",
    "distFromEma9Pct",
    "distFromEma21Pct",
    "bbUpper",
    "bbMiddle",
    "bbLower",
    "bbWidth",
    "bbPctB",
    "bbWidthPct",
    "news_etf_flow",
    "news_regulatory_risk",
    "news_exchange_outage",
    "news_macro_shock",
    "news_whale_move",
    "news_exploit_or_hack",
    "news_stablecoin_event",
    "news_narrative_rotation",
    "news_listing_or_delisting",
    "news_protocol_upgrade",
    "news_high_volume_breakout",
    "news_unusual_volatility",
    "coin_idx"
  ],
  "coin_vocab": [
    "dogwifcoin"
  ],
  "n_train_rows": 827,
  "n_test_rows": 690,
  "metrics": {
    "auc": 0.510623641521112,
    "log_loss": 1.9184680622586516,
    "brier": 0.29809594057594313,
    "directional_accuracy": 0.41159420289855075
  },
  "baseline_metrics": {
    "auc": 0.5144864066470907,
    "log_loss": 0.9317051408644199,
    "brier": 0.19501610583630855,
    "directional_accuracy": 0.4507246376811594
  },
  "threshold_pct": 0.04,
  "horizon_candles": 1,
  "class_return_means_pct": [
    -0.5306619045375841,
    0.002632383880409347,
    0.5991215704742092
  ],
  "fold_metrics": [
    {
      "fold": 0,
      "n_train": 137,
      "n_test": 138,
      "auc": 0.5527535373123608,
      "log_loss": 2.7302787750199755,
      "brier": 0.3027005506579364,
      "directional_accuracy": 0.47101449275362317,
      "baseline_auc": 0.49748856807680336,
      "baseline_log_loss": 0.8778094763631142,
      "baseline_brier": 0.18281147498182448,
      "baseline_directional_accuracy": 0.5144927536231884,
      "best_params": {
        "objective": "multiclass",
        "num_class": 3,
        "metric": "multi_logloss",
        "num_leaves": 15,
        "learning_rate": 0.09230320822645494,
        "min_child_samples": 6,
        "feature_fraction": 0.9,
        "bagging_fraction": 0.9,
        "bagging_freq": 5,
        "verbose": -1,
        "deterministic": true,
        "seed": 42
      }
    },
    {
      "fold": 1,
      "n_train": 275,
      "n_test": 138,
      "auc": 0.5548597993396062,
      "log_loss": 1.6293432811728346,
      "brier": 0.2749062259361989,
      "directional_accuracy": 0.4855072463768116,
      "baseline_auc": 0.561510806393013,
      "baseline_log_loss": 0.8824749782956162,
      "baseline_brier": 0.19004068899777518,
      "baseline_directional_accuracy": 0.4927536231884058,
      "best_params": {
        "objective": "multiclass",
        "num_class": 3,
        "metric": "multi_logloss",
        "num_leaves": 15,
        "learning_rate": 0.060113218328857784,
        "min_child_samples": 16,
        "feature_fraction": 0.9,
        "bagging_fraction": 0.9,
        "bagging_freq": 5,
        "verbose": -1,
        "deterministic": true,
        "seed": 42
      }
    },
    {
      "fold": 2,
      "n_train": 413,
      "n_test": 138,
      "auc": 0.4383382140735082,
      "log_loss": 1.7002859163206085,
      "brier": 0.2756032948712017,
      "directional_accuracy": 0.463768115942029,
      "baseline_auc": 0.4933018325175187,
      "baseline_log_loss": 0.7782546439083303,
      "baseline_brier": 0.17256318919718014,
      "baseline_directional_accuracy": 0.4855072463768116,
      "best_params": {
        "objective": "multiclass",
        "num_class": 3,
        "metric": "multi_logloss",
        "num_leaves": 15,
        "learning_rate": 0.09230320822645494,
        "min_child_samples": 6,
        "feature_fraction": 0.9,
        "bagging_fraction": 0.9,
        "bagging_freq": 5,
        "verbose": -1,
        "deterministic": true,
        "seed": 42
      }
    },
    {
      "fold": 3,
      "n_train": 551,
      "n_test": 138,
      "auc": 0.5550586482776757,
      "log_loss": 1.5968710272488422,
      "brier": 0.30419629087602096,
      "directional_accuracy": 0.3333333333333333,
      "baseline_auc": 0.552005616934664,
      "baseline_log_loss": 0.9480826040260705,
      "baseline_brier": 0.19625141521099612,
      "baseline_directional_accuracy": 0.41304347826086957,
      "best_params": {
        "objective": "multiclass",
        "num_class": 3,
        "metric": "multi_logloss",
        "num_leaves": 31,
        "learning_rate": 0.04488170057528786,
        "min_child_samples": 9,
        "feature_fraction": 0.9,
        "bagging_fraction": 0.9,
        "bagging_freq": 5,
        "verbose": -1,
        "deterministic": true,
        "seed": 42
      }
    },
    {
      "fold": 4,
      "n_train": 689,
      "n_test": 138,
      "auc": 0.45210800860240913,
      "log_loss": 1.935561311530996,
      "brier": 0.3330733405383577,
      "directional_accuracy": 0.30434782608695654,
      "baseline_auc": 0.4681252093134541,
      "baseline_log_loss": 1.1719040017289681,
      "baseline_brier": 0.23341376079376688,
      "baseline_directional_accuracy": 0.34782608695652173,
      "best_params": {
        "objective": "multiclass",
        "num_class": 3,
        "metric": "multi_logloss",
        "num_leaves": 15,
        "learning_rate": 0.060113218328857784,
        "min_child_samples": 16,
        "feature_fraction": 0.9,
        "bagging_fraction": 0.9,
        "bagging_freq": 5,
        "verbose": -1,
        "deterministic": true,
        "seed": 42
      }
    }
  ],
  "note": "Per-coin model for dogwifcoin/5m.",
  "directional_call_share": 1.0,
  "directional_call_share_n": 166,
  "directional_call_share_source": "holdout",
  "model_kind": "lightgbm",
  "prior_probs": []
}