{
  "coin_id": "worldcoin-wld",
  "timeframe": "1h",
  "version": "20260422T123134Z",
  "feature_names": [
    "ret1",
    "ret5",
    "ret10",
    "momentum",
    "realizedVol",
    "rsi14",
    "macdLine",
    "macdSignal",
    "macdHist",
    "atr14",
    "atrPct",
    "ema9",
    "ema21",
    "emaSpreadPct",
    "distFromEma9Pct",
    "distFromEma21Pct",
    "bbUpper",
    "bbMiddle",
    "bbLower",
    "bbWidth",
    "bbPctB",
    "bbWidthPct",
    "news_etf_flow",
    "news_regulatory_risk",
    "news_exchange_outage",
    "news_macro_shock",
    "news_whale_move",
    "news_exploit_or_hack",
    "news_stablecoin_event",
    "news_narrative_rotation",
    "news_listing_or_delisting",
    "news_protocol_upgrade",
    "news_high_volume_breakout",
    "news_unusual_volatility",
    "coin_idx"
  ],
  "coin_vocab": [
    "worldcoin-wld"
  ],
  "n_train_rows": 685,
  "n_test_rows": 570,
  "metrics": {
    "auc": 0.5342958627280137,
    "log_loss": 2.0090101175399933,
    "brier": 0.31244986143908987,
    "directional_accuracy": 0.3912280701754386
  },
  "baseline_metrics": {
    "auc": 0.5158560697667223,
    "log_loss": 1.0481828583995985,
    "brier": 0.21268475238305418,
    "directional_accuracy": 0.38596491228070173
  },
  "threshold_pct": 0.2,
  "horizon_candles": 1,
  "class_return_means_pct": [
    -0.8763143189592284,
    0.0032797979149101005,
    0.8817959412257964
  ],
  "fold_metrics": [
    {
      "fold": 0,
      "n_train": 114,
      "n_test": 114,
      "auc": 0.5971264776108678,
      "log_loss": 1.3817249893356174,
      "brier": 0.2374848760181998,
      "directional_accuracy": 0.5175438596491229,
      "baseline_auc": 0.4288907717009842,
      "baseline_log_loss": 1.0089799206700472,
      "baseline_brier": 0.20564063894688586,
      "baseline_directional_accuracy": 0.35964912280701755,
      "best_params": {
        "objective": "multiclass",
        "num_class": 3,
        "metric": "multi_logloss",
        "num_leaves": 15,
        "learning_rate": 0.060113218328857784,
        "min_child_samples": 16,
        "feature_fraction": 0.9,
        "bagging_fraction": 0.9,
        "bagging_freq": 5,
        "verbose": -1,
        "deterministic": true,
        "seed": 42
      }
    },
    {
      "fold": 1,
      "n_train": 228,
      "n_test": 114,
      "auc": 0.495923084512677,
      "log_loss": 2.921580971844431,
      "brier": 0.38733059492964844,
      "directional_accuracy": 0.34210526315789475,
      "baseline_auc": 0.45816134314531703,
      "baseline_log_loss": 1.1179195826315251,
      "baseline_brier": 0.22538667847342256,
      "baseline_directional_accuracy": 0.3333333333333333,
      "best_params": {
        "objective": "multiclass",
        "num_class": 3,
        "metric": "multi_logloss",
        "num_leaves": 63,
        "learning_rate": 0.06807764614983679,
        "min_child_samples": 12,
        "feature_fraction": 0.9,
        "bagging_fraction": 0.9,
        "bagging_freq": 5,
        "verbose": -1,
        "deterministic": true,
        "seed": 42
      }
    },
    {
      "fold": 2,
      "n_train": 342,
      "n_test": 114,
      "auc": 0.5697676025468011,
      "log_loss": 1.7098446774641802,
      "brier": 0.29062914617944546,
      "directional_accuracy": 0.4298245614035088,
      "baseline_auc": 0.593525602306506,
      "baseline_log_loss": 1.0417631589883194,
      "baseline_brier": 0.21189850868296944,
      "baseline_directional_accuracy": 0.40350877192982454,
      "best_params": {
        "objective": "multiclass",
        "num_class": 3,
        "metric": "multi_logloss",
        "num_leaves": 15,
        "learning_rate": 0.060113218328857784,
        "min_child_samples": 16,
        "feature_fraction": 0.9,
        "bagging_fraction": 0.9,
        "bagging_freq": 5,
        "verbose": -1,
        "deterministic": true,
        "seed": 42
      }
    },
    {
      "fold": 3,
      "n_train": 456,
      "n_test": 114,
      "auc": 0.4992926667120216,
      "log_loss": 2.065291829220672,
      "brier": 0.33215542094651607,
      "directional_accuracy": 0.34210526315789475,
      "baseline_auc": 0.5132448928013443,
      "baseline_log_loss": 0.9985839290123202,
      "baseline_brier": 0.20287827674446887,
      "baseline_directional_accuracy": 0.42105263157894735,
      "best_params": {
        "objective": "multiclass",
        "num_class": 3,
        "metric": "multi_logloss",
        "num_leaves": 63,
        "learning_rate": 0.06807764614983679,
        "min_child_samples": 12,
        "feature_fraction": 0.9,
        "bagging_fraction": 0.9,
        "bagging_freq": 5,
        "verbose": -1,
        "deterministic": true,
        "seed": 42
      }
    },
    {
      "fold": 4,
      "n_train": 570,
      "n_test": 114,
      "auc": 0.5093694822577007,
      "log_loss": 1.9666081198350676,
      "brier": 0.31464926912163965,
      "directional_accuracy": 0.32456140350877194,
      "baseline_auc": 0.5854577388794601,
      "baseline_log_loss": 1.0736677006957795,
      "baseline_brier": 0.21761965906752403,
      "baseline_directional_accuracy": 0.41228070175438597,
      "best_params": {
        "objective": "multiclass",
        "num_class": 3,
        "metric": "multi_logloss",
        "num_leaves": 15,
        "learning_rate": 0.09230320822645494,
        "min_child_samples": 6,
        "feature_fraction": 0.9,
        "bagging_fraction": 0.9,
        "bagging_freq": 5,
        "verbose": -1,
        "deterministic": true,
        "seed": 42
      }
    }
  ],
  "note": "Per-coin model for worldcoin-wld/1h.",
  "directional_call_share": 0.9343065693430657,
  "directional_call_share_n": 137,
  "directional_call_share_source": "holdout",
  "model_kind": "lightgbm",
  "prior_probs": [],
  "has_regression_head": true,
  "regression_head_stats": {
    "n_train_rows": 441,
    "n_holdout_rows": 111,
    "abs_pred_p50_pct": 0.8723842116523142,
    "abs_pred_p95_pct": 0.9482615913106066,
    "abs_pred_max_pct": 0.9590434209285241,
    "mae_pct": 0.5024078752159258,
    "best_iteration": 1
  },
  "gates_alignment": {
    "n": 137,
    "source": "holdout",
    "min_directional_edge": 0.05,
    "min_expected_return_pct": 0.15,
    "aligned_share": 0.8832116788321168,
    "aligned_loud_share": 0.8832116788321168,
    "aligned_quiet_share": 0.0,
    "loud_classifier_quiet_regressor_share": 0.0,
    "quiet_classifier_loud_regressor_share": 0.11678832116788321,
    "dir_edge_p50": 0.1467810226902616,
    "dir_edge_p95": 0.3181818181818181,
    "abs_magnitude_pct_p50": 0.8723842116523142,
    "abs_magnitude_pct_p95": 0.9482615913106066
  }
}