{
  "coin_id": "bonk",
  "timeframe": "5m",
  "version": "20260422T111239Z",
  "feature_names": [
    "ret1",
    "ret5",
    "ret10",
    "momentum",
    "realizedVol",
    "rsi14",
    "macdLine",
    "macdSignal",
    "macdHist",
    "atr14",
    "atrPct",
    "ema9",
    "ema21",
    "emaSpreadPct",
    "distFromEma9Pct",
    "distFromEma21Pct",
    "bbUpper",
    "bbMiddle",
    "bbLower",
    "bbWidth",
    "bbPctB",
    "bbWidthPct",
    "news_etf_flow",
    "news_regulatory_risk",
    "news_exchange_outage",
    "news_macro_shock",
    "news_whale_move",
    "news_exploit_or_hack",
    "news_stablecoin_event",
    "news_narrative_rotation",
    "news_listing_or_delisting",
    "news_protocol_upgrade",
    "news_high_volume_breakout",
    "news_unusual_volatility",
    "coin_idx"
  ],
  "coin_vocab": [
    "bonk"
  ],
  "n_train_rows": 895,
  "n_test_rows": 745,
  "metrics": {
    "auc": 0.4806656872084418,
    "log_loss": 3.0295042831696595,
    "brier": 0.3317257402411435,
    "directional_accuracy": 0.4375838926174497
  },
  "baseline_metrics": {
    "auc": 0.5302312678389237,
    "log_loss": 0.995069876771373,
    "brier": 0.20367871970491452,
    "directional_accuracy": 0.4590604026845638
  },
  "threshold_pct": 0.04,
  "horizon_candles": 1,
  "class_return_means_pct": [
    -0.4346907697504597,
    -0.0001409142092419074,
    0.5247063450585671
  ],
  "fold_metrics": [
    {
      "fold": 0,
      "n_train": 149,
      "n_test": 149,
      "auc": 0.5346134763773005,
      "log_loss": 2.677059242621704,
      "brier": 0.34775016193350244,
      "directional_accuracy": 0.40268456375838924,
      "baseline_auc": 0.5343461942479264,
      "baseline_log_loss": 0.9555756704038408,
      "baseline_brier": 0.19449564061030955,
      "baseline_directional_accuracy": 0.47651006711409394,
      "best_params": {
        "objective": "multiclass",
        "num_class": 3,
        "metric": "multi_logloss",
        "num_leaves": 31,
        "learning_rate": 0.1,
        "min_child_samples": 5,
        "feature_fraction": 0.9,
        "bagging_fraction": 0.9,
        "bagging_freq": 5,
        "verbose": -1,
        "deterministic": true,
        "seed": 42
      }
    },
    {
      "fold": 1,
      "n_train": 298,
      "n_test": 149,
      "auc": 0.5118104197816521,
      "log_loss": 2.5980437719007172,
      "brier": 0.2828450413073634,
      "directional_accuracy": 0.5436241610738255,
      "baseline_auc": 0.5898773284577667,
      "baseline_log_loss": 0.9567229860127009,
      "baseline_brier": 0.19028438081385624,
      "baseline_directional_accuracy": 0.5100671140939598,
      "best_params": {
        "objective": "multiclass",
        "num_class": 3,
        "metric": "multi_logloss",
        "num_leaves": 31,
        "learning_rate": 0.1,
        "min_child_samples": 5,
        "feature_fraction": 0.9,
        "bagging_fraction": 0.9,
        "bagging_freq": 5,
        "verbose": -1,
        "deterministic": true,
        "seed": 42
      }
    },
    {
      "fold": 2,
      "n_train": 447,
      "n_test": 149,
      "auc": 0.5664435396299211,
      "log_loss": 1.887809506284909,
      "brier": 0.27052004174274535,
      "directional_accuracy": 0.5033557046979866,
      "baseline_auc": 0.5569245275705337,
      "baseline_log_loss": 0.8495945351128054,
      "baseline_brier": 0.1811666504426299,
      "baseline_directional_accuracy": 0.5234899328859061,
      "best_params": {
        "objective": "multiclass",
        "num_class": 3,
        "metric": "multi_logloss",
        "num_leaves": 31,
        "learning_rate": 0.1,
        "min_child_samples": 5,
        "feature_fraction": 0.9,
        "bagging_fraction": 0.9,
        "bagging_freq": 5,
        "verbose": -1,
        "deterministic": true,
        "seed": 42
      }
    },
    {
      "fold": 3,
      "n_train": 596,
      "n_test": 149,
      "auc": 0.33852451985969184,
      "log_loss": 3.573251078877967,
      "brier": 0.35997908451114496,
      "directional_accuracy": 0.37583892617449666,
      "baseline_auc": 0.5116283033787901,
      "baseline_log_loss": 0.9899702399564445,
      "baseline_brier": 0.20883583854101598,
      "baseline_directional_accuracy": 0.4228187919463087,
      "best_params": {
        "objective": "multiclass",
        "num_class": 3,
        "metric": "multi_logloss",
        "num_leaves": 31,
        "learning_rate": 0.1,
        "min_child_samples": 5,
        "feature_fraction": 0.9,
        "bagging_fraction": 0.9,
        "bagging_freq": 5,
        "verbose": -1,
        "deterministic": true,
        "seed": 42
      }
    },
    {
      "fold": 4,
      "n_train": 745,
      "n_test": 149,
      "auc": 0.4519364803936436,
      "log_loss": 4.411357816163001,
      "brier": 0.39753437171096134,
      "directional_accuracy": 0.3624161073825503,
      "baseline_auc": 0.4583799855396016,
      "baseline_log_loss": 1.223485952371073,
      "baseline_brier": 0.2436110881167611,
      "baseline_directional_accuracy": 0.3624161073825503,
      "best_params": {
        "objective": "multiclass",
        "num_class": 3,
        "metric": "multi_logloss",
        "num_leaves": 31,
        "learning_rate": 0.1,
        "min_child_samples": 5,
        "feature_fraction": 0.9,
        "bagging_fraction": 0.9,
        "bagging_freq": 5,
        "verbose": -1,
        "deterministic": true,
        "seed": 42
      }
    }
  ],
  "note": "Per-coin model for bonk/5m.",
  "directional_call_share": 0.9608938547486033,
  "directional_call_share_n": 179,
  "directional_call_share_source": "holdout",
  "model_kind": "lightgbm",
  "prior_probs": [],
  "has_regression_head": true,
  "regression_head_stats": {
    "n_train_rows": 632,
    "n_holdout_rows": 159,
    "abs_pred_p50_pct": 0.4744277021183073,
    "abs_pred_p95_pct": 0.6484840512585992,
    "abs_pred_max_pct": 0.7027469675370596,
    "mae_pct": 0.3429458675911739,
    "best_iteration": 5
  },
  "gates_alignment": {
    "n": 179,
    "source": "holdout",
    "min_directional_edge": 0.05,
    "min_expected_return_pct": 0.15,
    "aligned_share": 0.5586592178770949,
    "aligned_loud_share": 0.5586592178770949,
    "aligned_quiet_share": 0.0,
    "loud_classifier_quiet_regressor_share": 0.0,
    "quiet_classifier_loud_regressor_share": 0.441340782122905,
    "dir_edge_p50": 0.07342634192480496,
    "dir_edge_p95": 0.2523961661341853,
    "abs_magnitude_pct_p50": 0.4744277021183073,
    "abs_magnitude_pct_p95": 0.5630302663147012
  }
}