{
  "coin_id": "celestia",
  "timeframe": "2h",
  "version": "20260422T172020Z",
  "feature_names": [
    "ret1",
    "ret5",
    "ret10",
    "momentum",
    "realizedVol",
    "rsi14",
    "macdLine",
    "macdSignal",
    "macdHist",
    "atr14",
    "atrPct",
    "ema9",
    "ema21",
    "emaSpreadPct",
    "distFromEma9Pct",
    "distFromEma21Pct",
    "bbUpper",
    "bbMiddle",
    "bbLower",
    "bbWidth",
    "bbPctB",
    "bbWidthPct",
    "news_etf_flow",
    "news_regulatory_risk",
    "news_exchange_outage",
    "news_macro_shock",
    "news_whale_move",
    "news_exploit_or_hack",
    "news_stablecoin_event",
    "news_narrative_rotation",
    "news_listing_or_delisting",
    "news_protocol_upgrade",
    "news_high_volume_breakout",
    "news_unusual_volatility",
    "coin_idx"
  ],
  "coin_vocab": [
    "celestia"
  ],
  "n_train_rows": 325,
  "n_test_rows": 270,
  "metrics": {
    "auc": 0.529132241967767,
    "log_loss": 4.222896986341203,
    "brier": 0.3974074253750826,
    "directional_accuracy": 0.337037037037037
  },
  "baseline_metrics": {
    "auc": 0.5471812713430684,
    "log_loss": 1.121341327580064,
    "brier": 0.22729749693185033,
    "directional_accuracy": 0.3814814814814814
  },
  "threshold_pct": 0.28,
  "horizon_candles": 1,
  "class_return_means_pct": [
    -0.929996764390008,
    0.0051569326599936495,
    1.2121137551942707
  ],
  "fold_metrics": [
    {
      "fold": 0,
      "n_train": 54,
      "n_test": 54,
      "auc": 0.45579324439618557,
      "log_loss": 5.896524687980838,
      "brier": 0.457839845365083,
      "directional_accuracy": 0.25925925925925924,
      "baseline_auc": 0.5494348781113487,
      "baseline_log_loss": 1.1444251930864069,
      "baseline_brier": 0.2322172521616448,
      "baseline_directional_accuracy": 0.5185185185185185,
      "best_params": {
        "objective": "multiclass",
        "num_class": 3,
        "metric": "multi_logloss",
        "num_leaves": 31,
        "learning_rate": 0.13731561507154372,
        "min_child_samples": 5,
        "feature_fraction": 0.9,
        "bagging_fraction": 0.9,
        "bagging_freq": 5,
        "verbose": -1,
        "deterministic": true,
        "seed": 42
      }
    },
    {
      "fold": 1,
      "n_train": 108,
      "n_test": 54,
      "auc": 0.6117061484708544,
      "log_loss": 2.694700452782124,
      "brier": 0.31549421570082187,
      "directional_accuracy": 0.46296296296296297,
      "baseline_auc": 0.5900596464644453,
      "baseline_log_loss": 1.078939622297188,
      "baseline_brier": 0.21834891631078515,
      "baseline_directional_accuracy": 0.4444444444444444,
      "best_params": {
        "objective": "multiclass",
        "num_class": 3,
        "metric": "multi_logloss",
        "num_leaves": 63,
        "learning_rate": 0.1999100341881694,
        "min_child_samples": 28,
        "feature_fraction": 0.9,
        "bagging_fraction": 0.9,
        "bagging_freq": 5,
        "verbose": -1,
        "deterministic": true,
        "seed": 42
      }
    },
    {
      "fold": 2,
      "n_train": 162,
      "n_test": 54,
      "auc": 0.4948397317583364,
      "log_loss": 5.879496328367242,
      "brier": 0.4128777845285856,
      "directional_accuracy": 0.3333333333333333,
      "baseline_auc": 0.5706588308332494,
      "baseline_log_loss": 1.083453702119493,
      "baseline_brier": 0.21858433494130047,
      "baseline_directional_accuracy": 0.2962962962962963,
      "best_params": {
        "objective": "multiclass",
        "num_class": 3,
        "metric": "multi_logloss",
        "num_leaves": 63,
        "learning_rate": 0.06520120997202422,
        "min_child_samples": 13,
        "feature_fraction": 0.9,
        "bagging_fraction": 0.9,
        "bagging_freq": 5,
        "verbose": -1,
        "deterministic": true,
        "seed": 42
      }
    },
    {
      "fold": 3,
      "n_train": 216,
      "n_test": 54,
      "auc": 0.5804643963801597,
      "log_loss": 3.153465253725296,
      "brier": 0.4119641138397749,
      "directional_accuracy": 0.2962962962962963,
      "baseline_auc": 0.43182921957763876,
      "baseline_log_loss": 1.2137760314998043,
      "baseline_brier": 0.24714343231358793,
      "baseline_directional_accuracy": 0.25925925925925924,
      "best_params": {
        "objective": "multiclass",
        "num_class": 3,
        "metric": "multi_logloss",
        "num_leaves": 63,
        "learning_rate": 0.05946863878982859,
        "min_child_samples": 29,
        "feature_fraction": 0.9,
        "bagging_fraction": 0.9,
        "bagging_freq": 5,
        "verbose": -1,
        "deterministic": true,
        "seed": 42
      }
    },
    {
      "fold": 4,
      "n_train": 270,
      "n_test": 54,
      "auc": 0.5028576888332986,
      "log_loss": 3.4902982088505117,
      "brier": 0.3888611674411475,
      "directional_accuracy": 0.3333333333333333,
      "baseline_auc": 0.5939237817286598,
      "baseline_log_loss": 1.0861120888974292,
      "baseline_brier": 0.2201935489319334,
      "baseline_directional_accuracy": 0.3888888888888889,
      "best_params": {
        "objective": "multiclass",
        "num_class": 3,
        "metric": "multi_logloss",
        "num_leaves": 31,
        "learning_rate": 0.06421853504424437,
        "min_child_samples": 5,
        "feature_fraction": 0.9,
        "bagging_fraction": 0.9,
        "bagging_freq": 5,
        "verbose": -1,
        "deterministic": true,
        "seed": 42
      }
    }
  ],
  "note": "Per-coin model for celestia/2h.",
  "directional_call_share": 0.6153846153846154,
  "directional_call_share_n": 65,
  "directional_call_share_source": "holdout",
  "model_kind": "lightgbm",
  "prior_probs": [],
  "has_regression_head": true,
  "regression_head_stats": {
    "n_train_rows": 187,
    "n_holdout_rows": 47,
    "abs_pred_p50_pct": 1.264573274284905,
    "abs_pred_p95_pct": 1.6306536135903877,
    "abs_pred_max_pct": 1.746658352242407,
    "mae_pct": 0.6378803936542928,
    "best_iteration": 13
  },
  "gates_alignment": {
    "n": 65,
    "source": "holdout",
    "min_directional_edge": 0.05,
    "min_expected_return_pct": 0.15,
    "aligned_share": 0.9076923076923077,
    "aligned_loud_share": 0.9076923076923077,
    "aligned_quiet_share": 0.0,
    "loud_classifier_quiet_regressor_share": 0.0,
    "quiet_classifier_loud_regressor_share": 0.09230769230769231,
    "dir_edge_p50": 0.1395348837209302,
    "dir_edge_p95": 0.37023914968999116,
    "abs_magnitude_pct_p50": 1.3289608628698943,
    "abs_magnitude_pct_p95": 1.5531559411126639
  }
}