{
  "coin_id": "celestia",
  "timeframe": "6h",
  "version": "20260429T175052Z",
  "feature_names": [
    "ret1",
    "ret5",
    "ret10",
    "momentum",
    "realizedVol",
    "rsi14",
    "macdLine",
    "macdSignal",
    "macdHist",
    "atr14",
    "atrPct",
    "ema9",
    "ema21",
    "emaSpreadPct",
    "distFromEma9Pct",
    "distFromEma21Pct",
    "bbUpper",
    "bbMiddle",
    "bbLower",
    "bbWidth",
    "bbPctB",
    "bbWidthPct",
    "volZScore60",
    "funding_rate",
    "open_interest_z",
    "liquidations_1h_usd",
    "bid_ask_spread_bps",
    "btc_lead_ret_5m",
    "eth_lead_ret_5m",
    "btc_liquidations_1h_usd",
    "eth_liquidations_1h_usd",
    "sol_liquidations_1h_usd",
    "session_asia",
    "session_eu",
    "session_us",
    "hour_of_day_sin",
    "hour_of_day_cos",
    "coin_idx"
  ],
  "coin_vocab": [
    "celestia"
  ],
  "n_train_rows": 1396,
  "n_test_rows": 1160,
  "metrics": {
    "auc": 0.5119527696584971,
    "log_loss": 4.115186584474305,
    "brier": 0.35727949850161284,
    "directional_accuracy": 0.3956896551724139
  },
  "baseline_metrics": {
    "auc": 0.5437168809724708,
    "log_loss": 1.0858947779345751,
    "brier": 0.2191332039006729,
    "directional_accuracy": 0.42586206896551726
  },
  "threshold_pct": 0.8075,
  "horizon_candles": 4,
  "class_return_means_pct": [
    -4.524861715581836,
    0.008338267041844311,
    4.727023877618974
  ],
  "fold_metrics": [
    {
      "fold": 0,
      "n_train": 232,
      "n_test": 232,
      "auc": 0.502676710059263,
      "log_loss": 5.873993268806845,
      "brier": 0.3714632729010973,
      "directional_accuracy": 0.41379310344827586,
      "baseline_auc": 0.49983856008917155,
      "baseline_log_loss": 1.2632391853175444,
      "baseline_brier": 0.25261236638575707,
      "baseline_directional_accuracy": 0.4353448275862069,
      "best_params": {
        "objective": "multiclass",
        "num_class": 3,
        "metric": "multi_logloss",
        "num_leaves": 31,
        "learning_rate": 0.09340308327072934,
        "min_child_samples": 9,
        "feature_fraction": 0.9,
        "bagging_fraction": 0.9,
        "bagging_freq": 5,
        "verbose": -1,
        "deterministic": true,
        "seed": 42
      },
      "feature_importance": [
        462.8063055676484,
        420.9772052372766,
        141.5761194298579,
        232.80726674102655,
        329.24867017585564,
        153.3793871337532,
        470.9196732350876,
        295.4826068376612,
        336.5956990359149,
        181.72161546058354,
        221.02228640522893,
        199.1902618360101,
        90.81088361875221,
        205.498803446418,
        195.08879277204446,
        182.22656877779994,
        82.87523274044776,
        45.273247980754945,
        169.9803676470278,
        242.45328439998787,
        331.4660881011879,
        392.29806814357585,
        320.08343023899903,
        0.0,
        0.0,
        0.0,
        0.0,
        0.0,
        0.0,
        0.0,
        0.0,
        0.0,
        5.911245359246095,
        8.024796957630315,
        11.747099974207023,
        42.06453596616138,
        168.55248866985147,
        0.0
      ],
      "feature_names": [
        "ret1",
        "ret5",
        "ret10",
        "momentum",
        "realizedVol",
        "rsi14",
        "macdLine",
        "macdSignal",
        "macdHist",
        "atr14",
        "atrPct",
        "ema9",
        "ema21",
        "emaSpreadPct",
        "distFromEma9Pct",
        "distFromEma21Pct",
        "bbUpper",
        "bbMiddle",
        "bbLower",
        "bbWidth",
        "bbPctB",
        "bbWidthPct",
        "volZScore60",
        "funding_rate",
        "open_interest_z",
        "liquidations_1h_usd",
        "bid_ask_spread_bps",
        "btc_lead_ret_5m",
        "eth_lead_ret_5m",
        "btc_liquidations_1h_usd",
        "eth_liquidations_1h_usd",
        "sol_liquidations_1h_usd",
        "session_asia",
        "session_eu",
        "session_us",
        "hour_of_day_sin",
        "hour_of_day_cos",
        "coin_idx"
      ]
    },
    {
      "fold": 1,
      "n_train": 464,
      "n_test": 232,
      "auc": 0.5114408316551559,
      "log_loss": 3.019722934874076,
      "brier": 0.3394721618992915,
      "directional_accuracy": 0.40086206896551724,
      "baseline_auc": 0.5467290299279413,
      "baseline_log_loss": 1.070468571315201,
      "baseline_brier": 0.2151073223579725,
      "baseline_directional_accuracy": 0.41379310344827586,
      "best_params": {
        "objective": "multiclass",
        "num_class": 3,
        "metric": "multi_logloss",
        "num_leaves": 31,
        "learning_rate": 0.09340308327072934,
        "min_child_samples": 9,
        "feature_fraction": 0.9,
        "bagging_fraction": 0.9,
        "bagging_freq": 5,
        "verbose": -1,
        "deterministic": true,
        "seed": 42
      },
      "feature_importance": [
        482.04034434422283,
        353.96592186814996,
        488.38398556319044,
        716.7950104865595,
        702.2411893517765,
        329.81937591061296,
        522.3027644105318,
        758.9022313913138,
        1151.8516055427117,
        462.7326600176948,
        352.4019774763601,
        454.51677609614984,
        263.5807588615826,
        467.8387576998939,
        349.91315929318625,
        429.17950116798875,
        262.75207528355713,
        256.3731502377723,
        454.5912525888125,
        740.0270978905265,
        305.8164651351637,
        567.1867930553808,
        590.2008991223447,
        0.0,
        0.0,
        0.0,
        0.0,
        0.0,
        0.0,
        0.0,
        0.0,
        0.0,
        6.19164307732899,
        8.254094075600733,
        24.805415857326807,
        61.25746260670712,
        106.82015041125123,
        0.0
      ],
      "feature_names": [
        "ret1",
        "ret5",
        "ret10",
        "momentum",
        "realizedVol",
        "rsi14",
        "macdLine",
        "macdSignal",
        "macdHist",
        "atr14",
        "atrPct",
        "ema9",
        "ema21",
        "emaSpreadPct",
        "distFromEma9Pct",
        "distFromEma21Pct",
        "bbUpper",
        "bbMiddle",
        "bbLower",
        "bbWidth",
        "bbPctB",
        "bbWidthPct",
        "volZScore60",
        "funding_rate",
        "open_interest_z",
        "liquidations_1h_usd",
        "bid_ask_spread_bps",
        "btc_lead_ret_5m",
        "eth_lead_ret_5m",
        "btc_liquidations_1h_usd",
        "eth_liquidations_1h_usd",
        "sol_liquidations_1h_usd",
        "session_asia",
        "session_eu",
        "session_us",
        "hour_of_day_sin",
        "hour_of_day_cos",
        "coin_idx"
      ]
    },
    {
      "fold": 2,
      "n_train": 696,
      "n_test": 232,
      "auc": 0.5053107915722627,
      "log_loss": 4.307333284213065,
      "brier": 0.40112569384384494,
      "directional_accuracy": 0.31896551724137934,
      "baseline_auc": 0.5643092405413705,
      "baseline_log_loss": 1.0256087599793116,
      "baseline_brier": 0.21137772654216314,
      "baseline_directional_accuracy": 0.3879310344827586,
      "best_params": {
        "objective": "multiclass",
        "num_class": 3,
        "metric": "multi_logloss",
        "num_leaves": 31,
        "learning_rate": 0.09340308327072934,
        "min_child_samples": 9,
        "feature_fraction": 0.9,
        "bagging_fraction": 0.9,
        "bagging_freq": 5,
        "verbose": -1,
        "deterministic": true,
        "seed": 42
      },