{
  "coin_id": "sei-network",
  "timeframe": "1m",
  "version": "20260422T075709Z",
  "feature_names": [
    "ret1",
    "ret5",
    "ret10",
    "momentum",
    "realizedVol",
    "rsi14",
    "macdLine",
    "macdSignal",
    "macdHist",
    "atr14",
    "atrPct",
    "ema9",
    "ema21",
    "emaSpreadPct",
    "distFromEma9Pct",
    "distFromEma21Pct",
    "bbUpper",
    "bbMiddle",
    "bbLower",
    "bbWidth",
    "bbPctB",
    "bbWidthPct",
    "news_etf_flow",
    "news_regulatory_risk",
    "news_exchange_outage",
    "news_macro_shock",
    "news_whale_move",
    "news_exploit_or_hack",
    "news_stablecoin_event",
    "news_narrative_rotation",
    "news_listing_or_delisting",
    "news_protocol_upgrade",
    "news_high_volume_breakout",
    "news_unusual_volatility",
    "coin_idx"
  ],
  "coin_vocab": [
    "sei-network"
  ],
  "n_train_rows": 644,
  "n_test_rows": 535,
  "metrics": {
    "auc": 0.5875501591858985,
    "log_loss": 1.74348609678936,
    "brier": 0.19454731827219157,
    "directional_accuracy": 0.6785046728971962
  },
  "baseline_metrics": {
    "auc": 0.5299094003532084,
    "log_loss": 0.9320137400276105,
    "brier": 0.1524335251052282,
    "directional_accuracy": 0.7252336448598131
  },
  "threshold_pct": 0.03,
  "horizon_candles": 1,
  "class_return_means_pct": [
    -0.08613227086904099,
    0.0008006058311855143,
    0.18971469617620884
  ],
  "fold_metrics": [
    {
      "fold": 0,
      "n_train": 107,
      "n_test": 107,
      "auc": 0.6917249279140498,
      "log_loss": 1.0546322775239048,
      "brier": 0.17270173887025764,
      "directional_accuracy": 0.7009345794392523,
      "baseline_auc": 0.5399237666390172,
      "baseline_log_loss": 0.6389661834404896,
      "baseline_brier": 0.11431529699436678,
      "baseline_directional_accuracy": 0.8130841121495327,
      "best_params": {
        "objective": "multiclass",
        "num_class": 3,
        "metric": "multi_logloss",
        "num_leaves": 63,
        "learning_rate": 0.06807764614983679,
        "min_child_samples": 12,
        "feature_fraction": 0.9,
        "bagging_fraction": 0.9,
        "bagging_freq": 5,
        "verbose": -1,
        "deterministic": true,
        "seed": 42
      }
    },
    {
      "fold": 1,
      "n_train": 214,
      "n_test": 107,
      "auc": 0.5514240464878124,
      "log_loss": 1.1819107055341882,
      "brier": 0.1666730834401011,
      "directional_accuracy": 0.7009345794392523,
      "baseline_auc": 0.5815722978363639,
      "baseline_log_loss": 0.6257254813363847,
      "baseline_brier": 0.11184270213991139,
      "baseline_directional_accuracy": 0.8037383177570093,
      "best_params": {
        "objective": "multiclass",
        "num_class": 3,
        "metric": "multi_logloss",
        "num_leaves": 31,
        "learning_rate": 0.04488170057528786,
        "min_child_samples": 9,
        "feature_fraction": 0.9,
        "bagging_fraction": 0.9,
        "bagging_freq": 5,
        "verbose": -1,
        "deterministic": true,
        "seed": 42
      }
    },
    {
      "fold": 2,
      "n_train": 321,
      "n_test": 107,
      "auc": 0.5550143682213785,
      "log_loss": 1.532447549003397,
      "brier": 0.16052742567263575,
      "directional_accuracy": 0.7476635514018691,
      "baseline_auc": 0.3896008207756623,
      "baseline_log_loss": 0.7956264262057944,
      "baseline_brier": 0.13867303206494136,
      "baseline_directional_accuracy": 0.7570093457943925,
      "best_params": {
        "objective": "multiclass",
        "num_class": 3,
        "metric": "multi_logloss",
        "num_leaves": 31,
        "learning_rate": 0.04488170057528786,
        "min_child_samples": 9,
        "feature_fraction": 0.9,
        "bagging_fraction": 0.9,
        "bagging_freq": 5,
        "verbose": -1,
        "deterministic": true,
        "seed": 42
      }
    },
    {
      "fold": 3,
      "n_train": 428,
      "n_test": 107,
      "auc": 0.6001500981118241,
      "log_loss": 1.7787283261427498,
      "brier": 0.18676185465557185,
      "directional_accuracy": 0.6915887850467289,
      "baseline_auc": 0.599019438317807,
      "baseline_log_loss": 0.8065011706044214,
      "baseline_brier": 0.15347933021879878,
      "baseline_directional_accuracy": 0.7102803738317757,
      "best_params": {
        "objective": "multiclass",
        "num_class": 3,
        "metric": "multi_logloss",
        "num_leaves": 63,
        "learning_rate": 0.0938393881004349,
        "min_child_samples": 23,
        "feature_fraction": 0.9,
        "bagging_fraction": 0.9,
        "bagging_freq": 5,
        "verbose": -1,
        "deterministic": true,
        "seed": 42
      }
    },
    {
      "fold": 4,
      "n_train": 535,
      "n_test": 107,
      "auc": 0.5394373551944277,
      "log_loss": 3.1697116257425586,
      "brier": 0.2860724887223915,
      "directional_accuracy": 0.5514018691588785,
      "baseline_auc": 0.5394306781971915,
      "baseline_log_loss": 1.7932494385509623,
      "baseline_brier": 0.24385726410812267,
      "baseline_directional_accuracy": 0.5420560747663551,
      "best_params": {
        "objective": "multiclass",
        "num_class": 3,
        "metric": "multi_logloss",
        "num_leaves": 63,
        "learning_rate": 0.0938393881004349,
        "min_child_samples": 23,
        "feature_fraction": 0.9,
        "bagging_fraction": 0.9,
        "bagging_freq": 5,
        "verbose": -1,
        "deterministic": true,
        "seed": 42
      }
    }
  ],
  "note": "Per-coin model for sei-network/1m.",
  "directional_call_share": 0.023255813953488372,
  "directional_call_share_n": 129,
  "directional_call_share_source": "holdout",
  "model_kind": "lightgbm",
  "prior_probs": []
}