{
  "coin_id": "jupiter-exchange-solana",
  "timeframe": "1m",
  "version": "20260422T073621Z",
  "feature_names": [
    "ret1",
    "ret5",
    "ret10",
    "momentum",
    "realizedVol",
    "rsi14",
    "macdLine",
    "macdSignal",
    "macdHist",
    "atr14",
    "atrPct",
    "ema9",
    "ema21",
    "emaSpreadPct",
    "distFromEma9Pct",
    "distFromEma21Pct",
    "bbUpper",
    "bbMiddle",
    "bbLower",
    "bbWidth",
    "bbPctB",
    "bbWidthPct",
    "news_etf_flow",
    "news_regulatory_risk",
    "news_exchange_outage",
    "news_macro_shock",
    "news_whale_move",
    "news_exploit_or_hack",
    "news_stablecoin_event",
    "news_narrative_rotation",
    "news_listing_or_delisting",
    "news_protocol_upgrade",
    "news_high_volume_breakout",
    "news_unusual_volatility",
    "coin_idx"
  ],
  "coin_vocab": [
    "jupiter-exchange-solana"
  ],
  "n_train_rows": 621,
  "n_test_rows": 515,
  "metrics": {
    "auc": 0.5233718427961142,
    "log_loss": 1.9863245929486222,
    "brier": 0.23473628270801578,
    "directional_accuracy": 0.5864077669902912
  },
  "baseline_metrics": {
    "auc": 0.4871476278530208,
    "log_loss": 0.8407723586685216,
    "brier": 0.15500359639039904,
    "directional_accuracy": 0.7145631067961166
  },
  "threshold_pct": 0.03,
  "horizon_candles": 1,
  "class_return_means_pct": [
    -0.09302671843716906,
    -0.00011009365803034193,
    0.1470233058505358
  ],
  "fold_metrics": [
    {
      "fold": 0,
      "n_train": 103,
      "n_test": 103,
      "auc": 0.5562104562104563,
      "log_loss": 2.001645001131108,
      "brier": 0.23061627051734548,
      "directional_accuracy": 0.5825242718446602,
      "baseline_auc": 0.5437517636312817,
      "baseline_log_loss": 0.868908618740644,
      "baseline_brier": 0.16506125980107633,
      "baseline_directional_accuracy": 0.6796116504854369,
      "best_params": {
        "objective": "multiclass",
        "num_class": 3,
        "metric": "multi_logloss",
        "num_leaves": 15,
        "learning_rate": 0.09230320822645494,
        "min_child_samples": 6,
        "feature_fraction": 0.9,
        "bagging_fraction": 0.9,
        "bagging_freq": 5,
        "verbose": -1,
        "deterministic": true,
        "seed": 42
      }
    },
    {
      "fold": 1,
      "n_train": 206,
      "n_test": 103,
      "auc": 0.4609181859498917,
      "log_loss": 2.3967201745265667,
      "brier": 0.2709574162907375,
      "directional_accuracy": 0.49514563106796117,
      "baseline_auc": 0.43381960461859004,
      "baseline_log_loss": 0.674422539228479,
      "baseline_brier": 0.12017461372365994,
      "baseline_directional_accuracy": 0.8058252427184466,
      "best_params": {
        "objective": "multiclass",
        "num_class": 3,
        "metric": "multi_logloss",
        "num_leaves": 15,
        "learning_rate": 0.09230320822645494,
        "min_child_samples": 6,
        "feature_fraction": 0.9,
        "bagging_fraction": 0.9,
        "bagging_freq": 5,
        "verbose": -1,
        "deterministic": true,
        "seed": 42
      }
    },
    {
      "fold": 2,
      "n_train": 309,
      "n_test": 103,
      "auc": 0.5793975646386511,
      "log_loss": 1.8731040389359477,
      "brier": 0.21564505814122784,
      "directional_accuracy": 0.6504854368932039,
      "baseline_auc": 0.37479939355783526,
      "baseline_log_loss": 0.7461632083109494,
      "baseline_brier": 0.13128357068320073,
      "baseline_directional_accuracy": 0.7669902912621359,
      "best_params": {
        "objective": "multiclass",
        "num_class": 3,
        "metric": "multi_logloss",
        "num_leaves": 31,
        "learning_rate": 0.09340308327072934,
        "min_child_samples": 9,
        "feature_fraction": 0.9,
        "bagging_fraction": 0.9,
        "bagging_freq": 5,
        "verbose": -1,
        "deterministic": true,
        "seed": 42
      }
    },
    {
      "fold": 3,
      "n_train": 412,
      "n_test": 103,
      "auc": 0.5356009613225233,
      "log_loss": 2.269959421240454,
      "brier": 0.2514322996804123,
      "directional_accuracy": 0.6019417475728155,
      "baseline_auc": 0.6069692427926723,
      "baseline_log_loss": 0.807612362157439,
      "baseline_brier": 0.15254359332601566,
      "baseline_directional_accuracy": 0.6990291262135923,
      "best_params": {
        "objective": "multiclass",
        "num_class": 3,
        "metric": "multi_logloss",
        "num_leaves": 31,
        "learning_rate": 0.09340308327072934,
        "min_child_samples": 9,
        "feature_fraction": 0.9,
        "bagging_fraction": 0.9,
        "bagging_freq": 5,
        "verbose": -1,
        "deterministic": true,
        "seed": 42
      }
    },
    {
      "fold": 4,
      "n_train": 515,
      "n_test": 103,
      "auc": 0.4847320458590481,
      "log_loss": 1.3901943289090346,
      "brier": 0.20503036891035567,
      "directional_accuracy": 0.6019417475728155,
      "baseline_auc": 0.476398134664725,
      "baseline_log_loss": 1.106755064905097,
      "baseline_brier": 0.2059549444180425,
      "baseline_directional_accuracy": 0.6213592233009708,
      "best_params": {
        "objective": "multiclass",
        "num_class": 3,
        "metric": "multi_logloss",
        "num_leaves": 15,
        "learning_rate": 0.09230320822645494,
        "min_child_samples": 6,
        "feature_fraction": 0.9,
        "bagging_fraction": 0.9,
        "bagging_freq": 5,
        "verbose": -1,
        "deterministic": true,
        "seed": 42
      }
    }
  ],
  "note": "Per-coin model for jupiter-exchange-solana/1m.",
  "directional_call_share": 0.008,
  "directional_call_share_n": 125,
  "directional_call_share_source": "holdout",
  "model_kind": "lightgbm",
  "prior_probs": []
}