{
  "coin_id": "pepe",
  "timeframe": "2h",
  "version": "20260422T172401Z",
  "feature_names": [
    "ret1",
    "ret5",
    "ret10",
    "momentum",
    "realizedVol",
    "rsi14",
    "macdLine",
    "macdSignal",
    "macdHist",
    "atr14",
    "atrPct",
    "ema9",
    "ema21",
    "emaSpreadPct",
    "distFromEma9Pct",
    "distFromEma21Pct",
    "bbUpper",
    "bbMiddle",
    "bbLower",
    "bbWidth",
    "bbPctB",
    "bbWidthPct",
    "news_etf_flow",
    "news_regulatory_risk",
    "news_exchange_outage",
    "news_macro_shock",
    "news_whale_move",
    "news_exploit_or_hack",
    "news_stablecoin_event",
    "news_narrative_rotation",
    "news_listing_or_delisting",
    "news_protocol_upgrade",
    "news_high_volume_breakout",
    "news_unusual_volatility",
    "coin_idx"
  ],
  "coin_vocab": [
    "pepe"
  ],
  "n_train_rows": 325,
  "n_test_rows": 270,
  "metrics": {
    "auc": 0.5318986135529362,
    "log_loss": 3.718259664485089,
    "brier": 0.3686567225662808,
    "directional_accuracy": 0.37407407407407406
  },
  "baseline_metrics": {
    "auc": 0.5438693543185269,
    "log_loss": 1.1721673554379461,
    "brier": 0.23696484059059814,
    "directional_accuracy": 0.3518518518518518
  },
  "threshold_pct": 0.28,
  "horizon_candles": 1,
  "class_return_means_pct": [
    -0.9291171503769756,
    0.018783457263940092,
    1.1476109979875675
  ],
  "fold_metrics": [
    {
      "fold": 0,
      "n_train": 54,
      "n_test": 54,
      "auc": 0.5040755390843645,
      "log_loss": 4.014209336740974,
      "brier": 0.40773297586049545,
      "directional_accuracy": 0.2777777777777778,
      "baseline_auc": 0.526574357659884,
      "baseline_log_loss": 1.3716957592246568,
      "baseline_brier": 0.28404613104575654,
      "baseline_directional_accuracy": 0.24074074074074073,
      "best_params": {
        "objective": "multiclass",
        "num_class": 3,
        "metric": "multi_logloss",
        "num_leaves": 15,
        "learning_rate": 0.13161305301957182,
        "min_child_samples": 16,
        "feature_fraction": 0.9,
        "bagging_fraction": 0.9,
        "bagging_freq": 5,
        "verbose": -1,
        "deterministic": true,
        "seed": 42
      }
    },
    {
      "fold": 1,
      "n_train": 108,
      "n_test": 54,
      "auc": 0.45642420445052023,
      "log_loss": 3.712928676371832,
      "brier": 0.4168642006891153,
      "directional_accuracy": 0.24074074074074073,
      "baseline_auc": 0.6123066504645451,
      "baseline_log_loss": 1.144676919859297,
      "baseline_brier": 0.2263200938428905,
      "baseline_directional_accuracy": 0.3888888888888889,
      "best_params": {
        "objective": "multiclass",
        "num_class": 3,
        "metric": "multi_logloss",
        "num_leaves": 63,
        "learning_rate": 0.0938393881004349,
        "min_child_samples": 23,
        "feature_fraction": 0.9,
        "bagging_fraction": 0.9,
        "bagging_freq": 5,
        "verbose": -1,
        "deterministic": true,
        "seed": 42
      }
    },
    {
      "fold": 2,
      "n_train": 162,
      "n_test": 54,
      "auc": 0.5649679239795518,
      "log_loss": 3.931385298521895,
      "brier": 0.3688169540684849,
      "directional_accuracy": 0.4074074074074074,
      "baseline_auc": 0.554062042070763,
      "baseline_log_loss": 1.0644006845641316,
      "baseline_brier": 0.21440984744611,
      "baseline_directional_accuracy": 0.4074074074074074,
      "best_params": {
        "objective": "multiclass",
        "num_class": 3,
        "metric": "multi_logloss",
        "num_leaves": 63,
        "learning_rate": 0.14114357492446572,
        "min_child_samples": 19,
        "feature_fraction": 0.9,
        "bagging_fraction": 0.9,
        "bagging_freq": 5,
        "verbose": -1,
        "deterministic": true,
        "seed": 42
      }
    },
    {
      "fold": 3,
      "n_train": 216,
      "n_test": 54,
      "auc": 0.6339995324918185,
      "log_loss": 2.3789261201990826,
      "brier": 0.3094770354379411,
      "directional_accuracy": 0.48148148148148145,
      "baseline_auc": 0.5359104721832632,
      "baseline_log_loss": 1.184731872421926,
      "baseline_brier": 0.23682185379291454,
      "baseline_directional_accuracy": 0.35185185185185186,
      "best_params": {
        "objective": "multiclass",
        "num_class": 3,
        "metric": "multi_logloss",
        "num_leaves": 63,
        "learning_rate": 0.06605428581396347,
        "min_child_samples": 30,
        "feature_fraction": 0.9,
        "bagging_fraction": 0.9,
        "bagging_freq": 5,
        "verbose": -1,
        "deterministic": true,
        "seed": 42
      }
    },
    {
      "fold": 4,
      "n_train": 270,
      "n_test": 54,
      "auc": 0.500025867758426,
      "log_loss": 4.553848890591659,
      "brier": 0.3403924467753672,
      "directional_accuracy": 0.46296296296296297,
      "baseline_auc": 0.4904932492141794,
      "baseline_log_loss": 1.095331541119719,
      "baseline_brier": 0.22322627682531906,
      "baseline_directional_accuracy": 0.37037037037037035,
      "best_params": {
        "objective": "multiclass",
        "num_class": 3,
        "metric": "multi_logloss",
        "num_leaves": 15,
        "learning_rate": 0.15604122859138195,
        "min_child_samples": 8,
        "feature_fraction": 0.9,
        "bagging_fraction": 0.9,
        "bagging_freq": 5,
        "verbose": -1,
        "deterministic": true,
        "seed": 42
      }
    }
  ],
  "note": "Per-coin model for pepe/2h.",
  "directional_call_share": 1.0,
  "directional_call_share_n": 65,
  "directional_call_share_source": "holdout",
  "model_kind": "lightgbm",
  "prior_probs": [],
  "has_regression_head": true,
  "regression_head_stats": {
    "n_train_rows": 192,
    "n_holdout_rows": 48,
    "abs_pred_p50_pct": 1.0526361372268627,
    "abs_pred_p95_pct": 1.2803809239058643,
    "abs_pred_max_pct": 1.3662228806875647,
    "mae_pct": 0.42868324791392426,
    "best_iteration": 4
  },
  "gates_alignment": {
    "n": 65,
    "source": "holdout",
    "min_directional_edge": 0.05,
    "min_expected_return_pct": 0.15,
    "aligned_share": 1.0,
    "aligned_loud_share": 1.0,
    "aligned_quiet_share": 0.0,
    "loud_classifier_quiet_regressor_share": 0.0,
    "quiet_classifier_loud_regressor_share": 0.0,
    "dir_edge_p50": 0.05768424973229663,
    "dir_edge_p95": 0.7974683544303798,
    "abs_magnitude_pct_p50": 1.0532096346574171,
    "abs_magnitude_pct_p95": 1.2901605297071148
  }
}