{
  "coin_id": "pepe",
  "timeframe": "1m",
  "version": "20260422T121044Z",
  "feature_names": [
    "ret1",
    "ret5",
    "ret10",
    "momentum",
    "realizedVol",
    "rsi14",
    "macdLine",
    "macdSignal",
    "macdHist",
    "atr14",
    "atrPct",
    "ema9",
    "ema21",
    "emaSpreadPct",
    "distFromEma9Pct",
    "distFromEma21Pct",
    "bbUpper",
    "bbMiddle",
    "bbLower",
    "bbWidth",
    "bbPctB",
    "bbWidthPct",
    "news_etf_flow",
    "news_regulatory_risk",
    "news_exchange_outage",
    "news_macro_shock",
    "news_whale_move",
    "news_exploit_or_hack",
    "news_stablecoin_event",
    "news_narrative_rotation",
    "news_listing_or_delisting",
    "news_protocol_upgrade",
    "news_high_volume_breakout",
    "news_unusual_volatility",
    "coin_idx"
  ],
  "coin_vocab": [
    "pepe"
  ],
  "n_train_rows": 2118,
  "n_test_rows": 1765,
  "metrics": {
    "auc": 0.5136614482874641,
    "log_loss": 2.7852514863351647,
    "brier": 0.3216361624709775,
    "directional_accuracy": 0.41359773371104813
  },
  "baseline_metrics": {
    "auc": 0.547978587558707,
    "log_loss": 1.0540883071257574,
    "brier": 0.20934121405857686,
    "directional_accuracy": 0.4770538243626062
  },
  "threshold_pct": 0.03,
  "horizon_candles": 1,
  "class_return_means_pct": [
    -0.31479228020007194,
    0.0005616682319190893,
    0.3697913696560613
  ],
  "fold_metrics": [
    {
      "fold": 0,
      "n_train": 353,
      "n_test": 353,
      "auc": 0.572747255802855,
      "log_loss": 2.7049875759397093,
      "brier": 0.3110875520447555,
      "directional_accuracy": 0.47875354107648727,
      "baseline_auc": 0.5571482274520111,
      "baseline_log_loss": 1.0435891170917648,
      "baseline_brier": 0.20489188007517853,
      "baseline_directional_accuracy": 0.45325779036827196,
      "best_params": {
        "objective": "multiclass",
        "num_class": 3,
        "metric": "multi_logloss",
        "num_leaves": 31,
        "learning_rate": 0.1,
        "min_child_samples": 5,
        "feature_fraction": 0.9,
        "bagging_fraction": 0.9,
        "bagging_freq": 5,
        "verbose": -1,
        "deterministic": true,
        "seed": 42
      }
    },
    {
      "fold": 1,
      "n_train": 706,
      "n_test": 353,
      "auc": 0.530715809488059,
      "log_loss": 2.480585294306699,
      "brier": 0.3238495991895543,
      "directional_accuracy": 0.41359773371104813,
      "baseline_auc": 0.5535911072078038,
      "baseline_log_loss": 0.9685105971674206,
      "baseline_brier": 0.20024154916435985,
      "baseline_directional_accuracy": 0.45609065155807366,
      "best_params": {
        "objective": "multiclass",
        "num_class": 3,
        "metric": "multi_logloss",
        "num_leaves": 31,
        "learning_rate": 0.1,
        "min_child_samples": 5,
        "feature_fraction": 0.9,
        "bagging_fraction": 0.9,
        "bagging_freq": 5,
        "verbose": -1,
        "deterministic": true,
        "seed": 42
      }
    },
    {
      "fold": 2,
      "n_train": 1059,
      "n_test": 353,
      "auc": 0.4119741051365702,
      "log_loss": 5.5420093226384495,
      "brier": 0.44168963889479373,
      "directional_accuracy": 0.24645892351274787,
      "baseline_auc": 0.6048974464419581,
      "baseline_log_loss": 1.3716849567257168,
      "baseline_brier": 0.27293282870545066,
      "baseline_directional_accuracy": 0.23796033994334279,
      "best_params": {
        "objective": "multiclass",
        "num_class": 3,
        "metric": "multi_logloss",
        "num_leaves": 31,
        "learning_rate": 0.1,
        "min_child_samples": 5,
        "feature_fraction": 0.9,
        "bagging_fraction": 0.9,
        "bagging_freq": 5,
        "verbose": -1,
        "deterministic": true,
        "seed": 42
      }
    },
    {
      "fold": 3,
      "n_train": 1412,
      "n_test": 353,
      "auc": 0.5045009432080498,
      "log_loss": 1.532676262659094,
      "brier": 0.24242746554902148,
      "directional_accuracy": 0.5524079320113314,
      "baseline_auc": 0.46419034928130093,
      "baseline_log_loss": 0.9461333742591417,
      "baseline_brier": 0.18533920744165067,
      "baseline_directional_accuracy": 0.6317280453257791,
      "best_params": {
        "objective": "multiclass",
        "num_class": 3,
        "metric": "multi_logloss",
        "num_leaves": 31,
        "learning_rate": 0.1,
        "min_child_samples": 5,
        "feature_fraction": 0.9,
        "bagging_fraction": 0.9,
        "bagging_freq": 5,
        "verbose": -1,
        "deterministic": true,
        "seed": 42
      }
    },
    {
      "fold": 4,
      "n_train": 1765,
      "n_test": 353,
      "auc": 0.548369127801786,
      "log_loss": 1.665998976131873,
      "brier": 0.28912655667676224,
      "directional_accuracy": 0.37677053824362605,
      "baseline_auc": 0.5600658074104611,
      "baseline_log_loss": 0.9405234903847437,
      "baseline_brier": 0.18330060490624478,
      "baseline_directional_accuracy": 0.6062322946175638,
      "best_params": {
        "objective": "multiclass",
        "num_class": 3,
        "metric": "multi_logloss",
        "num_leaves": 31,
        "learning_rate": 0.1,
        "min_child_samples": 5,
        "feature_fraction": 0.9,
        "bagging_fraction": 0.9,
        "bagging_freq": 5,
        "verbose": -1,
        "deterministic": true,
        "seed": 42
      }
    }
  ],
  "note": "Per-coin model for pepe/1m.",
  "directional_call_share": 0.025943396226415096,
  "directional_call_share_n": 424,
  "directional_call_share_source": "holdout",
  "model_kind": "lightgbm",
  "prior_probs": [],
  "has_regression_head": true,
  "regression_head_stats": {
    "n_train_rows": 1082,
    "n_holdout_rows": 271,
    "abs_pred_p50_pct": 0.17033197442442888,
    "abs_pred_p95_pct": 0.32239055388175053,
    "abs_pred_max_pct": 1.1937109099222674,
    "mae_pct": 0.14899584133887306,
    "best_iteration": 40
  },
  "gates_alignment": {
    "n": 424,
    "source": "holdout",
    "min_directional_edge": 0.05,
    "min_expected_return_pct": 0.15,
    "aligned_share": 0.7264150943396226,
    "aligned_loud_share": 0.7240566037735849,
    "aligned_quiet_share": 0.0023584905660377358,
    "loud_classifier_quiet_regressor_share": 0.0,
    "quiet_classifier_loud_regressor_share": 0.27358490566037735,
    "dir_edge_p50": 0.11495894323455905,
    "dir_edge_p95": 0.1957815212288612,
    "abs_magnitude_pct_p50": 0.17525669088979973,
    "abs_magnitude_pct_p95": 0.35519449094925243
  }
}