{
  "coin_id": "jupiter-exchange-solana",
  "timeframe": "1m",
  "version": "20260422T101417Z",
  "feature_names": [
    "ret1",
    "ret5",
    "ret10",
    "momentum",
    "realizedVol",
    "rsi14",
    "macdLine",
    "macdSignal",
    "macdHist",
    "atr14",
    "atrPct",
    "ema9",
    "ema21",
    "emaSpreadPct",
    "distFromEma9Pct",
    "distFromEma21Pct",
    "bbUpper",
    "bbMiddle",
    "bbLower",
    "bbWidth",
    "bbPctB",
    "bbWidthPct",
    "news_etf_flow",
    "news_regulatory_risk",
    "news_exchange_outage",
    "news_macro_shock",
    "news_whale_move",
    "news_exploit_or_hack",
    "news_stablecoin_event",
    "news_narrative_rotation",
    "news_listing_or_delisting",
    "news_protocol_upgrade",
    "news_high_volume_breakout",
    "news_unusual_volatility",
    "coin_idx"
  ],
  "coin_vocab": [
    "jupiter-exchange-solana"
  ],
  "n_train_rows": 1486,
  "n_test_rows": 1235,
  "metrics": {
    "auc": 0.5031927929338091,
    "log_loss": 2.3349419811504317,
    "brier": 0.2854649769111994,
    "directional_accuracy": 0.46558704453441296
  },
  "baseline_metrics": {
    "auc": 0.578511193831683,
    "log_loss": 0.9173014885828845,
    "brier": 0.17497071381835766,
    "directional_accuracy": 0.605668016194332
  },
  "threshold_pct": 0.03,
  "horizon_candles": 1,
  "class_return_means_pct": [
    -0.45580876205409576,
    -0.000118021384930557,
    0.47632887553152886
  ],
  "fold_metrics": [
    {
      "fold": 0,
      "n_train": 247,
      "n_test": 247,
      "auc": 0.4343189873355165,
      "log_loss": 2.516474714605974,
      "brier": 0.29785762436416385,
      "directional_accuracy": 0.4817813765182186,
      "baseline_auc": 0.5318182483785873,
      "baseline_log_loss": 0.838637835821562,
      "baseline_brier": 0.17904376993687718,
      "baseline_directional_accuracy": 0.5182186234817814,
      "best_params": {
        "objective": "multiclass",
        "num_class": 3,
        "metric": "multi_logloss",
        "num_leaves": 31,
        "learning_rate": 0.1,
        "min_child_samples": 5,
        "feature_fraction": 0.9,
        "bagging_fraction": 0.9,
        "bagging_freq": 5,
        "verbose": -1,
        "deterministic": true,
        "seed": 42
      }
    },
    {
      "fold": 1,
      "n_train": 494,
      "n_test": 247,
      "auc": 0.4644435289933911,
      "log_loss": 4.222133898628955,
      "brier": 0.3577195224410274,
      "directional_accuracy": 0.3967611336032389,
      "baseline_auc": 0.614919035396267,
      "baseline_log_loss": 1.3304911636452237,
      "baseline_brier": 0.24562859067272882,
      "baseline_directional_accuracy": 0.3522267206477733,
      "best_params": {
        "objective": "multiclass",
        "num_class": 3,
        "metric": "multi_logloss",
        "num_leaves": 31,
        "learning_rate": 0.1,
        "min_child_samples": 5,
        "feature_fraction": 0.9,
        "bagging_fraction": 0.9,
        "bagging_freq": 5,
        "verbose": -1,
        "deterministic": true,
        "seed": 42
      }
    },
    {
      "fold": 2,
      "n_train": 741,
      "n_test": 247,
      "auc": 0.5077232073930228,
      "log_loss": 2.0226702505379968,
      "brier": 0.3017739648514531,
      "directional_accuracy": 0.3805668016194332,
      "baseline_auc": 0.5343996180598696,
      "baseline_log_loss": 0.8702185495824721,
      "baseline_brier": 0.16691626599738474,
      "baseline_directional_accuracy": 0.7004048582995951,
      "best_params": {
        "objective": "multiclass",
        "num_class": 3,
        "metric": "multi_logloss",
        "num_leaves": 31,
        "learning_rate": 0.1,
        "min_child_samples": 5,
        "feature_fraction": 0.9,
        "bagging_fraction": 0.9,
        "bagging_freq": 5,
        "verbose": -1,
        "deterministic": true,
        "seed": 42
      }
    },
    {
      "fold": 3,
      "n_train": 988,
      "n_test": 247,
      "auc": 0.5565995021613985,
      "log_loss": 1.4886658680501959,
      "brier": 0.2045592703784637,
      "directional_accuracy": 0.6234817813765182,
      "baseline_auc": 0.5970493444752888,
      "baseline_log_loss": 0.7689792228233324,
      "baseline_brier": 0.14403909966946815,
      "baseline_directional_accuracy": 0.7246963562753036,
      "best_params": {
        "objective": "multiclass",
        "num_class": 3,
        "metric": "multi_logloss",
        "num_leaves": 31,
        "learning_rate": 0.1,
        "min_child_samples": 5,
        "feature_fraction": 0.9,
        "bagging_fraction": 0.9,
        "bagging_freq": 5,
        "verbose": -1,
        "deterministic": true,
        "seed": 42
      }
    },
    {
      "fold": 4,
      "n_train": 1235,
      "n_test": 247,
      "auc": 0.5528787387857167,
      "log_loss": 1.4247651739290372,
      "brier": 0.26541450252088905,
      "directional_accuracy": 0.44534412955465585,
      "baseline_auc": 0.6143697228484024,
      "baseline_log_loss": 0.7781806710418324,
      "baseline_brier": 0.13922584281532938,
      "baseline_directional_accuracy": 0.7327935222672065,
      "best_params": {
        "objective": "multiclass",
        "num_class": 3,
        "metric": "multi_logloss",
        "num_leaves": 31,
        "learning_rate": 0.1,
        "min_child_samples": 5,
        "feature_fraction": 0.9,
        "bagging_fraction": 0.9,
        "bagging_freq": 5,
        "verbose": -1,
        "deterministic": true,
        "seed": 42
      }
    }
  ],
  "note": "Per-coin model for jupiter-exchange-solana/1m.",
  "directional_call_share": 0.006711409395973154,
  "directional_call_share_n": 298,
  "directional_call_share_source": "holdout",
  "model_kind": "lightgbm",
  "prior_probs": [],
  "has_regression_head": true,
  "regression_head_stats": {
    "n_train_rows": 678,
    "n_holdout_rows": 170,
    "abs_pred_p50_pct": 0.17051279621051857,
    "abs_pred_p95_pct": 0.49624164456938513,
    "abs_pred_max_pct": 0.8277852203200285,
    "mae_pct": 0.1420048318699798,
    "best_iteration": 58
  },
  "gates_alignment": {
    "n": 298,
    "source": "holdout",
    "min_directional_edge": 0.05,
    "min_expected_return_pct": 0.15,
    "aligned_share": 0.4966442953020134,
    "aligned_loud_share": 0.4966442953020134,
    "aligned_quiet_share": 0.0,
    "loud_classifier_quiet_regressor_share": 0.0,
    "quiet_classifier_loud_regressor_share": 0.5033557046979866,
    "dir_edge_p50": 0.03303462365823863,
    "dir_edge_p95": 0.1609388097233864,
    "abs_magnitude_pct_p50": 0.1942779827060676,
    "abs_magnitude_pct_p95": 0.5309312353961645
  }
}