{
  "coin_id": "pepe",
  "timeframe": "5m",
  "version": "20260422T144141Z",
  "feature_names": [
    "ret1",
    "ret5",
    "ret10",
    "momentum",
    "realizedVol",
    "rsi14",
    "macdLine",
    "macdSignal",
    "macdHist",
    "atr14",
    "atrPct",
    "ema9",
    "ema21",
    "emaSpreadPct",
    "distFromEma9Pct",
    "distFromEma21Pct",
    "bbUpper",
    "bbMiddle",
    "bbLower",
    "bbWidth",
    "bbPctB",
    "bbWidthPct",
    "news_etf_flow",
    "news_regulatory_risk",
    "news_exchange_outage",
    "news_macro_shock",
    "news_whale_move",
    "news_exploit_or_hack",
    "news_stablecoin_event",
    "news_narrative_rotation",
    "news_listing_or_delisting",
    "news_protocol_upgrade",
    "news_high_volume_breakout",
    "news_unusual_volatility",
    "coin_idx"
  ],
  "coin_vocab": [
    "pepe"
  ],
  "n_train_rows": 915,
  "n_test_rows": 760,
  "metrics": {
    "auc": 0.5205382654267211,
    "log_loss": 2.6673240069200572,
    "brier": 0.31295205385000746,
    "directional_accuracy": 0.438157894736842
  },
  "baseline_metrics": {
    "auc": 0.5240686360728193,
    "log_loss": 0.9795577068852049,
    "brier": 0.19943059495005275,
    "directional_accuracy": 0.4723684210526316
  },
  "threshold_pct": 0.04,
  "horizon_candles": 1,
  "class_return_means_pct": [
    -0.4732523278242271,
    -0.0025508028178707087,
    0.519531010722775
  ],
  "fold_metrics": [
    {
      "fold": 0,
      "n_train": 152,
      "n_test": 152,
      "auc": 0.5299550986231778,
      "log_loss": 3.2259026414650984,
      "brier": 0.3261748760885376,
      "directional_accuracy": 0.4407894736842105,
      "baseline_auc": 0.532465370564665,
      "baseline_log_loss": 0.926013045649976,
      "baseline_brier": 0.1932531905927275,
      "baseline_directional_accuracy": 0.46710526315789475,
      "best_params": {
        "objective": "multiclass",
        "num_class": 3,
        "metric": "multi_logloss",
        "num_leaves": 31,
        "learning_rate": 0.1,
        "min_child_samples": 5,
        "feature_fraction": 0.9,
        "bagging_fraction": 0.9,
        "bagging_freq": 5,
        "verbose": -1,
        "deterministic": true,
        "seed": 42
      }
    },
    {
      "fold": 1,
      "n_train": 304,
      "n_test": 152,
      "auc": 0.5281548121623468,
      "log_loss": 2.359976406773745,
      "brier": 0.301330924542589,
      "directional_accuracy": 0.4605263157894737,
      "baseline_auc": 0.5133570288644459,
      "baseline_log_loss": 0.9794239222223718,
      "baseline_brier": 0.1922673331831498,
      "baseline_directional_accuracy": 0.5328947368421053,
      "best_params": {
        "objective": "multiclass",
        "num_class": 3,
        "metric": "multi_logloss",
        "num_leaves": 31,
        "learning_rate": 0.1,
        "min_child_samples": 5,
        "feature_fraction": 0.9,
        "bagging_fraction": 0.9,
        "bagging_freq": 5,
        "verbose": -1,
        "deterministic": true,
        "seed": 42
      }
    },
    {
      "fold": 2,
      "n_train": 456,
      "n_test": 152,
      "auc": 0.5405560019200993,
      "log_loss": 2.6437499500393487,
      "brier": 0.3180258289994873,
      "directional_accuracy": 0.42105263157894735,
      "baseline_auc": 0.5574271913572116,
      "baseline_log_loss": 0.851220531308207,
      "baseline_brier": 0.18073375861351418,
      "baseline_directional_accuracy": 0.5131578947368421,
      "best_params": {
        "objective": "multiclass",
        "num_class": 3,
        "metric": "multi_logloss",
        "num_leaves": 31,
        "learning_rate": 0.1,
        "min_child_samples": 5,
        "feature_fraction": 0.9,
        "bagging_fraction": 0.9,
        "bagging_freq": 5,
        "verbose": -1,
        "deterministic": true,
        "seed": 42
      }
    },
    {
      "fold": 3,
      "n_train": 608,
      "n_test": 152,
      "auc": 0.5079165678096241,
      "log_loss": 2.379736877663436,
      "brier": 0.3081215403438235,
      "directional_accuracy": 0.4342105263157895,
      "baseline_auc": 0.5116588069690783,
      "baseline_log_loss": 1.035758802093198,
      "baseline_brier": 0.21127533759671913,
      "baseline_directional_accuracy": 0.42105263157894735,
      "best_params": {
        "objective": "multiclass",
        "num_class": 3,
        "metric": "multi_logloss",
        "num_leaves": 31,
        "learning_rate": 0.1,
        "min_child_samples": 5,
        "feature_fraction": 0.9,
        "bagging_fraction": 0.9,
        "bagging_freq": 5,
        "verbose": -1,
        "deterministic": true,
        "seed": 42
      }
    },
    {
      "fold": 4,
      "n_train": 760,
      "n_test": 152,
      "auc": 0.49610884661835747,
      "log_loss": 2.7272541586586585,
      "brier": 0.31110709927560004,
      "directional_accuracy": 0.4342105263157895,
      "baseline_auc": 0.5054347826086957,
      "baseline_log_loss": 1.1053722331522717,
      "baseline_brier": 0.2196233547641532,
      "baseline_directional_accuracy": 0.4276315789473684,
      "best_params": {
        "objective": "multiclass",
        "num_class": 3,
        "metric": "multi_logloss",
        "num_leaves": 31,
        "learning_rate": 0.1,
        "min_child_samples": 5,
        "feature_fraction": 0.9,
        "bagging_fraction": 0.9,
        "bagging_freq": 5,
        "verbose": -1,
        "deterministic": true,
        "seed": 42
      }
    }
  ],
  "note": "Per-coin model for pepe/5m.",
  "directional_call_share": 1.0,
  "directional_call_share_n": 183,
  "directional_call_share_source": "holdout",
  "model_kind": "lightgbm",
  "prior_probs": [],
  "has_regression_head": true,
  "regression_head_stats": {
    "n_train_rows": 652,
    "n_holdout_rows": 164,
    "abs_pred_p50_pct": 0.4008931879129879,
    "abs_pred_p95_pct": 0.7900941424803121,
    "abs_pred_max_pct": 1.1683006619323142,
    "mae_pct": 0.32160208287252484,
    "best_iteration": 34
  },
  "gates_alignment": {
    "n": 183,
    "source": "holdout",
    "min_directional_edge": 0.05,
    "min_expected_return_pct": 0.15,
    "aligned_share": 0.7486338797814208,
    "aligned_loud_share": 0.7486338797814208,
    "aligned_quiet_share": 0.0,
    "loud_classifier_quiet_regressor_share": 0.0,
    "quiet_classifier_loud_regressor_share": 0.25136612021857924,
    "dir_edge_p50": 0.06774561917072919,
    "dir_edge_p95": 0.30054644808743175,
    "abs_magnitude_pct_p50": 0.39825868685658145,
    "abs_magnitude_pct_p95": 0.8839208544714156
  }
}