{
  "coin_id": "celestia",
  "timeframe": "6h",
  "version": "20260422T085740Z",
  "feature_names": [
    "ret1",
    "ret5",
    "ret10",
    "momentum",
    "realizedVol",
    "rsi14",
    "macdLine",
    "macdSignal",
    "macdHist",
    "atr14",
    "atrPct",
    "ema9",
    "ema21",
    "emaSpreadPct",
    "distFromEma9Pct",
    "distFromEma21Pct",
    "bbUpper",
    "bbMiddle",
    "bbLower",
    "bbWidth",
    "bbPctB",
    "bbWidthPct",
    "news_etf_flow",
    "news_regulatory_risk",
    "news_exchange_outage",
    "news_macro_shock",
    "news_whale_move",
    "news_exploit_or_hack",
    "news_stablecoin_event",
    "news_narrative_rotation",
    "news_listing_or_delisting",
    "news_protocol_upgrade",
    "news_high_volume_breakout",
    "news_unusual_volatility",
    "coin_idx"
  ],
  "coin_vocab": [
    "celestia"
  ],
  "n_train_rows": 86,
  "n_test_rows": 36,
  "metrics": {
    "auc": 0.613363603988604,
    "log_loss": 1.4137943685596062,
    "brier": 0.2621210287177575,
    "directional_accuracy": 0.41666666666666663
  },
  "baseline_metrics": {
    "auc": 0.5831374643874644,
    "log_loss": 2.740875219721243,
    "brier": 0.34466620658265984,
    "directional_accuracy": 0.33333333333333337
  },
  "threshold_pct": 0.45,
  "horizon_candles": 1,
  "class_return_means_pct": [
    -1.5349578386886902,
    -0.010305173776834084,
    2.742234754446412
  ],
  "fold_metrics": [
    {
      "fold": 0,
      "n_train": 50,
      "n_test": 18,
      "auc": 0.7139066951566951,
      "log_loss": 1.1549214224638804,
      "brier": 0.21439905997717354,
      "directional_accuracy": 0.5,
      "baseline_auc": 0.5720441595441595,
      "baseline_log_loss": 2.6761449678916787,
      "baseline_brier": 0.28825696650728977,
      "baseline_directional_accuracy": 0.3888888888888889,
      "best_params": {
        "objective": "multiclass",
        "num_class": 3,
        "metric": "multi_logloss",
        "num_leaves": 15,
        "learning_rate": 0.060113218328857784,
        "min_child_samples": 16,
        "feature_fraction": 0.9,
        "bagging_fraction": 0.9,
        "bagging_freq": 5,
        "verbose": -1,
        "deterministic": true,
        "seed": 42
      }
    },
    {
      "fold": 1,
      "n_train": 68,
      "n_test": 18,
      "auc": 0.5128205128205129,
      "log_loss": 1.6726673146553317,
      "brier": 0.3098429974583415,
      "directional_accuracy": 0.3333333333333333,
      "baseline_auc": 0.5942307692307692,
      "baseline_log_loss": 2.8056054715508068,
      "baseline_brier": 0.4010754466580299,
      "baseline_directional_accuracy": 0.2777777777777778,
      "best_params": {
        "objective": "multiclass",
        "num_class": 3,
        "metric": "multi_logloss",
        "num_leaves": 63,
        "learning_rate": 0.06807764614983679,
        "min_child_samples": 12,
        "feature_fraction": 0.9,
        "bagging_fraction": 0.9,
        "bagging_freq": 5,
        "verbose": -1,
        "deterministic": true,
        "seed": 42
      }
    }
  ],
  "note": "Per-coin model for celestia/6h.",
  "directional_call_share": 0.6111111111111112,
  "directional_call_share_n": 18,
  "directional_call_share_source": "holdout",
  "model_kind": "lightgbm",
  "prior_probs": []
}