{
  "coin_id": "celestia",
  "timeframe": "1m",
  "version": "20260422T160019Z",
  "feature_names": [
    "ret1",
    "ret5",
    "ret10",
    "momentum",
    "realizedVol",
    "rsi14",
    "macdLine",
    "macdSignal",
    "macdHist",
    "atr14",
    "atrPct",
    "ema9",
    "ema21",
    "emaSpreadPct",
    "distFromEma9Pct",
    "distFromEma21Pct",
    "bbUpper",
    "bbMiddle",
    "bbLower",
    "bbWidth",
    "bbPctB",
    "bbWidthPct",
    "news_etf_flow",
    "news_regulatory_risk",
    "news_exchange_outage",
    "news_macro_shock",
    "news_whale_move",
    "news_exploit_or_hack",
    "news_stablecoin_event",
    "news_narrative_rotation",
    "news_listing_or_delisting",
    "news_protocol_upgrade",
    "news_high_volume_breakout",
    "news_unusual_volatility",
    "coin_idx"
  ],
  "coin_vocab": [
    "celestia"
  ],
  "n_train_rows": 1733,
  "n_test_rows": 1445,
  "metrics": {
    "auc": 0.5261116171208731,
    "log_loss": 4.115578159004611,
    "brier": 0.32857652672742504,
    "directional_accuracy": 0.4484429065743945
  },
  "baseline_metrics": {
    "auc": 0.5264968500247018,
    "log_loss": 1.1167181283620096,
    "brier": 0.20434179933840632,
    "directional_accuracy": 0.5273356401384083
  },
  "threshold_pct": 0.03,
  "horizon_candles": 1,
  "class_return_means_pct": [
    -0.4222005253649027,
    0.0008991769724990549,
    0.473330716023464
  ],
  "fold_metrics": [
    {
      "fold": 0,
      "n_train": 288,
      "n_test": 289,
      "auc": 0.4969727858962136,
      "log_loss": 2.459931156098247,
      "brier": 0.3338545116314538,
      "directional_accuracy": 0.3944636678200692,
      "baseline_auc": 0.5046827142703435,
      "baseline_log_loss": 0.8727261475013212,
      "baseline_brier": 0.18689193131795778,
      "baseline_directional_accuracy": 0.5017301038062284,
      "best_params": {
        "objective": "multiclass",
        "num_class": 3,
        "metric": "multi_logloss",
        "num_leaves": 31,
        "learning_rate": 0.05249700019256696,
        "min_child_samples": 25,
        "feature_fraction": 0.9,
        "bagging_fraction": 0.9,
        "bagging_freq": 5,
        "verbose": -1,
        "deterministic": true,
        "seed": 42
      }
    },
    {
      "fold": 1,
      "n_train": 577,
      "n_test": 289,
      "auc": 0.4481863045215532,
      "log_loss": 8.442774484862015,
      "brier": 0.4760612236866251,
      "directional_accuracy": 0.2560553633217993,
      "baseline_auc": 0.5610364585818021,
      "baseline_log_loss": 2.0619700730135437,
      "baseline_brier": 0.3235216091314362,
      "baseline_directional_accuracy": 0.2422145328719723,
      "best_params": {
        "objective": "multiclass",
        "num_class": 3,
        "metric": "multi_logloss",
        "num_leaves": 31,
        "learning_rate": 0.19982696830235425,
        "min_child_samples": 18,
        "feature_fraction": 0.9,
        "bagging_fraction": 0.9,
        "bagging_freq": 5,
        "verbose": -1,
        "deterministic": true,
        "seed": 42
      }
    },
    {
      "fold": 2,
      "n_train": 866,
      "n_test": 289,
      "auc": 0.5484637087136998,
      "log_loss": 3.736879105993375,
      "brier": 0.34822826386121747,
      "directional_accuracy": 0.40484429065743943,
      "baseline_auc": 0.482432701287991,
      "baseline_log_loss": 0.9263589592567566,
      "baseline_brier": 0.18224834405581847,
      "baseline_directional_accuracy": 0.5570934256055363,
      "best_params": {
        "objective": "multiclass",
        "num_class": 3,
        "metric": "multi_logloss",
        "num_leaves": 31,
        "learning_rate": 0.11754642270312396,
        "min_child_samples": 30,
        "feature_fraction": 0.9,
        "bagging_fraction": 0.9,
        "bagging_freq": 5,
        "verbose": -1,
        "deterministic": true,
        "seed": 42
      }
    },
    {
      "fold": 3,
      "n_train": 1155,
      "n_test": 289,
      "auc": 0.5951628472305892,
      "log_loss": 2.9422717830520497,
      "brier": 0.23639303650891227,
      "directional_accuracy": 0.5986159169550173,
      "baseline_auc": 0.585835055103447,
      "baseline_log_loss": 0.8303612756330119,
      "baseline_brier": 0.1571294862152006,
      "baseline_directional_accuracy": 0.6782006920415224,
      "best_params": {
        "objective": "multiclass",
        "num_class": 3,
        "metric": "multi_logloss",
        "num_leaves": 63,
        "learning_rate": 0.12308891833337847,
        "min_child_samples": 25,
        "feature_fraction": 0.9,
        "bagging_fraction": 0.9,
        "bagging_freq": 5,
        "verbose": -1,
        "deterministic": true,
        "seed": 42
      }
    },
    {
      "fold": 4,
      "n_train": 1444,
      "n_test": 289,
      "auc": 0.5417724392423091,
      "log_loss": 2.996034265017373,
      "brier": 0.2483455979489166,
      "directional_accuracy": 0.5882352941176471,
      "baseline_auc": 0.49849732087992593,
      "baseline_log_loss": 0.8921741864054148,
      "baseline_brier": 0.1719176259716186,
      "baseline_directional_accuracy": 0.657439446366782,
      "best_params": {
        "objective": "multiclass",
        "num_class": 3,
        "metric": "multi_logloss",
        "num_leaves": 31,
        "learning_rate": 0.19694072257419662,
        "min_child_samples": 27,
        "feature_fraction": 0.9,
        "bagging_fraction": 0.9,
        "bagging_freq": 5,
        "verbose": -1,
        "deterministic": true,
        "seed": 42
      }
    }
  ],
  "note": "Per-coin model for celestia/1m.",
  "directional_call_share": 0.008645533141210375,
  "directional_call_share_n": 347,
  "directional_call_share_source": "holdout",
  "model_kind": "lightgbm",
  "prior_probs": [],
  "has_regression_head": true,
  "regression_head_stats": {
    "n_train_rows": 764,
    "n_holdout_rows": 192,
    "abs_pred_p50_pct": 0.17142048936387647,
    "abs_pred_p95_pct": 0.3895861205045153,
    "abs_pred_max_pct": 0.6184665354786517,
    "mae_pct": 0.13951000509367414,
    "best_iteration": 35
  },
  "gates_alignment": {
    "n": 347,
    "source": "holdout",
    "min_directional_edge": 0.05,
    "min_expected_return_pct": 0.15,
    "aligned_share": 0.34293948126801155,
    "aligned_loud_share": 0.34293948126801155,
    "aligned_quiet_share": 0.0,
    "loud_classifier_quiet_regressor_share": 0.0,
    "quiet_classifier_loud_regressor_share": 0.6570605187319885,
    "dir_edge_p50": 0.04451038575667658,
    "dir_edge_p95": 0.20240230427690914,
    "abs_magnitude_pct_p50": 0.17142048936387647,
    "abs_magnitude_pct_p95": 0.17142048936387647
  }
}