{
  "coin_id": "jupiter-exchange-solana",
  "timeframe": "1m",
  "version": "20260422T121946Z",
  "feature_names": [
    "ret1",
    "ret5",
    "ret10",
    "momentum",
    "realizedVol",
    "rsi14",
    "macdLine",
    "macdSignal",
    "macdHist",
    "atr14",
    "atrPct",
    "ema9",
    "ema21",
    "emaSpreadPct",
    "distFromEma9Pct",
    "distFromEma21Pct",
    "bbUpper",
    "bbMiddle",
    "bbLower",
    "bbWidth",
    "bbPctB",
    "bbWidthPct",
    "news_etf_flow",
    "news_regulatory_risk",
    "news_exchange_outage",
    "news_macro_shock",
    "news_whale_move",
    "news_exploit_or_hack",
    "news_stablecoin_event",
    "news_narrative_rotation",
    "news_listing_or_delisting",
    "news_protocol_upgrade",
    "news_high_volume_breakout",
    "news_unusual_volatility",
    "coin_idx"
  ],
  "coin_vocab": [
    "jupiter-exchange-solana"
  ],
  "n_train_rows": 1609,
  "n_test_rows": 1340,
  "metrics": {
    "auc": 0.5535148854596297,
    "log_loss": 1.707437203305076,
    "brier": 0.21898499024704696,
    "directional_accuracy": 0.5694029850746268
  },
  "baseline_metrics": {
    "auc": 0.5712797100810488,
    "log_loss": 0.9362957852085086,
    "brier": 0.17575822885946907,
    "directional_accuracy": 0.6014925373134329
  },
  "threshold_pct": 0.03,
  "horizon_candles": 1,
  "class_return_means_pct": [
    -0.44622938472873347,
    -4.735959082680886e-05,
    0.4619551159079635
  ],
  "fold_metrics": [
    {
      "fold": 0,
      "n_train": 268,
      "n_test": 268,
      "auc": 0.5327128105004882,
      "log_loss": 1.502958553154753,
      "brier": 0.2522692970035581,
      "directional_accuracy": 0.4925373134328358,
      "baseline_auc": 0.5224085534708446,
      "baseline_log_loss": 0.8521979811631822,
      "baseline_brier": 0.1806130563524296,
      "baseline_directional_accuracy": 0.5223880597014925,
      "best_params": {
        "objective": "multiclass",
        "num_class": 3,
        "metric": "multi_logloss",
        "num_leaves": 63,
        "learning_rate": 0.0938393881004349,
        "min_child_samples": 23,
        "feature_fraction": 0.9,
        "bagging_fraction": 0.9,
        "bagging_freq": 5,
        "verbose": -1,
        "deterministic": true,
        "seed": 42
      }
    },
    {
      "fold": 1,
      "n_train": 536,
      "n_test": 268,
      "auc": 0.4752558454680251,
      "log_loss": 4.352326533330082,
      "brier": 0.37264263053680996,
      "directional_accuracy": 0.30223880597014924,
      "baseline_auc": 0.6148814444488183,
      "baseline_log_loss": 1.5648525026514146,
      "baseline_brier": 0.28095180666829905,
      "baseline_directional_accuracy": 0.27238805970149255,
      "best_params": {
        "objective": "multiclass",
        "num_class": 3,
        "metric": "multi_logloss",
        "num_leaves": 63,
        "learning_rate": 0.0938393881004349,
        "min_child_samples": 23,
        "feature_fraction": 0.9,
        "bagging_fraction": 0.9,
        "bagging_freq": 5,
        "verbose": -1,
        "deterministic": true,
        "seed": 42
      }
    },
    {
      "fold": 2,
      "n_train": 804,
      "n_test": 268,
      "auc": 0.5219037649290809,
      "log_loss": 1.121822521451865,
      "brier": 0.1769736597885244,
      "directional_accuracy": 0.667910447761194,
      "baseline_auc": 0.5667053477188198,
      "baseline_log_loss": 0.7469552784125104,
      "baseline_brier": 0.13920213830772987,
      "baseline_directional_accuracy": 0.7425373134328358,
      "best_params": {
        "objective": "multiclass",
        "num_class": 3,
        "metric": "multi_logloss",
        "num_leaves": 15,
        "learning_rate": 0.060113218328857784,
        "min_child_samples": 16,
        "feature_fraction": 0.9,
        "bagging_fraction": 0.9,
        "bagging_freq": 5,
        "verbose": -1,
        "deterministic": true,
        "seed": 42
      }
    },
    {
      "fold": 3,
      "n_train": 1072,
      "n_test": 268,
      "auc": 0.5865734598995686,
      "log_loss": 0.9363390522253783,
      "brier": 0.18013652236584288,
      "directional_accuracy": 0.5895522388059702,
      "baseline_auc": 0.5869122983290401,
      "baseline_log_loss": 0.8578787751882231,
      "baseline_brier": 0.15877118634764453,
      "baseline_directional_accuracy": 0.6828358208955224,
      "best_params": {
        "objective": "multiclass",
        "num_class": 3,
        "metric": "multi_logloss",
        "num_leaves": 15,
        "learning_rate": 0.060113218328857784,
        "min_child_samples": 16,
        "feature_fraction": 0.9,
        "bagging_fraction": 0.9,
        "bagging_freq": 5,
        "verbose": -1,
        "deterministic": true,
        "seed": 42
      }
    },
    {
      "fold": 4,
      "n_train": 1340,
      "n_test": 268,
      "auc": 0.6511285465009853,
      "log_loss": 0.6237393563633036,
      "brier": 0.1129028415404995,
      "directional_accuracy": 0.7947761194029851,
      "baseline_auc": 0.5654909064377215,
      "baseline_log_loss": 0.6595943886272122,
      "baseline_brier": 0.1192529566212422,
      "baseline_directional_accuracy": 0.7873134328358209,
      "best_params": {
        "objective": "multiclass",
        "num_class": 3,
        "metric": "multi_logloss",
        "num_leaves": 15,
        "learning_rate": 0.060113218328857784,
        "min_child_samples": 16,
        "feature_fraction": 0.9,
        "bagging_fraction": 0.9,
        "bagging_freq": 5,
        "verbose": -1,
        "deterministic": true,
        "seed": 42
      }
    }
  ],
  "note": "Per-coin model for jupiter-exchange-solana/1m.",
  "directional_call_share": 0.012422360248447204,
  "directional_call_share_n": 322,
  "directional_call_share_source": "holdout",
  "model_kind": "lightgbm",
  "prior_probs": [],
  "has_regression_head": true,
  "regression_head_stats": {
    "n_train_rows": 698,
    "n_holdout_rows": 175,
    "abs_pred_p50_pct": 0.13719935767952746,
    "abs_pred_p95_pct": 0.5193173952360297,
    "abs_pred_max_pct": 0.7717659141894537,
    "mae_pct": 0.12024487728385355,
    "best_iteration": 47
  },
  "gates_alignment": {
    "n": 322,
    "source": "holdout",
    "min_directional_edge": 0.05,
    "min_expected_return_pct": 0.15,
    "aligned_share": 0.7018633540372671,
    "aligned_loud_share": 0.018633540372670808,
    "aligned_quiet_share": 0.6832298136645962,
    "loud_classifier_quiet_regressor_share": 0.2577639751552795,
    "quiet_classifier_loud_regressor_share": 0.040372670807453416,
    "dir_edge_p50": 0.04879011258578044,
    "dir_edge_p95": 0.3147844619928364,
    "abs_magnitude_pct_p50": 0.13719935767952746,
    "abs_magnitude_pct_p95": 0.15356122809689166
  }
}