{
  "coin_id": "jupiter-exchange-solana",
  "timeframe": "6h",
  "version": "20260425T102430Z",
  "feature_names": [
    "ret1",
    "ret5",
    "ret10",
    "momentum",
    "realizedVol",
    "rsi14",
    "macdLine",
    "macdSignal",
    "macdHist",
    "atr14",
    "atrPct",
    "ema9",
    "ema21",
    "emaSpreadPct",
    "distFromEma9Pct",
    "distFromEma21Pct",
    "bbUpper",
    "bbMiddle",
    "bbLower",
    "bbWidth",
    "bbPctB",
    "bbWidthPct",
    "funding_rate",
    "open_interest_z",
    "liquidations_1h_usd",
    "bid_ask_spread_bps",
    "btc_lead_ret_5m",
    "eth_lead_ret_5m",
    "btc_liquidations_1h_usd",
    "eth_liquidations_1h_usd",
    "sol_liquidations_1h_usd",
    "session_asia",
    "session_eu",
    "session_us",
    "hour_of_day_sin",
    "hour_of_day_cos",
    "coin_idx"
  ],
  "coin_vocab": [
    "jupiter-exchange-solana"
  ],
  "n_train_rows": 1413,
  "n_test_rows": 1175,
  "metrics": {
    "auc": 0.5246654586942006,
    "log_loss": 3.802882695339259,
    "brier": 0.35755767011502687,
    "directional_accuracy": 0.4042553191489362
  },
  "baseline_metrics": {
    "auc": 0.5486621793752994,
    "log_loss": 1.0849259462935426,
    "brier": 0.22149659337787736,
    "directional_accuracy": 0.4212765957446809
  },
  "threshold_pct": 0.8075,
  "horizon_candles": 4,
  "class_return_means_pct": [
    -4.524665122965454,
    0.018070327691859695,
    4.6409479351647
  ],
  "fold_metrics": [
    {
      "fold": 0,
      "n_train": 235,
      "n_test": 235,
      "auc": 0.49563089272688793,
      "log_loss": 3.7876064589009952,
      "brier": 0.3315735036085641,
      "directional_accuracy": 0.46382978723404256,
      "baseline_auc": 0.5210460406197297,
      "baseline_log_loss": 1.0200820810331939,
      "baseline_brier": 0.2071700961560167,
      "baseline_directional_accuracy": 0.46808510638297873,
      "best_params": {
        "objective": "multiclass",
        "num_class": 3,
        "metric": "multi_logloss",
        "num_leaves": 15,
        "learning_rate": 0.03535772879328508,
        "min_child_samples": 5,
        "feature_fraction": 0.9,
        "bagging_fraction": 0.9,
        "bagging_freq": 5,
        "verbose": -1,
        "deterministic": true,
        "seed": 42
      },
      "feature_importance": [
        480.31162794350166,
        297.0711898057766,
        238.41962516352663,
        555.7206815530003,
        416.4971070373067,
        161.3997921861319,
        292.72736676736895,
        495.3374013729608,
        230.8051966612784,
        156.22220605075336,
        173.59745572024826,
        570.4790492146617,
        333.93964389253415,
        365.13960439277616,
        139.6986271650801,
        189.38050851396292,
        422.90400470675377,
        140.24848029161393,
        479.74266521337813,
        458.36093323832307,
        204.85929973207385,
        360.2300030152337,
        0.0,
        0.0,
        0.0,
        0.0,
        0.0,
        0.0,
        0.0,
        0.0,
        0.0,
        38.169132266652014,
        22.45303626545501,
        2.4869116387890244,
        31.051708691968088,
        93.0420567761521,
        0.0
      ],
      "feature_names": [
        "ret1",
        "ret5",
        "ret10",
        "momentum",
        "realizedVol",
        "rsi14",
        "macdLine",
        "macdSignal",
        "macdHist",
        "atr14",
        "atrPct",
        "ema9",
        "ema21",
        "emaSpreadPct",
        "distFromEma9Pct",
        "distFromEma21Pct",
        "bbUpper",
        "bbMiddle",
        "bbLower",
        "bbWidth",
        "bbPctB",
        "bbWidthPct",
        "funding_rate",
        "open_interest_z",
        "liquidations_1h_usd",
        "bid_ask_spread_bps",
        "btc_lead_ret_5m",
        "eth_lead_ret_5m",
        "btc_liquidations_1h_usd",
        "eth_liquidations_1h_usd",
        "sol_liquidations_1h_usd",
        "session_asia",
        "session_eu",
        "session_us",
        "hour_of_day_sin",
        "hour_of_day_cos",
        "coin_idx"
      ]
    },
    {
      "fold": 1,
      "n_train": 470,
      "n_test": 235,
      "auc": 0.5748653700825032,
      "log_loss": 3.4647738035873425,
      "brier": 0.3349392330746272,
      "directional_accuracy": 0.425531914893617,
      "baseline_auc": 0.5090284960561059,
      "baseline_log_loss": 1.1100251613555387,
      "baseline_brier": 0.2232331641072609,
      "baseline_directional_accuracy": 0.39148936170212767,
      "best_params": {
        "objective": "multiclass",
        "num_class": 3,
        "metric": "multi_logloss",
        "num_leaves": 63,
        "learning_rate": 0.13055599100041576,
        "min_child_samples": 13,
        "feature_fraction": 0.9,
        "bagging_fraction": 0.9,
        "bagging_freq": 5,
        "verbose": -1,
        "deterministic": true,
        "seed": 42
      },
      "feature_importance": [
        193.3170253993916,
        162.84528782372965,
        173.60063035289303,
        202.82269091679836,
        226.26700053574467,
        110.0326898822368,
        147.41079103727228,
        256.96211671304343,
        226.7892890407727,
        161.92376578770572,
        154.92170322966552,
        238.5448445226186,
        220.9352955263979,
        161.4684132646458,
        129.58770085780392,
        201.8842572224735,
        145.05696111443524,
        184.7826455701639,
        320.41040210877395,
        226.3030532738393,
        157.6143889877628,
        205.07923392880258,
        0.0,
        0.0,
        0.0,
        0.0,
        0.0,
        0.0,
        0.0,
        0.0,
        0.0,
        24.455365115195416,
        8.36443782636714,
        10.736828937198162,
        24.876783965741218,
        42.42722291652337,
        0.0
      ],
      "feature_names": [
        "ret1",
        "ret5",
        "ret10",
        "momentum",
        "realizedVol",
        "rsi14",
        "macdLine",
        "macdSignal",
        "macdHist",
        "atr14",
        "atrPct",
        "ema9",
        "ema21",
        "emaSpreadPct",
        "distFromEma9Pct",
        "distFromEma21Pct",
        "bbUpper",
        "bbMiddle",
        "bbLower",
        "bbWidth",
        "bbPctB",
        "bbWidthPct",
        "funding_rate",
        "open_interest_z",
        "liquidations_1h_usd",
        "bid_ask_spread_bps",
        "btc_lead_ret_5m",
        "eth_lead_ret_5m",
        "btc_liquidations_1h_usd",
        "eth_liquidations_1h_usd",
        "sol_liquidations_1h_usd",
        "session_asia",
        "session_eu",
        "session_us",
        "hour_of_day_sin",
        "hour_of_day_cos",
        "coin_idx"
      ]
    },
    {
      "fold": 2,
      "n_train": 705,
      "n_test": 235,
      "auc": 0.5111845360212667,
      "log_loss": 5.156824619593296,
      "brier": 0.4278148568746487,
      "directional_accuracy": 0.3148936170212766,
      "baseline_auc": 0.5883274127704593,
      "baseline_log_loss": 1.2377236041071211,
      "baseline_brier": 0.2613139007246797,
      "baseline_directional_accuracy": 0.30638297872340425,
      "best_params": {
        "objective": "multiclass",
        "num_class": 3,
        "metric": "multi_logloss",
        "num_leaves": 63,
        "learning_rate": 0.03882353836188589,
        "min_child_samples": 23,
        "feature_fraction": 0.9,
        "bagging_fraction": 0.9,
        "bagging_freq": 5,
        "verbose": -1,
        "deterministic": true,
        "seed": 42
      },