{
  "coin_id": "dogwifcoin",
  "timeframe": "6h",
  "version": "20260422T095326Z",
  "feature_names": [
    "ret1",
    "ret5",
    "ret10",
    "momentum",
    "realizedVol",
    "rsi14",
    "macdLine",
    "macdSignal",
    "macdHist",
    "atr14",
    "atrPct",
    "ema9",
    "ema21",
    "emaSpreadPct",
    "distFromEma9Pct",
    "distFromEma21Pct",
    "bbUpper",
    "bbMiddle",
    "bbLower",
    "bbWidth",
    "bbPctB",
    "bbWidthPct",
    "news_etf_flow",
    "news_regulatory_risk",
    "news_exchange_outage",
    "news_macro_shock",
    "news_whale_move",
    "news_exploit_or_hack",
    "news_stablecoin_event",
    "news_narrative_rotation",
    "news_listing_or_delisting",
    "news_protocol_upgrade",
    "news_high_volume_breakout",
    "news_unusual_volatility",
    "coin_idx"
  ],
  "coin_vocab": [
    "dogwifcoin"
  ],
  "n_train_rows": 86,
  "n_test_rows": 36,
  "metrics": {
    "auc": 0.6014939936304315,
    "log_loss": 2.7479453844234207,
    "brier": 0.3402387167232026,
    "directional_accuracy": 0.3888888888888889
  },
  "baseline_metrics": {
    "auc": 0.5615126620232829,
    "log_loss": 1.54356456370755,
    "brier": 0.28128379124804304,
    "directional_accuracy": 0.38888888888888884
  },
  "threshold_pct": 0.45,
  "horizon_candles": 1,
  "class_return_means_pct": [
    -1.619681352394157,
    0.002043273185960761,
    2.436819402523007
  ],
  "fold_metrics": [
    {
      "fold": 0,
      "n_train": 50,
      "n_test": 18,
      "auc": 0.6219377874606633,
      "log_loss": 2.8103855635511863,
      "brier": 0.2794261288726813,
      "directional_accuracy": 0.5555555555555556,
      "baseline_auc": 0.5982147179859598,
      "baseline_log_loss": 0.9897524913146771,
      "baseline_brier": 0.2197633743711822,
      "baseline_directional_accuracy": 0.4444444444444444,
      "best_params": {
        "objective": "multiclass",
        "num_class": 3,
        "metric": "multi_logloss",
        "num_leaves": 31,
        "learning_rate": 0.1,
        "min_child_samples": 5,
        "feature_fraction": 0.9,
        "bagging_fraction": 0.9,
        "bagging_freq": 5,
        "verbose": -1,
        "deterministic": true,
        "seed": 42
      }
    },
    {
      "fold": 1,
      "n_train": 68,
      "n_test": 18,
      "auc": 0.5810501998001998,
      "log_loss": 2.6855052052956556,
      "brier": 0.40105130457372384,
      "directional_accuracy": 0.2222222222222222,
      "baseline_auc": 0.524810606060606,
      "baseline_log_loss": 2.0973766361004227,
      "baseline_brier": 0.3428042081249039,
      "baseline_directional_accuracy": 0.3333333333333333,
      "best_params": {
        "objective": "multiclass",
        "num_class": 3,
        "metric": "multi_logloss",
        "num_leaves": 31,
        "learning_rate": 0.1,
        "min_child_samples": 5,
        "feature_fraction": 0.9,
        "bagging_fraction": 0.9,
        "bagging_freq": 5,
        "verbose": -1,
        "deterministic": true,
        "seed": 42
      }
    }
  ],
  "note": "Per-coin model for dogwifcoin/6h.",
  "directional_call_share": 1.0,
  "directional_call_share_n": 18,
  "directional_call_share_source": "holdout",
  "model_kind": "lightgbm",
  "prior_probs": [],
  "has_regression_head": true,
  "regression_head_stats": {
    "n_train_rows": 56,
    "n_holdout_rows": 15,
    "abs_pred_p50_pct": 2.0983574695033687,
    "abs_pred_p95_pct": 2.1751738087279455,
    "abs_pred_max_pct": 2.2311681658668174,
    "mae_pct": 1.024047037620913,
    "best_iteration": 1
  },
  "gates_alignment": {
    "n": 18,
    "source": "holdout",
    "min_directional_edge": 0.05,
    "min_expected_return_pct": 0.15,
    "aligned_share": 1.0,
    "aligned_loud_share": 1.0,
    "aligned_quiet_share": 0.0,
    "loud_classifier_quiet_regressor_share": 0.0,
    "quiet_classifier_loud_regressor_share": 0.0,
    "dir_edge_p50": 0.5305650989219288,
    "dir_edge_p95": 0.8937499999999998,
    "abs_magnitude_pct_p50": 2.0983574695033687,
    "abs_magnitude_pct_p95": 2.1631750179124727
  }
}