{
  "coin_id": "injective-protocol",
  "timeframe": "1m",
  "version": "20260422T175339Z",
  "feature_names": [
    "ret1",
    "ret5",
    "ret10",
    "momentum",
    "realizedVol",
    "rsi14",
    "macdLine",
    "macdSignal",
    "macdHist",
    "atr14",
    "atrPct",
    "ema9",
    "ema21",
    "emaSpreadPct",
    "distFromEma9Pct",
    "distFromEma21Pct",
    "bbUpper",
    "bbMiddle",
    "bbLower",
    "bbWidth",
    "bbPctB",
    "bbWidthPct",
    "news_etf_flow",
    "news_regulatory_risk",
    "news_exchange_outage",
    "news_macro_shock",
    "news_whale_move",
    "news_exploit_or_hack",
    "news_stablecoin_event",
    "news_narrative_rotation",
    "news_listing_or_delisting",
    "news_protocol_upgrade",
    "news_high_volume_breakout",
    "news_unusual_volatility",
    "coin_idx"
  ],
  "coin_vocab": [
    "injective-protocol"
  ],
  "n_train_rows": 1836,
  "n_test_rows": 1530,
  "metrics": {
    "auc": 0.5737762296333667,
    "log_loss": 2.819004531621011,
    "brier": 0.27583410424615196,
    "directional_accuracy": 0.49869281045751634
  },
  "baseline_metrics": {
    "auc": 0.5456221924157092,
    "log_loss": 1.094712647913924,
    "brier": 0.19711113292273247,
    "directional_accuracy": 0.5627450980392157
  },
  "threshold_pct": 0.03,
  "horizon_candles": 1,
  "class_return_means_pct": [
    -0.3440678965233369,
    7.390117731151304e-05,
    0.37816519438845897
  ],
  "fold_metrics": [
    {
      "fold": 0,
      "n_train": 306,
      "n_test": 306,
      "auc": 0.529818607855468,
      "log_loss": 2.8060203915125985,
      "brier": 0.2947333390110211,
      "directional_accuracy": 0.5163398692810458,
      "baseline_auc": 0.5647476833490322,
      "baseline_log_loss": 0.8497233764644114,
      "baseline_brier": 0.1841006452072745,
      "baseline_directional_accuracy": 0.49673202614379086,
      "best_params": {
        "objective": "multiclass",
        "num_class": 3,
        "metric": "multi_logloss",
        "num_leaves": 31,
        "learning_rate": 0.04328551917727793,
        "min_child_samples": 7,
        "feature_fraction": 0.9,
        "bagging_fraction": 0.9,
        "bagging_freq": 5,
        "verbose": -1,
        "deterministic": true,
        "seed": 42
      }
    },
    {
      "fold": 1,
      "n_train": 612,
      "n_test": 306,
      "auc": 0.5125882745715389,
      "log_loss": 6.872306556665615,
      "brier": 0.4805448388334607,
      "directional_accuracy": 0.1437908496732026,
      "baseline_auc": 0.5369748927061013,
      "baseline_log_loss": 2.330601517099426,
      "baseline_brier": 0.37382008855801435,
      "baseline_directional_accuracy": 0.13725490196078433,
      "best_params": {
        "objective": "multiclass",
        "num_class": 3,
        "metric": "multi_logloss",
        "num_leaves": 15,
        "learning_rate": 0.030222352258519825,
        "min_child_samples": 5,
        "feature_fraction": 0.9,
        "bagging_fraction": 0.9,
        "bagging_freq": 5,
        "verbose": -1,
        "deterministic": true,
        "seed": 42
      }
    },
    {
      "fold": 2,
      "n_train": 918,
      "n_test": 306,
      "auc": 0.5744528287755235,
      "log_loss": 1.4953625215125017,
      "brier": 0.2167195399446188,
      "directional_accuracy": 0.5882352941176471,
      "baseline_auc": 0.5298699722813601,
      "baseline_log_loss": 0.7982970828325617,
      "baseline_brier": 0.15076228680253184,
      "baseline_directional_accuracy": 0.7124183006535948,
      "best_params": {
        "objective": "multiclass",
        "num_class": 3,
        "metric": "multi_logloss",
        "num_leaves": 15,
        "learning_rate": 0.044826798321800344,
        "min_child_samples": 26,
        "feature_fraction": 0.9,
        "bagging_fraction": 0.9,
        "bagging_freq": 5,
        "verbose": -1,
        "deterministic": true,
        "seed": 42
      }
    },
    {
      "fold": 3,
      "n_train": 1224,
      "n_test": 306,
      "auc": 0.6449122460766362,
      "log_loss": 1.1800652855813552,
      "brier": 0.1884053359287526,
      "directional_accuracy": 0.6078431372549019,
      "baseline_auc": 0.5846794392779887,
      "baseline_log_loss": 0.7607969407974782,
      "baseline_brier": 0.1413097609198515,
      "baseline_directional_accuracy": 0.7156862745098039,
      "best_params": {
        "objective": "multiclass",
        "num_class": 3,
        "metric": "multi_logloss",
        "num_leaves": 15,
        "learning_rate": 0.03947091602157957,
        "min_child_samples": 28,
        "feature_fraction": 0.9,
        "bagging_fraction": 0.9,
        "bagging_freq": 5,
        "verbose": -1,
        "deterministic": true,
        "seed": 42
      }
    },
    {
      "fold": 4,
      "n_train": 1530,
      "n_test": 306,
      "auc": 0.6071091908876669,
      "log_loss": 1.7412679028329838,
      "brier": 0.19876746751290653,
      "directional_accuracy": 0.6372549019607843,
      "baseline_auc": 0.5118389744640641,
      "baseline_log_loss": 0.7341443223757418,
      "baseline_brier": 0.13556288312599005,
      "baseline_directional_accuracy": 0.7516339869281046,
      "best_params": {
        "objective": "multiclass",
        "num_class": 3,
        "metric": "multi_logloss",
        "num_leaves": 15,
        "learning_rate": 0.10986688873050877,
        "min_child_samples": 16,
        "feature_fraction": 0.9,
        "bagging_fraction": 0.9,
        "bagging_freq": 5,
        "verbose": -1,
        "deterministic": true,
        "seed": 42
      }
    }
  ],
  "note": "Per-coin model for injective-protocol/1m.",
  "directional_call_share": 0.0,
  "directional_call_share_n": 368,
  "directional_call_share_source": "holdout",
  "model_kind": "lightgbm",
  "prior_probs": [],
  "has_regression_head": true,
  "regression_head_stats": {
    "n_train_rows": 742,
    "n_holdout_rows": 186,
    "abs_pred_p50_pct": 0.10425573818949364,
    "abs_pred_p95_pct": 0.4546658643100891,
    "abs_pred_max_pct": 0.7941133344961433,
    "mae_pct": 0.09349126694246235,
    "best_iteration": 61
  },
  "gates_alignment": {
    "n": 368,
    "source": "holdout",
    "min_directional_edge": 0.05,
    "min_expected_return_pct": 0.15,
    "aligned_share": 0.4945652173913043,
    "aligned_loud_share": 0.03804347826086957,
    "aligned_quiet_share": 0.45652173913043476,
    "loud_classifier_quiet_regressor_share": 0.4673913043478261,
    "quiet_classifier_loud_regressor_share": 0.03804347826086957,
    "dir_edge_p50": 0.055893074119076555,
    "dir_edge_p95": 0.10171753433066871,
    "abs_magnitude_pct_p50": 0.10615278328886621,
    "abs_magnitude_pct_p95": 0.16604577901656836
  }
}