{
  "coin_id": "bonk",
  "timeframe": "5m",
  "version": "20260422T100737Z",
  "feature_names": [
    "ret1",
    "ret5",
    "ret10",
    "momentum",
    "realizedVol",
    "rsi14",
    "macdLine",
    "macdSignal",
    "macdHist",
    "atr14",
    "atrPct",
    "ema9",
    "ema21",
    "emaSpreadPct",
    "distFromEma9Pct",
    "distFromEma21Pct",
    "bbUpper",
    "bbMiddle",
    "bbLower",
    "bbWidth",
    "bbPctB",
    "bbWidthPct",
    "news_etf_flow",
    "news_regulatory_risk",
    "news_exchange_outage",
    "news_macro_shock",
    "news_whale_move",
    "news_exploit_or_hack",
    "news_stablecoin_event",
    "news_narrative_rotation",
    "news_listing_or_delisting",
    "news_protocol_upgrade",
    "news_high_volume_breakout",
    "news_unusual_volatility",
    "coin_idx"
  ],
  "coin_vocab": [
    "bonk"
  ],
  "n_train_rows": 883,
  "n_test_rows": 735,
  "metrics": {
    "auc": 0.504827685100806,
    "log_loss": 3.2119257396652885,
    "brier": 0.34754636647187787,
    "directional_accuracy": 0.39863945578231297
  },
  "baseline_metrics": {
    "auc": 0.5460173018270652,
    "log_loss": 1.085173539363052,
    "brier": 0.2175000129969565,
    "directional_accuracy": 0.4312925170068027
  },
  "threshold_pct": 0.1,
  "horizon_candles": 1,
  "class_return_means_pct": [
    -0.49878891816327864,
    -0.0034637241360102856,
    0.6069358382188109
  ],
  "fold_metrics": [
    {
      "fold": 0,
      "n_train": 147,
      "n_test": 147,
      "auc": 0.485673554096411,
      "log_loss": 3.5998167075908603,
      "brier": 0.3781482022469469,
      "directional_accuracy": 0.3945578231292517,
      "baseline_auc": 0.5551977960931015,
      "baseline_log_loss": 1.0439181997164015,
      "baseline_brier": 0.2112612156699649,
      "baseline_directional_accuracy": 0.4557823129251701,
      "best_params": {
        "objective": "multiclass",
        "num_class": 3,
        "metric": "multi_logloss",
        "num_leaves": 31,
        "learning_rate": 0.1,
        "min_child_samples": 5,
        "feature_fraction": 0.9,
        "bagging_fraction": 0.9,
        "bagging_freq": 5,
        "verbose": -1,
        "deterministic": true,
        "seed": 42
      }
    },
    {
      "fold": 1,
      "n_train": 294,
      "n_test": 147,
      "auc": 0.5906312993960864,
      "log_loss": 2.558945605283714,
      "brier": 0.29482550011416786,
      "directional_accuracy": 0.4421768707482993,
      "baseline_auc": 0.5573373927479137,
      "baseline_log_loss": 1.1122764848038693,
      "baseline_brier": 0.21091937599093655,
      "baseline_directional_accuracy": 0.48299319727891155,
      "best_params": {
        "objective": "multiclass",
        "num_class": 3,
        "metric": "multi_logloss",
        "num_leaves": 31,
        "learning_rate": 0.1,
        "min_child_samples": 5,
        "feature_fraction": 0.9,
        "bagging_fraction": 0.9,
        "bagging_freq": 5,
        "verbose": -1,
        "deterministic": true,
        "seed": 42
      }
    },
    {
      "fold": 2,
      "n_train": 441,
      "n_test": 147,
      "auc": 0.5935682949956359,
      "log_loss": 2.1299354978253224,
      "brier": 0.2814605777832592,
      "directional_accuracy": 0.46938775510204084,
      "baseline_auc": 0.5889142291566309,
      "baseline_log_loss": 0.9764893619526575,
      "baseline_brier": 0.19936827271491064,
      "baseline_directional_accuracy": 0.4489795918367347,
      "best_params": {
        "objective": "multiclass",
        "num_class": 3,
        "metric": "multi_logloss",
        "num_leaves": 31,
        "learning_rate": 0.1,
        "min_child_samples": 5,
        "feature_fraction": 0.9,
        "bagging_fraction": 0.9,
        "bagging_freq": 5,
        "verbose": -1,
        "deterministic": true,
        "seed": 42
      }
    },
    {
      "fold": 3,
      "n_train": 588,
      "n_test": 147,
      "auc": 0.40813827142912457,
      "log_loss": 4.234434021687309,
      "brier": 0.3731371465698358,
      "directional_accuracy": 0.4013605442176871,
      "baseline_auc": 0.5337807246687952,
      "baseline_log_loss": 1.1122325577150338,
      "baseline_brier": 0.22551295423070797,
      "baseline_directional_accuracy": 0.4421768707482993,
      "best_params": {
        "objective": "multiclass",
        "num_class": 3,
        "metric": "multi_logloss",
        "num_leaves": 31,
        "learning_rate": 0.1,
        "min_child_samples": 5,
        "feature_fraction": 0.9,
        "bagging_fraction": 0.9,
        "bagging_freq": 5,
        "verbose": -1,
        "deterministic": true,
        "seed": 42
      }
    },
    {
      "fold": 4,
      "n_train": 735,
      "n_test": 147,
      "auc": 0.44612700558677226,
      "log_loss": 3.5364968659392395,
      "brier": 0.4101604056451795,
      "directional_accuracy": 0.2857142857142857,
      "baseline_auc": 0.49485636646888437,
      "baseline_log_loss": 1.1809510926272986,
      "baseline_brier": 0.24043824637826253,
      "baseline_directional_accuracy": 0.32653061224489793,
      "best_params": {
        "objective": "multiclass",
        "num_class": 3,
        "metric": "multi_logloss",
        "num_leaves": 31,
        "learning_rate": 0.1,
        "min_child_samples": 5,
        "feature_fraction": 0.9,
        "bagging_fraction": 0.9,
        "bagging_freq": 5,
        "verbose": -1,
        "deterministic": true,
        "seed": 42
      }
    }
  ],
  "note": "Per-coin model for bonk/5m.",
  "directional_call_share": 0.0,
  "directional_call_share_n": 177,
  "directional_call_share_source": "holdout",
  "model_kind": "lightgbm",
  "prior_probs": [],
  "has_regression_head": true,
  "regression_head_stats": {
    "n_train_rows": 534,
    "n_holdout_rows": 134,
    "abs_pred_p50_pct": 0.5365449689307515,
    "abs_pred_p95_pct": 0.6838399691814422,
    "abs_pred_max_pct": 0.9202524252222505,
    "mae_pct": 0.3233830829988856,
    "best_iteration": 10
  },
  "gates_alignment": {
    "n": 177,
    "source": "holdout",
    "min_directional_edge": 0.05,
    "min_expected_return_pct": 0.15,
    "aligned_share": 0.3672316384180791,
    "aligned_loud_share": 0.3672316384180791,
    "aligned_quiet_share": 0.0,
    "loud_classifier_quiet_regressor_share": 0.0,
    "quiet_classifier_loud_regressor_share": 0.632768361581921,
    "dir_edge_p50": 0.02597966808584587,
    "dir_edge_p95": 0.053600184034966664,
    "abs_magnitude_pct_p50": 0.5266767448978765,
    "abs_magnitude_pct_p95": 0.6448794871524003
  }
}