{
  "coin_id": "jupiter-exchange-solana",
  "timeframe": "6h",
  "version": "20260429T183928Z",
  "feature_names": [
    "ret1",
    "ret5",
    "ret10",
    "momentum",
    "realizedVol",
    "rsi14",
    "macdLine",
    "macdSignal",
    "macdHist",
    "atr14",
    "atrPct",
    "ema9",
    "ema21",
    "emaSpreadPct",
    "distFromEma9Pct",
    "distFromEma21Pct",
    "bbUpper",
    "bbMiddle",
    "bbLower",
    "bbWidth",
    "bbPctB",
    "bbWidthPct",
    "volZScore60",
    "funding_rate",
    "open_interest_z",
    "liquidations_1h_usd",
    "bid_ask_spread_bps",
    "btc_lead_ret_5m",
    "eth_lead_ret_5m",
    "btc_liquidations_1h_usd",
    "eth_liquidations_1h_usd",
    "sol_liquidations_1h_usd",
    "session_asia",
    "session_eu",
    "session_us",
    "hour_of_day_sin",
    "hour_of_day_cos",
    "coin_idx"
  ],
  "coin_vocab": [
    "jupiter-exchange-solana"
  ],
  "n_train_rows": 1396,
  "n_test_rows": 1160,
  "metrics": {
    "auc": 0.5224689632360292,
    "log_loss": 3.5862515462242768,
    "brier": 0.34741625327091796,
    "directional_accuracy": 0.39224137931034486
  },
  "baseline_metrics": {
    "auc": 0.5465662527909128,
    "log_loss": 1.0931533420815363,
    "brier": 0.22323744066345125,
    "directional_accuracy": 0.4146551724137931
  },
  "threshold_pct": 0.8075,
  "horizon_candles": 4,
  "class_return_means_pct": [
    -4.535402894424756,
    0.01624005215875912,
    4.599522911140324
  ],
  "fold_metrics": [
    {
      "fold": 0,
      "n_train": 232,
      "n_test": 232,
      "auc": 0.4656807195360592,
      "log_loss": 3.849682764327662,
      "brier": 0.32814880805841956,
      "directional_accuracy": 0.4525862068965517,
      "baseline_auc": 0.49949963214129883,
      "baseline_log_loss": 1.0706084841576284,
      "baseline_brier": 0.2187159100057513,
      "baseline_directional_accuracy": 0.44396551724137934,
      "best_params": {
        "objective": "multiclass",
        "num_class": 3,
        "metric": "multi_logloss",
        "num_leaves": 31,
        "learning_rate": 0.09340308327072934,
        "min_child_samples": 9,
        "feature_fraction": 0.9,
        "bagging_fraction": 0.9,
        "bagging_freq": 5,
        "verbose": -1,
        "deterministic": true,
        "seed": 42
      },
      "feature_importance": [
        466.2286559287523,
        185.18846426951245,
        186.31691552472572,
        691.4014259448156,
        314.4457967599817,
        140.75244931746934,
        182.48329463913547,
        511.6526590357136,
        199.66504124298808,
        135.7770157022883,
        302.29571234752007,
        402.0818880445586,
        238.83186392113055,
        153.9859655154169,
        138.41239221892107,
        153.8264564063367,
        371.29169496085075,
        94.99921282937521,
        332.6639619597504,
        335.3315497370502,
        103.95460954014253,
        141.235283007461,
        512.0689887458104,
        0.0,
        0.0,
        0.0,
        0.0,
        0.0,
        0.0,
        0.0,
        0.0,
        0.0,
        9.92159673885287,
        9.692550183550338,
        11.586684424954,
        26.45904844614835,
        46.29051198008265,
        0.0
      ],
      "feature_names": [
        "ret1",
        "ret5",
        "ret10",
        "momentum",
        "realizedVol",
        "rsi14",
        "macdLine",
        "macdSignal",
        "macdHist",
        "atr14",
        "atrPct",
        "ema9",
        "ema21",
        "emaSpreadPct",
        "distFromEma9Pct",
        "distFromEma21Pct",
        "bbUpper",
        "bbMiddle",
        "bbLower",
        "bbWidth",
        "bbPctB",
        "bbWidthPct",
        "volZScore60",
        "funding_rate",
        "open_interest_z",
        "liquidations_1h_usd",
        "bid_ask_spread_bps",
        "btc_lead_ret_5m",
        "eth_lead_ret_5m",
        "btc_liquidations_1h_usd",
        "eth_liquidations_1h_usd",
        "sol_liquidations_1h_usd",
        "session_asia",
        "session_eu",
        "session_us",
        "hour_of_day_sin",
        "hour_of_day_cos",
        "coin_idx"
      ]
    },
    {
      "fold": 1,
      "n_train": 464,
      "n_test": 232,
      "auc": 0.5623717973496355,
      "log_loss": 3.314837613379838,
      "brier": 0.34052036417759585,
      "directional_accuracy": 0.39655172413793105,
      "baseline_auc": 0.5198153236008807,
      "baseline_log_loss": 1.1068031030340115,
      "baseline_brier": 0.22174022327371834,
      "baseline_directional_accuracy": 0.375,
      "best_params": {
        "objective": "multiclass",
        "num_class": 3,
        "metric": "multi_logloss",
        "num_leaves": 31,
        "learning_rate": 0.09340308327072934,
        "min_child_samples": 9,
        "feature_fraction": 0.9,
        "bagging_fraction": 0.9,
        "bagging_freq": 5,
        "verbose": -1,
        "deterministic": true,
        "seed": 42
      },
      "feature_importance": [
        555.2355675297167,
        328.4297793481223,
        665.5928396196359,
        660.6924104599184,
        626.3935067232578,
        457.2530186975273,
        362.6541554685244,
        698.4051011903198,
        588.5585274816003,
        457.3538391367729,
        452.87339945910753,
        532.0809814660915,
        604.4167033290545,
        481.5961096058472,
        458.68416077675346,
        302.84007058121244,
        362.8363840817087,
        311.5376185135726,
        814.5532512590471,
        610.4401524223795,
        423.4412309053023,
        482.4061744143619,
        517.5319261874519,
        0.0,
        0.0,
        0.0,
        0.0,
        0.0,
        0.0,
        0.0,
        0.0,
        0.0,
        151.30438742562183,
        37.5312662722863,
        45.324713030560815,
        70.61885275096938,
        212.92642137314397,
        0.0
      ],
      "feature_names": [
        "ret1",
        "ret5",
        "ret10",
        "momentum",
        "realizedVol",
        "rsi14",
        "macdLine",
        "macdSignal",
        "macdHist",
        "atr14",
        "atrPct",
        "ema9",
        "ema21",
        "emaSpreadPct",
        "distFromEma9Pct",
        "distFromEma21Pct",
        "bbUpper",
        "bbMiddle",
        "bbLower",
        "bbWidth",
        "bbPctB",
        "bbWidthPct",
        "volZScore60",
        "funding_rate",
        "open_interest_z",
        "liquidations_1h_usd",
        "bid_ask_spread_bps",
        "btc_lead_ret_5m",
        "eth_lead_ret_5m",
        "btc_liquidations_1h_usd",
        "eth_liquidations_1h_usd",
        "sol_liquidations_1h_usd",
        "session_asia",
        "session_eu",
        "session_us",
        "hour_of_day_sin",
        "hour_of_day_cos",
        "coin_idx"
      ]
    },
    {
      "fold": 2,
      "n_train": 696,
      "n_test": 232,
      "auc": 0.49425322854238846,
      "log_loss": 6.317584933290873,
      "brier": 0.42633655120517505,
      "directional_accuracy": 0.34051724137931033,
      "baseline_auc": 0.6037166557723412,
      "baseline_log_loss": 1.2201170216117252,
      "baseline_brier": 0.257886685534346,
      "baseline_directional_accuracy": 0.3103448275862069,
      "best_params": {
        "objective": "multiclass",
        "num_class": 3,
        "metric": "multi_logloss",
        "num_leaves": 31,
        "learning_rate": 0.09340308327072934,
        "min_child_samples": 9,
        "feature_fraction": 0.9,
        "bagging_fraction": 0.9,
        "bagging_freq": 5,
        "verbose": -1,
        "deterministic": true,
        "seed": 42
      },