{
  "coin_id": "worldcoin-wld",
  "timeframe": "1m",
  "version": "20260422T080221Z",
  "feature_names": [
    "ret1",
    "ret5",
    "ret10",
    "momentum",
    "realizedVol",
    "rsi14",
    "macdLine",
    "macdSignal",
    "macdHist",
    "atr14",
    "atrPct",
    "ema9",
    "ema21",
    "emaSpreadPct",
    "distFromEma9Pct",
    "distFromEma21Pct",
    "bbUpper",
    "bbMiddle",
    "bbLower",
    "bbWidth",
    "bbPctB",
    "bbWidthPct",
    "news_etf_flow",
    "news_regulatory_risk",
    "news_exchange_outage",
    "news_macro_shock",
    "news_whale_move",
    "news_exploit_or_hack",
    "news_stablecoin_event",
    "news_narrative_rotation",
    "news_listing_or_delisting",
    "news_protocol_upgrade",
    "news_high_volume_breakout",
    "news_unusual_volatility",
    "coin_idx"
  ],
  "coin_vocab": [
    "worldcoin-wld"
  ],
  "n_train_rows": 645,
  "n_test_rows": 535,
  "metrics": {
    "auc": 0.6497175797106002,
    "log_loss": 1.8883273257308653,
    "brier": 0.2610047233340203,
    "directional_accuracy": 0.5289719626168223
  },
  "baseline_metrics": {
    "auc": 0.537752452228847,
    "log_loss": 0.8022032997988384,
    "brier": 0.1506580412838451,
    "directional_accuracy": 0.7177570093457943
  },
  "threshold_pct": 0.03,
  "horizon_candles": 1,
  "class_return_means_pct": [
    -0.08822734375651584,
    -0.0005350062534850391,
    0.10088019590492522
  ],
  "fold_metrics": [
    {
      "fold": 0,
      "n_train": 107,
      "n_test": 107,
      "auc": 0.6732002622209889,
      "log_loss": 2.459764340593143,
      "brier": 0.4060631035971287,
      "directional_accuracy": 0.2616822429906542,
      "baseline_auc": 0.5351086809437434,
      "baseline_log_loss": 0.8701221964808693,
      "baseline_brier": 0.16487160839808981,
      "baseline_directional_accuracy": 0.6822429906542056,
      "best_params": {
        "objective": "multiclass",
        "num_class": 3,
        "metric": "multi_logloss",
        "num_leaves": 63,
        "learning_rate": 0.0938393881004349,
        "min_child_samples": 23,
        "feature_fraction": 0.9,
        "bagging_fraction": 0.9,
        "bagging_freq": 5,
        "verbose": -1,
        "deterministic": true,
        "seed": 42
      }
    },
    {
      "fold": 1,
      "n_train": 214,
      "n_test": 107,
      "auc": 0.6212275962523321,
      "log_loss": 2.484115314618351,
      "brier": 0.3142953171350051,
      "directional_accuracy": 0.4392523364485981,
      "baseline_auc": 0.5828949222201911,
      "baseline_log_loss": 0.6906681600635115,
      "baseline_brier": 0.12540423153084881,
      "baseline_directional_accuracy": 0.794392523364486,
      "best_params": {
        "objective": "multiclass",
        "num_class": 3,
        "metric": "multi_logloss",
        "num_leaves": 15,
        "learning_rate": 0.09230320822645494,
        "min_child_samples": 6,
        "feature_fraction": 0.9,
        "bagging_fraction": 0.9,
        "bagging_freq": 5,
        "verbose": -1,
        "deterministic": true,
        "seed": 42
      }
    },
    {
      "fold": 2,
      "n_train": 321,
      "n_test": 107,
      "auc": 0.5690955912405932,
      "log_loss": 1.5154441506505594,
      "brier": 0.22760594524403968,
      "directional_accuracy": 0.5700934579439252,
      "baseline_auc": 0.4587335118137134,
      "baseline_log_loss": 0.7996208407175374,
      "baseline_brier": 0.14668480168498038,
      "baseline_directional_accuracy": 0.7289719626168224,
      "best_params": {
        "objective": "multiclass",
        "num_class": 3,
        "metric": "multi_logloss",
        "num_leaves": 63,
        "learning_rate": 0.0938393881004349,
        "min_child_samples": 23,
        "feature_fraction": 0.9,
        "bagging_fraction": 0.9,
        "bagging_freq": 5,
        "verbose": -1,
        "deterministic": true,
        "seed": 42
      }
    },
    {
      "fold": 3,
      "n_train": 428,
      "n_test": 107,
      "auc": 0.7603747729309949,
      "log_loss": 1.2156829549343864,
      "brier": 0.1792134338162192,
      "directional_accuracy": 0.6728971962616822,
      "baseline_auc": 0.5668796554103901,
      "baseline_log_loss": 0.8608833312145675,
      "baseline_brier": 0.16629369458956503,
      "baseline_directional_accuracy": 0.6728971962616822,
      "best_params": {
        "objective": "multiclass",
        "num_class": 3,
        "metric": "multi_logloss",
        "num_leaves": 15,
        "learning_rate": 0.09230320822645494,
        "min_child_samples": 6,
        "feature_fraction": 0.9,
        "bagging_fraction": 0.9,
        "bagging_freq": 5,
        "verbose": -1,
        "deterministic": true,
        "seed": 42
      }
    },
    {
      "fold": 4,
      "n_train": 535,
      "n_test": 107,
      "auc": 0.6246896759080919,
      "log_loss": 1.766629867857886,
      "brier": 0.17784581687770876,
      "directional_accuracy": 0.7009345794392523,
      "baseline_auc": 0.5451454907561969,
      "baseline_log_loss": 0.7897219705177065,
      "baseline_brier": 0.1500358702157415,
      "baseline_directional_accuracy": 0.7102803738317757,
      "best_params": {
        "objective": "multiclass",
        "num_class": 3,
        "metric": "multi_logloss",
        "num_leaves": 15,
        "learning_rate": 0.09230320822645494,
        "min_child_samples": 6,
        "feature_fraction": 0.9,
        "bagging_fraction": 0.9,
        "bagging_freq": 5,
        "verbose": -1,
        "deterministic": true,
        "seed": 42
      }
    }
  ],
  "note": "Per-coin model for worldcoin-wld/1m.",
  "directional_call_share": 0.031007751937984496,
  "directional_call_share_n": 129,
  "directional_call_share_source": "holdout",
  "model_kind": "lightgbm",
  "prior_probs": []
}