{
  "coin_id": "pepe",
  "timeframe": "1m",
  "version": "20260422T080101Z",
  "feature_names": [
    "ret1",
    "ret5",
    "ret10",
    "momentum",
    "realizedVol",
    "rsi14",
    "macdLine",
    "macdSignal",
    "macdHist",
    "atr14",
    "atrPct",
    "ema9",
    "ema21",
    "emaSpreadPct",
    "distFromEma9Pct",
    "distFromEma21Pct",
    "bbUpper",
    "bbMiddle",
    "bbLower",
    "bbWidth",
    "bbPctB",
    "bbWidthPct",
    "news_etf_flow",
    "news_regulatory_risk",
    "news_exchange_outage",
    "news_macro_shock",
    "news_whale_move",
    "news_exploit_or_hack",
    "news_stablecoin_event",
    "news_narrative_rotation",
    "news_listing_or_delisting",
    "news_protocol_upgrade",
    "news_high_volume_breakout",
    "news_unusual_volatility",
    "coin_idx"
  ],
  "coin_vocab": [
    "pepe"
  ],
  "n_train_rows": 645,
  "n_test_rows": 535,
  "metrics": {
    "auc": 0.5286862492712154,
    "log_loss": 1.8937353694938435,
    "brier": 0.2546866961973134,
    "directional_accuracy": 0.525233644859813
  },
  "baseline_metrics": {
    "auc": 0.5067045641399875,
    "log_loss": 0.8806078354051149,
    "brier": 0.1690660987784707,
    "directional_accuracy": 0.6616822429906541
  },
  "threshold_pct": 0.03,
  "horizon_candles": 1,
  "class_return_means_pct": [
    -0.08932465033017596,
    0.000751999790594993,
    0.10829386458034047
  ],
  "fold_metrics": [
    {
      "fold": 0,
      "n_train": 107,
      "n_test": 107,
      "auc": 0.5049804751315249,
      "log_loss": 2.480927685758427,
      "brier": 0.34273623531574393,
      "directional_accuracy": 0.38317757009345793,
      "baseline_auc": 0.47739731078152586,
      "baseline_log_loss": 0.8936905315482742,
      "baseline_brier": 0.17229869514398408,
      "baseline_directional_accuracy": 0.6822429906542056,
      "best_params": {
        "objective": "multiclass",
        "num_class": 3,
        "metric": "multi_logloss",
        "num_leaves": 63,
        "learning_rate": 0.06807764614983679,
        "min_child_samples": 12,
        "feature_fraction": 0.9,
        "bagging_fraction": 0.9,
        "bagging_freq": 5,
        "verbose": -1,
        "deterministic": true,
        "seed": 42
      }
    },
    {
      "fold": 1,
      "n_train": 214,
      "n_test": 107,
      "auc": 0.5377568196753256,
      "log_loss": 1.1827564201288616,
      "brier": 0.18987576535231657,
      "directional_accuracy": 0.6448598130841121,
      "baseline_auc": 0.521320582401449,
      "baseline_log_loss": 0.8094278676937704,
      "baseline_brier": 0.1518373778448343,
      "baseline_directional_accuracy": 0.7102803738317757,
      "best_params": {
        "objective": "multiclass",
        "num_class": 3,
        "metric": "multi_logloss",
        "num_leaves": 31,
        "learning_rate": 0.04488170057528786,
        "min_child_samples": 9,
        "feature_fraction": 0.9,
        "bagging_fraction": 0.9,
        "bagging_freq": 5,
        "verbose": -1,
        "deterministic": true,
        "seed": 42
      }
    },
    {
      "fold": 2,
      "n_train": 321,
      "n_test": 107,
      "auc": 0.5018804126064688,
      "log_loss": 1.90897562765215,
      "brier": 0.23966577956862023,
      "directional_accuracy": 0.5981308411214953,
      "baseline_auc": 0.5912900002483544,
      "baseline_log_loss": 0.807985933465603,
      "baseline_brier": 0.15096789431200597,
      "baseline_directional_accuracy": 0.7102803738317757,
      "best_params": {
        "objective": "multiclass",
        "num_class": 3,
        "metric": "multi_logloss",
        "num_leaves": 63,
        "learning_rate": 0.0938393881004349,
        "min_child_samples": 23,
        "feature_fraction": 0.9,
        "bagging_fraction": 0.9,
        "bagging_freq": 5,
        "verbose": -1,
        "deterministic": true,
        "seed": 42
      }
    },
    {
      "fold": 3,
      "n_train": 428,
      "n_test": 107,
      "auc": 0.5219825301264552,
      "log_loss": 2.360706493523597,
      "brier": 0.26467852203993153,
      "directional_accuracy": 0.5514018691588785,
      "baseline_auc": 0.49691659096438984,
      "baseline_log_loss": 0.9690735116134822,
      "baseline_brier": 0.18884820996285923,
      "baseline_directional_accuracy": 0.616822429906542,
      "best_params": {
        "objective": "multiclass",
        "num_class": 3,
        "metric": "multi_logloss",
        "num_leaves": 63,
        "learning_rate": 0.06807764614983679,
        "min_child_samples": 12,
        "feature_fraction": 0.9,
        "bagging_fraction": 0.9,
        "bagging_freq": 5,
        "verbose": -1,
        "deterministic": true,
        "seed": 42
      }
    },
    {
      "fold": 4,
      "n_train": 535,
      "n_test": 107,
      "auc": 0.576831008816303,
      "log_loss": 1.5353106204061826,
      "brier": 0.23647717870995477,
      "directional_accuracy": 0.4485981308411215,
      "baseline_auc": 0.4465983363042187,
      "baseline_log_loss": 0.9228613327044449,
      "baseline_brier": 0.18137831662866985,
      "baseline_directional_accuracy": 0.5887850467289719,
      "best_params": {
        "objective": "multiclass",
        "num_class": 3,
        "metric": "multi_logloss",
        "num_leaves": 15,
        "learning_rate": 0.09230320822645494,
        "min_child_samples": 6,
        "feature_fraction": 0.9,
        "bagging_fraction": 0.9,
        "bagging_freq": 5,
        "verbose": -1,
        "deterministic": true,
        "seed": 42
      }
    }
  ],
  "note": "Per-coin model for pepe/1m.",
  "directional_call_share": 0.007751937984496124,
  "directional_call_share_n": 129,
  "directional_call_share_source": "holdout",
  "model_kind": "lightgbm",
  "prior_probs": []
}