{
  "coin_id": "injective-protocol",
  "timeframe": "1m",
  "version": "20260422T104330Z",
  "feature_names": [
    "ret1",
    "ret5",
    "ret10",
    "momentum",
    "realizedVol",
    "rsi14",
    "macdLine",
    "macdSignal",
    "macdHist",
    "atr14",
    "atrPct",
    "ema9",
    "ema21",
    "emaSpreadPct",
    "distFromEma9Pct",
    "distFromEma21Pct",
    "bbUpper",
    "bbMiddle",
    "bbLower",
    "bbWidth",
    "bbPctB",
    "bbWidthPct",
    "news_etf_flow",
    "news_regulatory_risk",
    "news_exchange_outage",
    "news_macro_shock",
    "news_whale_move",
    "news_exploit_or_hack",
    "news_stablecoin_event",
    "news_narrative_rotation",
    "news_listing_or_delisting",
    "news_protocol_upgrade",
    "news_high_volume_breakout",
    "news_unusual_volatility",
    "coin_idx"
  ],
  "coin_vocab": [
    "injective-protocol"
  ],
  "n_train_rows": 1512,
  "n_test_rows": 1260,
  "metrics": {
    "auc": 0.5459216909228343,
    "log_loss": 2.0618049230610294,
    "brier": 0.26299967581862443,
    "directional_accuracy": 0.5007936507936508
  },
  "baseline_metrics": {
    "auc": 0.5651150194007017,
    "log_loss": 0.9496661781445127,
    "brier": 0.17844816523480422,
    "directional_accuracy": 0.6031746031746031
  },
  "threshold_pct": 0.03,
  "horizon_candles": 1,
  "class_return_means_pct": [
    -0.37055261235577924,
    0.0005660701584906208,
    0.40368230248787457
  ],
  "fold_metrics": [
    {
      "fold": 0,
      "n_train": 252,
      "n_test": 252,
      "auc": 0.5044716859830466,
      "log_loss": 2.1179938284872377,
      "brier": 0.26951733179109266,
      "directional_accuracy": 0.5119047619047619,
      "baseline_auc": 0.5851600162262134,
      "baseline_log_loss": 0.836099284821545,
      "baseline_brier": 0.17955509013655332,
      "baseline_directional_accuracy": 0.5317460317460317,
      "best_params": {
        "objective": "multiclass",
        "num_class": 3,
        "metric": "multi_logloss",
        "num_leaves": 31,
        "learning_rate": 0.1,
        "min_child_samples": 5,
        "feature_fraction": 0.9,
        "bagging_fraction": 0.9,
        "bagging_freq": 5,
        "verbose": -1,
        "deterministic": true,
        "seed": 42
      }
    },
    {
      "fold": 1,
      "n_train": 504,
      "n_test": 252,
      "auc": 0.45867678291095326,
      "log_loss": 4.241898512297119,
      "brier": 0.40458480104036815,
      "directional_accuracy": 0.3055555555555556,
      "baseline_auc": 0.5994606890232079,
      "baseline_log_loss": 1.5847336677760406,
      "baseline_brier": 0.27919038185430106,
      "baseline_directional_accuracy": 0.3134920634920635,
      "best_params": {
        "objective": "multiclass",
        "num_class": 3,
        "metric": "multi_logloss",
        "num_leaves": 31,
        "learning_rate": 0.1,
        "min_child_samples": 5,
        "feature_fraction": 0.9,
        "bagging_fraction": 0.9,
        "bagging_freq": 5,
        "verbose": -1,
        "deterministic": true,
        "seed": 42
      }
    },
    {
      "fold": 2,
      "n_train": 756,
      "n_test": 252,
      "auc": 0.5046536861198396,
      "log_loss": 1.2905705139449744,
      "brier": 0.23105897065106318,
      "directional_accuracy": 0.4880952380952381,
      "baseline_auc": 0.4893906588130581,
      "baseline_log_loss": 0.7411653610370236,
      "baseline_brier": 0.1357778894877406,
      "baseline_directional_accuracy": 0.7579365079365079,
      "best_params": {
        "objective": "multiclass",
        "num_class": 3,
        "metric": "multi_logloss",
        "num_leaves": 31,
        "learning_rate": 0.1,
        "min_child_samples": 5,
        "feature_fraction": 0.9,
        "bagging_fraction": 0.9,
        "bagging_freq": 5,
        "verbose": -1,
        "deterministic": true,
        "seed": 42
      }
    },
    {
      "fold": 3,
      "n_train": 1008,
      "n_test": 252,
      "auc": 0.6329626620613791,
      "log_loss": 1.2625163085315885,
      "brier": 0.18949368144809187,
      "directional_accuracy": 0.6428571428571429,
      "baseline_auc": 0.5523944935352327,
      "baseline_log_loss": 0.7978655923059295,
      "baseline_brier": 0.15053018629701256,
      "baseline_directional_accuracy": 0.7103174603174603,
      "best_params": {
        "objective": "multiclass",
        "num_class": 3,
        "metric": "multi_logloss",
        "num_leaves": 31,
        "learning_rate": 0.1,
        "min_child_samples": 5,
        "feature_fraction": 0.9,
        "bagging_fraction": 0.9,
        "bagging_freq": 5,
        "verbose": -1,
        "deterministic": true,
        "seed": 42
      }
    },
    {
      "fold": 4,
      "n_train": 1260,
      "n_test": 252,
      "auc": 0.628843637538953,
      "log_loss": 1.3960454520442254,
      "brier": 0.2203435941625063,
      "directional_accuracy": 0.5555555555555556,
      "baseline_auc": 0.5991692394057965,
      "baseline_log_loss": 0.788466984782025,
      "baseline_brier": 0.14718727839841364,
      "baseline_directional_accuracy": 0.7023809523809523,
      "best_params": {
        "objective": "multiclass",
        "num_class": 3,
        "metric": "multi_logloss",
        "num_leaves": 31,
        "learning_rate": 0.1,
        "min_child_samples": 5,
        "feature_fraction": 0.9,
        "bagging_fraction": 0.9,
        "bagging_freq": 5,
        "verbose": -1,
        "deterministic": true,
        "seed": 42
      }
    }
  ],
  "note": "Per-coin model for injective-protocol/1m.",
  "directional_call_share": 0.0231023102310231,
  "directional_call_share_n": 303,
  "directional_call_share_source": "holdout",
  "model_kind": "lightgbm",
  "prior_probs": [],
  "has_regression_head": true,
  "regression_head_stats": {
    "n_train_rows": 683,
    "n_holdout_rows": 171,
    "abs_pred_p50_pct": 0.0931188359290757,
    "abs_pred_p95_pct": 0.4070480455470725,
    "abs_pred_max_pct": 0.7967616370778712,
    "mae_pct": 0.09447026723883054,
    "best_iteration": 112
  },
  "gates_alignment": {
    "n": 303,
    "source": "holdout",
    "min_directional_edge": 0.05,
    "min_expected_return_pct": 0.15,
    "aligned_share": 0.5544554455445545,
    "aligned_loud_share": 0.1254125412541254,
    "aligned_quiet_share": 0.429042904290429,
    "loud_classifier_quiet_regressor_share": 0.38613861386138615,
    "quiet_classifier_loud_regressor_share": 0.0594059405940594,
    "dir_edge_p50": 0.062030885307929565,
    "dir_edge_p95": 0.2720573227979123,
    "abs_magnitude_pct_p50": 0.09377059847927624,
    "abs_magnitude_pct_p95": 0.42202872316331647
  }
}