{
  "coin_id": "pepe",
  "timeframe": "5m",
  "version": "20260422T092408Z",
  "feature_names": [
    "ret1",
    "ret5",
    "ret10",
    "momentum",
    "realizedVol",
    "rsi14",
    "macdLine",
    "macdSignal",
    "macdHist",
    "atr14",
    "atrPct",
    "ema9",
    "ema21",
    "emaSpreadPct",
    "distFromEma9Pct",
    "distFromEma21Pct",
    "bbUpper",
    "bbMiddle",
    "bbLower",
    "bbWidth",
    "bbPctB",
    "bbWidthPct",
    "news_etf_flow",
    "news_regulatory_risk",
    "news_exchange_outage",
    "news_macro_shock",
    "news_whale_move",
    "news_exploit_or_hack",
    "news_stablecoin_event",
    "news_narrative_rotation",
    "news_listing_or_delisting",
    "news_protocol_upgrade",
    "news_high_volume_breakout",
    "news_unusual_volatility",
    "coin_idx"
  ],
  "coin_vocab": [
    "pepe"
  ],
  "n_train_rows": 874,
  "n_test_rows": 725,
  "metrics": {
    "auc": 0.4911929606727776,
    "log_loss": 2.1462231157333553,
    "brier": 0.32453710460406016,
    "directional_accuracy": 0.36551724137931035
  },
  "baseline_metrics": {
    "auc": 0.548641100155846,
    "log_loss": 1.0691605366829502,
    "brier": 0.2153254219141041,
    "directional_accuracy": 0.42344827586206896
  },
  "threshold_pct": 0.1,
  "horizon_candles": 1,
  "class_return_means_pct": [
    -0.560493244316139,
    0.0016932712936248864,
    0.6389849670175984
  ],
  "fold_metrics": [
    {
      "fold": 0,
      "n_train": 145,
      "n_test": 145,
      "auc": 0.4633747802926775,
      "log_loss": 1.9524806589683392,
      "brier": 0.31741880390659594,
      "directional_accuracy": 0.38620689655172413,
      "baseline_auc": 0.5171046067884894,
      "baseline_log_loss": 1.0778601694940453,
      "baseline_brier": 0.2175487691287931,
      "baseline_directional_accuracy": 0.4,
      "best_params": {
        "objective": "multiclass",
        "num_class": 3,
        "metric": "multi_logloss",
        "num_leaves": 63,
        "learning_rate": 0.0938393881004349,
        "min_child_samples": 23,
        "feature_fraction": 0.9,
        "bagging_fraction": 0.9,
        "bagging_freq": 5,
        "verbose": -1,
        "deterministic": true,
        "seed": 42
      }
    },
    {
      "fold": 1,
      "n_train": 290,
      "n_test": 145,
      "auc": 0.4954777151771805,
      "log_loss": 1.5569751968681775,
      "brier": 0.28842551815526263,
      "directional_accuracy": 0.38620689655172413,
      "baseline_auc": 0.5446244931332228,
      "baseline_log_loss": 1.0502801860387956,
      "baseline_brier": 0.2066108244970244,
      "baseline_directional_accuracy": 0.5241379310344828,
      "best_params": {
        "objective": "multiclass",
        "num_class": 3,
        "metric": "multi_logloss",
        "num_leaves": 63,
        "learning_rate": 0.0938393881004349,
        "min_child_samples": 23,
        "feature_fraction": 0.9,
        "bagging_fraction": 0.9,
        "bagging_freq": 5,
        "verbose": -1,
        "deterministic": true,
        "seed": 42
      }
    },
    {
      "fold": 2,
      "n_train": 435,
      "n_test": 145,
      "auc": 0.4825336439269157,
      "log_loss": 3.218300009447057,
      "brier": 0.3719074570426358,
      "directional_accuracy": 0.35172413793103446,
      "baseline_auc": 0.5557063136681755,
      "baseline_log_loss": 1.0655664999605157,
      "baseline_brier": 0.21562268888955863,
      "baseline_directional_accuracy": 0.42758620689655175,
      "best_params": {
        "objective": "multiclass",
        "num_class": 3,
        "metric": "multi_logloss",
        "num_leaves": 31,
        "learning_rate": 0.09340308327072934,
        "min_child_samples": 9,
        "feature_fraction": 0.9,
        "bagging_fraction": 0.9,
        "bagging_freq": 5,
        "verbose": -1,
        "deterministic": true,
        "seed": 42
      }
    },
    {
      "fold": 3,
      "n_train": 580,
      "n_test": 145,
      "auc": 0.49921653653913034,
      "log_loss": 1.6822777531162836,
      "brier": 0.2948921951948085,
      "directional_accuracy": 0.4,
      "baseline_auc": 0.6061721601358148,
      "baseline_log_loss": 1.0243629113404848,
      "baseline_brier": 0.2082779208375641,
      "baseline_directional_accuracy": 0.4206896551724138,
      "best_params": {
        "objective": "multiclass",
        "num_class": 3,
        "metric": "multi_logloss",
        "num_leaves": 15,
        "learning_rate": 0.09230320822645494,
        "min_child_samples": 6,
        "feature_fraction": 0.9,
        "bagging_fraction": 0.9,
        "bagging_freq": 5,
        "verbose": -1,
        "deterministic": true,
        "seed": 42
      }
    },
    {
      "fold": 4,
      "n_train": 725,
      "n_test": 145,
      "auc": 0.5153621274279838,
      "log_loss": 2.321081960266919,
      "brier": 0.350041548720998,
      "directional_accuracy": 0.30344827586206896,
      "baseline_auc": 0.5195979270535277,
      "baseline_log_loss": 1.1277329165809102,
      "baseline_brier": 0.22856690621758013,
      "baseline_directional_accuracy": 0.3448275862068966,
      "best_params": {
        "objective": "multiclass",
        "num_class": 3,
        "metric": "multi_logloss",
        "num_leaves": 63,
        "learning_rate": 0.0938393881004349,
        "min_child_samples": 23,
        "feature_fraction": 0.9,
        "bagging_fraction": 0.9,
        "bagging_freq": 5,
        "verbose": -1,
        "deterministic": true,
        "seed": 42
      }
    }
  ],
  "note": "Per-coin model for pepe/5m.",
  "directional_call_share": 0.022857142857142857,
  "directional_call_share_n": 175,
  "directional_call_share_source": "holdout",
  "model_kind": "lightgbm",
  "prior_probs": [],
  "has_regression_head": true,
  "regression_head_stats": {
    "n_train_rows": 523,
    "n_holdout_rows": 131,
    "abs_pred_p50_pct": 0.6391906286667165,
    "abs_pred_p95_pct": 0.7105487137563309,
    "abs_pred_max_pct": 0.7227356913908034,
    "mae_pct": 0.3890616830434832,
    "best_iteration": 1
  }
}