{
  "coin_id": "render-token",
  "timeframe": "1m",
  "version": "20260422T091852Z",
  "feature_names": [
    "ret1",
    "ret5",
    "ret10",
    "momentum",
    "realizedVol",
    "rsi14",
    "macdLine",
    "macdSignal",
    "macdHist",
    "atr14",
    "atrPct",
    "ema9",
    "ema21",
    "emaSpreadPct",
    "distFromEma9Pct",
    "distFromEma21Pct",
    "bbUpper",
    "bbMiddle",
    "bbLower",
    "bbWidth",
    "bbPctB",
    "bbWidthPct",
    "news_etf_flow",
    "news_regulatory_risk",
    "news_exchange_outage",
    "news_macro_shock",
    "news_whale_move",
    "news_exploit_or_hack",
    "news_stablecoin_event",
    "news_narrative_rotation",
    "news_listing_or_delisting",
    "news_protocol_upgrade",
    "news_high_volume_breakout",
    "news_unusual_volatility",
    "coin_idx"
  ],
  "coin_vocab": [
    "render-token"
  ],
  "n_train_rows": 1429,
  "n_test_rows": 1190,
  "metrics": {
    "auc": 0.5205750212311467,
    "log_loss": 1.9036017993705516,
    "brier": 0.2451948153919293,
    "directional_accuracy": 0.5478991596638655
  },
  "baseline_metrics": {
    "auc": 0.533547160755901,
    "log_loss": 0.9173711858080076,
    "brier": 0.17431411419963347,
    "directional_accuracy": 0.6033613445378151
  },
  "threshold_pct": 0.03,
  "horizon_candles": 1,
  "class_return_means_pct": [
    -0.5336263885658736,
    0.00033212750960537525,
    0.5372811835429161
  ],
  "fold_metrics": [
    {
      "fold": 0,
      "n_train": 238,
      "n_test": 238,
      "auc": 0.5345029239766083,
      "log_loss": 1.3103502849393744,
      "brier": 0.23905544809178647,
      "directional_accuracy": 0.48739495798319327,
      "baseline_auc": 0.528013582342954,
      "baseline_log_loss": 0.8591218113812796,
      "baseline_brier": 0.18437213923714277,
      "baseline_directional_accuracy": 0.47478991596638653,
      "best_params": {
        "objective": "multiclass",
        "num_class": 3,
        "metric": "multi_logloss",
        "num_leaves": 63,
        "learning_rate": 0.0938393881004349,
        "min_child_samples": 23,
        "feature_fraction": 0.9,
        "bagging_fraction": 0.9,
        "bagging_freq": 5,
        "verbose": -1,
        "deterministic": true,
        "seed": 42
      }
    },
    {
      "fold": 1,
      "n_train": 476,
      "n_test": 238,
      "auc": 0.519310219359383,
      "log_loss": 3.0867843663854164,
      "brier": 0.3252853125339334,
      "directional_accuracy": 0.42857142857142855,
      "baseline_auc": 0.5201246405070873,
      "baseline_log_loss": 1.3322944631736782,
      "baseline_brier": 0.23865306438756786,
      "baseline_directional_accuracy": 0.3907563025210084,
      "best_params": {
        "objective": "multiclass",
        "num_class": 3,
        "metric": "multi_logloss",
        "num_leaves": 63,
        "learning_rate": 0.0938393881004349,
        "min_child_samples": 23,
        "feature_fraction": 0.9,
        "bagging_fraction": 0.9,
        "bagging_freq": 5,
        "verbose": -1,
        "deterministic": true,
        "seed": 42
      }
    },
    {
      "fold": 2,
      "n_train": 714,
      "n_test": 238,
      "auc": 0.48362312237817656,
      "log_loss": 2.5388145589420654,
      "brier": 0.2791633892279015,
      "directional_accuracy": 0.5336134453781513,
      "baseline_auc": 0.5085546419845427,
      "baseline_log_loss": 0.8395273188025701,
      "baseline_brier": 0.15876471517903537,
      "baseline_directional_accuracy": 0.7142857142857143,
      "best_params": {
        "objective": "multiclass",
        "num_class": 3,
        "metric": "multi_logloss",
        "num_leaves": 63,
        "learning_rate": 0.06807764614983679,
        "min_child_samples": 12,
        "feature_fraction": 0.9,
        "bagging_fraction": 0.9,
        "bagging_freq": 5,
        "verbose": -1,
        "deterministic": true,
        "seed": 42
      }
    },
    {
      "fold": 3,
      "n_train": 952,
      "n_test": 238,
      "auc": 0.48670915378974317,
      "log_loss": 1.5861154012693173,
      "brier": 0.20810801735407367,
      "directional_accuracy": 0.6260504201680672,
      "baseline_auc": 0.5131850050410597,
      "baseline_log_loss": 0.7577606423302166,
      "baseline_brier": 0.14060021166645575,
      "baseline_directional_accuracy": 0.7394957983193278,
      "best_params": {
        "objective": "multiclass",
        "num_class": 3,
        "metric": "multi_logloss",
        "num_leaves": 63,
        "learning_rate": 0.0938393881004349,
        "min_child_samples": 23,
        "feature_fraction": 0.9,
        "bagging_fraction": 0.9,
        "bagging_freq": 5,
        "verbose": -1,
        "deterministic": true,
        "seed": 42
      }
    },
    {
      "fold": 4,
      "n_train": 1190,
      "n_test": 238,
      "auc": 0.5787296866518225,
      "log_loss": 0.9959443853165854,
      "brier": 0.17436190975195145,
      "directional_accuracy": 0.6638655462184874,
      "baseline_auc": 0.5978579339038617,
      "baseline_log_loss": 0.7981516933522939,
      "baseline_brier": 0.1491804405279657,
      "baseline_directional_accuracy": 0.6974789915966386,
      "best_params": {
        "objective": "multiclass",
        "num_class": 3,
        "metric": "multi_logloss",
        "num_leaves": 15,
        "learning_rate": 0.09230320822645494,
        "min_child_samples": 6,
        "feature_fraction": 0.9,
        "bagging_fraction": 0.9,
        "bagging_freq": 5,
        "verbose": -1,
        "deterministic": true,
        "seed": 42
      }
    }
  ],
  "note": "Per-coin model for render-token/1m.",
  "directional_call_share": 0.013986013986013986,
  "directional_call_share_n": 286,
  "directional_call_share_source": "holdout",
  "model_kind": "lightgbm",
  "prior_probs": [],
  "has_regression_head": true,
  "regression_head_stats": {
    "n_train_rows": 671,
    "n_holdout_rows": 168,
    "abs_pred_p50_pct": 0.14923531987822755,
    "abs_pred_p95_pct": 0.2919552741059305,
    "abs_pred_max_pct": 0.5010594564157321,
    "mae_pct": 0.12552754913437106,
    "best_iteration": 48
  }
}