{
  "coin_id": "bonk",
  "timeframe": "1m",
  "version": "20260422T103912Z",
  "feature_names": [
    "ret1",
    "ret5",
    "ret10",
    "momentum",
    "realizedVol",
    "rsi14",
    "macdLine",
    "macdSignal",
    "macdHist",
    "atr14",
    "atrPct",
    "ema9",
    "ema21",
    "emaSpreadPct",
    "distFromEma9Pct",
    "distFromEma21Pct",
    "bbUpper",
    "bbMiddle",
    "bbLower",
    "bbWidth",
    "bbPctB",
    "bbWidthPct",
    "news_etf_flow",
    "news_regulatory_risk",
    "news_exchange_outage",
    "news_macro_shock",
    "news_whale_move",
    "news_exploit_or_hack",
    "news_stablecoin_event",
    "news_narrative_rotation",
    "news_listing_or_delisting",
    "news_protocol_upgrade",
    "news_high_volume_breakout",
    "news_unusual_volatility",
    "coin_idx"
  ],
  "coin_vocab": [
    "bonk"
  ],
  "n_train_rows": 1992,
  "n_test_rows": 1660,
  "metrics": {
    "auc": 0.534443951313998,
    "log_loss": 2.79457964055189,
    "brier": 0.3138609783399929,
    "directional_accuracy": 0.43614457831325304
  },
  "baseline_metrics": {
    "auc": 0.5523506874161508,
    "log_loss": 1.0092030836307013,
    "brier": 0.1989823132439596,
    "directional_accuracy": 0.5277108433734939
  },
  "threshold_pct": 0.03,
  "horizon_candles": 1,
  "class_return_means_pct": [
    -0.3042115567111157,
    5.1410802883521776e-05,
    0.3986406362208843
  ],
  "fold_metrics": [
    {
      "fold": 0,
      "n_train": 332,
      "n_test": 332,
      "auc": 0.6100402486532629,
      "log_loss": 1.692506802823922,
      "brier": 0.2612009739694248,
      "directional_accuracy": 0.48493975903614456,
      "baseline_auc": 0.5590022431559875,
      "baseline_log_loss": 1.0013639441486468,
      "baseline_brier": 0.20011301163219344,
      "baseline_directional_accuracy": 0.49698795180722893,
      "best_params": {
        "objective": "multiclass",
        "num_class": 3,
        "metric": "multi_logloss",
        "num_leaves": 63,
        "learning_rate": 0.06807764614983679,
        "min_child_samples": 12,
        "feature_fraction": 0.9,
        "bagging_fraction": 0.9,
        "bagging_freq": 5,
        "verbose": -1,
        "deterministic": true,
        "seed": 42
      }
    },
    {
      "fold": 1,
      "n_train": 664,
      "n_test": 332,
      "auc": 0.5325067484168684,
      "log_loss": 2.463211628512356,
      "brier": 0.29484499166623584,
      "directional_accuracy": 0.463855421686747,
      "baseline_auc": 0.5484342316512999,
      "baseline_log_loss": 0.9508632250051688,
      "baseline_brier": 0.19590803222248374,
      "baseline_directional_accuracy": 0.4789156626506024,
      "best_params": {
        "objective": "multiclass",
        "num_class": 3,
        "metric": "multi_logloss",
        "num_leaves": 31,
        "learning_rate": 0.1,
        "min_child_samples": 5,
        "feature_fraction": 0.9,
        "bagging_fraction": 0.9,
        "bagging_freq": 5,
        "verbose": -1,
        "deterministic": true,
        "seed": 42
      }
    },
    {
      "fold": 2,
      "n_train": 996,
      "n_test": 332,
      "auc": 0.4269236621725496,
      "log_loss": 6.2190451021209965,
      "brier": 0.4664142678983157,
      "directional_accuracy": 0.2560240963855422,
      "baseline_auc": 0.6332446696750521,
      "baseline_log_loss": 1.3583597716899316,
      "baseline_brier": 0.2698618659179532,
      "baseline_directional_accuracy": 0.2560240963855422,
      "best_params": {
        "objective": "multiclass",
        "num_class": 3,
        "metric": "multi_logloss",
        "num_leaves": 31,
        "learning_rate": 0.1,
        "min_child_samples": 5,
        "feature_fraction": 0.9,
        "bagging_fraction": 0.9,
        "bagging_freq": 5,
        "verbose": -1,
        "deterministic": true,
        "seed": 42
      }
    },
    {
      "fold": 3,
      "n_train": 1328,
      "n_test": 332,
      "auc": 0.5477768552470393,
      "log_loss": 2.1295412963079157,
      "brier": 0.302898783607235,
      "directional_accuracy": 0.4367469879518072,
      "baseline_auc": 0.4354645422395617,
      "baseline_log_loss": 0.8390478588748581,
      "baseline_brier": 0.1581298861551963,
      "baseline_directional_accuracy": 0.7590361445783133,
      "best_params": {
        "objective": "multiclass",
        "num_class": 3,
        "metric": "multi_logloss",
        "num_leaves": 31,
        "learning_rate": 0.1,
        "min_child_samples": 5,
        "feature_fraction": 0.9,
        "bagging_fraction": 0.9,
        "bagging_freq": 5,
        "verbose": -1,
        "deterministic": true,
        "seed": 42
      }
    },
    {
      "fold": 4,
      "n_train": 1660,
      "n_test": 332,
      "auc": 0.5549722420802697,
      "log_loss": 1.4685933729942588,
      "brier": 0.24394587455875308,
      "directional_accuracy": 0.5391566265060241,
      "baseline_auc": 0.5856077503588527,
      "baseline_log_loss": 0.8963806184349011,
      "baseline_brier": 0.1708987702919713,
      "baseline_directional_accuracy": 0.6475903614457831,
      "best_params": {
        "objective": "multiclass",
        "num_class": 3,
        "metric": "multi_logloss",
        "num_leaves": 31,
        "learning_rate": 0.1,
        "min_child_samples": 5,
        "feature_fraction": 0.9,
        "bagging_fraction": 0.9,
        "bagging_freq": 5,
        "verbose": -1,
        "deterministic": true,
        "seed": 42
      }
    }
  ],
  "note": "Per-coin model for bonk/1m.",
  "directional_call_share": 0.02756892230576441,
  "directional_call_share_n": 399,
  "directional_call_share_source": "holdout",
  "model_kind": "lightgbm",
  "prior_probs": [],
  "has_regression_head": true,
  "regression_head_stats": {
    "n_train_rows": 999,
    "n_holdout_rows": 250,
    "abs_pred_p50_pct": 0.3762887786955394,
    "abs_pred_p95_pct": 0.4226718018078744,
    "abs_pred_max_pct": 0.6248914959814094,
    "mae_pct": 0.31055344929893186,
    "best_iteration": 5
  },
  "gates_alignment": {
    "n": 399,
    "source": "holdout",
    "min_directional_edge": 0.05,
    "min_expected_return_pct": 0.15,
    "aligned_share": 0.5087719298245614,
    "aligned_loud_share": 0.5087719298245614,
    "aligned_quiet_share": 0.0,
    "loud_classifier_quiet_regressor_share": 0.0,
    "quiet_classifier_loud_regressor_share": 0.49122807017543857,
    "dir_edge_p50": 0.051094890510948926,
    "dir_edge_p95": 0.18234994672888763,
    "abs_magnitude_pct_p50": 0.3762887786955394,
    "abs_magnitude_pct_p95": 0.419607454221352
  }
}