{
  "coin_id": "pepe",
  "timeframe": "2h",
  "version": "20260425T100324Z",
  "feature_names": [
    "ret1",
    "ret5",
    "ret10",
    "momentum",
    "realizedVol",
    "rsi14",
    "macdLine",
    "macdSignal",
    "macdHist",
    "atr14",
    "atrPct",
    "ema9",
    "ema21",
    "emaSpreadPct",
    "distFromEma9Pct",
    "distFromEma21Pct",
    "bbUpper",
    "bbMiddle",
    "bbLower",
    "bbWidth",
    "bbPctB",
    "bbWidthPct",
    "funding_rate",
    "open_interest_z",
    "liquidations_1h_usd",
    "bid_ask_spread_bps",
    "btc_lead_ret_5m",
    "eth_lead_ret_5m",
    "btc_liquidations_1h_usd",
    "eth_liquidations_1h_usd",
    "sol_liquidations_1h_usd",
    "session_asia",
    "session_eu",
    "session_us",
    "hour_of_day_sin",
    "hour_of_day_cos",
    "coin_idx"
  ],
  "coin_vocab": [
    "pepe"
  ],
  "n_train_rows": 4318,
  "n_test_rows": 3595,
  "metrics": {
    "auc": 0.5147514145659011,
    "log_loss": 3.467131034710934,
    "brier": 0.34971457647369913,
    "directional_accuracy": 0.3808066759388039
  },
  "baseline_metrics": {
    "auc": 0.5277718486411037,
    "log_loss": 1.0592202873890464,
    "brier": 0.21433697276310504,
    "directional_accuracy": 0.41390820584144644
  },
  "threshold_pct": 0.5225,
  "horizon_candles": 4,
  "class_return_means_pct": [
    -2.517024867273264,
    -0.0028583148512657582,
    2.7496978788913604
  ],
  "fold_metrics": [
    {
      "fold": 0,
      "n_train": 719,
      "n_test": 719,
      "auc": 0.5210976576727777,
      "log_loss": 3.3343200499297123,
      "brier": 0.3440805650933827,
      "directional_accuracy": 0.4089012517385257,
      "baseline_auc": 0.5272291208346056,
      "baseline_log_loss": 1.0512848401077022,
      "baseline_brier": 0.21317129751080918,
      "baseline_directional_accuracy": 0.42698191933240615,
      "best_params": {
        "objective": "multiclass",
        "num_class": 3,
        "metric": "multi_logloss",
        "num_leaves": 31,
        "learning_rate": 0.052349003234550134,
        "min_child_samples": 8,
        "feature_fraction": 0.9,
        "bagging_fraction": 0.9,
        "bagging_freq": 5,
        "verbose": -1,
        "deterministic": true,
        "seed": 42
      },
      "feature_importance": [
        985.2828397708978,
        588.9917607426678,
        622.7369612901675,
        980.3298649998396,
        779.766283191384,
        492.5114201997171,
        518.096656729654,
        707.8644693547167,
        1216.7630774847648,
        703.2130552625093,
        722.9022337550203,
        774.0417427088523,
        516.9706677055037,
        362.72776416492025,
        529.3787720577347,
        249.6379860051511,
        565.6356545915287,
        468.66587257283027,
        1017.6396858398411,
        673.3141811791986,
        485.9294761756462,
        558.429238260549,
        0.0,
        0.0,
        0.0,
        0.0,
        0.0,
        0.0,
        0.0,
        0.0,
        0.0,
        36.276172652371315,
        72.01815918536886,
        43.37147272243419,
        421.23219483307275,
        356.0385349500739,
        0.0
      ],
      "feature_names": [
        "ret1",
        "ret5",
        "ret10",
        "momentum",
        "realizedVol",
        "rsi14",
        "macdLine",
        "macdSignal",
        "macdHist",
        "atr14",
        "atrPct",
        "ema9",
        "ema21",
        "emaSpreadPct",
        "distFromEma9Pct",
        "distFromEma21Pct",
        "bbUpper",
        "bbMiddle",
        "bbLower",
        "bbWidth",
        "bbPctB",
        "bbWidthPct",
        "funding_rate",
        "open_interest_z",
        "liquidations_1h_usd",
        "bid_ask_spread_bps",
        "btc_lead_ret_5m",
        "eth_lead_ret_5m",
        "btc_liquidations_1h_usd",
        "eth_liquidations_1h_usd",
        "sol_liquidations_1h_usd",
        "session_asia",
        "session_eu",
        "session_us",
        "hour_of_day_sin",
        "hour_of_day_cos",
        "coin_idx"
      ]
    },
    {
      "fold": 1,
      "n_train": 1438,
      "n_test": 719,
      "auc": 0.5240958512642829,
      "log_loss": 4.572746970652141,
      "brier": 0.3697890811533131,
      "directional_accuracy": 0.3908205841446453,
      "baseline_auc": 0.5504628492684275,
      "baseline_log_loss": 1.0739336960872001,
      "baseline_brier": 0.21699561551394028,
      "baseline_directional_accuracy": 0.41585535465924894,
      "best_params": {
        "objective": "multiclass",
        "num_class": 3,
        "metric": "multi_logloss",
        "num_leaves": 63,
        "learning_rate": 0.19869293052874953,
        "min_child_samples": 19,
        "feature_fraction": 0.9,
        "bagging_fraction": 0.9,
        "bagging_freq": 5,
        "verbose": -1,
        "deterministic": true,
        "seed": 42
      },
      "feature_importance": [
        532.0076638072532,
        322.2497816441283,
        307.17320280606435,
        522.3072186864912,
        533.2146090387956,
        267.34251185299394,
        283.94471180138163,
        544.8425924929644,
        541.2529492509543,
        380.55666361882516,
        346.27533299615317,
        375.8534107924685,
        299.3006156115206,
        312.4352589324782,
        278.0517309939784,
        209.68134461178263,
        362.386565811624,
        267.46179703236464,
        533.5297256825072,
        306.1676323145747,
        283.7493021256859,
        335.5579832939687,
        0.0,
        0.0,
        0.0,
        0.0,
        0.0,
        0.0,
        0.0,
        0.0,
        0.0,
        29.894854420113273,
        42.134454598562726,
        36.04466100361035,
        218.41563909754433,
        216.00805608630094,
        0.0
      ],
      "feature_names": [
        "ret1",
        "ret5",
        "ret10",
        "momentum",
        "realizedVol",
        "rsi14",
        "macdLine",
        "macdSignal",
        "macdHist",
        "atr14",
        "atrPct",
        "ema9",
        "ema21",
        "emaSpreadPct",
        "distFromEma9Pct",
        "distFromEma21Pct",
        "bbUpper",
        "bbMiddle",
        "bbLower",
        "bbWidth",
        "bbPctB",
        "bbWidthPct",
        "funding_rate",
        "open_interest_z",
        "liquidations_1h_usd",
        "bid_ask_spread_bps",
        "btc_lead_ret_5m",
        "eth_lead_ret_5m",
        "btc_liquidations_1h_usd",
        "eth_liquidations_1h_usd",
        "sol_liquidations_1h_usd",
        "session_asia",
        "session_eu",
        "session_us",
        "hour_of_day_sin",
        "hour_of_day_cos",
        "coin_idx"
      ]
    },
    {
      "fold": 2,
      "n_train": 2157,
      "n_test": 719,
      "auc": 0.5081895711754488,
      "log_loss": 5.38096422610507,
      "brier": 0.39844381864806383,
      "directional_accuracy": 0.33240611961057026,
      "baseline_auc": 0.5134444681060938,
      "baseline_log_loss": 1.0607042384122103,
      "baseline_brier": 0.21460186423739913,
      "baseline_directional_accuracy": 0.40611961057023643,
      "best_params": {
        "objective": "multiclass",
        "num_class": 3,
        "metric": "multi_logloss",
        "num_leaves": 63,
        "learning_rate": 0.11464303341307029,
        "min_child_samples": 10,
        "feature_fraction": 0.9,
        "bagging_fraction": 0.9,
        "bagging_freq": 5,
        "verbose": -1,
        "deterministic": true,
        "seed": 42
      },