{
  "coin_id": "bonk",
  "timeframe": "1m",
  "version": "20260422T072540Z",
  "feature_names": [
    "ret1",
    "ret5",
    "ret10",
    "momentum",
    "realizedVol",
    "rsi14",
    "macdLine",
    "macdSignal",
    "macdHist",
    "atr14",
    "atrPct",
    "ema9",
    "ema21",
    "emaSpreadPct",
    "distFromEma9Pct",
    "distFromEma21Pct",
    "bbUpper",
    "bbMiddle",
    "bbLower",
    "bbWidth",
    "bbPctB",
    "bbWidthPct",
    "news_etf_flow",
    "news_regulatory_risk",
    "news_exchange_outage",
    "news_macro_shock",
    "news_whale_move",
    "news_exploit_or_hack",
    "news_stablecoin_event",
    "news_narrative_rotation",
    "news_listing_or_delisting",
    "news_protocol_upgrade",
    "news_high_volume_breakout",
    "news_unusual_volatility",
    "coin_idx"
  ],
  "coin_vocab": [
    "bonk"
  ],
  "n_train_rows": 613,
  "n_test_rows": 510,
  "metrics": {
    "auc": 0.6163927796790484,
    "log_loss": 2.310065095818033,
    "brier": 0.2516562873364641,
    "directional_accuracy": 0.5666666666666667
  },
  "baseline_metrics": {
    "auc": 0.5620559956309658,
    "log_loss": 0.7877133112546546,
    "brier": 0.1472409133984705,
    "directional_accuracy": 0.7176470588235294
  },
  "threshold_pct": 0.03,
  "horizon_candles": 1,
  "class_return_means_pct": [
    -0.0879452705410745,
    0.00031725920326907477,
    0.1374511142581127
  ],
  "fold_metrics": [
    {
      "fold": 0,
      "n_train": 102,
      "n_test": 102,
      "auc": 0.602714397675638,
      "log_loss": 2.982204675573134,
      "brier": 0.2953735093063547,
      "directional_accuracy": 0.5098039215686274,
      "baseline_auc": 0.5534842012555191,
      "baseline_log_loss": 0.7866471754299519,
      "baseline_brier": 0.14772978762491526,
      "baseline_directional_accuracy": 0.7254901960784313,
      "best_params": {
        "objective": "multiclass",
        "num_class": 3,
        "metric": "multi_logloss",
        "num_leaves": 15,
        "learning_rate": 0.09230320822645494,
        "min_child_samples": 6,
        "feature_fraction": 0.9,
        "bagging_fraction": 0.9,
        "bagging_freq": 5,
        "verbose": -1,
        "deterministic": true,
        "seed": 42
      }
    },
    {
      "fold": 1,
      "n_train": 204,
      "n_test": 102,
      "auc": 0.5800747468191892,
      "log_loss": 3.686807029032838,
      "brier": 0.3978400853911774,
      "directional_accuracy": 0.3137254901960784,
      "baseline_auc": 0.4663428813354813,
      "baseline_log_loss": 0.7047963836699525,
      "baseline_brier": 0.12801842807359345,
      "baseline_directional_accuracy": 0.7843137254901961,
      "best_params": {
        "objective": "multiclass",
        "num_class": 3,
        "metric": "multi_logloss",
        "num_leaves": 15,
        "learning_rate": 0.09230320822645494,
        "min_child_samples": 6,
        "feature_fraction": 0.9,
        "bagging_fraction": 0.9,
        "bagging_freq": 5,
        "verbose": -1,
        "deterministic": true,
        "seed": 42
      }
    },
    {
      "fold": 2,
      "n_train": 306,
      "n_test": 102,
      "auc": 0.7286427303728754,
      "log_loss": 1.304487686549804,
      "brier": 0.12654469267828314,
      "directional_accuracy": 0.7941176470588235,
      "baseline_auc": 0.6073329853941906,
      "baseline_log_loss": 0.6766651269021103,
      "baseline_brier": 0.1184334428131222,
      "baseline_directional_accuracy": 0.7941176470588235,
      "best_params": {
        "objective": "multiclass",
        "num_class": 3,
        "metric": "multi_logloss",
        "num_leaves": 15,
        "learning_rate": 0.09230320822645494,
        "min_child_samples": 6,
        "feature_fraction": 0.9,
        "bagging_fraction": 0.9,
        "bagging_freq": 5,
        "verbose": -1,
        "deterministic": true,
        "seed": 42
      }
    },
    {
      "fold": 3,
      "n_train": 408,
      "n_test": 102,
      "auc": 0.6306959417261188,
      "log_loss": 1.623573546395949,
      "brier": 0.1860687089597934,
      "directional_accuracy": 0.6764705882352942,
      "baseline_auc": 0.5712612712994289,
      "baseline_log_loss": 0.8628452552931095,
      "baseline_brier": 0.16529648522901338,
      "baseline_directional_accuracy": 0.6764705882352942,
      "best_params": {
        "objective": "multiclass",
        "num_class": 3,
        "metric": "multi_logloss",
        "num_leaves": 15,
        "learning_rate": 0.09230320822645494,
        "min_child_samples": 6,
        "feature_fraction": 0.9,
        "bagging_fraction": 0.9,
        "bagging_freq": 5,
        "verbose": -1,
        "deterministic": true,
        "seed": 42
      }
    },
    {
      "fold": 4,
      "n_train": 510,
      "n_test": 102,
      "auc": 0.5398360818014207,
      "log_loss": 1.9532525415384379,
      "brier": 0.252454440346712,
      "directional_accuracy": 0.5392156862745098,
      "baseline_auc": 0.6118586388702085,
      "baseline_log_loss": 0.9076126149781486,
      "baseline_brier": 0.1767264232517082,
      "baseline_directional_accuracy": 0.6078431372549019,
      "best_params": {
        "objective": "multiclass",
        "num_class": 3,
        "metric": "multi_logloss",
        "num_leaves": 63,
        "learning_rate": 0.0938393881004349,
        "min_child_samples": 23,
        "feature_fraction": 0.9,
        "bagging_fraction": 0.9,
        "bagging_freq": 5,
        "verbose": -1,
        "deterministic": true,
        "seed": 42
      }
    }
  ],
  "note": "Per-coin model for bonk/1m.",
  "directional_call_share": 0.04065040650406504,
  "directional_call_share_n": 123,
  "directional_call_share_source": "holdout",
  "model_kind": "lightgbm",
  "prior_probs": []
}