{
  "coin_id": "pepe",
  "timeframe": "1m",
  "version": "20260422T073643Z",
  "feature_names": [
    "ret1",
    "ret5",
    "ret10",
    "momentum",
    "realizedVol",
    "rsi14",
    "macdLine",
    "macdSignal",
    "macdHist",
    "atr14",
    "atrPct",
    "ema9",
    "ema21",
    "emaSpreadPct",
    "distFromEma9Pct",
    "distFromEma21Pct",
    "bbUpper",
    "bbMiddle",
    "bbLower",
    "bbWidth",
    "bbPctB",
    "bbWidthPct",
    "news_etf_flow",
    "news_regulatory_risk",
    "news_exchange_outage",
    "news_macro_shock",
    "news_whale_move",
    "news_exploit_or_hack",
    "news_stablecoin_event",
    "news_narrative_rotation",
    "news_listing_or_delisting",
    "news_protocol_upgrade",
    "news_high_volume_breakout",
    "news_unusual_volatility",
    "coin_idx"
  ],
  "coin_vocab": [
    "pepe"
  ],
  "n_train_rows": 621,
  "n_test_rows": 515,
  "metrics": {
    "auc": 0.5282128291731215,
    "log_loss": 1.7492797606547543,
    "brier": 0.2584601415871505,
    "directional_accuracy": 0.5048543689320388
  },
  "baseline_metrics": {
    "auc": 0.4992822718164295,
    "log_loss": 0.8841616470301297,
    "brier": 0.16980623012549553,
    "directional_accuracy": 0.6601941747572816
  },
  "threshold_pct": 0.03,
  "horizon_candles": 1,
  "class_return_means_pct": [
    -0.09155684099564138,
    0.0006075316158717691,
    0.10980304058787822
  ],
  "fold_metrics": [
    {
      "fold": 0,
      "n_train": 103,
      "n_test": 103,
      "auc": 0.5125869608866274,
      "log_loss": 2.1724347902889614,
      "brier": 0.3579268993876061,
      "directional_accuracy": 0.3106796116504854,
      "baseline_auc": 0.47373092393014565,
      "baseline_log_loss": 0.8962226415931246,
      "baseline_brier": 0.173439523368748,
      "baseline_directional_accuracy": 0.6893203883495146,
      "best_params": {
        "objective": "multiclass",
        "num_class": 3,
        "metric": "multi_logloss",
        "num_leaves": 15,
        "learning_rate": 0.060113218328857784,
        "min_child_samples": 16,
        "feature_fraction": 0.9,
        "bagging_fraction": 0.9,
        "bagging_freq": 5,
        "verbose": -1,
        "deterministic": true,
        "seed": 42
      }
    },
    {
      "fold": 1,
      "n_train": 206,
      "n_test": 103,
      "auc": 0.5509508320131234,
      "log_loss": 1.3010022851851646,
      "brier": 0.24105802580927269,
      "directional_accuracy": 0.4854368932038835,
      "baseline_auc": 0.4960596884679198,
      "baseline_log_loss": 0.8305784179659924,
      "baseline_brier": 0.15662387886932108,
      "baseline_directional_accuracy": 0.6990291262135923,
      "best_params": {
        "objective": "multiclass",
        "num_class": 3,
        "metric": "multi_logloss",
        "num_leaves": 63,
        "learning_rate": 0.06807764614983679,
        "min_child_samples": 12,
        "feature_fraction": 0.9,
        "bagging_fraction": 0.9,
        "bagging_freq": 5,
        "verbose": -1,
        "deterministic": true,
        "seed": 42
      }
    },
    {
      "fold": 2,
      "n_train": 309,
      "n_test": 103,
      "auc": 0.5244883809538982,
      "log_loss": 1.7813927488222046,
      "brier": 0.21241456786332322,
      "directional_accuracy": 0.6504854368932039,
      "baseline_auc": 0.608253014287497,
      "baseline_log_loss": 0.7956494528835244,
      "baseline_brier": 0.14743176537458025,
      "baseline_directional_accuracy": 0.7184466019417476,
      "best_params": {
        "objective": "multiclass",
        "num_class": 3,
        "metric": "multi_logloss",
        "num_leaves": 15,
        "learning_rate": 0.060113218328857784,
        "min_child_samples": 16,
        "feature_fraction": 0.9,
        "bagging_fraction": 0.9,
        "bagging_freq": 5,
        "verbose": -1,
        "deterministic": true,
        "seed": 42
      }
    },
    {
      "fold": 3,
      "n_train": 412,
      "n_test": 103,
      "auc": 0.5209062597951487,
      "log_loss": 1.7140414954054277,
      "brier": 0.23061552996364187,
      "directional_accuracy": 0.5825242718446602,
      "baseline_auc": 0.47982730204952423,
      "baseline_log_loss": 0.931601966554346,
      "baseline_brier": 0.1798732239793491,
      "baseline_directional_accuracy": 0.6407766990291263,
      "best_params": {
        "objective": "multiclass",
        "num_class": 3,
        "metric": "multi_logloss",
        "num_leaves": 31,
        "learning_rate": 0.04488170057528786,
        "min_child_samples": 9,
        "feature_fraction": 0.9,
        "bagging_fraction": 0.9,
        "bagging_freq": 5,
        "verbose": -1,
        "deterministic": true,
        "seed": 42
      }
    },
    {
      "fold": 4,
      "n_train": 515,
      "n_test": 103,
      "auc": 0.5321317122168102,
      "log_loss": 1.7775274835720134,
      "brier": 0.2502856849119089,
      "directional_accuracy": 0.49514563106796117,
      "baseline_auc": 0.4385404303470603,
      "baseline_log_loss": 0.9667557561536613,
      "baseline_brier": 0.19166275903547925,
      "baseline_directional_accuracy": 0.5533980582524272,
      "best_params": {
        "objective": "multiclass",
        "num_class": 3,
        "metric": "multi_logloss",
        "num_leaves": 15,
        "learning_rate": 0.09230320822645494,
        "min_child_samples": 6,
        "feature_fraction": 0.9,
        "bagging_fraction": 0.9,
        "bagging_freq": 5,
        "verbose": -1,
        "deterministic": true,
        "seed": 42
      }
    }
  ],
  "note": "Per-coin model for pepe/1m.",
  "directional_call_share": 0.0,
  "directional_call_share_n": 125,
  "directional_call_share_source": "holdout",
  "model_kind": "lightgbm",
  "prior_probs": []
}