{
  "prior_probs": [
    0.07692307692307693,
    0.15384615384615385,
    0.7692307692307693
  ],
  "class_return_means_pct": [
    -1.5,
    1.2955973828138188,
    3.3582076171098754
  ]
}