{
  "coin_id": "bonk",
  "timeframe": "1m",
  "version": "20260422T084237Z",
  "feature_names": [
    "ret1",
    "ret5",
    "ret10",
    "momentum",
    "realizedVol",
    "rsi14",
    "macdLine",
    "macdSignal",
    "macdHist",
    "atr14",
    "atrPct",
    "ema9",
    "ema21",
    "emaSpreadPct",
    "distFromEma9Pct",
    "distFromEma21Pct",
    "bbUpper",
    "bbMiddle",
    "bbLower",
    "bbWidth",
    "bbPctB",
    "bbWidthPct",
    "news_etf_flow",
    "news_regulatory_risk",
    "news_exchange_outage",
    "news_macro_shock",
    "news_whale_move",
    "news_exploit_or_hack",
    "news_stablecoin_event",
    "news_narrative_rotation",
    "news_listing_or_delisting",
    "news_protocol_upgrade",
    "news_high_volume_breakout",
    "news_unusual_volatility",
    "coin_idx"
  ],
  "coin_vocab": [
    "bonk"
  ],
  "n_train_rows": 690,
  "n_test_rows": 575,
  "metrics": {
    "auc": 0.5949506306661465,
    "log_loss": 1.5721966021857097,
    "brier": 0.20527952887020556,
    "directional_accuracy": 0.6295652173913042
  },
  "baseline_metrics": {
    "auc": 0.5413898993262578,
    "log_loss": 0.7815228165873072,
    "brier": 0.1455565086647238,
    "directional_accuracy": 0.7217391304347827
  },
  "threshold_pct": 0.03,
  "horizon_candles": 1,
  "class_return_means_pct": [
    -0.0857029939952995,
    0.00025988805106744466,
    0.12726395668238882
  ],
  "fold_metrics": [
    {
      "fold": 0,
      "n_train": 115,
      "n_test": 115,
      "auc": 0.5576457770782975,
      "log_loss": 2.593812740531237,
      "brier": 0.26599725633082577,
      "directional_accuracy": 0.5652173913043478,
      "baseline_auc": 0.49317841467235307,
      "baseline_log_loss": 0.7735795451548804,
      "baseline_brier": 0.1444297176499265,
      "baseline_directional_accuracy": 0.7478260869565218,
      "best_params": {
        "objective": "multiclass",
        "num_class": 3,
        "metric": "multi_logloss",
        "num_leaves": 15,
        "learning_rate": 0.09230320822645494,
        "min_child_samples": 6,
        "feature_fraction": 0.9,
        "bagging_fraction": 0.9,
        "bagging_freq": 5,
        "verbose": -1,
        "deterministic": true,
        "seed": 42
      }
    },
    {
      "fold": 1,
      "n_train": 230,
      "n_test": 115,
      "auc": 0.6561505722741678,
      "log_loss": 1.0804339431807395,
      "brier": 0.1604030163124955,
      "directional_accuracy": 0.7043478260869566,
      "baseline_auc": 0.5510278672638224,
      "baseline_log_loss": 0.6964382374740733,
      "baseline_brier": 0.12545184100127507,
      "baseline_directional_accuracy": 0.7739130434782608,
      "best_params": {
        "objective": "multiclass",
        "num_class": 3,
        "metric": "multi_logloss",
        "num_leaves": 15,
        "learning_rate": 0.09230320822645494,
        "min_child_samples": 6,
        "feature_fraction": 0.9,
        "bagging_fraction": 0.9,
        "bagging_freq": 5,
        "verbose": -1,
        "deterministic": true,
        "seed": 42
      }
    },
    {
      "fold": 2,
      "n_train": 345,
      "n_test": 115,
      "auc": 0.6496746532701588,
      "log_loss": 1.0652001947801952,
      "brier": 0.16663173949642635,
      "directional_accuracy": 0.6695652173913044,
      "baseline_auc": 0.5065346368155357,
      "baseline_log_loss": 0.7015250353081459,
      "baseline_brier": 0.12610434280559601,
      "baseline_directional_accuracy": 0.7739130434782608,
      "best_params": {
        "objective": "multiclass",
        "num_class": 3,
        "metric": "multi_logloss",
        "num_leaves": 63,
        "learning_rate": 0.0938393881004349,
        "min_child_samples": 23,
        "feature_fraction": 0.9,
        "bagging_fraction": 0.9,
        "bagging_freq": 5,
        "verbose": -1,
        "deterministic": true,
        "seed": 42
      }
    },
    {
      "fold": 3,
      "n_train": 460,
      "n_test": 115,
      "auc": 0.6132884471580441,
      "log_loss": 1.6170334410786866,
      "brier": 0.22526257726126162,
      "directional_accuracy": 0.5826086956521739,
      "baseline_auc": 0.588917546846153,
      "baseline_log_loss": 0.97566287938462,
      "baseline_brier": 0.18907578919741216,
      "baseline_directional_accuracy": 0.6173913043478261,
      "best_params": {
        "objective": "multiclass",
        "num_class": 3,
        "metric": "multi_logloss",
        "num_leaves": 15,
        "learning_rate": 0.060113218328857784,
        "min_child_samples": 16,
        "feature_fraction": 0.9,
        "bagging_fraction": 0.9,
        "bagging_freq": 5,
        "verbose": -1,
        "deterministic": true,
        "seed": 42
      }
    },
    {
      "fold": 4,
      "n_train": 575,
      "n_test": 115,
      "auc": 0.49799370355006395,
      "log_loss": 1.5045026913576898,
      "brier": 0.20810305495001866,
      "directional_accuracy": 0.6260869565217392,
      "baseline_auc": 0.5672910310334246,
      "baseline_log_loss": 0.7604083856148163,
      "baseline_brier": 0.14272085266940926,
      "baseline_directional_accuracy": 0.6956521739130435,
      "best_params": {
        "objective": "multiclass",
        "num_class": 3,
        "metric": "multi_logloss",
        "num_leaves": 15,
        "learning_rate": 0.09230320822645494,
        "min_child_samples": 6,
        "feature_fraction": 0.9,
        "bagging_fraction": 0.9,
        "bagging_freq": 5,
        "verbose": -1,
        "deterministic": true,
        "seed": 42
      }
    }
  ],
  "note": "Per-coin model for bonk/1m.",
  "directional_call_share": 0.028985507246376812,
  "directional_call_share_n": 138,
  "directional_call_share_source": "holdout",
  "model_kind": "lightgbm",
  "prior_probs": []
}