{
  "coin_id": "jupiter-exchange-solana",
  "timeframe": "1d",
  "version": "20260429T170554Z",
  "feature_names": [
    "ret1",
    "ret5",
    "ret10",
    "momentum",
    "realizedVol",
    "rsi14",
    "macdLine",
    "macdSignal",
    "macdHist",
    "atr14",
    "atrPct",
    "ema9",
    "ema21",
    "emaSpreadPct",
    "distFromEma9Pct",
    "distFromEma21Pct",
    "bbUpper",
    "bbMiddle",
    "bbLower",
    "bbWidth",
    "bbPctB",
    "bbWidthPct",
    "volZScore60",
    "funding_rate",
    "open_interest_z",
    "liquidations_1h_usd",
    "bid_ask_spread_bps",
    "btc_lead_ret_5m",
    "eth_lead_ret_5m",
    "btc_liquidations_1h_usd",
    "eth_liquidations_1h_usd",
    "sol_liquidations_1h_usd",
    "session_asia",
    "session_eu",
    "session_us",
    "hour_of_day_sin",
    "hour_of_day_cos",
    "coin_idx"
  ],
  "coin_vocab": [
    "jupiter-exchange-solana"
  ],
  "n_train_rows": 785,
  "n_test_rows": 655,
  "metrics": {
    "auc": 0.4768871706549761,
    "log_loss": 2.961604671517086,
    "brier": 0.3587865058871299,
    "directional_accuracy": 0.3435114503816794
  },
  "baseline_metrics": {
    "auc": 0.4852667389891364,
    "log_loss": 1.1369174681374,
    "brier": 0.23007600598731476,
    "directional_accuracy": 0.35572519083969467
  },
  "threshold_pct": 1.4249999999999998,
  "horizon_candles": 1,
  "class_return_means_pct": [
    -5.078491075484874,
    0.006365254578123608,
    5.756179541644259
  ],
  "fold_metrics": [
    {
      "fold": 0,
      "n_train": 130,
      "n_test": 131,
      "auc": 0.4969417656322557,
      "log_loss": 2.712762281556276,
      "brier": 0.34179901474419117,
      "directional_accuracy": 0.366412213740458,
      "baseline_auc": 0.43472105835503233,
      "baseline_log_loss": 1.1729916398270568,
      "baseline_brier": 0.2404030833037194,
      "baseline_directional_accuracy": 0.33587786259541985,
      "best_params": {
        "objective": "multiclass",
        "num_class": 3,
        "metric": "multi_logloss",
        "num_leaves": 31,
        "learning_rate": 0.09340308327072934,
        "min_child_samples": 9,
        "feature_fraction": 0.9,
        "bagging_fraction": 0.9,
        "bagging_freq": 5,
        "verbose": -1,
        "deterministic": true,
        "seed": 42
      },
      "feature_importance": [
        238.8400874105282,
        64.95212619146332,
        318.3213138245637,
        176.30409779632464,
        65.7787440516986,
        56.920643443241715,
        125.25555462529883,
        157.43221508112583,
        145.55929168546572,
        135.52562533365563,
        270.6542863147333,
        110.07565625850111,
        72.52090884791687,
        25.9221338625066,
        140.78338493010597,
        196.74472311371937,
        114.23916803486645,
        87.71781537961215,
        86.99417017586529,
        224.02598203229718,
        96.81516942288727,
        200.0914798080119,
        284.4282527072355,
        0.0,
        0.0,
        0.0,
        0.0,
        0.0,
        0.0,
        0.0,
        0.0,
        0.0,
        0.0,
        0.0,
        0.0,
        0.0,
        0.0,
        0.0
      ],
      "feature_names": [
        "ret1",
        "ret5",
        "ret10",
        "momentum",
        "realizedVol",
        "rsi14",
        "macdLine",
        "macdSignal",
        "macdHist",
        "atr14",
        "atrPct",
        "ema9",
        "ema21",
        "emaSpreadPct",
        "distFromEma9Pct",
        "distFromEma21Pct",
        "bbUpper",
        "bbMiddle",
        "bbLower",
        "bbWidth",
        "bbPctB",
        "bbWidthPct",
        "volZScore60",
        "funding_rate",
        "open_interest_z",
        "liquidations_1h_usd",
        "bid_ask_spread_bps",
        "btc_lead_ret_5m",
        "eth_lead_ret_5m",
        "btc_liquidations_1h_usd",
        "eth_liquidations_1h_usd",
        "sol_liquidations_1h_usd",
        "session_asia",
        "session_eu",
        "session_us",
        "hour_of_day_sin",
        "hour_of_day_cos",
        "coin_idx"
      ]
    },
    {
      "fold": 1,
      "n_train": 261,
      "n_test": 131,
      "auc": 0.481086870544191,
      "log_loss": 3.6189013952755955,
      "brier": 0.37832441776442643,
      "directional_accuracy": 0.32061068702290074,
      "baseline_auc": 0.48851849425619914,
      "baseline_log_loss": 1.2337008852848592,
      "baseline_brier": 0.24684328803191183,
      "baseline_directional_accuracy": 0.3511450381679389,
      "best_params": {
        "objective": "multiclass",
        "num_class": 3,
        "metric": "multi_logloss",
        "num_leaves": 31,
        "learning_rate": 0.09340308327072934,
        "min_child_samples": 9,
        "feature_fraction": 0.9,
        "bagging_fraction": 0.9,
        "bagging_freq": 5,
        "verbose": -1,
        "deterministic": true,
        "seed": 42
      },
      "feature_importance": [
        406.3148602027308,
        313.23016462891246,
        576.3773475522823,
        437.97606559259987,
        278.6349653412252,
        256.7035792865544,
        164.19601456927157,
        402.98813680882324,
        183.50585494697378,
        323.15721637335787,
        286.19718921555517,
        175.59141562907237,
        195.96269150041786,
        137.25789779916522,
        254.62294443475082,
        167.0718302850105,
        232.41171908742777,
        226.23761854446067,
        294.48927427573784,
        282.01260541119757,
        162.61766162974234,
        346.3230044620559,
        525.5268700797619,
        0.0,
        0.0,
        0.0,
        0.0,
        0.0,
        0.0,
        0.0,
        0.0,
        0.0,
        0.0,
        0.0,
        0.0,
        0.0,
        0.0,
        0.0
      ],
      "feature_names": [
        "ret1",
        "ret5",
        "ret10",
        "momentum",
        "realizedVol",
        "rsi14",
        "macdLine",
        "macdSignal",
        "macdHist",
        "atr14",
        "atrPct",
        "ema9",
        "ema21",
        "emaSpreadPct",
        "distFromEma9Pct",
        "distFromEma21Pct",
        "bbUpper",
        "bbMiddle",
        "bbLower",
        "bbWidth",
        "bbPctB",
        "bbWidthPct",
        "volZScore60",
        "funding_rate",
        "open_interest_z",
        "liquidations_1h_usd",
        "bid_ask_spread_bps",
        "btc_lead_ret_5m",
        "eth_lead_ret_5m",
        "btc_liquidations_1h_usd",
        "eth_liquidations_1h_usd",
        "sol_liquidations_1h_usd",
        "session_asia",
        "session_eu",
        "session_us",
        "hour_of_day_sin",
        "hour_of_day_cos",
        "coin_idx"
      ]
    },
    {
      "fold": 2,
      "n_train": 392,
      "n_test": 131,
      "auc": 0.4559213391624681,
      "log_loss": 2.8725434835944883,
      "brier": 0.3644018287491912,
      "directional_accuracy": 0.33587786259541985,
      "baseline_auc": 0.5229380498593353,
      "baseline_log_loss": 1.0851668939788277,
      "baseline_brier": 0.21919229090808634,
      "baseline_directional_accuracy": 0.3816793893129771,
      "best_params": {
        "objective": "multiclass",
        "num_class": 3,
        "metric": "multi_logloss",
        "num_leaves": 31,
        "learning_rate": 0.09340308327072934,
        "min_child_samples": 9,
        "feature_fraction": 0.9,
        "bagging_fraction": 0.9,
        "bagging_freq": 5,
        "verbose": -1,
        "deterministic": true,
        "seed": 42
      },