{
  "coin_id": "render-token",
  "timeframe": "2h",
  "version": "20260422T093145Z",
  "feature_names": [
    "ret1",
    "ret5",
    "ret10",
    "momentum",
    "realizedVol",
    "rsi14",
    "macdLine",
    "macdSignal",
    "macdHist",
    "atr14",
    "atrPct",
    "ema9",
    "ema21",
    "emaSpreadPct",
    "distFromEma9Pct",
    "distFromEma21Pct",
    "bbUpper",
    "bbMiddle",
    "bbLower",
    "bbWidth",
    "bbPctB",
    "bbWidthPct",
    "news_etf_flow",
    "news_regulatory_risk",
    "news_exchange_outage",
    "news_macro_shock",
    "news_whale_move",
    "news_exploit_or_hack",
    "news_stablecoin_event",
    "news_narrative_rotation",
    "news_listing_or_delisting",
    "news_protocol_upgrade",
    "news_high_volume_breakout",
    "news_unusual_volatility",
    "coin_idx"
  ],
  "coin_vocab": [
    "render-token"
  ],
  "n_train_rows": 325,
  "n_test_rows": 270,
  "metrics": {
    "auc": 0.5247242742277962,
    "log_loss": 2.3002305024140743,
    "brier": 0.30566722730056645,
    "directional_accuracy": 0.3777777777777778
  },
  "baseline_metrics": {
    "auc": 0.5676316459201334,
    "log_loss": 1.1037823398714295,
    "brier": 0.22280890260298483,
    "directional_accuracy": 0.4148148148148148
  },
  "threshold_pct": 0.28,
  "horizon_candles": 1,
  "class_return_means_pct": [
    -1.0268234258594113,
    -0.008240027902594585,
    1.1472073117260153
  ],
  "fold_metrics": [
    {
      "fold": 0,
      "n_train": 54,
      "n_test": 54,
      "auc": 0.47518289894833093,
      "log_loss": 5.230604527109306,
      "brier": 0.4222365255515685,
      "directional_accuracy": 0.3148148148148148,
      "baseline_auc": 0.5471879286694101,
      "baseline_log_loss": 1.1876841639905733,
      "baseline_brier": 0.2442314906533484,
      "baseline_directional_accuracy": 0.25925925925925924,
      "best_params": {
        "objective": "multiclass",
        "num_class": 3,
        "metric": "multi_logloss",
        "num_leaves": 15,
        "learning_rate": 0.09230320822645494,
        "min_child_samples": 6,
        "feature_fraction": 0.9,
        "bagging_fraction": 0.9,
        "bagging_freq": 5,
        "verbose": -1,
        "deterministic": true,
        "seed": 42
      }
    },
    {
      "fold": 1,
      "n_train": 108,
      "n_test": 54,
      "auc": 0.5209733243744464,
      "log_loss": 1.4204662485699475,
      "brier": 0.24662985115987482,
      "directional_accuracy": 0.3888888888888889,
      "baseline_auc": 0.4963176478604248,
      "baseline_log_loss": 1.0973136213994195,
      "baseline_brier": 0.21896885072741265,
      "baseline_directional_accuracy": 0.48148148148148145,
      "best_params": {
        "objective": "multiclass",
        "num_class": 3,
        "metric": "multi_logloss",
        "num_leaves": 15,
        "learning_rate": 0.060113218328857784,
        "min_child_samples": 16,
        "feature_fraction": 0.9,
        "bagging_fraction": 0.9,
        "bagging_freq": 5,
        "verbose": -1,
        "deterministic": true,
        "seed": 42
      }
    },
    {
      "fold": 2,
      "n_train": 162,
      "n_test": 54,
      "auc": 0.5756684491978611,
      "log_loss": 1.4118869628635589,
      "brier": 0.25729149749108776,
      "directional_accuracy": 0.42592592592592593,
      "baseline_auc": 0.5906466627054863,
      "baseline_log_loss": 1.0355694854208444,
      "baseline_brier": 0.210621159608101,
      "baseline_directional_accuracy": 0.42592592592592593,
      "best_params": {
        "objective": "multiclass",
        "num_class": 3,
        "metric": "multi_logloss",
        "num_leaves": 15,
        "learning_rate": 0.060113218328857784,
        "min_child_samples": 16,
        "feature_fraction": 0.9,
        "bagging_fraction": 0.9,
        "bagging_freq": 5,
        "verbose": -1,
        "deterministic": true,
        "seed": 42
      }
    },
    {
      "fold": 3,
      "n_train": 216,
      "n_test": 54,
      "auc": 0.5781945855833948,
      "log_loss": 1.51008314622441,
      "brier": 0.27206311432164004,
      "directional_accuracy": 0.4444444444444444,
      "baseline_auc": 0.66343645195869,
      "baseline_log_loss": 1.0505539418641543,
      "baseline_brier": 0.20835275873888018,
      "baseline_directional_accuracy": 0.5,
      "best_params": {
        "objective": "multiclass",
        "num_class": 3,
        "metric": "multi_logloss",
        "num_leaves": 15,
        "learning_rate": 0.060113218328857784,
        "min_child_samples": 16,
        "feature_fraction": 0.9,
        "bagging_fraction": 0.9,
        "bagging_freq": 5,
        "verbose": -1,
        "deterministic": true,
        "seed": 42
      }
    },
    {
      "fold": 4,
      "n_train": 270,
      "n_test": 54,
      "auc": 0.47360211303494754,
      "log_loss": 1.9281116273031491,
      "brier": 0.3301151479786611,
      "directional_accuracy": 0.3148148148148148,
      "baseline_auc": 0.5405695384066557,
      "baseline_log_loss": 1.1477904866821556,
      "baseline_brier": 0.23187025328718183,
      "baseline_directional_accuracy": 0.4074074074074074,
      "best_params": {
        "objective": "multiclass",
        "num_class": 3,
        "metric": "multi_logloss",
        "num_leaves": 63,
        "learning_rate": 0.0938393881004349,
        "min_child_samples": 23,
        "feature_fraction": 0.9,
        "bagging_fraction": 0.9,
        "bagging_freq": 5,
        "verbose": -1,
        "deterministic": true,
        "seed": 42
      }
    }
  ],
  "note": "Per-coin model for render-token/2h.",
  "directional_call_share": 0.9538461538461539,
  "directional_call_share_n": 65,
  "directional_call_share_source": "holdout",
  "model_kind": "lightgbm",
  "prior_probs": [],
  "has_regression_head": true,
  "regression_head_stats": {
    "n_train_rows": 204,
    "n_holdout_rows": 51,
    "abs_pred_p50_pct": 1.1265790747971658,
    "abs_pred_p95_pct": 1.2248944661514285,
    "abs_pred_max_pct": 1.3332867583690906,
    "mae_pct": 0.48778776660889084,
    "best_iteration": 2
  }
}