{
  "coin_id": "bonk",
  "timeframe": "6h",
  "version": "20260422T095321Z",
  "feature_names": [
    "ret1",
    "ret5",
    "ret10",
    "momentum",
    "realizedVol",
    "rsi14",
    "macdLine",
    "macdSignal",
    "macdHist",
    "atr14",
    "atrPct",
    "ema9",
    "ema21",
    "emaSpreadPct",
    "distFromEma9Pct",
    "distFromEma21Pct",
    "bbUpper",
    "bbMiddle",
    "bbLower",
    "bbWidth",
    "bbPctB",
    "bbWidthPct",
    "news_etf_flow",
    "news_regulatory_risk",
    "news_exchange_outage",
    "news_macro_shock",
    "news_whale_move",
    "news_exploit_or_hack",
    "news_stablecoin_event",
    "news_narrative_rotation",
    "news_listing_or_delisting",
    "news_protocol_upgrade",
    "news_high_volume_breakout",
    "news_unusual_volatility",
    "coin_idx"
  ],
  "coin_vocab": [
    "bonk"
  ],
  "n_train_rows": 86,
  "n_test_rows": 36,
  "metrics": {
    "auc": 0.5839402427637722,
    "log_loss": 3.0232146389428687,
    "brier": 0.3693396978427329,
    "directional_accuracy": 0.33333333333333337
  },
  "baseline_metrics": {
    "auc": 0.6938531557404106,
    "log_loss": 1.1370702494335485,
    "brier": 0.24361910710348283,
    "directional_accuracy": 0.4722222222222222
  },
  "threshold_pct": 0.45,
  "horizon_candles": 1,
  "class_return_means_pct": [
    -1.4105239680501525,
    0.032210641251107536,
    2.1146287912723207
  ],
  "fold_metrics": [
    {
      "fold": 0,
      "n_train": 50,
      "n_test": 18,
      "auc": 0.8066378066378066,
      "log_loss": 3.0700909444430873,
      "brier": 0.35858602832816744,
      "directional_accuracy": 0.3888888888888889,
      "baseline_auc": 0.669292127625461,
      "baseline_log_loss": 1.0414096843569038,
      "baseline_brier": 0.2222946689641093,
      "baseline_directional_accuracy": 0.5,
      "best_params": {
        "objective": "multiclass",
        "num_class": 3,
        "metric": "multi_logloss",
        "num_leaves": 31,
        "learning_rate": 0.1,
        "min_child_samples": 5,
        "feature_fraction": 0.9,
        "bagging_fraction": 0.9,
        "bagging_freq": 5,
        "verbose": -1,
        "deterministic": true,
        "seed": 42
      }
    },
    {
      "fold": 1,
      "n_train": 68,
      "n_test": 18,
      "auc": 0.36124267888973777,
      "log_loss": 2.9763383334426496,
      "brier": 0.3800933673572983,
      "directional_accuracy": 0.2777777777777778,
      "baseline_auc": 0.7184141838553604,
      "baseline_log_loss": 1.2327308145101932,
      "baseline_brier": 0.26494354524285635,
      "baseline_directional_accuracy": 0.4444444444444444,
      "best_params": {
        "objective": "multiclass",
        "num_class": 3,
        "metric": "multi_logloss",
        "num_leaves": 31,
        "learning_rate": 0.1,
        "min_child_samples": 5,
        "feature_fraction": 0.9,
        "bagging_fraction": 0.9,
        "bagging_freq": 5,
        "verbose": -1,
        "deterministic": true,
        "seed": 42
      }
    }
  ],
  "note": "Per-coin model for bonk/6h.",
  "directional_call_share": 1.0,
  "directional_call_share_n": 18,
  "directional_call_share_source": "holdout",
  "model_kind": "lightgbm",
  "prior_probs": [],
  "has_regression_head": true,
  "regression_head_stats": {
    "n_train_rows": 57,
    "n_holdout_rows": 15,
    "abs_pred_p50_pct": 1.7669249639915008,
    "abs_pred_p95_pct": 1.7669249639915008,
    "abs_pred_max_pct": 1.7669249639915008,
    "mae_pct": 0.7015726198084206,
    "best_iteration": 1
  },
  "gates_alignment": {
    "n": 18,
    "source": "holdout",
    "min_directional_edge": 0.05,
    "min_expected_return_pct": 0.15,
    "aligned_share": 1.0,
    "aligned_loud_share": 1.0,
    "aligned_quiet_share": 0.0,
    "loud_classifier_quiet_regressor_share": 0.0,
    "quiet_classifier_loud_regressor_share": 0.0,
    "dir_edge_p50": 0.16352201257861632,
    "dir_edge_p95": 0.29491951710261466,
    "abs_magnitude_pct_p50": 1.7669249639915008,
    "abs_magnitude_pct_p95": 1.872136221926071
  }
}