{
  "coin_id": "dogwifcoin",
  "timeframe": "1m",
  "version": "20260422T185018Z",
  "feature_names": [
    "ret1",
    "ret5",
    "ret10",
    "momentum",
    "realizedVol",
    "rsi14",
    "macdLine",
    "macdSignal",
    "macdHist",
    "atr14",
    "atrPct",
    "ema9",
    "ema21",
    "emaSpreadPct",
    "distFromEma9Pct",
    "distFromEma21Pct",
    "bbUpper",
    "bbMiddle",
    "bbLower",
    "bbWidth",
    "bbPctB",
    "bbWidthPct",
    "news_etf_flow",
    "news_regulatory_risk",
    "news_exchange_outage",
    "news_macro_shock",
    "news_whale_move",
    "news_exploit_or_hack",
    "news_stablecoin_event",
    "news_narrative_rotation",
    "news_listing_or_delisting",
    "news_protocol_upgrade",
    "news_high_volume_breakout",
    "news_unusual_volatility",
    "coin_idx"
  ],
  "coin_vocab": [
    "dogwifcoin"
  ],
  "n_train_rows": 1896,
  "n_test_rows": 1580,
  "metrics": {
    "auc": 0.5248763711703248,
    "log_loss": 3.405856255455017,
    "brier": 0.29683368774563357,
    "directional_accuracy": 0.5069620253164557
  },
  "baseline_metrics": {
    "auc": 0.5035671817381537,
    "log_loss": 1.1442891991381607,
    "brier": 0.20800701224318624,
    "directional_accuracy": 0.5386075949367088
  },
  "threshold_pct": 0.03,
  "horizon_candles": 1,
  "class_return_means_pct": [
    -0.42711029010850143,
    4.242007094594815e-05,
    0.4573089479127236
  ],
  "fold_metrics": [
    {
      "fold": 0,
      "n_train": 316,
      "n_test": 316,
      "auc": 0.4667908728907199,
      "log_loss": 2.7636183678890376,
      "brier": 0.307185569304526,
      "directional_accuracy": 0.49683544303797467,
      "baseline_auc": 0.45670783341934457,
      "baseline_log_loss": 0.8317425307827092,
      "baseline_brier": 0.18420124960597542,
      "baseline_directional_accuracy": 0.49683544303797467,
      "best_params": {
        "objective": "multiclass",
        "num_class": 3,
        "metric": "multi_logloss",
        "num_leaves": 63,
        "learning_rate": 0.09576615483991667,
        "min_child_samples": 8,
        "feature_fraction": 0.9,
        "bagging_fraction": 0.9,
        "bagging_freq": 5,
        "verbose": -1,
        "deterministic": true,
        "seed": 42
      }
    },
    {
      "fold": 1,
      "n_train": 632,
      "n_test": 316,
      "auc": 0.49539268458579605,
      "log_loss": 9.588660201079684,
      "brier": 0.5619445620692382,
      "directional_accuracy": 0.1360759493670886,
      "baseline_auc": 0.4978842214716828,
      "baseline_log_loss": 2.372663168476594,
      "baseline_brier": 0.3790947488050307,
      "baseline_directional_accuracy": 0.12341772151898735,
      "best_params": {
        "objective": "multiclass",
        "num_class": 3,
        "metric": "multi_logloss",
        "num_leaves": 15,
        "learning_rate": 0.04251218297840802,
        "min_child_samples": 8,
        "feature_fraction": 0.9,
        "bagging_fraction": 0.9,
        "bagging_freq": 5,
        "verbose": -1,
        "deterministic": true,
        "seed": 42
      }
    },
    {
      "fold": 2,
      "n_train": 948,
      "n_test": 316,
      "auc": 0.5724004920093416,
      "log_loss": 1.412698281515774,
      "brier": 0.20153752027643992,
      "directional_accuracy": 0.6455696202531646,
      "baseline_auc": 0.5060392439372371,
      "baseline_log_loss": 0.8479149670603764,
      "baseline_brier": 0.16139752619332262,
      "baseline_directional_accuracy": 0.6867088607594937,
      "best_params": {
        "objective": "multiclass",
        "num_class": 3,
        "metric": "multi_logloss",
        "num_leaves": 15,
        "learning_rate": 0.03120646400209093,
        "min_child_samples": 5,
        "feature_fraction": 0.9,
        "bagging_fraction": 0.9,
        "bagging_freq": 5,
        "verbose": -1,
        "deterministic": true,
        "seed": 42
      }
    },
    {
      "fold": 3,
      "n_train": 1264,
      "n_test": 316,
      "auc": 0.5573710541393081,
      "log_loss": 1.8278783112406993,
      "brier": 0.1939838004136396,
      "directional_accuracy": 0.6613924050632911,
      "baseline_auc": 0.5355414223600184,
      "baseline_log_loss": 0.7868407837337836,
      "baseline_brier": 0.14499572617627396,
      "baseline_directional_accuracy": 0.7246835443037974,
      "best_params": {
        "objective": "multiclass",
        "num_class": 3,
        "metric": "multi_logloss",
        "num_leaves": 63,
        "learning_rate": 0.03901504558960534,
        "min_child_samples": 28,
        "feature_fraction": 0.9,
        "bagging_fraction": 0.9,
        "bagging_freq": 5,
        "verbose": -1,
        "deterministic": true,
        "seed": 42
      }
    },
    {
      "fold": 4,
      "n_train": 1580,
      "n_test": 316,
      "auc": 0.532426752226458,
      "log_loss": 1.436426115549893,
      "brier": 0.21951698666432404,
      "directional_accuracy": 0.5949367088607594,
      "baseline_auc": 0.5216631875024856,
      "baseline_log_loss": 0.8822845456373408,
      "baseline_brier": 0.1703458104353286,
      "baseline_directional_accuracy": 0.6613924050632911,
      "best_params": {
        "objective": "multiclass",
        "num_class": 3,
        "metric": "multi_logloss",
        "num_leaves": 15,
        "learning_rate": 0.05424682788686925,
        "min_child_samples": 14,
        "feature_fraction": 0.9,
        "bagging_fraction": 0.9,
        "bagging_freq": 5,
        "verbose": -1,
        "deterministic": true,
        "seed": 42
      }
    }
  ],
  "note": "Per-coin model for dogwifcoin/1m.",
  "directional_call_share": 0.0,
  "directional_call_share_n": 380,
  "directional_call_share_source": "holdout",
  "model_kind": "lightgbm",
  "prior_probs": [],
  "has_regression_head": true,
  "regression_head_stats": {
    "n_train_rows": 791,
    "n_holdout_rows": 198,
    "abs_pred_p50_pct": 0.09386774505853486,
    "abs_pred_p95_pct": 0.563746510556394,
    "abs_pred_max_pct": 1.1844988980712063,
    "mae_pct": 0.10740842177590185,
    "best_iteration": 80
  },
  "gates_alignment": {
    "n": 380,
    "source": "holdout",
    "min_directional_edge": 0.05,
    "min_expected_return_pct": 0.15,
    "aligned_share": 0.6868421052631579,
    "aligned_loud_share": 0.013157894736842105,
    "aligned_quiet_share": 0.6736842105263158,
    "loud_classifier_quiet_regressor_share": 0.30526315789473685,
    "quiet_classifier_loud_regressor_share": 0.007894736842105263,
    "dir_edge_p50": 0.032288744115269385,
    "dir_edge_p95": 0.15501951046470375,
    "abs_magnitude_pct_p50": 0.09386774505853486,
    "abs_magnitude_pct_p95": 0.13347992226798105
  },
  "specialist_kind": null,
  "regime_subset": [],
  "feature_schema_hash": "726b9f4d8d8b",
  "training_window": {
    "start": "2026-03-25T05:00:00+00:00",
    "end": "2026-04-22T18:38:00+00:00"
  }
}