{
  "coin_id": "jupiter-exchange-solana",
  "timeframe": "1h",
  "version": "20260422T092805Z",
  "feature_names": [
    "ret1",
    "ret5",
    "ret10",
    "momentum",
    "realizedVol",
    "rsi14",
    "macdLine",
    "macdSignal",
    "macdHist",
    "atr14",
    "atrPct",
    "ema9",
    "ema21",
    "emaSpreadPct",
    "distFromEma9Pct",
    "distFromEma21Pct",
    "bbUpper",
    "bbMiddle",
    "bbLower",
    "bbWidth",
    "bbPctB",
    "bbWidthPct",
    "news_etf_flow",
    "news_regulatory_risk",
    "news_exchange_outage",
    "news_macro_shock",
    "news_whale_move",
    "news_exploit_or_hack",
    "news_stablecoin_event",
    "news_narrative_rotation",
    "news_listing_or_delisting",
    "news_protocol_upgrade",
    "news_high_volume_breakout",
    "news_unusual_volatility",
    "coin_idx"
  ],
  "coin_vocab": [
    "jupiter-exchange-solana"
  ],
  "n_train_rows": 685,
  "n_test_rows": 570,
  "metrics": {
    "auc": 0.5026425823299208,
    "log_loss": 2.3313144016253906,
    "brier": 0.335009313585742,
    "directional_accuracy": 0.3596491228070176
  },
  "baseline_metrics": {
    "auc": 0.5067363121656779,
    "log_loss": 1.1106898663231564,
    "brier": 0.22442450463707253,
    "directional_accuracy": 0.35438596491228075
  },
  "threshold_pct": 0.2,
  "horizon_candles": 1,
  "class_return_means_pct": [
    -0.6870837480152264,
    -0.0017177226993059561,
    0.7333847376950497
  ],
  "fold_metrics": [
    {
      "fold": 0,
      "n_train": 114,
      "n_test": 114,
      "auc": 0.445597214565665,
      "log_loss": 2.171175148931487,
      "brier": 0.3514640785794871,
      "directional_accuracy": 0.30701754385964913,
      "baseline_auc": 0.44116594438921486,
      "baseline_log_loss": 1.1730643970894896,
      "baseline_brier": 0.23859179410806589,
      "baseline_directional_accuracy": 0.2631578947368421,
      "best_params": {
        "objective": "multiclass",
        "num_class": 3,
        "metric": "multi_logloss",
        "num_leaves": 63,
        "learning_rate": 0.06807764614983679,
        "min_child_samples": 12,
        "feature_fraction": 0.9,
        "bagging_fraction": 0.9,
        "bagging_freq": 5,
        "verbose": -1,
        "deterministic": true,
        "seed": 42
      }
    },
    {
      "fold": 1,
      "n_train": 228,
      "n_test": 114,
      "auc": 0.49789463323542843,
      "log_loss": 3.062293756213933,
      "brier": 0.3810613493332217,
      "directional_accuracy": 0.35964912280701755,
      "baseline_auc": 0.5402575917952847,
      "baseline_log_loss": 1.1336779758253857,
      "baseline_brier": 0.22897610090378198,
      "baseline_directional_accuracy": 0.3333333333333333,
      "best_params": {
        "objective": "multiclass",
        "num_class": 3,
        "metric": "multi_logloss",
        "num_leaves": 63,
        "learning_rate": 0.06807764614983679,
        "min_child_samples": 12,
        "feature_fraction": 0.9,
        "bagging_fraction": 0.9,
        "bagging_freq": 5,
        "verbose": -1,
        "deterministic": true,
        "seed": 42
      }
    },
    {
      "fold": 2,
      "n_train": 342,
      "n_test": 114,
      "auc": 0.5670227330372258,
      "log_loss": 2.044901744488374,
      "brier": 0.3086576641193581,
      "directional_accuracy": 0.38596491228070173,
      "baseline_auc": 0.49394507264072485,
      "baseline_log_loss": 1.118080395035784,
      "baseline_brier": 0.22418381535285103,
      "baseline_directional_accuracy": 0.3333333333333333,
      "best_params": {
        "objective": "multiclass",
        "num_class": 3,
        "metric": "multi_logloss",
        "num_leaves": 63,
        "learning_rate": 0.06807764614983679,
        "min_child_samples": 12,
        "feature_fraction": 0.9,
        "bagging_fraction": 0.9,
        "bagging_freq": 5,
        "verbose": -1,
        "deterministic": true,
        "seed": 42
      }
    },
    {
      "fold": 3,
      "n_train": 456,
      "n_test": 114,
      "auc": 0.48691594433602253,
      "log_loss": 3.007548371045003,
      "brier": 0.36523400523506533,
      "directional_accuracy": 0.3684210526315789,
      "baseline_auc": 0.5743624691162931,
      "baseline_log_loss": 1.0437097969000424,
      "baseline_brier": 0.21088542188414708,
      "baseline_directional_accuracy": 0.4473684210526316,
      "best_params": {
        "objective": "multiclass",
        "num_class": 3,
        "metric": "multi_logloss",
        "num_leaves": 15,
        "learning_rate": 0.09230320822645494,
        "min_child_samples": 6,
        "feature_fraction": 0.9,
        "bagging_fraction": 0.9,
        "bagging_freq": 5,
        "verbose": -1,
        "deterministic": true,
        "seed": 42
      }
    },
    {
      "fold": 4,
      "n_train": 570,
      "n_test": 114,
      "auc": 0.5157823864752622,
      "log_loss": 1.3706529874481572,
      "brier": 0.26862947066157766,
      "directional_accuracy": 0.37719298245614036,
      "baseline_auc": 0.48395048288687176,
      "baseline_log_loss": 1.0849167667650794,
      "baseline_brier": 0.21948539093651678,
      "baseline_directional_accuracy": 0.39473684210526316,
      "best_params": {
        "objective": "multiclass",
        "num_class": 3,
        "metric": "multi_logloss",
        "num_leaves": 31,
        "learning_rate": 0.04488170057528786,
        "min_child_samples": 9,
        "feature_fraction": 0.9,
        "bagging_fraction": 0.9,
        "bagging_freq": 5,
        "verbose": -1,
        "deterministic": true,
        "seed": 42
      }
    }
  ],
  "note": "Per-coin model for jupiter-exchange-solana/1h.",
  "directional_call_share": 0.9927007299270073,
  "directional_call_share_n": 137,
  "directional_call_share_source": "holdout",
  "model_kind": "lightgbm",
  "prior_probs": [],
  "has_regression_head": true,
  "regression_head_stats": {
    "n_train_rows": 412,
    "n_holdout_rows": 104,
    "abs_pred_p50_pct": 0.7241412075902782,
    "abs_pred_p95_pct": 0.7854166554905374,
    "abs_pred_max_pct": 0.8576740134185523,
    "mae_pct": 0.3665261689490919,
    "best_iteration": 3
  }
}