{
  "coin_id": "injective-protocol",
  "timeframe": "1m",
  "version": "20260422T084711Z",
  "feature_names": [
    "ret1",
    "ret5",
    "ret10",
    "momentum",
    "realizedVol",
    "rsi14",
    "macdLine",
    "macdSignal",
    "macdHist",
    "atr14",
    "atrPct",
    "ema9",
    "ema21",
    "emaSpreadPct",
    "distFromEma9Pct",
    "distFromEma21Pct",
    "bbUpper",
    "bbMiddle",
    "bbLower",
    "bbWidth",
    "bbPctB",
    "bbWidthPct",
    "news_etf_flow",
    "news_regulatory_risk",
    "news_exchange_outage",
    "news_macro_shock",
    "news_whale_move",
    "news_exploit_or_hack",
    "news_stablecoin_event",
    "news_narrative_rotation",
    "news_listing_or_delisting",
    "news_protocol_upgrade",
    "news_high_volume_breakout",
    "news_unusual_volatility",
    "coin_idx"
  ],
  "coin_vocab": [
    "injective-protocol"
  ],
  "n_train_rows": 694,
  "n_test_rows": 575,
  "metrics": {
    "auc": 0.6172839972720123,
    "log_loss": 1.5795150705988514,
    "brier": 0.2032242692120722,
    "directional_accuracy": 0.6434782608695653
  },
  "baseline_metrics": {
    "auc": 0.5433840753635291,
    "log_loss": 0.7544100597277529,
    "brier": 0.14139128285460967,
    "directional_accuracy": 0.7391304347826086
  },
  "threshold_pct": 0.03,
  "horizon_candles": 1,
  "class_return_means_pct": [
    -0.08395879674993272,
    0.000997548985225621,
    0.10752397368014313
  ],
  "fold_metrics": [
    {
      "fold": 0,
      "n_train": 115,
      "n_test": 115,
      "auc": 0.5866592099242464,
      "log_loss": 2.354836257232955,
      "brier": 0.25760955646508127,
      "directional_accuracy": 0.5652173913043478,
      "baseline_auc": 0.5547223210805498,
      "baseline_log_loss": 0.6940495085928291,
      "baseline_brier": 0.12593745115720092,
      "baseline_directional_accuracy": 0.7739130434782608,
      "best_params": {
        "objective": "multiclass",
        "num_class": 3,
        "metric": "multi_logloss",
        "num_leaves": 31,
        "learning_rate": 0.09340308327072934,
        "min_child_samples": 9,
        "feature_fraction": 0.9,
        "bagging_fraction": 0.9,
        "bagging_freq": 5,
        "verbose": -1,
        "deterministic": true,
        "seed": 42
      }
    },
    {
      "fold": 1,
      "n_train": 230,
      "n_test": 115,
      "auc": 0.5768060311794024,
      "log_loss": 1.8707087628951853,
      "brier": 0.21965453493453144,
      "directional_accuracy": 0.6173913043478261,
      "baseline_auc": 0.5111807802407692,
      "baseline_log_loss": 0.7387667491169401,
      "baseline_brier": 0.13671173936687184,
      "baseline_directional_accuracy": 0.7478260869565218,
      "best_params": {
        "objective": "multiclass",
        "num_class": 3,
        "metric": "multi_logloss",
        "num_leaves": 15,
        "learning_rate": 0.09230320822645494,
        "min_child_samples": 6,
        "feature_fraction": 0.9,
        "bagging_fraction": 0.9,
        "bagging_freq": 5,
        "verbose": -1,
        "deterministic": true,
        "seed": 42
      }
    },
    {
      "fold": 2,
      "n_train": 345,
      "n_test": 115,
      "auc": 0.7479174266602134,
      "log_loss": 0.8538339794390946,
      "brier": 0.14534074850095435,
      "directional_accuracy": 0.7304347826086957,
      "baseline_auc": 0.5499915568400947,
      "baseline_log_loss": 0.6940633870423437,
      "baseline_brier": 0.12842996692007694,
      "baseline_directional_accuracy": 0.7652173913043478,
      "best_params": {
        "objective": "multiclass",
        "num_class": 3,
        "metric": "multi_logloss",
        "num_leaves": 15,
        "learning_rate": 0.060113218328857784,
        "min_child_samples": 16,
        "feature_fraction": 0.9,
        "bagging_fraction": 0.9,
        "bagging_freq": 5,
        "verbose": -1,
        "deterministic": true,
        "seed": 42
      }
    },
    {
      "fold": 3,
      "n_train": 460,
      "n_test": 115,
      "auc": 0.6079263408728247,
      "log_loss": 1.6005011653972927,
      "brier": 0.22182013976390502,
      "directional_accuracy": 0.6347826086956522,
      "baseline_auc": 0.5907211066933821,
      "baseline_log_loss": 0.9062003841762151,
      "baseline_brier": 0.1771693134865849,
      "baseline_directional_accuracy": 0.6434782608695652,
      "best_params": {
        "objective": "multiclass",
        "num_class": 3,
        "metric": "multi_logloss",
        "num_leaves": 31,
        "learning_rate": 0.04488170057528786,
        "min_child_samples": 9,
        "feature_fraction": 0.9,
        "bagging_fraction": 0.9,
        "bagging_freq": 5,
        "verbose": -1,
        "deterministic": true,
        "seed": 42
      }
    },
    {
      "fold": 4,
      "n_train": 575,
      "n_test": 115,
      "auc": 0.5671109777233748,
      "log_loss": 1.2176951880297293,
      "brier": 0.17169636639588906,
      "directional_accuracy": 0.6695652173913044,
      "baseline_auc": 0.5103046119628497,
      "baseline_log_loss": 0.7389702697104369,
      "baseline_brier": 0.13870794334231373,
      "baseline_directional_accuracy": 0.7652173913043478,
      "best_params": {
        "objective": "multiclass",
        "num_class": 3,
        "metric": "multi_logloss",
        "num_leaves": 31,
        "learning_rate": 0.04488170057528786,
        "min_child_samples": 9,
        "feature_fraction": 0.9,
        "bagging_fraction": 0.9,
        "bagging_freq": 5,
        "verbose": -1,
        "deterministic": true,
        "seed": 42
      }
    }
  ],
  "note": "Per-coin model for injective-protocol/1m.",
  "directional_call_share": 0.02877697841726619,
  "directional_call_share_n": 139,
  "directional_call_share_source": "holdout",
  "model_kind": "lightgbm",
  "prior_probs": []
}