{
  "coin_id": "dogwifcoin",
  "timeframe": "1m",
  "version": "20260422T082021Z",
  "feature_names": [
    "ret1",
    "ret5",
    "ret10",
    "momentum",
    "realizedVol",
    "rsi14",
    "macdLine",
    "macdSignal",
    "macdHist",
    "atr14",
    "atrPct",
    "ema9",
    "ema21",
    "emaSpreadPct",
    "distFromEma9Pct",
    "distFromEma21Pct",
    "bbUpper",
    "bbMiddle",
    "bbLower",
    "bbWidth",
    "bbPctB",
    "bbWidthPct",
    "news_etf_flow",
    "news_regulatory_risk",
    "news_exchange_outage",
    "news_macro_shock",
    "news_whale_move",
    "news_exploit_or_hack",
    "news_stablecoin_event",
    "news_narrative_rotation",
    "news_listing_or_delisting",
    "news_protocol_upgrade",
    "news_high_volume_breakout",
    "news_unusual_volatility",
    "coin_idx"
  ],
  "coin_vocab": [
    "dogwifcoin"
  ],
  "n_train_rows": 667,
  "n_test_rows": 555,
  "metrics": {
    "auc": 0.5527874607556661,
    "log_loss": 1.5803548377900474,
    "brier": 0.1975559634622613,
    "directional_accuracy": 0.6468468468468469
  },
  "baseline_metrics": {
    "auc": 0.5324986172387801,
    "log_loss": 0.77469115362712,
    "brier": 0.14218224497490486,
    "directional_accuracy": 0.736936936936937
  },
  "threshold_pct": 0.03,
  "horizon_candles": 1,
  "class_return_means_pct": [
    -0.09094805613132327,
    0.0001553773891867535,
    0.10202574223556575
  ],
  "fold_metrics": [
    {
      "fold": 0,
      "n_train": 111,
      "n_test": 111,
      "auc": 0.5828146643272694,
      "log_loss": 0.966644628404494,
      "brier": 0.1681526264873212,
      "directional_accuracy": 0.7027027027027027,
      "baseline_auc": 0.5130298273155417,
      "baseline_log_loss": 0.7491757459038129,
      "baseline_brier": 0.13125820723099058,
      "baseline_directional_accuracy": 0.7657657657657657,
      "best_params": {
        "objective": "multiclass",
        "num_class": 3,
        "metric": "multi_logloss",
        "num_leaves": 31,
        "learning_rate": 0.04488170057528786,
        "min_child_samples": 9,
        "feature_fraction": 0.9,
        "bagging_fraction": 0.9,
        "bagging_freq": 5,
        "verbose": -1,
        "deterministic": true,
        "seed": 42
      }
    },
    {
      "fold": 1,
      "n_train": 222,
      "n_test": 111,
      "auc": 0.5447366545998561,
      "log_loss": 1.240605553525429,
      "brier": 0.21827371954574795,
      "directional_accuracy": 0.5765765765765766,
      "baseline_auc": 0.4620258907014534,
      "baseline_log_loss": 0.7762033666206702,
      "baseline_brier": 0.14300225620571552,
      "baseline_directional_accuracy": 0.7387387387387387,
      "best_params": {
        "objective": "multiclass",
        "num_class": 3,
        "metric": "multi_logloss",
        "num_leaves": 63,
        "learning_rate": 0.0938393881004349,
        "min_child_samples": 23,
        "feature_fraction": 0.9,
        "bagging_fraction": 0.9,
        "bagging_freq": 5,
        "verbose": -1,
        "deterministic": true,
        "seed": 42
      }
    },
    {
      "fold": 2,
      "n_train": 333,
      "n_test": 111,
      "auc": 0.5090737404528282,
      "log_loss": 1.640727150831381,
      "brier": 0.17540950513380363,
      "directional_accuracy": 0.6936936936936937,
      "baseline_auc": 0.4751855757234414,
      "baseline_log_loss": 0.7522550399424371,
      "baseline_brier": 0.13728993019531469,
      "baseline_directional_accuracy": 0.7477477477477478,
      "best_params": {
        "objective": "multiclass",
        "num_class": 3,
        "metric": "multi_logloss",
        "num_leaves": 63,
        "learning_rate": 0.06807764614983679,
        "min_child_samples": 12,
        "feature_fraction": 0.9,
        "bagging_fraction": 0.9,
        "bagging_freq": 5,
        "verbose": -1,
        "deterministic": true,
        "seed": 42
      }
    },
    {
      "fold": 3,
      "n_train": 444,
      "n_test": 111,
      "auc": 0.6250638832732655,
      "log_loss": 2.676282702617146,
      "brier": 0.23114244370072998,
      "directional_accuracy": 0.6306306306306306,
      "baseline_auc": 0.5586353397852254,
      "baseline_log_loss": 0.9256503610498137,
      "baseline_brier": 0.17850253423240328,
      "baseline_directional_accuracy": 0.6486486486486487,
      "best_params": {
        "objective": "multiclass",
        "num_class": 3,
        "metric": "multi_logloss",
        "num_leaves": 31,
        "learning_rate": 0.09340308327072934,
        "min_child_samples": 9,
        "feature_fraction": 0.9,
        "bagging_fraction": 0.9,
        "bagging_freq": 5,
        "verbose": -1,
        "deterministic": true,
        "seed": 42
      }
    },
    {
      "fold": 4,
      "n_train": 555,
      "n_test": 111,
      "auc": 0.5022483611251108,
      "log_loss": 1.3775141535717863,
      "brier": 0.19480152244370386,
      "directional_accuracy": 0.6306306306306306,
      "baseline_auc": 0.6536164526682384,
      "baseline_log_loss": 0.6701712546188661,
      "baseline_brier": 0.12085829701010035,
      "baseline_directional_accuracy": 0.7837837837837838,
      "best_params": {
        "objective": "multiclass",
        "num_class": 3,
        "metric": "multi_logloss",
        "num_leaves": 63,
        "learning_rate": 0.0938393881004349,
        "min_child_samples": 23,
        "feature_fraction": 0.9,
        "bagging_fraction": 0.9,
        "bagging_freq": 5,
        "verbose": -1,
        "deterministic": true,
        "seed": 42
      }
    }
  ],
  "note": "Per-coin model for dogwifcoin/1m.",
  "directional_call_share": 0.0,
  "directional_call_share_n": 134,
  "directional_call_share_source": "holdout",
  "model_kind": "lightgbm",
  "prior_probs": []
}