{
  "coin_id": "bonk",
  "timeframe": "1m",
  "version": "20260422T180041Z",
  "feature_names": [
    "ret1",
    "ret5",
    "ret10",
    "momentum",
    "realizedVol",
    "rsi14",
    "macdLine",
    "macdSignal",
    "macdHist",
    "atr14",
    "atrPct",
    "ema9",
    "ema21",
    "emaSpreadPct",
    "distFromEma9Pct",
    "distFromEma21Pct",
    "bbUpper",
    "bbMiddle",
    "bbLower",
    "bbWidth",
    "bbPctB",
    "bbWidthPct",
    "news_etf_flow",
    "news_regulatory_risk",
    "news_exchange_outage",
    "news_macro_shock",
    "news_whale_move",
    "news_exploit_or_hack",
    "news_stablecoin_event",
    "news_narrative_rotation",
    "news_listing_or_delisting",
    "news_protocol_upgrade",
    "news_high_volume_breakout",
    "news_unusual_volatility",
    "coin_idx"
  ],
  "coin_vocab": [
    "bonk"
  ],
  "n_train_rows": 2329,
  "n_test_rows": 1940,
  "metrics": {
    "auc": 0.5287278079186851,
    "log_loss": 2.885735456569525,
    "brier": 0.305633800395724,
    "directional_accuracy": 0.4675257731958763
  },
  "baseline_metrics": {
    "auc": 0.5541530983914512,
    "log_loss": 1.0167465761209946,
    "brier": 0.20255038175903528,
    "directional_accuracy": 0.5082474226804123
  },
  "threshold_pct": 0.03,
  "horizon_candles": 1,
  "class_return_means_pct": [
    -0.2896402697792182,
    4.230778663589468e-05,
    0.3604384336353618
  ],
  "fold_metrics": [
    {
      "fold": 0,
      "n_train": 388,
      "n_test": 388,
      "auc": 0.571742651474013,
      "log_loss": 2.4752381446272995,
      "brier": 0.30028285320992104,
      "directional_accuracy": 0.47164948453608246,
      "baseline_auc": 0.559520111141687,
      "baseline_log_loss": 1.0459043471717102,
      "baseline_brier": 0.20835301761620376,
      "baseline_directional_accuracy": 0.4639175257731959,
      "best_params": {
        "objective": "multiclass",
        "num_class": 3,
        "metric": "multi_logloss",
        "num_leaves": 63,
        "learning_rate": 0.030197375815208254,
        "min_child_samples": 15,
        "feature_fraction": 0.9,
        "bagging_fraction": 0.9,
        "bagging_freq": 5,
        "verbose": -1,
        "deterministic": true,
        "seed": 42
      }
    },
    {
      "fold": 1,
      "n_train": 776,
      "n_test": 388,
      "auc": 0.4317522261148379,
      "log_loss": 4.063362265864284,
      "brier": 0.36508221612586816,
      "directional_accuracy": 0.3943298969072165,
      "baseline_auc": 0.5955459022394126,
      "baseline_log_loss": 1.0415568869361456,
      "baseline_brier": 0.21379251299523241,
      "baseline_directional_accuracy": 0.4072164948453608,
      "best_params": {
        "objective": "multiclass",
        "num_class": 3,
        "metric": "multi_logloss",
        "num_leaves": 15,
        "learning_rate": 0.06922098059181764,
        "min_child_samples": 29,
        "feature_fraction": 0.9,
        "bagging_fraction": 0.9,
        "bagging_freq": 5,
        "verbose": -1,
        "deterministic": true,
        "seed": 42
      }
    },
    {
      "fold": 2,
      "n_train": 1164,
      "n_test": 388,
      "auc": 0.5060324877418926,
      "log_loss": 3.2519948781824253,
      "brier": 0.34815298116723,
      "directional_accuracy": 0.4175257731958763,
      "baseline_auc": 0.5356014699218367,
      "baseline_log_loss": 1.1579393196952006,
      "baseline_brier": 0.23562906598072683,
      "baseline_directional_accuracy": 0.39948453608247425,
      "best_params": {
        "objective": "multiclass",
        "num_class": 3,
        "metric": "multi_logloss",
        "num_leaves": 63,
        "learning_rate": 0.05110256026183761,
        "min_child_samples": 5,
        "feature_fraction": 0.9,
        "bagging_fraction": 0.9,
        "bagging_freq": 5,
        "verbose": -1,
        "deterministic": true,
        "seed": 42
      }
    },
    {
      "fold": 3,
      "n_train": 1552,
      "n_test": 388,
      "auc": 0.5787536507411961,
      "log_loss": 2.948505971589319,
      "brier": 0.26832276682796086,
      "directional_accuracy": 0.5515463917525774,
      "baseline_auc": 0.5654622144545834,
      "baseline_log_loss": 0.8711115307381444,
      "baseline_brier": 0.16459691433052145,
      "baseline_directional_accuracy": 0.6701030927835051,
      "best_params": {
        "objective": "multiclass",
        "num_class": 3,
        "metric": "multi_logloss",
        "num_leaves": 31,
        "learning_rate": 0.1994573340964861,
        "min_child_samples": 10,
        "feature_fraction": 0.9,
        "bagging_fraction": 0.9,
        "bagging_freq": 5,
        "verbose": -1,
        "deterministic": true,
        "seed": 42
      }
    },
    {
      "fold": 4,
      "n_train": 1940,
      "n_test": 388,
      "auc": 0.5553580235214861,
      "log_loss": 1.689576022584296,
      "brier": 0.24632818464763984,
      "directional_accuracy": 0.5025773195876289,
      "baseline_auc": 0.5146357941997364,
      "baseline_log_loss": 0.9672207960637724,
      "baseline_brier": 0.19038039787249197,
      "baseline_directional_accuracy": 0.6005154639175257,
      "best_params": {
        "objective": "multiclass",
        "num_class": 3,
        "metric": "multi_logloss",
        "num_leaves": 15,
        "learning_rate": 0.07532937749728663,
        "min_child_samples": 28,
        "feature_fraction": 0.9,
        "bagging_fraction": 0.9,
        "bagging_freq": 5,
        "verbose": -1,
        "deterministic": true,
        "seed": 42
      }
    }
  ],
  "note": "Per-coin model for bonk/1m.",
  "directional_call_share": 0.01072961373390558,
  "directional_call_share_n": 466,
  "directional_call_share_source": "holdout",
  "model_kind": "lightgbm",
  "prior_probs": [],
  "has_regression_head": true,
  "regression_head_stats": {
    "n_train_rows": 1101,
    "n_holdout_rows": 276,
    "abs_pred_p50_pct": 0.12007925371090655,
    "abs_pred_p95_pct": 0.3629040708924155,
    "abs_pred_max_pct": 1.5703236695120963,
    "mae_pct": 0.10686832578037592,
    "best_iteration": 53
  },
  "gates_alignment": {
    "n": 466,
    "source": "holdout",
    "min_directional_edge": 0.05,
    "min_expected_return_pct": 0.15,
    "aligned_share": 0.6072961373390557,
    "aligned_loud_share": 0.055793991416309016,
    "aligned_quiet_share": 0.5515021459227468,
    "loud_classifier_quiet_regressor_share": 0.2145922746781116,
    "quiet_classifier_loud_regressor_share": 0.1781115879828326,
    "dir_edge_p50": 0.02575720065520623,
    "dir_edge_p95": 0.21347328692082826,
    "abs_magnitude_pct_p50": 0.12055360034594084,
    "abs_magnitude_pct_p95": 0.19714958095749602
  },
  "specialist_kind": null,
  "regime_subset": [],
  "feature_schema_hash": "726b9f4d8d8b",
  "training_window": {
    "start": "2026-03-24T11:00:00+00:00",
    "end": "2026-04-22T17:56:00+00:00"
  }
}